pl_name,radius,mass,orbital_period,eccentricity,star_name,star_mass,star_radius,star_teff,star_distance,ra,dec,discovered,detection_type,eq_temperature
109 psc b,1.152,6.8,1075.4,0.104,109 Psc,1.13,1.79,5600.0,32.56,26.2326,20.08315,2000,"Radial Velocity, Astrometry",
112 psc b,,,4.4,0.376,112 Psc,1.1,1.801,5986.0,31.7627,30.03816479792542,3.097014011124166,2022,Radial Velocity,
112 psc c,,9.866,36336.7,0.174,112 Psc,1.1,1.801,5986.0,31.7627,30.03816479792542,3.097014011124166,2022,"Radial Velocity, Astrometry",
11 umi b,,,516.22,0.08,11 UMi,1.8,24.08,4340.0,119.5,229.275,71.8238889,2009,Radial Velocity,
14 and ab,,,185.84,0.0,14 And A,2.2,11.0,4813.0,76.4,352.8208333,39.2361111,2008,Radial Velocity,
14 her b,,8.9,1767.56,0.3683,14 Her,0.9,0.708,5311.0,18.1,242.5958333,43.8216667,2002,"Radial Velocity, Astrometry",
14 her c,,7.9,52160.0,0.52,14 Her,0.9,0.708,5311.0,18.1,242.5958333,43.8216667,2006,"Radial Velocity, Astrometry, Imaging",
16 cyg bb,,,799.5,0.689,16 Cyg B,1.01,0.98,5766.0,21.41,295.4625,50.5175,1996,Radial Velocity,
18 del ab,,,993.3,0.08,18 Del A,2.3,8.5,4979.0,73.1,314.6083333,10.8391667,2008,Radial Velocity,
1rxs 1609 b,1.7,6.6,,0.25,1RXS 1609,0.73,1.35,4060.0,145.0,242.375,-21.0827778,2008,Imaging,
23 lib b,,1.8,258.19,0.233,23 Lib,1.07,1.25,5740.0,22.2,228.3666667,-25.3091667,1999,Radial Velocity,
23 lib c,,1.9,5000.0,0.12,23 Lib,1.07,1.25,5740.0,22.2,228.3666667,-25.3091667,2009,Radial Velocity,
24 boo b,,,30.3506,0.042,24 Bo&ouml;,0.99,10.64,4893.0,100.0,217.162500013,49.845000026,2018,Radial Velocity,
24 sex b,,,452.8,0.09,24 Sex,1.54,4.9,5098.0,72.2084,155.868205808,-0.902243675771,2010,Radial Velocity,
24 sex c,,,883.0,0.29,24 Sex,1.54,4.9,5098.0,72.2084,155.868205808,-0.902243675771,2010,Radial Velocity,
2m1510 (ab)b,,0.031,100.0,,2M1510(AB),0.066,,,35.51,227.699375,-28.30486388888889,2025,Radial Velocity,
2mass j0103-5515 (ab)b,1.54,10.5,,,2MASS J0103-5515,0.4,,,47.2,15.9,-55.2656,2013,Imaging,
2mass j0437+2651 b,,4.0,,,2MASS J0437+2651,0.0165,0.84,3100.0,128.1,69.3405544,26.850296,2021,Imaging,
2mass j0534-0530 b,,4.6,,,2MASS J0534-0530,0.07,0.74,2841.0,413.5,83.61902968,-5.509038831,2020,Imaging,
2mass j0558-4501 b,,9.0,,,2MASS J0558-4501,,,,,89.56833333333333,-45.03247222222223,2024,Imaging,
2mass j1155-7919 b,,10.0,,,2MASS J1155-7919,,,,101.15,178.769,-79.32,2020,Astrometry,
2mass j1252+2735 b,,,35.08,0.0,2MASS J1252+2735,0.88,1.076,5181.0,197.2,193.212500017,27.586944459,2021,Radial Velocity,
2mass j1253+2734 b,,,24.31,0.681,2MASS J1253+2734,0.71,0.633,4535.0,196.184,193.254166667,27.57194446,2021,Radial Velocity,
2mass j1258+2630 b,,,11.88,0.598,2MASS J1258+2630,0.5898,0.602,3825.0,58.5849,194.595833341,26.502500012,2021,Radial Velocity,
2mass j2236+4751 b,,12.5,,,2MASS J2236+4751,0.6,,,63.0,339.104166675,47.861944471,2016,Imaging,
38 vir b,,,825.9,0.03,38 Vir,1.18,1.45,6557.0,,193.296489462,-3.55309929126,2016,Primary Transit,
41 com ab,,,610.2,0.28,41 Com,1.49,25.11,4181.0,102.0,196.795833337,27.624722241,2017,Radial Velocity,
44 uma b,,,785.74,0.11,44 Uma,2.19,45.12,4215.0,200.4,163.39355033875404,54.58512741108192,2020,Radial Velocity,
47 uma b,,,1078.0,0.032,47 UMa,1.03,1.24,5892.0,13.97,164.8708333,40.4294444,1996,Radial Velocity,
47 uma c,,,2391.0,0.098,47 UMa,1.03,1.24,5892.0,13.97,164.8708333,40.4294444,2001,Radial Velocity,
47 uma d,,,14002.0,0.16,47 UMa,1.03,1.24,5892.0,13.97,164.8708333,40.4294444,2010,Radial Velocity,
51 eri ab,1.11,4.1,10260.0,0.49,51 Eri A,1.75,,,29.4,69.4005514287,-2.47354859817,2015,Imaging,
51 peg b,1.9,0.61,4.2307966,0.0069,51 Peg,1.03,1.176,5758.0,15.4614,344.3625,20.7686111,1995,Radial Velocity,
51 peg c,,10.0,,,51 Peg,1.03,1.176,5758.0,15.4614,344.3625,20.7686111,2011,"Imaging, Astrometry",
54 psc b,,0.23,62.25,0.645,54 Psc,0.79,0.947,5173.0,11.0,9.8375,21.2502778,2003,Radial Velocity,
55 cnc ab,,0.84,14.65314,0.0023,55 Cnc A,0.9,0.963,5250.0,12.5855,133.1492129350179,28.330820831797222,1996,Radial Velocity,
55 cnc ac,,,44.373,0.072,55 Cnc A,0.9,0.963,5250.0,12.5855,133.1492129350179,28.330820831797222,2002,Radial Velocity,
55 cnc ad,,,5574.2,0.0269,55 Cnc A,0.9,0.963,5250.0,12.5855,133.1492129350179,28.330820831797222,2002,Radial Velocity,
55 cnc ae,0.1737,0.02703,0.7365478,0.028,55 Cnc A,0.9,0.963,5250.0,12.5855,133.1492129350179,28.330820831797222,2004,"Radial Velocity, Primary Transit",
55 cnc af,,,260.91,0.08,55 Cnc A,0.9,0.963,5250.0,12.5855,133.1492129350179,28.330820831797222,2007,Radial Velocity,
55 cnc bb,,,6.7994,0.0,55 Cnc B,0.26,0.274,3286.0,12.477,133.17025,28.316333333333333,2025,Radial Velocity,
55 cnc bc,,,33.747,0.0,55 Cnc B,0.26,0.274,3286.0,12.477,133.17025,28.316333333333333,2025,Radial Velocity,
61 vir b,,0.052,4.215,0.12,61 Vir,0.95,0.94,5531.0,8.52,199.6,-18.3111111,2009,Radial Velocity,
61 vir c,,0.021,38.021,0.14,61 Vir,0.95,0.94,5531.0,8.52,199.6,-18.3111111,2009,Radial Velocity,
61 vir d,,,123.01,0.35,61 Vir,0.95,0.94,5531.0,8.52,199.6,-18.3111111,2009,Radial Velocity,
6 lyn b,,,934.3,0.073,6 Lyn,1.7,5.2,4978.0,56.9,97.6958333,58.1627778,2008,Radial Velocity,
70 vir ab,,8.0,116.67,0.43,70 Vir A,0.92,1.968,5432.0,22.0,202.1083333,13.7866667,1996,Radial Velocity,
75 cet ab,,,696.6,0.093,75 Cet A,2.49,10.5,4846.0,81.5,38.0375,-1.035,2012,Radial Velocity,
75 cet ac,,,2052.0,0.023,75 Cet A,2.49,10.5,4846.0,81.5,38.0375,-1.035,2023,Radial Velocity,
79 cet ab,,,75.82,0.28,79 Cet A,1.01,1.0,5533.0,35.9,38.8291667,-3.5605556,2000,Radial Velocity,
81 cet b,,,952.7,0.206,81 Cet,2.4,11.0,,97.2,39.425,-3.3961111,2008,Radial Velocity,
82 eri b,,,18.313,0.057,82 Eri,0.813,0.9,5490.0,6.06,49.9833333,-43.0697222,2011,Radial Velocity,
82 eri c,,,89.68,0.077,82 Eri,0.813,0.9,5490.0,6.06,49.9833333,-43.0697222,2011,Radial Velocity,
82 eri d,,,648.2,0.47,82 Eri,0.813,0.9,5490.0,6.06,49.9833333,-43.0697222,2011,Radial Velocity,
82 eri e,,,147.02,0.29,82 Eri,0.813,0.9,5490.0,6.06,49.9833333,-43.0697222,2017,Radial Velocity,
8 umi b,,,93.31,0.062,8 Umi,1.8,9.9,4847.4,159.1,224.200000016,74.900833352,2015,Radial Velocity,
94 cet ab,,,466.2,0.063,94 Cet A,1.34,1.93,5984.0,22.38,48.1916667,-1.1958333,2003,Radial Velocity,
ab aur b,,9.0,,0.4,AB Aur,2.4,2.28,9500.0,144.0,73.9416667,30.5511111,2008,"Imaging, Other, Kinematic",
ab pic b,1.75,12.9,,0.54,AB Pic,,,5285.0,47.3,94.8,-58.0541667,2005,"Imaging, Astrometry",
ab pic c,,5.75,,,AB Pic,,,5285.0,47.3,94.8,-58.0541667,2022,Astrometry,
af lep b,1.3,3.75,8875.0,0.013,AF Lep,1.2,1.25,6130.0,26.843,81.770833335,-11.90111113,2023,Imaging,
alf ari b,,,380.8,0.25,alf Ari,1.5,13.9,4553.0,20.2,31.7916667,23.4622222,2011,Radial Velocity,
as 209 b,,1.3,,,AS 209,1.2,2.18,4265.0,121.0,252.312500005,-14.369166676,2022,Imaging,
at2021uey b,,1.34,4170.0,,AT2021uey,0.49,,3680.0,1040.0,324.5450416666667,26.466569444444445,2025,Microlensing,
au mic b,0.4273,0.028,8.463446,0.07,AU Mic,0.5,0.75,3700.0,9.79,311.29166667,-31.340833346,2020,Primary Transit,
au mic c,0.2248,0.0456,18.859023,0.18,AU Mic,0.5,0.75,3700.0,9.79,311.29166667,-31.340833346,2020,Primary Transit,
au mic d,,0.003187,12.73812,0.00097,AU Mic,0.5,0.75,3700.0,9.79,311.29166667,-31.340833346,2022,TTV,
barnard's star b,,,3.1542,0.03,Barnard's star,0.162,0.185,3195.0,1.82823,269.454166683,4.693333355,2024,Radial Velocity,
barnard's star c,,,4.1244,0.08,Barnard's star,0.162,0.185,3195.0,1.82823,269.454166683,4.693333355,2024,Radial Velocity,
barnard's star d,,,2.3402,0.04,Barnard's star,0.162,0.185,3195.0,1.82823,269.454166683,4.693333355,2024,Radial Velocity,
barnard's star e,,,6.7392,0.04,Barnard's star,0.162,0.185,3195.0,1.82823,269.454166683,4.693333355,2024,Radial Velocity,
b cen (ab)b,,10.9,1800000.0,0.4,b Cen (AB),5.5,,,99.7,220.491666686,-37.793611135,2021,Imaging,
bd+03 2562 b,,,481.9,0.2,BD+03 2562,1.14,32.35,4095.0,2618.0,177.564802922,2.76013113422,2017,Radial Velocity,
bd-06 1339 c,,,125.94,0.31,BD-06 1339,0.7,,4324.0,20.0,88.25,-5.9947,2013,Radial Velocity,
bd-06 1339 d,,,487.0,0.02,BD-06 1339,0.7,,4324.0,20.0,88.25,-5.9947,2014,Radial Velocity,
bd-06 1339 e,,,2.3946,0.03,BD-06 1339,0.7,,4324.0,20.0,88.25,-5.9947,2019,Radial Velocity,
bd-08 2823 b,,,5.6,0.15,BD-08 2823,0.74,,4746.0,42.2,150.2,-9.5166667,2009,Radial Velocity,
bd-08 2823 c,,,237.6,0.19,BD-08 2823,0.74,,4746.0,42.2,150.2,-9.5166667,2009,Radial Velocity,
bd-10 3166 b,1.03,0.51,3.4878,0.0104,BD-10 3166,0.99,1.71,5400.0,66.0,164.6166667,-10.7702778,2000,Radial Velocity,
bd-11 4672 b,,,1634.0,0.05,BD-11 4672,0.571,0.52,4475.0,27.3,278.370833343,-11.636111126,2010,Radial Velocity,
bd-11 4672 c,,,74.2,0.4,BD-11 4672,0.571,0.52,4475.0,27.3,278.370833343,-11.636111126,2020,Radial Velocity,
bd-14 3065 ab,1.93,12.37,4.2889731,0.07,BD-14 3065 A,1.41,2.35,6935.0,566.7,153.66970833333332,15.642869444444443,2024,Primary Transit,
bd+14 4559 b,,,268.94,0.29,BD+14 4559,0.86,,5008.0,50.0,318.4,14.6894444,2009,Radial Velocity,
bd+15 2375 b,,,153.22,0.001,BD+15 2375,1.08,8.95,4649.0,774.0,176.483333352,14.616388914,2016,Radial Velocity,
bd+15 2940 b,,,137.48,0.26,BD+15 2940,1.1,14.7,4796.0,585.0,240.0958,15.5469,2013,Radial Velocity,
bd-17 63 b,,5.325,655.6,0.54,BD-17 63,0.74,0.69,4714.0,34.6,7.1416667,-16.2263889,2008,Radial Velocity,
bd+20 2457 c,,,621.99,0.18,BD+20 2457,2.8,,4127.0,1670.0,154.1875,19.8913889,2009,Radial Velocity,
bd+20 274 b,,,578.2,0.21,BD+20 274,0.8,17.3,4296.0,,25.9208333,21.005,2010,Other,
bd+20 594 b,0.23,0.07,41.6855,0.0,BD+20 594,1.67,1.08,5766.0,180.39,53.650967,20.599232,2016,Primary Transit,
bd-21 397 c,,4.47,6369.25,0.296,BD-21 397,0.679,0.747,4051.0,23.74,33.300000004,-21.196388903,2023,"Radial Velocity, Astrometry",
bd+37 3172 b,,,1887.76,0.59,BD+37 3172,3.75,50.24,4500.0,453.8,278.8155,38.11533333333333,2023,Radial Velocity,
bd+42 2315 b,,,123.05,0.73,BD+42 2315,1.38,17.85,4500.0,607.8,187.58866666666668,41.26961111111111,2023,Radial Velocity,
bd+45 564 b,,,307.88,0.12,BD+45 564,,,,53.7,32.945833349,45.924166691,2021,Radial Velocity,
bd+48 738 b,,,392.6,0.2,BD +48 738,0.74,11.0,4414.0,,40.7083333,49.5869444,2011,Radial Velocity,
bd+48 740 b,,,733.0,0.76,BD+48 740,1.09,10.33,4534.0,678.933,40.7425761701428,48.9300627759788,2012,Other,
bd+49 828 b,,,2590.0,0.35,BD+49 828,1.52,7.6,4943.0,,45.641666678,49.730000025,2015,Radial Velocity,
bd+55 362 b,,,265.59,0.27,BD+55 362,,,,52.65,23.962500017,56.699166693,2021,Radial Velocity,
bd+63 1405 ab,,,1198.48,0.88,BD+63 1405 A,0.85,0.8047,5073.0,38.09,271.400000012,63.668888904,2021,Radial Velocity,
bebop-2 (ab)b,0.9876,2.84,188.763,0.089,BEBOP-2 (AB),2.4398,,6030.0,246.263,128.662500013,31.553888903,2021,Primary Transit,
bebop-3 (ab)b,,,347.0,0.247,BD+79 230 (AB),1.4361,1.414,6033.0,118.0,110.902875,79.132525,2025,Radial Velocity,
beta cnc ab,,,605.2,0.08,beta Cnc A,1.7,48.96,3990.0,92.99,124.129166677,9.185555561,2014,Radial Velocity,
beta pic b,1.35,11.9,7707.0,0.103,beta Pic,1.73,1.8,8052.0,19.3,86.8208333,-51.0663889,2008,Imaging,
beta pic c,1.2,8.89,1227.0,0.32,beta Pic,1.73,1.8,8052.0,19.3,86.8208333,-51.0663889,2019,Radial Velocity,
beta umi b,,,522.3,0.19,beta Umi,1.4,42.06,4126.0,40.14,222.675000014,74.155555563,2014,Radial Velocity,
cd cet b,,0.01244,2.2907,,CD Cet,0.161,0.175,3130.0,8.609,48.345833341,4.774722244,2020,Radial Velocity,
chi sco b,,,578.38,0.06,chi Sco,1.22,25.92,4157.0,116.0,243.462500017,-11.837777798,2020,Radial Velocity,
chi vir b,,,835.477,0.462,chi Vir,2.17,20.9,4445.0,90.0,189.8083333,-7.9955556,2009,Radial Velocity,
chi vir c,,,130.0,0.44,chi Vir,2.17,20.9,4445.0,90.0,189.8083333,-7.9955556,2015,Radial Velocity,
chxr 73 b,,12.0,,,CHXR 73,0.35,,,,166.6208333,-77.6258333,2006,Imaging,
ci tau c,,,25.2,0.58,CI Tau,0.9,,,158.0,68.466666684,22.84166669,2024,Radial Velocity,
coconuts-2 b,1.03,7.3,,,COCONUTS-2,0.37,0.388,3406.0,10.89,117.304166671,-76.70194446,2021,Imaging,
corot-10 b,0.97,2.75,13.2406,0.53,CoRoT-10,0.89,0.79,5075.0,345.0,291.0625,0.7461111,2010,Primary Transit,
corot-11 b,1.43,2.33,2.994325,0.0,CoRoT-11,1.27,1.36,6343.0,560.0,280.6875,5.9377778,2010,Primary Transit,
corot-12 b,1.44,0.917,2.8280517,0.07,CoRoT-12,1.078,1.116,5675.0,1150.0,100.7666667,-1.2963889,2010,Primary Transit,
corot-13 b,0.885,1.308,4.0350906,0.0,CoRoT-13,1.09,1.01,5945.0,1310.0,102.7208333,-5.0863889,2010,Primary Transit,
corot-14 b,1.09,7.6,1.51214,0.0,CoRoT-14,1.13,1.21,6035.0,1340.0,103.425,-5.5361111,2010,Primary Transit,
corot-16 b,1.17,0.535,5.35227,0.33,CoRoT-16,1.098,1.19,5650.0,840.0,278.525,-6.0025,2010,Primary Transit,
corot-17 b,1.02,2.43,3.768125,0.0,CoRoT-17,1.04,1.59,5740.0,920.0,278.6958333,-6.6122222,2010,Primary Transit,
corot-18 b,1.31,3.47,1.90009057,0.08,CoRoT-18,0.95,1.0,5440.0,870.0,98.17240694553256,-0.0315904566423555,2011,Primary Transit,
corot-19 b,1.29,1.11,3.8971372,0.047,CoRoT-19,1.21,1.65,6090.0,800.0,97.03357783914625,-0.1707035667028481,2011,Primary Transit,
corot-1 b,1.49,1.03,1.50896848,0.0,CoRoT-1,1.26,1.29,6355.0,460.0,102.0791667,-3.1022222,2007,Primary Transit,
corot-20 b,0.84,4.24,9.2431839,0.562,CoRoT-20,1.14,0.92,5880.0,1230.0,97.730434,0.22692,2011,Primary Transit,
corot-21 b,1.3,2.26,2.72474,0.0,CoRoT-21,1.29,1.95,6200.0,1400.0,101.05245,-0.29913,2011,Primary Transit,
corot-22 b,0.4354,0.06,9.75598,0.077,CoRoT-22,1.099,1.136,5939.0,592.0,280.66666668,6.225000011,2011,Primary Transit,
corot-23 b,1.08,2.8,3.6314,0.16,CoRoT-23,1.14,1.61,5900.0,600.0,279.782615,4.3578,2011,Primary Transit,
corot-24 b,0.33,0.018,5.1134,0.0,CoRoT-24,0.91,0.86,4950.0,600.0,101.925000014,-3.719444461,2011,Primary Transit,
corot-24 c,0.44,0.088,11.759,0.0,CoRoT-24,0.91,0.86,4950.0,600.0,101.925000014,-3.719444461,2011,Primary Transit,
corot-25 b,1.08,0.27,4.86069,,CoRoT-25,1.09,1.19,6040.0,1000.0,280.6292,6.5139,2012,Primary Transit,
corot-26 b,1.26,0.52,4.20474,0.0,CoRoT-26,1.09,1.79,5590.0,1670.0,279.75,6.97,2012,Primary Transit,
corot-27 b,1.007,10.39,3.57532,0.065,CoRoT-27,1.05,1.08,5900.0,,278.4958,5.5386,2012,Primary Transit,
corot-28 b,0.955,,5.20851,0.047,CoRoT-28,1.01,1.78,5150.0,560.0,278.6875,5.5739,2012,Primary Transit,
corot-29 b,0.9,0.85,2.85057,0.082,CoRoT-29,0.976,0.9,5260.0,765.0,278.9042,6.4797,2012,Primary Transit,
corot-2 ab,1.465,3.31,1.7429964,0.0,CoRoT-2 A,0.972,0.938,5529.0,213.283,291.7791667,1.3838889,2007,Primary Transit,
corot-30 b,1.009,2.9,9.06005,0.007,CoRoT-30,0.98,0.91,5660.0,960.0,277.600000008,6.835833352,2017,Primary Transit,
corot-31 b,1.46,0.84,4.62941,0.02,CoRoT-31,1.25,2.15,5370.0,2190.0,94.820833339,-4.422222235,2017,Primary Transit,
corot-32 b,0.57,0.15,6.71837,,CoRoT-32,1.09,0.79,5970.0,,100.195833349,9.257500011,2017,Primary Transit,
corot-35 b,1.68,1.1,3.22748,0.0,CoRoT-35,1.01,1.65,6390.0,1140.0,289.312500005,-2.774722244,2022,Primary Transit,
corot-36 b,1.41,0.68,5.616531,0.0,CoRoT-36,1.32,1.52,6730.0,954.0,277.75,7.183611115,2022,Primary Transit,
corot-4 b,1.19,0.72,9.20166201,0.0,CoRoT-4,1.1,1.15,6190.0,,102.1958333,-0.6727778,2008,Primary Transit,
corot-5 b,1.33,0.467,4.0379148,0.09,CoRoT-5,1.0,1.186,6100.0,400.0,101.2791667,0.8152778,2008,Primary Transit,
corot-6 b,1.166,2.96,8.886593,0.1,CoRoT-6,1.055,1.025,6090.0,,281.075,6.6633333,2009,Primary Transit,
corot-7 ab,0.136,0.01907,0.8535,0.12,CoRoT-7 A,0.93,0.87,5313.0,150.0,100.9541667,-1.0627778,2009,Primary Transit,
corot-7 ac,,,3.697,0.12,CoRoT-7 A,0.93,0.87,5313.0,150.0,100.9541667,-1.0627778,2009,Radial Velocity,
corot-7 ad,,,8.966,0.0,CoRoT-7 A,0.93,0.87,5313.0,150.0,100.9541667,-1.0627778,2010,Radial Velocity,
corot-8 b,0.5692,0.2158,6.21229,0.0,CoRoT-8,0.88,0.77,5080.0,380.0,291.5875,1.4266667,2010,Primary Transit,
corot-9 ab,0.94,0.84,95.273804,0.133,CoRoT-9 A,0.99,0.94,5625.0,460.0,280.7875,6.2041667,2010,Primary Transit,
coup 710 b,,10.96,,,COUP 710,0.2,0.78,2860.0,389.48,83.814199,-5.433193,2020,Imaging,
ct cha b,2.2,9.7,,0.59,CT Cha,,,,165.0,166.0375,-76.4552778,2008,Imaging,
dd crb (ab)b,,,4852.3,0.46,DD CrB (AB),0.544,0.164,29230.0,518.549,233.456017209,37.9911376052,2016,Timing,
de cvn b,,,4098.1,,DE CVn,,,,,201.720833351,45.54638891,2018,TTV,
dh tau b,2.6,11.3,2722900.0,0.58,DH Tau,0.41,1.26,3600.0,134.85,67.425,26.5494444,2005,Imaging,
dmpp-4 b,,,3.39791,0.067,DMPP-4,1.25,1.38,6400.0,25.43,293.58333334,51.236666674,2023,Radial Velocity,
dm tau b,,3.0,,,DM Tau,0.47,1.3,3705.0,145.0,68.45304166666666,18.169444444444444,2016,Imaging,
dp leo (ab) b,,6.05,10230.0,0.39,DP Leo (AB),0.69,,,,169.3166667,17.9613889,2009,Timing,
ds tuc ab,0.5085,0.0453,8.138268,,DS Tuc A,0.959,0.872,5597.0,44.12,354.91666668,-69.195833347,2019,Primary Transit,
dw lyn b,,,1450.0,,DW Lyn,,,,,106.790862503,60.6472583571,2013,Timing,
elias 2-27 b,,11.0,,,Elias 2-27,0.5,2.3,3850.0,115.0,246.68763266736,-24.38549810559,2017,"Imaging, Other",
epic 201390927 b,0.31814,,2.6378,,EPIC 201390927,0.97,1.01,5711.0,,184.5855477,-1.0988298,2018,Primary Transit,
epic 201456770 b,0.20707,,8.0069,,EPIC 201456770,0.93,0.861,5365.82,511.581,185.69743891136,-0.12189968149,2021,Primary Transit,
eps crb ab,,,417.9,0.11,eps CrB A,1.7,21.0,4406.0,67.9,239.3958,26.8778,2012,Radial Velocity,
eps eridani b,,0.98,2674.0,0.06,eps Eridani,0.83,0.895,5116.0,3.2,53.2291667,-9.4580556,2000,Radial Velocity,
eps ind ab,,6.31,,0.4,eps Ind A,0.762,0.738,4611.0,3.6384,330.841666674,-56.786111129,2018,Radial Velocity,
eps ret ab,,,415.2,0.058,eps Ret A,1.2,6.6,4749.0,18.1,64.1208333,-59.3019444,2000,Radial Velocity,
eps tau b,,,594.9,0.151,eps Tau,2.7,13.7,4901.0,45.0,67.1541667,19.1805556,2007,Radial Velocity,
eta2 hyi b,,,711.0,0.4,eta2 Hyi,1.91,13.0,4975.0,66.5,28.7333333,-67.6472222,2005,Radial Velocity,
eta cet b,,,403.5,0.13,eta Cet,1.7,14.3,4528.0,38.0,17.145833345,-10.182222238,2014,Radial Velocity,
eta cet c,,,751.9,0.1,eta Cet,1.7,14.3,4528.0,38.0,17.145833345,-10.182222238,2014,Radial Velocity,
fn lyr b,,,794.8,0.28,FN Lyr,1.406,1.739,6745.0,3026.25,287.59272463707,42.45878582218,2014,Timing,
g 192-15 b,,,2.27476,0.0,G 192-15,0.141,0.17,2999.0,9.531,90.621625,49.86561111111112,2025,Radial Velocity,
g 192-15 c,,,1219.0,0.676,G 192-15,0.141,0.17,2999.0,9.531,90.621625,49.86561111111112,2025,Radial Velocity,
g 261-6 b,,,5.4536,0.0,G 261-6,0.125,0.153,2907.0,10.6267,291.0679583333333,75.55327777777778,2025,Radial Velocity,
g 264-012 b,,,2.30538,,G 264-012,0.297,0.305,3326.0,15.986,326.670833347,66.805833354,2021,Radial Velocity,
g 264-012 c,,,8.0518,,G 264-012,0.297,0.305,3326.0,15.986,326.670833347,66.805833354,2021,Radial Velocity,
g 268-110 b,,,1.43263,0.0,G 268-110,0.139,0.177,,9.77,16.224166666666665,-18.12461111111111,2025,Radial Velocity,
g 9-40 b,0.17,0.013,5.7459982,0.0,G 9-40,0.29,0.31,3348.0,27.93,134.718109,21.076048,2019,Primary Transit,
gaia-1 b,1.229,1.68,3.042524,,Gaia-1,0.93,0.962,5370.0,368.3,90.6436666838,-0.5771154808,2021,Primary Transit,
gaia22dkv b,,0.5,,,Gaia22dkv,1.24,,,1350.0,151.770833335,-66.180833348,2023,Microlensing,
gaia-2 b,1.327,0.773,3.6915237,0.346,Gaia-2,1.0,1.064,5720.0,207.2,110.735333173,67.2526599247,2021,Primary Transit,
gaia-4 b,,11.8,571.3,0.338,Gaia-ASOI-047,0.639188,,,,209.506363938819,31.6954922503059,2024,"Astrometry, Radial Velocity",
gaia edr3 2077240046296834304 b,0.81,,4.99671123,,Gaia EDR3 2077240046296834304,0.749,0.72,4410.0,1000.0,295.85950140006594,42.71322149524356,2021,Primary Transit,
galex j0718+3731 b,,3.6,,,GALEX 0718+3731,1.27,0.01,42065.0,85.0,109.56833333333331,37.52755555555556,2024,Other,
gamma lib b,,,415.2,0.25,gamma Lib,1.47,11.1,4822.0,50.2,233.883333344,-14.789444465,2018,Radial Velocity,
gamma lib c,,,964.6,0.054,gamma Lib,1.47,11.1,4822.0,50.2,233.883333344,-14.789444465,2018,Radial Velocity,
gam psc b,,,555.1,0.2,gam Psc,,,,,349.29166667,3.28222224,2021,Radial Velocity,
gj 1002 b,,,10.3465,,GJ 1002,,,,4.846,1.679166681,-7.53805557,2022,Radial Velocity,
gj 1002 c,,,20.202,,GJ 1002,,,,4.846,1.679166681,-7.53805557,2022,Radial Velocity,
gj 1018 b,0.1356,0.00843,7.397225,,GJ 1018,0.427,0.428,3433.0,22.075,10.570833339,-36.718055571,2023,Primary Transit,
gj 1061 b,,,3.204,0.31,GJ 1061,0.12,0.156,2953.0,3.6732,54.0,-44.512777798,2019,Radial Velocity,
gj 1061 c,,,6.689,0.29,GJ 1061,0.12,0.156,2953.0,3.6732,54.0,-44.512777798,2019,Radial Velocity,
gj 1061 d,,,12.434,0.54,GJ 1061,0.12,0.156,2953.0,3.6732,54.0,-44.512777798,2019,Radial Velocity,
gj 1132 b,0.1035,0.00522,1.628931,0.0,GJ 1132,0.181,0.207,3270.0,12.04,153.716666684,-47.156666675,2015,Primary Transit,
gj 1132 c,,,8.929,0.27,GJ 1132,0.181,0.207,3270.0,12.04,153.716666684,-47.156666675,2018,Radial Velocity,
gj 1151 c,,,389.7,,GJ 1151,0.1639,0.1781,3280.0,8.0426,177.741666686,48.377500016,2023,Radial Velocity,
gj 1214 b,0.24463,0.02571,1.580404497,0.27,GJ 1214,0.15,0.216,3026.0,13.0,258.8291667,4.9638889,2009,Primary Transit,
gj 1252 b,0.1053,0.00415,0.5182349,,GJ 1252,0.381,0.391,3458.0,20.38,306.925000014,-56.456944459,2018,Primary Transit,
gj 1265 b,,,3.6511,0.04,GJ 1265,0.178,0.192,3236.0,10.255,333.429166681,-17.685555571,2018,Radial Velocity,
gj 1289 b,,,111.74,0.0,GJ 1289,0.21,0.245,3175.0,8.86,355.77629932198,36.536982583989165,2024,Radial Velocity,
gj 143 b,0.2329,0.0714,35.61253,0.188,GJ 143,0.76,0.73,4640.0,16.33,51.745833353,-63.499166689,2018,Primary Transit,
gj 143 c,0.07958,0.01164,7.78993,,GJ 143,0.76,0.73,4640.0,16.33,51.745833353,-63.499166689,2018,Primary Transit,
gj 15 ab,,0.017,11.4407,0.094,GJ 15 A,0.375,0.3863,3567.0,3.587,4.59535550763,44.0229522831,2014,Radial Velocity,
gj 15 ac,,,7555.0,0.27,GJ 15 A,0.375,0.3863,3567.0,3.587,4.59535550763,44.0229522831,2018,Radial Velocity,
gj 160.2 b,,,9.7471,0.02,GJ 160.2,0.69,,4347.0,,61.6451726813197,-20.853118328223,2014,Radial Velocity,
gj 163 b,,,8.6312,0.02,GJ 163,0.4,,,15.0,62.3167,-53.3736,2012,Radial Velocity,
gj 163 c,,,25.637,0.03,GJ 163,0.4,,,15.0,62.3167,-53.3736,2012,Radial Velocity,
gj 163 d,,,604.0,0.02,GJ 163,0.4,,,15.0,62.3167,-53.3736,2013,Radial Velocity,
gj 176 b,,,8.7748,0.08,GJ 176,0.49,0.53,,9.42,70.7333333,18.9580556,2007,Radial Velocity,
gj 176 c,,,28.586,0.02,GJ 176,0.49,0.53,,9.42,70.7333333,18.9580556,2019,Radial Velocity,
gj 179 b,,,2288.0,0.21,GJ 179,0.357,0.38,3370.0,12.3,73.025,6.4766667,2010,Radial Velocity,
gj 179 c,,,3.4798,0.04,GJ 179,0.357,0.38,3370.0,12.3,73.025,6.4766667,2019,Radial Velocity,
gj 180 b,,,17.132,0.02,GJ 180,0.43,,3371.0,,73.4582490167,-17.7734139096,2014,Radial Velocity,
gj 180 c,,,24.329,0.09,GJ 180,0.43,,3371.0,,73.4582490167,-17.7734139096,2014,Radial Velocity,
gj 180 d,,,106.341,0.16,GJ 180,0.43,,3371.0,,73.4582490167,-17.7734139096,2020,Radial Velocity,
gj 2030 ab,,,,0.246,GJ 2030 A,0.96,2.24,5485.0,37.0788,50.82375,-7.793565,2022,Radial Velocity,
gj 2030 ac,,12.934,25635.0,0.045,GJ 2030 A,0.96,2.24,5485.0,37.0788,50.82375,-7.793565,2022,Astrometry,
gj 2056 b,,,69.971,0.72,GJ 2056,0.62,0.7497,4002.0,28.443,108.020833335,-24.891944469,2020,Radial Velocity,
gj 2056 c,,,2982.394,0.81,GJ 2056,0.62,0.7497,4002.0,28.443,108.020833335,-24.891944469,2020,Radial Velocity,
gj 2126 b,,,272.7,0.85,GJ 2126,0.65,0.728,4159.0,38.13,257.360671,-35.391731,2025,Radial Velocity,
gj 229 c,,,523.242,0.17,GJ 229,0.544,0.548,3564.0,5.75624,92.6442305532,-21.8646421676,2014,Radial Velocity,
gj 229 d,,,122.005,0.29,GJ 229,0.544,0.548,3564.0,5.75624,92.6442305532,-21.8646421676,2020,Radial Velocity,
gj 238 b,0.0505,,1.7446999,,GJ 238,0.42,0.566,3485.0,15.216,98.45458333333332,-58.52491666666667,2024,Primary Transit,
gj 251 b,,,14.238,0.1,GJ 251,0.36,0.364,3451.0,6.581,103.700000016,33.266388907,2017,Radial Velocity,
gj 27.1 b,,,15.819,0.08,GJ 27.1,0.53,,3542.0,,9.995098280359528,-44.2532158937077,2014,Radial Velocity,
gj 3021 ab,,,133.71,0.51,GJ 3021 A,0.9,0.9,5540.0,17.62,4.05,-79.8511111,2000,Radial Velocity,
gj 3082 b,,,11.942,0.26,GJ 3082,0.47,,,16.63,18.641666678,-53.942222248,2020,Radial Velocity,
gj 3090 b,0.19,0.01051,2.8531054,0.18,GJ 3090,0.519,0.516,3556.0,22.444,20.437500015,-46.71444447,2022,Primary Transit,
gj 3138 b,,,5.974,0.11,GJ 3138,0.681,0.5,3717.0,,32.2954166703,-16.339583345,2017,Radial Velocity,
gj 3138 c,,,1.22003,0.19,GJ 3138,0.681,0.5,3717.0,,32.2954166703,-16.339583345,2017,Radial Velocity,
gj 3138 d,,,257.8,0.32,GJ 3138,0.681,0.5,3717.0,,32.2954166703,-16.339583345,2017,Radial Velocity,
gj 317 b,,2.1,695.69,0.0826,GJ 317,0.42,,3510.0,15.1,130.2458333,-23.4563889,2007,Radial Velocity,
gj 317 c,,1.9,6500.0,0.217,GJ 317,0.42,,3510.0,15.1,130.2458333,-23.4563889,2007,Radial Velocity,
gj 3222 ab,,,10.7,0.913,GJ 3222 A,0.86,,5257.46,17.692,50.89689779001,-40.07637907303,2022,Radial Velocity,
gj 328 b,,,4100.0,0.37,GJ 328,0.69,,3900.0,19.8,133.7833,1.54901111,2013,Radial Velocity,
gj 328 c,,,241.8,,GJ 328,0.69,,3900.0,19.8,133.7833,1.54901111,2023,Radial Velocity,
gj 3293 b,,,30.5987,0.06,GJ 3293,0.42,0.404,3466.0,17.9,67.150000012,-25.169166672,2014,Radial Velocity,
gj 3293 c,,,122.6196,0.11,GJ 3293,0.42,0.404,3466.0,17.9,67.150000012,-25.169166672,2014,Radial Velocity,
gj 3293 d,,,48.1345,0.12,GJ 3293,0.42,0.404,3466.0,17.9,67.150000012,-25.169166672,2014,Radial Velocity,
gj 3293 e,,,13.2543,0.21,GJ 3293,0.42,0.404,3466.0,17.9,67.150000012,-25.169166672,2017,Radial Velocity,
gj 3323 b,,,5.3636,0.23,GJ 3323,0.164,0.119,3159.0,,75.4895833525,-6.9460833622,2017,Radial Velocity,
gj 3323 c,,,40.54,0.17,GJ 3323,0.164,0.119,3159.0,,75.4895833525,-6.9460833622,2017,Radial Velocity,
gj 3341 b,,,14.207,0.31,GJ 3341,0.47,0.349,3526.0,23.1,78.945833349,-31.296111127,2014,Radial Velocity,
gj 338 bb,,,24.435,0.097,GJ 338 B,0.64,0.58,4005.0,6.334,138.602833342,52.6863611272,2020,Radial Velocity,
gj 341 b,0.0821,0.00227,7.576863,,GJ 341,0.522,0.525,3745.0,10.454,140.40833333333333,-60.28194444444444,2023,Primary Transit,
gj 3470 b,0.38826,0.0437,3.336649,0.019,GJ 3470,0.51,0.48,3652.0,30.7,119.775,15.3916667,2012,Primary Transit,
gj 3473 ab,0.11277,0.00585,1.1980035,0.0,GJ 3473 A,0.36,0.364,3347.0,27.39,120.595833341,3.3388889,2020,Primary Transit,
gj 3473 ac,,,15.509,0.0,GJ 3473 A,0.36,0.364,3347.0,27.39,120.595833341,3.3388889,2020,Radial Velocity,
gj 3512 b,,0.78,203.109,0.4279,GJ 3512,0.123,0.139,3081.0,9.489,130.33333334,59.497222243,2019,Radial Velocity,
gj 3512 c,,0.77,2354.0,0.089,GJ 3512,0.123,0.139,3081.0,9.489,130.33333334,59.497222243,2019,Radial Velocity,
gj 357 b,0.10411,0.006566,3.93086,0.047,GJ 357,0.342,0.337,3505.0,9.444,144.006821883,-21.6607995444,2019,Primary Transit,
gj 357 c,,,9.1246,0.072,GJ 357,0.342,0.337,3505.0,9.444,144.006821883,-21.6607995444,2019,Radial Velocity,
gj 357 d,,,55.698,0.033,GJ 357,0.342,0.337,3505.0,9.444,144.006821883,-21.6607995444,2019,Radial Velocity,
gj 3634 b,,0.026,2.64561,0.08,GJ 3634,0.453,0.456,3517.0,20.3779,164.6458333,-31.1441667,2011,Radial Velocity,
gj 367  b,0.0526,0.001718,0.3219225,0.1,GJ 367,0.454,0.457,3522.0,9.41,146.12500001,-45.776388912,2021,Primary Transit,
gj 367 c,,,11.53,0.09,GJ 367,0.454,0.457,3522.0,9.41,146.12500001,-45.776388912,2023,Radial Velocity,
gj 367 d,,,34.369,0.14,GJ 367,0.454,0.457,3522.0,9.41,146.12500001,-45.776388912,2023,Radial Velocity,
gj 3779 b,,,3.0232,0.07,GJ 3779,0.27,0.281,3324.0,13.748,200.737500019,24.46750001,2018,Radial Velocity,
gj 3929 b,0.1026,0.00381,2.6162745,,GJ 3929,0.309,0.35,3369.0,15.83,239.579166673,35.40666668,2022,Primary Transit,
gj 3929 c,,,14.303,,GJ 3929,0.309,0.35,3369.0,15.83,239.579166673,35.40666668,2022,Radial Velocity,
gj 393 b,,,7.02679,,GJ 393,0.426,0.426,3579.0,7.0375,157.229166685,0.837777798,2021,Radial Velocity,
gj 3942 b,,,6.905,0.121,GJ 3942,0.63,0.61,3867.0,16.93,242.262500001,52.943888916,2017,Radial Velocity,
gj 3988 b,,,6.9442,0.0,GJ 3988,0.1842,0.19734,3273.0,9.9081,255.850000008,51.406388902,2023,Radial Velocity,
gj 3998 b,,,2.65033,0.0,GJ 3998,0.5,0.49,3722.0,17.8,259.004166667,11.058333341,2016,Radial Velocity,
gj 3998 c,,,13.73,0.049,GJ 3998,0.5,0.49,3722.0,17.8,259.004166667,11.058333341,2016,Radial Velocity,
gj 3998 d,,,41.78,0.0,GJ 3998,0.5,0.49,3722.0,17.8,259.004166667,11.058333341,2025,Radial Velocity,
gj 414 ab,0.2632,,50.817,0.48,GJ 414 A,0.65,0.68,4120.0,11.893,167.770833335,30.44611113,2020,Radial Velocity,
gj 414 ac,0.7833,,748.3,0.093,GJ 414 A,0.65,0.68,4120.0,11.893,167.770833335,30.44611113,2020,Radial Velocity,
gj 4274 b,,,69.525,0.01,GJ 4274,,,,7.235,335.779125,-17.60731388888889,2025,Radial Velocity,
gj 4274 c,,,1.6339,0.003,GJ 4274,,,,7.235,335.779125,-17.60731388888889,2025,Radial Velocity,
gj 4276 b,,,13.35,0.043,GJ 4276,0.406,0.407,3387.0,21.35,336.320833339,59.412500018,2018,Radial Velocity,
gj 4276 c,,,6.675,0.07,GJ 4276,0.406,0.407,3387.0,21.35,336.320833339,59.412500018,2018,Radial Velocity,
gj 433 b,,,7.3708,0.02,GJ 433,0.48,,3600.0,9.04,173.8625,-32.54,2009,Radial Velocity,
gj 433 c,,,4874.0,0.21,GJ 433,0.48,,3600.0,9.04,173.8625,-32.54,2012,Radial Velocity,
gj 433 d,,,36.052,0.03,GJ 433,0.48,,3600.0,9.04,173.8625,-32.54,2020,Radial Velocity,
gj 436 b,0.32519,0.05836,2.64394,0.1912,GJ 436,0.452,0.464,3684.0,10.2,175.5458333,26.7063889,2004,Radial Velocity,
gj 463 b,,3.6,3459.0,0.146,GJ 463,0.49,0.49,3540.0,18.365,185.75,64.030833345,2022,"Radial Velocity, Astrometry",
gj 480 b,,,9.5536,0.1,GJ 480,0.453,0.456,3381.0,14.236,189.716666684,11.696111135,2020,Radial Velocity,
gj 480 c,,,6.4349,,GJ 480,0.453,0.456,3381.0,14.236,189.716666684,11.696111135,2025,Radial Velocity,
gj 486 b,0.11643,0.00887,1.467119,0.05,GJ 486,0.323,0.328,3340.0,8.0761,191.987500019,9.751388905,2021,Primary Transit,
gj 504  b,0.96,4.0,,,GJ 504,1.22,,6291.0,17.56,199.1958,9.4242,2013,Imaging,
gj 508.2 b,,6.0,5300.0,0.27,GJ 508.2,0.54,0.53,3720.0,16.6585,200.241875,34.27894444444444,2025,Radial Velocity,
gj 523 b,0.2275,0.0739,17.74574,0.14,GJ 523,0.781,0.702,4660.0,26.613,205.84664812,39.24877821,2026,Primary Transit,
gj 536 b,,,8.7076,0.08,GJ 536,0.52,0.5,3685.0,10.03,210.262500001,-2.655000017,2016,Radial Velocity,
gj 536 c,,,32.761,0.0,GJ 536,0.52,0.5,3685.0,10.03,210.262500001,-2.655000017,2025,Radial Velocity,
gj 581 b,,0.0645,5.368,0.022,GJ 581,0.31,0.3,3498.0,6.21,229.8583333,-7.7222222,2005,Radial Velocity,
gj 581 c,,0.02143,12.919,0.087,GJ 581,0.31,0.3,3498.0,6.21,229.8583333,-7.7222222,2007,Radial Velocity,
gj 581 e,,0.0078,3.153,0.125,GJ 581,0.31,0.3,3498.0,6.21,229.8583333,-7.7222222,2009,Radial Velocity,
gj 625 b,,,14.6288,0.13,GJ 625,0.3,0.31,3499.0,6.49,246.354166675,54.303333342,2017,Radial Velocity,
gj 649 b,,,598.3,0.3,GJ 649,0.54,,3700.0,10.34,254.5375,25.7441667,2009,Radial Velocity,
gj 649 c,,,4.4762,0.2,GJ 649,0.54,,3700.0,10.34,254.5375,25.7441667,2013,Radial Velocity,
gj 667 cb,,,7.2004,0.13,GJ 667 C,0.33,,3600.0,6.84,259.7375,-34.9897222,2009,Radial Velocity,
gj 667 cc,,,28.14,0.02,GJ 667 C,0.33,,3600.0,6.84,259.7375,-34.9897222,2011,Radial Velocity,
gj 667 ce,,,62.24,0.02,GJ 667 C,0.33,,3600.0,6.84,259.7375,-34.9897222,2013,Radial Velocity,
gj 667 cf,,,39.026,0.03,GJ 667 C,0.33,,3600.0,6.84,259.7375,-34.9897222,2013,Radial Velocity,
gj 667 cg,,,256.2,0.08,GJ 667 C,0.33,,3600.0,6.84,259.7375,-34.9897222,2013,Radial Velocity,
gj 674 b,1.13,,4.6944,0.07,GJ 674,0.35,,3600.0,4.54,262.1666667,-46.8952778,2007,Radial Velocity,
gj 676 ab,,5.792,1051.4,0.319,GJ 676 A,0.71,,,16.45,262.5458333,-51.6369444,2009,"Radial Velocity, Astrometry",
gj 676 ad,,,3.6,0.15,GJ 676 A,0.71,,,16.45,262.5458333,-51.6369444,2012,Radial Velocity,
gj 676 ae,,,35.37,0.24,GJ 676 A,0.71,,,16.45,262.5458333,-51.6369444,2012,Radial Velocity,
gj 682 b,,,17.478,0.08,GJ 682,0.27,,3028.0,,264.265272737336,-44.31921292308478,2014,Radial Velocity,
gj 682 c,,,57.32,0.1,GJ 682,0.27,,3028.0,,264.265272737336,-44.31921292308478,2014,Radial Velocity,
gj 685 b,,,24.16,,GJ 685,0.55,0.54,3816.0,14.42,263.895833345,61.679444468,2019,Radial Velocity,
gj 687 b,,,38.142,0.17,GJ 687,0.413,0.4183,3413.0,4.5,264.108333342,68.339166678,2014,Radial Velocity,
gj 687 c,,,727.562,0.4,GJ 687,0.413,0.4183,3413.0,4.5,264.108333342,68.339166678,2020,Radial Velocity,
gj 720 ab,,,19.47,0.1,GJ 720 A,0.57,0.56,3837.0,15.557,278.829166673,45.74555558,2021,Radial Velocity,
gj 724 b,,,5.101284,0.577,GJ 724,0.5271,0.52226,3799.0,16.9949,280.237500019,-13.37972224,2023,Radial Velocity,
gj 740 b,,,2.37756,0.24,GJ 740,,,,11.1017,284.5,5.90805558,2021,Radial Velocity,
gj 752 ab,,,105.9,0.16,GJ 752 A,0.45,0.453,3557.0,5.9116,289.230235539,5.16889968738,2018,Radial Velocity,
gj 777 ab,,1.68,2889.7,0.3342,GJ 777 A,0.98,1.168,5549.0,16.0069,300.9041667,29.8966667,2003,"Radial Velocity, Astrometry",
gj 777 ac,,0.082,17.11625,0.163,GJ 777 A,0.98,1.168,5549.0,16.0069,300.9041667,29.8966667,2005,Radial Velocity,
gj 777 ad,0.18,0.0362,88.69,0.058,GJ 777 A,0.98,1.168,5549.0,16.0069,300.9041667,29.8966667,2020,Radial Velocity,
gj 785 b,,,74.72,0.13,GJ 785,0.78,0.68,5144.0,8.911,303.8208333,-27.0330556,2010,Radial Velocity,
gj 785 c,,,525.8,0.32,GJ 785,0.78,0.68,5144.0,8.911,303.8208333,-27.0330556,2011,Radial Velocity,
gj 7 b,0.1213,0.00997,10.215213,0.15,GJ 7,0.467,0.44,3650.0,27.726,2.2681666666666667,-27.12213333333333,2023,Primary Transit,
gj 832 b,,1.039,3792.35,0.021,GJ 832,0.437,0.441,3539.0,4.964,323.3916667,-49.0088889,2008,"Radial Velocity, Astrometry",
gj 849 b,,,1914.0,0.012,GJ 849,0.49,0.52,,9.1,332.4167,-4.6408,2006,Radial Velocity,
gj 849 c,,,7049.0,0.218,GJ 849,0.49,0.52,,9.1,332.4167,-4.6408,2013,Radial Velocity,
gj 86 ab,,,15.78,0.046,GJ 86 A,0.88,0.7905,5188.5,10.7836,32.6080593836,-50.8237272164,2000,Radial Velocity,
gj 876 b,,2.46,61.03474,0.002,GJ 876,0.334,0.36,3350.0,4.7,343.3041667,-14.2536111,2000,Radial Velocity,
gj 876 c,,0.81,30.126,0.25,GJ 876,0.334,0.36,3350.0,4.7,343.3041667,-14.2536111,2000,Radial Velocity,
gj 876 d,,0.021,1.938,0.082,GJ 876,0.334,0.36,3350.0,4.7,343.3041667,-14.2536111,2005,Radial Velocity,
gj 876 e,,0.04855,124.4,0.04,GJ 876,0.334,0.36,3350.0,4.7,343.3041667,-14.2536111,2010,Radial Velocity,
gj 887 b,,,9.2619,0.14,GJ 887,0.495,0.468,3688.0,3.2871,346.466666684,-35.853055575,2020,Radial Velocity,
gj 887 c,,,21.784,0.17,GJ 887,0.495,0.468,3688.0,3.2871,346.466666684,-35.853055575,2020,Radial Velocity,
gj 887 d,,,50.77,,GJ 887,0.495,0.468,3688.0,3.2871,346.466666684,-35.853055575,2026,Radial Velocity,
gj 887 e,,,4.4249,,GJ 887,0.495,0.468,3688.0,3.2871,346.466666684,-35.853055575,2026,Radial Velocity,
gj 896 ab,,2.26,284.39,0.35,GJ 896 A,0.43589,,,6.2565,352.966666684,19.937222244,2022,Astrometry,
gj 900 (abc)b,,11.0,,,GJ 900,0.675,0.716,,20.8065,353.751125,1.605397222222222,2024,Imaging,
gj 9066 c,,,772.05,0.49,GJ 9066,0.15,0.164,3154.0,4.4716,30.0539846702884,13.0519446051226,2020,Radial Velocity,
gj 9404 b,,,13.4586,0.49,GJ 9404,0.609,0.626,3861.0,23.884,184.850000008,28.38250002,2022,Radial Velocity,
gj 9689 b,,,18.27,0.29,GJ 9689,0.59,0.57,3836.0,30.686,303.466666684,13.388888901,2021,Radial Velocity,
gj 9714 ab,,9.403,19240.8,0.155,GJ 9714 A,0.67,0.662,4263.0,20.5121,315.41291919719,-32.52447741471,2022,"Radial Velocity, Astrometry",
gj 9773 b,,1.43,2965.0,0.218,GJ 9773,0.358,0.362,3528.0,15.9037,333.14975,8.553222222222223,2025,Radial Velocity,
gj 9827 b,0.13641,0.01532,1.2089765,0.0,GJ 9827,0.659,0.651,4255.0,30.3,351.7701570465038,-1.2862729671933673,2017,Primary Transit,
gj 9827 c,0.107,0.00604,3.648086,,GJ 9827,0.659,0.651,4255.0,30.3,351.7701570465038,-1.2862729671933673,2017,Primary Transit,
gj 9827 d,0.17441,0.01076,6.20183,0.0,GJ 9827,0.659,0.651,4255.0,30.3,351.7701570465038,-1.2862729671933673,2017,Primary Transit,
gl 378 b,,,3.822,0.109,Gl 378,0.56,0.56,3879.0,14.96,150.591666674,48.072222228,2019,Radial Velocity,
gl 410 b,,,6.019,,Gl 410,0.55,0.543,3842.0,11.9327,165.65975,21.96713888888889,2025,Radial Velocity,
gl 514 b,,,140.43,0.45,Gl 514,0.51,0.5,3714.0,7.618,202.5,10.377222238,2022,Radial Velocity,
gl 686 b,,,15.53,0.0,Gl 686,0.42,0.42,3663.0,8.1593,264.470833351,18.589166683,2019,Radial Velocity,
gl 725 ab,,,11.2202,0.2,Gl 725 A,0.33,0.351,3433.0,3.5214,280.69458333333336,59.63038888888889,2024,Radial Velocity,
gl 725 bc,,,37.9,,Gl 725 B,0.25,0.28,3739.0,3.5214,280.6953944644875,59.62686698928139,2025,Radial Velocity,
gliese 12 b,0.08065,0.00223,12.761416,0.16,Gliese 12,0.241,0.269,3253.0,12.162,3.955,13.556194444444444,2024,Primary Transit,
gliese 49 ab,,,13.8508,0.363,Gliese 49,0.515,0.511,3805.0,9.856,15.670833347,62.345555572,2019,Radial Velocity,
gu psc b,1.35,11.0,,,GU Psc,0.35,,,48.0,18.145833345,17.065555569,2014,Imaging,
hat-p-10 ab,1.045,0.46,3.722469,0.0,HAT-P-10 A,0.82,0.81,4980.0,125.0,47.3708333,30.6736111,2008,Primary Transit,
hat-p-11 b,0.389,0.0736,4.887802443,0.265,HAT-P-11,0.809,0.683,4780.0,37.89,297.7083333,48.0808333,2009,Primary Transit,
hat-p-11 c,,3.06,3299.0,0.617,HAT-P-11,0.809,0.683,4780.0,37.89,297.7083333,48.0808333,2018,Radial Velocity,
hat-p-12 b,0.949,0.210489884529,3.2130598,0.0,HAT-P-12,0.73,0.7,4650.0,142.5,209.3916667,43.4936111,2009,Primary Transit,
hat-p-13 b,1.44,0.9,2.916415,0.0142,HAT-P-13,1.22,1.56,5638.0,214.0,129.8833333,47.3519444,2009,Primary Transit,
hat-p-14 ab,1.01,2.444,4.627686,0.095,HAT-P-14 A,1.386,1.468,6600.0,205.0,260.1166667,38.2422222,2010,Primary Transit,
hat-p-15 b,1.072,1.946,10.863502,0.19,HAT-P-15,1.013,1.08,5568.0,190.0,66.25,39.4605556,2010,Primary Transit,
hat-p-16 ab,1.289,4.193,2.77596,0.036,HAT-P-16 A,1.218,1.237,6158.0,235.0,9.575,42.4630556,2010,Primary Transit,
hat-p-17 b,0.98,0.571,10.3385308,0.346,HAT-P-17,0.857,0.837,5246.0,90.0,324.5375,30.4886111,2010,Primary Transit,
hat-p-17 c,,,1798.0,0.1,HAT-P-17,0.857,0.837,5246.0,90.0,324.5375,30.4886111,2010,Radial Velocity,
hat-p-18 ab,0.947,0.183,5.508029,0.106,HAT-P-18 A,0.77,0.717,4870.0,166.0,256.35,33.0125,2010,Primary Transit,
hat-p-19 b,1.132,0.292,4.008784,0.067,HAT-P-19,0.842,0.82,4990.0,215.0,9.5166667,34.7116667,2010,Primary Transit,
hat-p-1 bb,1.319,0.525,4.46529976,0.067,HAT-P-1 B,1.151,1.174,5980.0,139.0,344.4458333,38.675,2006,Primary Transit,
hat-p-20 ab,0.867,7.246,2.875317,0.015,HAT-P-20 A,0.756,0.694,4595.0,70.0,111.9166667,24.3363889,2010,Primary Transit,
hat-p-21 b,1.024,4.063,4.124461,0.228,HAT-P-21,0.947,1.105,5588.0,254.0,171.275,41.0280556,2010,Primary Transit,
hat-p-22 ab,1.08,2.147,3.21222,0.016,HAT-P-22 A,0.916,1.04,5302.0,82.0,155.6833333,50.1283333,2010,Primary Transit,
hat-p-23 ab,1.368,2.09,1.212884,0.106,HAT-P-23 A,1.13,1.29,5924.0,393.0,306.125,16.7622222,2010,Primary Transit,
hat-p-24 ab,1.242,0.685,3.35524,0.067,HAT-P-24 A,1.191,1.317,6373.0,405.0,108.825,14.2622222,2010,Primary Transit,
hat-p-25 b,1.19,0.567,3.652836,0.032,HAT-P-25,1.01,0.959,5500.0,297.0,48.4375,25.1975,2010,Primary Transit,
hat-p-26 b,0.57,0.0585,4.234502,0.124,HAT-P-26,0.816,0.788,5079.0,134.0,213.156404179,4.06003612014,2010,Primary Transit,
hat-p-26 d,0.1758,,6.594,,HAT-P-26,0.816,0.788,5079.0,134.0,213.156404179,4.06003612014,2024,Primary Transit,
hat-p-27 ab,1.055,0.66,3.0395803,0.078,HAT-P-27 A,0.945,0.898,5300.0,204.0,222.7666667,5.9472222,2011,Primary Transit,
hat-p-27 ac,0.3863,,1.1994,,HAT-P-27 A,0.945,0.898,5300.0,204.0,222.7666667,5.9472222,2024,Primary Transit,
hat-p-28 b,1.212,0.626,3.257215,0.051,HAT-P-28,1.025,1.103,5680.0,395.0,13.0,34.7283333,2011,Primary Transit,
hat-p-29 b,1.107,0.778,5.723186,0.095,HAT-P-29,1.207,1.224,6087.0,322.0,33.1291667,51.7788889,2011,Primary Transit,
hat-p-2 b,0.951,8.74,5.6334729,0.5171,HAT-P-2,1.34,1.54,6414.0,118.0,245.15,41.0480556,2007,Primary Transit,
hat-p-2 c,,,8500.0,0.37,HAT-P-2,1.34,1.54,6414.0,118.0,245.15,41.0480556,2013,Radial Velocity,
hat-p-30 ab,1.41,0.723,2.81060078,0.035,HAT-P-30 A,1.18,1.33,6250.0,193.0,123.95,5.8366667,2011,Primary Transit,
hat-p-31 b,1.07,2.171,5.005425,0.245,HAT-P-31,1.218,1.36,6065.0,354.0,271.5375,26.4266667,2011,Primary Transit,
hat-p-32 ab,1.789,0.75,2.15000825,0.044,HAT-P-32 A,1.176,1.387,6001.0,320.0,31.04166667,46.6877778,2011,Primary Transit,
hat-p-33 ab,1.827,0.763,3.474474,0.148,HAT-P-33 A,1.403,1.777,6401.0,419.0,113.1833333,33.835,2011,Primary Transit,
hat-p-34 b,1.142,3.64,5.4526482,0.441,HAT-P-34,1.36,1.45,6509.0,257.0,303.1958333,18.105,2012,Primary Transit,
hat-p-35 ab,1.332,1.054,3.646706,0.025,HAT-P-35 A,1.236,1.435,6096.0,535.0,123.25,4.7869444,2012,Primary Transit,
hat-p-36 b,1.264,1.832,1.327347,0.063,HAT-P-36,1.022,1.096,5580.0,317.0,188.2625,44.9152778,2012,Primary Transit,
hat-p-37 b,1.178,1.169,2.797436,0.058,HAT-P-37,0.929,0.877,5500.0,411.0,284.2958333,51.2691667,2012,Primary Transit,
hat-p-38 b,0.825,0.267,4.640382,0.067,HAT-P-38,0.886,0.923,5330.0,249.0,35.3830000106,32.2463333484,2012,Primary Transit,
hat-p-39 ab,1.571,0.599,3.54387,,HAT-P-39 A,1.404,1.625,6430.0,642.0,113.7583,17.83,2012,Primary Transit,
hat-p-3 ab,0.827,0.591,2.899703,0.0,HAT-P-3 A,0.917,0.799,5224.0,130.0,206.0958333,48.0286111,2007,Primary Transit,
hat-p-40 b,1.73,0.615,4.457243,,HAT-P-40,1.512,2.206,6080.0,501.0,335.5125,45.4575,2012,Primary Transit,
hat-p-41 ab,1.685,0.8,2.694047,,HAT-P-41 A,1.32,1.65,6479.0,348.185,297.3208,4.6725,2012,Primary Transit,
hat-p-42 b,1.277,0.975,4.641876,0.0,HAT-P-42,1.179,1.528,5743.0,447.0,135.3458,6.0972,2012,Primary Transit,
hat-p-43 b,1.283,0.66,3.332688,0.0,HAT-P-43,1.048,1.104,5645.0,543.0,128.925,10.2067,2012,Primary Transit,
hat-p-44 bb,1.28,0.392,4.301217,0.072,HAT-P-44 B,0.939,0.979,5295.0,374.0,213.1458,47.0147,2013,Primary Transit,
hat-p-44 bc,,1.6,219.9,,HAT-P-44 B,0.939,0.979,5295.0,374.0,213.1458,47.0147,2013,Primary Transit,
hat-p-45 ab,1.426,0.892,3.128992,0.049,HAT-P-45 A,1.259,1.319,6330.0,305.0,274.375,-3.3811,2013,Primary Transit,
hat-p-46 b,1.284,0.493,4.463129,0.123,HAT-P-46,1.763,1.395,7587.0,290.736,270.4458,-2.9708333,2013,Primary Transit,
hat-p-46 c,,2.0,77.7,,HAT-P-46,1.763,1.395,7587.0,290.736,270.4458,-2.9708333,2013,Primary Transit,
hat-p-47 b,1.313,0.206,4.732182,0.0,HAT-P-47,1.387,1.515,6703.0,268.0,38.308333338,30.360555571,2016,Primary Transit,
hat-p-48 b,1.131,0.168,4.40865,0.0,HAT-P-48,1.099,1.223,5946.0,305.0,44.470833351,30.625833353,2016,Primary Transit,
hat-p-49 b,1.448,1.73,2.6915575,0.0,HAT-P-49,1.543,1.833,6820.0,322.0,305.441666682,26.692777799,2014,Primary Transit,
hat-p-4 b,1.27,0.68,3.0565114,0.0,HAT-P-4,1.26,1.59,5890.0,310.0,229.9916667,36.2297222,2007,Primary Transit,
hat-p-50 b,1.288,1.36,3.1220109,0.115,HAT-P-50,1.273,1.698,6280.0,597.0,118.06340808690264,12.139400155360118,2015,Primary Transit,
hat-p-51 ab,1.293,0.309,4.2180278,0.123,HAT-P-51 A,0.976,1.041,5449.0,470.0,21.066666672,32.810833358,2015,Primary Transit,
hat-p-52 b,1.009,0.819,2.7535953,0.047,HAT-P-52,0.887,0.893,5131.0,385.0,42.720833351,29.022500005,2015,Primary Transit,
hat-p-53 b,1.318,1.487,1.9616241,0.134,HAT-P-53,1.093,1.209,5956.0,719.0,21.870833343,38.968055576,2015,Primary Transit,
hat-p-54 b,0.944,0.76,3.799847,0.074,HAT-P-54,0.645,0.617,4390.0,135.8,99.8980416785,25.4825277998,2014,Primary Transit,
hat-p-55 b,1.182,0.582,3.5852467,0.139,HAT-P-55,1.013,1.011,5808.0,480.0,264.273000002,25.7311944704,2015,Primary Transit,
hat-p-56 b,1.51,2.31,2.79083,0.246,HAT-P-56,1.42,1.47,6566.0,323.5,100.848038,27.252293,2015,Primary Transit,
hat-p-57 ab,1.413,1.85,2.465295,0.0,HAT-P-57 A,1.47,1.5,7500.0,303.0,274.743437639305,10.59725823515657,2015,Primary Transit,
hat-p-58 b,1.332,0.372,4.013837,0.073,HAT-P-58,1.031,1.53,5931.0,519.0,68.845833341,56.868333352,2020,Primary Transit,
hat-p-59 b,1.123,1.54,4.1419771,0.03,HAT-P-59,1.0,1.1,5678.0,267.3,292.45833335,62.529166687,2020,Primary Transit,
hat-p-5 b,1.252,1.06,2.788491,0.0,HAT-P-5,1.163,1.137,5960.0,340.0,274.405412512,36.6213555716,2007,Primary Transit,
hat-p-60 b,1.631,0.574,4.7947813,0.25,HAT-P-60,1.435,2.197,6212.0,235.4,28.283333336,52.053888893,2020,Primary Transit,
hat-p-61 b,0.899,1.057,1.90231289,,HAT-P-61,1.004,0.938,5587.0,343.2,75.479166685,50.131388903,2020,Primary Transit,
hat-p-62 b,1.073,0.761,2.6453235,0.1,HAT-P-62,1.023,1.17,5629.0,353.1,74.504166667,48.301111118,2020,Primary Transit,
hat-p-63 b,1.119,0.614,3.377728,0.069,HAT-P-63,0.925,0.9661,5400.0,408.0,269.570833339,5.761388913,2020,Primary Transit,
hat-p-64 b,1.703,0.58,4.007232,,HAT-P-64,1.298,1.735,6457.0,635.0,68.975000018,2.431388909,2020,Primary Transit,
hat-p-65 b,1.89,0.527,2.6054552,0.3,HAT-P-65,1.212,1.86,5835.0,841.0,315.904166679,11.989444469,2016,Primary Transit,
hat-p-66 b,1.59,0.783,2.972086,0.0,HAT-P-66,1.255,1.881,6002.0,927.0,150.573000006,53.9508611308,2016,Primary Transit,
hat-p-67 ab,2.14,0.45,4.8101088,0.24,HAT-P-67 A,1.292,2.648,6417.0,371.686,256.612500009,44.776944468,2017,Primary Transit,
hat-p-68 b,1.072,0.724,2.29840551,0.041,HAT-P-68,0.6785,0.67,4508.0,202.0,118.48326189906096,23.9382252688002,2020,Primary Transit,
hat-p-69 b,1.676,3.58,4.7869491,0.0,HAT-P-69,1.698,1.854,7724.0,343.9,130.504166667,3.710555578,2019,Primary Transit,
hat-p-6 b,1.275,1.11,3.8529972,0.0,HAT-P-6,1.29,1.46,6570.0,200.0,354.775,42.4661111,2007,Primary Transit,
hat-p-70 b,1.87,6.78,2.74432452,0.0,HAT-P-70,1.89,1.858,8450.0,329.0,74.550000004,9.998055587,2019,Primary Transit,
hat-p-7 ab,1.51,1.79,2.20473825,0.0,HAT-P-7 A,1.347,1.993,6532.23,320.0,292.2458333,47.9694444,2008,Primary Transit,
hat-p-8 ab,1.42,1.35,3.076318,0.0,HAT-P-8 A,1.285,1.431,6401.79,211.553,343.0416667,35.4472222,2008,Primary Transit,
hat-p-9 b,1.4,0.67,3.922814,0.0,HAT-P-9,1.28,1.32,6350.0,480.0,110.1666667,37.1405556,2008,Primary Transit,
hats-10 b,0.969,0.526,3.312846,0.5,HATS-10,1.1,1.105,5880.0,496.0,294.308333338,-22.204444452,2015,Primary Transit,
hats-11 b,1.609,0.85,3.619188,0.34,HATS-11,1.06,1.462,5871.0,944.603,289.400757,-22.389927,2016,Primary Transit,
hats-12 b,0.692,2.38,3.142702,0.085,HATS-12,1.16,1.17,6357.0,512.41,289.202393,-19.355907,2016,Primary Transit,
hats-13 b,1.212,0.543,3.0440499,0.18,HATS-13,0.962,0.887,5523.0,476.0,316.962500017,-26.096666679,2015,Primary Transit,
hats-14 b,1.039,1.071,2.7667641,0.142,HATS-14,0.967,0.933,5346.0,513.0,313.216666684,-25.687222239,2015,Primary Transit,
hats-15 b,1.105,2.17,1.74748753,0.0,HATS-15,0.871,0.922,5311.0,689.0,311.092500007,-19.4375277898,2014,Primary Transit,
hats-16 b,1.3,3.27,2.686502,0.0,HATS-16,0.97,1.238,5738.0,774.0,358.558500005,-30.0130000104,2015,Primary Transit,
hats-17 b,0.777,1.338,16.254611,0.029,HATS-17,1.131,1.091,5846.0,339.0,192.191666682,-47.613611134,2016,Primary Transit,
hats-18 b,1.337,1.98,0.8378434,0.166,HATS-18,1.037,1.02,5600.0,645.0,173.95833335,-29.156111119,2016,Primary Transit,
hats-19 b,1.66,0.427,4.569673,0.3,HATS-19,1.303,1.74,5896.0,780.0,147.408333346,-33.218611117,2016,Primary Transit,
hats-1 ab,1.302,1.855,3.446459,0.12,HATS-1 A,0.986,1.038,5870.0,303.0,175.525,-23.3547222,2012,Primary Transit,
hats-20 b,0.776,0.273,3.7992969,0.5,HATS-20,0.91,0.892,5406.0,454.0,198.133333344,-45.590555573,2016,Primary Transit,
hats-21 b,1.123,0.332,3.5543973,0.0,HATS-21,1.08,1.021,5695.0,286.0,280.183333348,-58.459166683,2016,Primary Transit,
hats-22 b,0.953,2.74,4.7228124,0.079,HATS-22,0.759,0.689,4803.0,207.9,174.00974595428968,-29.54332173816737,2016,Primary Transit,
hats-23 b,1.86,1.47,2.1605156,0.114,HATS-23,1.121,1.199,5780.0,747.0,286.366666676,-50.067500002,2015,Primary Transit,
hats-24 b,1.487,2.44,1.3484954,0.24,HATS-24,1.212,1.172,6346.0,510.0,268.891666678,-61.747222248,2016,Primary Transit,
hats-25 b,1.26,0.613,4.2986432,0.088,HATS-25,0.994,1.107,5715.0,466.0,207.907500013,-23.7811666936,2016,Primary Transit,
hats-26 b,1.75,0.65,3.3023881,0.122,HATS-26,1.299,2.04,6071.0,907.0,144.926833347,-28.5855833468,2016,Primary Transit,
hats-27 b,1.5,0.53,4.637038,0.29,HATS-27,1.415,1.74,6438.0,840.0,193.552500004,-46.5877222374,2016,Primary Transit,
hats-28 b,1.194,0.672,3.1810781,0.101,HATS-28,0.929,0.922,5498.0,521.0,284.400000012,-49.138472229,2016,Primary Transit,
hats-29 b,1.251,0.653,4.6058749,0.079,HATS-29,1.032,1.073,5670.0,351.0,285.0964886891291,-54.89318055929442,2016,Primary Transit,
hats-2 b,1.168,1.345,1.354133,0.0,HATS-2,0.882,0.898,5227.0,360.0,176.739094,-22.562992,2013,Primary Transit,
hats-30 ab,1.175,0.706,3.1743516,0.048,HATS-30 A,1.093,1.061,5943.0,339.0,5.61870834283,-59.9425555816,2016,Primary Transit,
hats-31 b,1.64,0.88,3.37796,0.233,HATS-31,1.275,1.87,6050.0,872.0,191.704166683,-24.427500017,2016,Primary Transit,
hats-32 b,1.249,0.92,2.8126548,0.471,HATS-32,1.099,1.097,5700.0,839.0,346.075000006,-21.271944454,2016,Primary Transit,
hats-33 b,1.23,1.192,2.5495551,0.08,HATS-33,1.062,1.022,5659.0,355.0,294.633333344,-55.330000017,2016,Primary Transit,
hats-34 b,1.43,0.941,2.1061607,0.0,HATS-34,0.955,0.98,5380.0,532.0,0.775000002,-62.469444456,2016,Primary Transit,
hats-35 b,1.464,1.222,1.8209933,0.0,HATS-35,1.317,1.433,6300.0,557.0,296.687500015,-63.565555579,2016,Primary Transit,
hats-36 b,1.153,2.79,4.175186,0.294,HATS-36,1.1,1.1,5950.0,878.65,291.478699,-23.202793,2018,Primary Transit,
hats-37 ab,0.606,0.099,4.3315366,0.345,HATS-37 A,0.843,0.877,5326.0,211.1,199.800000004,-22.986944467,2020,Primary Transit,
hats-38 b,0.614,0.074,4.375021,0.122,HATS-38,0.89,1.105,5732.0,347.7,154.270833335,-25.276388902,2020,Primary Transit,
hats-39 b,1.57,0.63,4.5776348,0.275,HATS-39,1.379,1.621,6572.0,773.0,112.420833347,-29.9377778,2018,Primary Transit,
hats-3 b,1.381,1.071,3.547851,,HATS-3,1.209,1.404,6351.0,453.0,312.4583,-24.4289,2013,Primary Transit,
hats-40 b,1.58,1.59,3.2642736,0.312,HATS-40,1.56,2.26,6460.0,1431.0,100.570833339,-29.776944468,2018,Primary Transit,
hats-41 b,1.33,9.7,4.193649,0.38,HATS-41,1.496,1.71,6424.0,800.0,103.516666668,-27.050277779,2018,Primary Transit,
hats-42 b,1.4,1.88,2.292102,0.229,HATS-42,1.273,1.48,6060.0,942.0,108.450000016,-33.437222234,2018,Primary Transit,
hats-43 b,1.18,0.261,4.3888497,0.173,HATS-43,0.837,0.812,5099.0,341.0,80.5381666697,-30.970833356,2017,Primary Transit,
hats-44 b,1.067,0.56,2.7439004,0.279,HATS-44,0.86,0.847,5080.0,463.0,84.3267083395,-27.9726111352,2017,Primary Transit,
hats-45 b,1.286,0.7,4.1876244,0.24,HATS-45,1.272,1.315,6450.0,818.0,101.994291686,-21.910694471,2017,Primary Transit,
hats-46 b,0.903,0.173,4.7423729,0.559,HATS-46,0.917,0.853,5495.0,448.0,6.70241668286,-56.31611113,2017,Primary Transit,
hats-47 ab,1.117,0.369,3.9228038,0.088,HATS-47 A,0.674,0.6564,4512.0,301.7,287.483333352,-49.665000025,2020,Primary Transit,
hats-48 ab,0.8,0.243,3.1316666,0.162,HATS-48 A,0.7279,0.7152,4546.0,265.4,288.670833347,-59.579444466,2020,Primary Transit,
hats-49 b,0.765,0.353,4.1480467,0.071,HATS-49,0.7133,0.6977,4405.0,324.6,6.612500009,-56.34444446,2020,Primary Transit,
hats-4 b,1.02,1.323,2.516729,0.013,HATS-4,1.001,0.925,5403.0,420.0,94.1120900231972,-22.54689283965425,2014,Primary Transit,
hats-50 b,1.13,0.39,3.8297015,0.516,HATS-50,1.168,1.117,5990.0,717.0,300.429166681,-26.07750001,2017,Primary Transit,
hats-51 b,1.41,0.768,3.3488702,0.33,HATS-51,1.187,1.44,5758.0,478.0,102.845833341,-29.058611119,2017,Primary Transit,
hats-52 b,1.382,2.24,1.3665436,0.246,HATS-52,1.111,1.046,6010.0,631.0,140.087500007,-31.269444452,2017,Primary Transit,
hats-53 b,1.34,0.595,3.8537768,0.33,HATS-53,0.964,1.1,5644.0,613.0,176.629166677,-33.860000025,2017,Primary Transit,
hats-54 b,1.015,0.753,2.5441765,0.126,HATS-54,1.05,1.23,5621.0,720.0,200.633333344,-44.688888907,2018,Primary Transit,
hats-55 ab,1.251,0.921,,0.092,HATS-55 A,1.1955,1.126,6214.0,623.6,114.283333336,-32.755555575,2018,Primary Transit,
hats-56 b,1.688,0.602,4.324799,0.019,HATS-56,1.573,2.201,6536.0,577.1,180.16666668,-45.799444473,2018,Primary Transit,
hats-57 ab,1.13,3.147,2.350621,0.028,HATS-57 A,1.026,0.96,5587.0,280.0,60.950000016,-19.056666673,2018,Primary Transit,
hats-58 ab,1.095,1.03,4.2180896,,HATS-58 A,1.461,1.433,7175.0,492.0,186.787500003,-48.978333362,2018,Primary Transit,
hats-59 b,1.126,0.806,5.416081,0.129,HATS-59,1.038,1.036,5670.0,654.0,170.325000006,-22.388055567,2018,Primary Transit,
hats-59 c,,,1422.0,0.08,HATS-59,1.038,1.036,5670.0,654.0,170.325000006,-22.388055567,2018,Radial Velocity,
hats-5 b,0.912,0.237,4.763387,0.019,HATS-5,0.936,0.871,5304.0,257.0,67.22284686842775,-21.48196168374933,2014,Primary Transit,
hats-60 b,1.153,0.662,3.560829,0.191,HATS-60,1.1,1.46,5690.0,494.7,341.362500009,-14.991666693,2018,Primary Transit,
hats-61 b,1.195,3.4,7.817953,0.092,HATS-61,1.075,1.667,5541.0,694.2,61.658333346,-25.349722242,2018,Primary Transit,
hats-62 ab,1.055,0.179,3.2768837,0.298,HATS-62 A,0.911,0.923,5435.0,515.9,312.450000016,-24.303333342,2018,Primary Transit,
hats-63 b,1.207,0.96,3.0566527,0.136,HATS-63,0.931,1.07,5626.0,634.4,67.41666668,-28.197222237,2018,Primary Transit,
hats-64 b,1.679,0.96,4.908897,0.151,HATS-64,1.562,2.113,6560.0,1087.0,144.287500003,-29.800555572,2018,Primary Transit,
hats-65 ab,1.501,0.821,3.105161,0.062,HATS-65 A,1.269,1.296,6276.0,491.0,292.941666682,-26.740277798,2018,Primary Transit,
hats-66 b,1.411,5.33,3.1414391,0.064,HATS-66,1.406,1.851,6606.0,1542.0,101.395833345,-33.881666696,2018,Primary Transit,
hats-67 b,1.685,1.45,1.6091788,0.057,HATS-67,1.44,1.44,6605.0,983.0,180.2088259138661,-46.13642383035906,2018,Primary Transit,
hats-68 b,1.2321,1.29,3.5862202,0.036,HATS-68,1.337,1.769,6122.0,619.0,15.004166667,-58.904722244,2018,Primary Transit,
hats-69 b,0.945,0.577,2.2252577,0.519,HATS-69,0.892,0.8785,5137.0,420.3,289.295833337,-60.891666691,2018,Primary Transit,
hats-6 bb,0.998,0.319,3.3252725,,HATS-6 B,0.574,0.57,3724.0,148.4,88.1467500117,-19.031666679,2014,Primary Transit,
hats-70 b,1.384,12.9,1.8882378,0.18,HATS-70,1.78,1.88,7930.0,1307.0,109.104166675,-31.244444458,2018,Primary Transit,
hats-71 b,1.08,0.45,3.79551764,,HATS-71,0.569,0.5161,3254.0,140.68,15.550000004,-61.756111131,2018,Primary Transit,
hats-72 b,0.7224,0.1254,7.3279474,0.013,HATS-72,0.7311,0.7214,4656.1,127.66,339.025000002,-17.00000002,2020,Primary Transit,
hats-74 ab,1.032,1.46,1.73185606,0.044,HATS-74 A,0.6,0.5758,3776.9,286.6,171.016666668,-19.557222239,2021,Primary Transit,
hats-75 b,0.884,0.491,2.7886556,0.064,HATS-75,0.6017,0.5848,3790.4,195.3,60.950000016,-25.408888904,2021,Primary Transit,
hats-76 b,1.079,2.629,1.9416423,0.062,HATS-76,0.662,0.626,4016.0,390.0,70.341666674,-32.320555565,2021,Primary Transit,
hats-77 b,1.165,1.374,3.0876262,0.045,HATS-77,0.655,0.643,4071.0,414.0,149.825000006,-27.392777793,2021,Primary Transit,
hats-7 b,0.563,0.12,3.185315,0.0,HATS-7,0.849,0.815,4985.0,257.0,208.857000009,-21.2076944546,2015,Primary Transit,
hats-8 b,0.873,0.138,3.583893,0.38,HATS-8,1.056,1.086,5679.0,829.0,294.941666682,-25.74833336,2015,Primary Transit,
hats-9 b,1.236,0.839,1.915291,0.129,HATS-9,1.1,1.56,5599.0,654.36,290.810104,-20.166317,2015,Primary Transit,
hd 100508 b,,1.2,5679.0,0.42,HD 100508,0.94,1.018,5419.0,32.77,173.3045416666667,-67.05458333333333,2026,"Radial Velocity, Astrometry",
hd 100546 b,6.9,1.65,91250.0,,HD 100546,2.4,1.6,11000.0,110.0,173.3541667,-70.1947222,2013,"Imaging, Kinematic",
hd 100655 ab,,,157.57,0.085,HD 100655 A,2.4,9.3,4861.0,122.0,173.7666667,20.4416667,2011,Radial Velocity,
hd 100777 b,,,383.7,0.36,HD 100777,1.0,,5582.0,52.8,173.9666667,-4.7558333,2007,Radial Velocity,
hd 101581 b,0.08529,,4.46569,,HD 101581,0.653,0.63,4633.0,12.8,175.26029166666666,-44.40519444444445,2024,Primary Transit,
hd 101581 c,0.0883,,6.20401,,HD 101581,0.653,0.63,4633.0,12.8,175.26029166666666,-44.40519444444445,2024,Primary Transit,
hd 10180 c,,,5.75979,0.045,HD 10180,1.06,,5911.0,39.4,24.475,-60.5116667,2010,Radial Velocity,
hd 10180 d,,,16.3579,0.088,HD 10180,1.06,,5911.0,39.4,24.475,-60.5116667,2010,Radial Velocity,
hd 10180 e,,,49.745,0.026,HD 10180,1.06,,5911.0,39.4,24.475,-60.5116667,2010,Radial Velocity,
hd 10180 f,,,122.76,0.135,HD 10180,1.06,,5911.0,39.4,24.475,-60.5116667,2010,Radial Velocity,
hd 10180 g,,,601.2,0.19,HD 10180,1.06,,5911.0,39.4,24.475,-60.5116667,2010,Radial Velocity,
hd 10180 h,,,2222.0,0.08,HD 10180,1.06,,5911.0,39.4,24.475,-60.5116667,2010,Radial Velocity,
hd 101930 ab,,,70.46,0.11,HD 101930 A,0.74,,5079.0,30.49,175.875,-58.0066667,2005,Radial Velocity,
hd 102117 b,,,20.67,0.106,HD 102117,1.03,1.27,5672.0,42.0,176.2083333,-58.7036111,2004,Radial Velocity,
hd 102195 b,,0.46,4.114,0.14,HD 102195,0.926,0.835,5291.0,28.98,176.425,2.8213889,2005,Radial Velocity,
hd 102272 b,,,127.58,0.05,HD 102272,1.9,10.1,4908.0,360.0,176.6,14.1238889,2008,Radial Velocity,
hd 102329 b,,,778.1,0.211,HD 102329,1.95,6.3,4830.0,158.0,176.6958333,3.4741667,2011,Radial Velocity,
hd 102329 c,,,1123.0,0.209,HD 102329,1.95,6.3,4830.0,158.0,176.6958333,3.4741667,2010,Radial Velocity,
hd 102365 ab,,,122.1,0.34,HD 102365 A,0.85,,5650.0,9.24,176.6291667,-40.5002778,2011,Radial Velocity,
hd 102843 b,,,3090.9,0.11,HD 102843,0.95,,5436.0,62.85,177.59,-1.25,2019,Radial Velocity,
hd 102888 b,,,252.06,0.11,HD 102888,2.42,8.6,4990.0,126.48,177.65491666666668,-27.27793611111111,2025,Radial Velocity,
hd 102956 ab,,,6.4947,0.037,HD 102956 A,1.68,4.4,5054.0,126.0,177.8458333,57.6408333,2010,Radial Velocity,
hd 103197 b,,,47.84,0.0,HD 103197,0.9,,5303.0,49.3,178.2208333,-50.2927778,2009,Radial Velocity,
hd 103720 b,,,4.5557,0.086,HD 103720,0.794,0.73,5017.0,41.6,179.170833347,-2.778888914,2014,Radial Velocity,
hd 103774 ab,,,5.8881,0.09,HD 103774 A,1.335,,6489.0,55.0,179.2333,-12.1078,2013,Radial Velocity,
hd 103891 b,,,1919.0,0.31,HD 103891,1.28,2.2,6072.0,54.9,179.438762482611,-8.548713529200805,2021,Radial Velocity,
hd 103949 b,,,120.878,0.19,HD 103949,0.77,,4792.0,26.52,179.55,-23.92,2019,Radial Velocity,
hd 104067 b,,,55.851,0.12,HD 104067,0.791,,4969.0,20.8,179.7916667,-20.3538889,2009,Radial Velocity,
hd 104067 c,,,13.8992,0.29,HD 104067,0.791,,4969.0,20.8,179.7916667,-20.3538889,2024,Radial Velocity,
hd 104067 d,0.116,,2.1538197,0.0,HD 104067,0.791,,4969.0,20.8,179.7916667,-20.3538889,2024,Radial Velocity,
hd 10442 b,,,1043.0,0.11,HD 10442,1.56,,5034.0,,25.4714266844,2.70437918417,2014,Primary Transit,
hd 104985 b,,,199.505,0.09,HD 104985,1.6,10.87,4786.0,102.0,181.3125,76.9055556,2003,Radial Velocity,
hd 105618 b,,,10.0,0.455,HD 105618,1.01,1.274,5671.0,70.0837,182.40258676909,11.21157827248,2022,Radial Velocity,
hd 105779 b,,,2412.0,0.0,HD 105779,0.89,0.94,5792.0,55.1,182.66226603798128,-16.956291684673328,2021,Radial Velocity,
hd 106252 b,,10.0,1600.0,0.47,HD 106252,0.96,1.09,5754.0,37.44,183.3708333,10.0413889,2002,Radial Velocity,
hd 106270 b,,,2890.0,0.402,HD 106270,1.32,2.5,5638.0,84.9,183.4041667,-9.5133333,2011,Radial Velocity,
hd 106315 b,0.214,0.033,9.55288,0.093,HD 106315,1.09,1.3,6327.0,109.0,183.472473,-0.393484,2017,Primary Transit,
hd 106315 c,0.3908,0.038,21.05652,0.22,HD 106315,1.09,1.3,6327.0,109.0,183.472473,-0.393484,2017,Primary Transit,
hd 10647 ab,,,1003.0,0.1,HD 10647 A,1.1,1.1,6039.0,17.3,25.6208333,-53.7408333,2003,Radial Velocity,
hd 106515 ab,,,3630.0,0.572,HD 106515 A,0.91,,5232.0,35.2,183.7791667,-7.2572222,2011,Radial Velocity,
hd 106574 b,,,1065.7,0.03,HD 106574,1.2,17.1,4501.0,143.0,183.78538306458063,70.2000085088468,2018,Radial Velocity,
hd 106906 (ab) b,,11.0,,,HD 106906 (AB),1.5,,6798.0,92.0,184.471630975,-55.9755251461,2013,Imaging,
hd 107148 ab,,0.23,48.056,0.05,HD 107148 A,1.12,,5797.0,51.3,184.8041667,-3.3197222,2006,Radial Velocity,
hd 107148 ac,,0.07,18.3267,0.34,HD 107148 A,1.12,,5797.0,51.3,184.8041667,-3.3197222,2021,Radial Velocity,
hd 108147 b,,,10.8985,0.53,HD 108147,1.19,1.22,6067.0,38.57,186.4416667,-64.0219444,2002,Radial Velocity,
hd 108202 b,,2.86,2971.1,0.489,HD 108202,0.74,,,38.65,186.462500017,-1.110555566,2023,Radial Velocity,
hd 108236 b,0.14149,,3.79523,0.2,HD108236,0.853,0.894,5720.0,64.6,186.574063,-51.363052,2020,Primary Transit,
hd 108236 c,0.1845,,6.2037,0.18,HD108236,0.853,0.894,5720.0,64.6,186.574063,-51.363052,2020,Primary Transit,
hd 108236 d,0.2427,,14.17555,0.17,HD108236,0.853,0.894,5720.0,64.6,186.574063,-51.363052,2020,Primary Transit,
hd 108236 e,0.2783,,19.5917,0.2,HD108236,0.853,0.894,5720.0,64.6,186.574063,-51.363052,2020,Primary Transit,
hd 108236 f,0.17995,,29.54115,0.051,HD108236,0.853,0.894,5720.0,64.6,186.574063,-51.363052,2020,Primary Transit,
hd 108341 ab,,,1129.0,0.85,HD 108341 A,0.843,0.79,5122.0,49.4,186.879166677,-71.423055569,2014,Radial Velocity,
hd 108863 ab,,,443.4,0.1,HD 108863 A,1.85,5.6,4956.0,139.0,187.5833333,21.9483333,2011,Radial Velocity,
hd 108874 b,,1.5,395.4,0.07,HD 108874,1.0,1.22,5407.0,68.5,187.6083333,22.8797222,2003,Radial Velocity,
hd 108874 c,,1.4,1605.8,0.25,HD 108874,1.0,1.22,5407.0,68.5,187.6083333,22.8797222,2005,Radial Velocity,
hd 109246 b,,,68.27,0.12,HD 109246,1.01,1.02,5844.0,65.6,188.0291667,74.4894444,2010,Radial Velocity,
hd 109271 ab,,,7.8543,0.25,HD 109271 A,1.047,,5783.0,62.0,188.4,-11.6219,2013,Radial Velocity,
hd 109271 ac,,,30.93,0.15,HD 109271 A,1.047,,5783.0,62.0,188.4,-11.6219,2013,Radial Velocity,
hd 109286 b,,,520.1,0.338,HD 109286,0.98,1.089,5694.0,55.5,188.395833345,7.28083335,2020,Radial Velocity,
hd 109749 ab,0.99,,5.23921,0.0451,HD 109749 A,1.2,1.3,5868.57,63.0821,189.3166667,-40.8119444,2005,Radial Velocity,
hd 10975 b,,,283.8,0.442,HD 10975,,,,,27.162500013,37.952777799,2021,Radial Velocity,
hd 110067 b,0.19627,0.0179,9.113678,,HD 110067,0.798,0.788,5266.0,32.22,189.841666674,20.311111126,2023,Primary Transit,
hd 110067 c,0.2132,0.0198,13.673694,,HD 110067,0.798,0.788,5266.0,32.22,189.841666674,20.311111126,2023,Primary Transit,
hd 110067 d,0.2543,0.02681,20.519617,,HD 110067,0.798,0.788,5266.0,32.22,189.841666674,20.311111126,2023,Primary Transit,
hd 110067 e,0.1731,0.0123,30.793091,,HD 110067,0.798,0.788,5266.0,32.22,189.841666674,20.311111126,2023,Primary Transit,
hd 110067 f,0.232,0.01586,41.05854,,HD 110067,0.798,0.788,5266.0,32.22,189.841666674,20.311111126,2023,Primary Transit,
hd 110067 g,0.23258,0.0264,54.76992,,HD 110067,0.798,0.788,5266.0,32.22,189.841666674,20.311111126,2023,Primary Transit,
hd 110113 b,0.1829,0.01432,2.541,0.093,HD 110113,0.997,0.968,5732.0,106.3,190.037500003,-44.31194446,2021,Primary Transit,
hd 110113 c,,,6.744,0.045,HD 110113,0.997,0.968,5732.0,106.3,190.037500003,-44.31194446,2021,Radial Velocity,
hd 11112 b,,8.176,17244.9,0.285,HD 11112,1.07,1.473,5905.64,44.3804,27.085763609700415,-41.49506573278528,2022,"Radial Velocity, Astrometry",
hd 111232 b,,7.965,1169.1,0.214,HD 111232,0.78,,5494.0,29.0,192.2125,-68.425,2004,"Radial Velocity, Astrometry",
hd 111591 b,,,1056.4,0.26,HD 111591,1.94,8.03,4884.0,108.0,192.570833339,22.863333361,2017,Radial Velocity,
hd 11231 b,,,5.203,0.083,HD 11231,1.44,1.78,6500.0,134.0,27.408333346,-34.459166683,2019,Radial Velocity,
hd 11231 c,,,3.168,0.28,HD 11231,1.44,1.78,6500.0,134.0,27.408333346,-34.459166683,2026,Radial Velocity,
hd 11231 d,,,16.491,0.1,HD 11231,1.44,1.78,6500.0,134.0,27.408333346,-34.459166683,2026,Radial Velocity,
hd 112570 b,,3.42,2615.0,0.2,HD 112570,1.15,9.6,4672.0,100.5,194.283333336,46.176666678,2023,"Radial Velocity, Astrometry",
hd 112640 b,,,613.2,0.24,HD 112640,1.8,39.0,4155.0,326.8,194.241666686,67.24277779,2020,Radial Velocity,
hd 113337 ab,,,323.4,0.36,HD 113337 A,1.4,1.5,6577.0,36.9,195.4458,63.6103,2013,Radial Velocity,
hd 113337 ac,,,3264.7,0.18,HD 113337 A,1.4,1.5,6577.0,36.9,195.4458,63.6103,2018,Radial Velocity,
hd 113538 b,,,663.2,0.14,HD 113538,0.585,0.53,4462.0,15.8,196.2375,-52.4430556,2010,Radial Velocity,
hd 113538 c,,,1818.0,0.2,HD 113538,0.585,0.53,4462.0,15.8,196.2375,-52.4430556,2010,Radial Velocity,
hd 114082 b,1.05,8.0,225.5504,0.395,HD 114082,1.47,1.49,6651.0,95.06,197.316666672,-60.308333346,2022,Primary Transit,
hd 114082 c,1.36,2.0,314.0,0.0,HD 114082,1.47,1.49,6651.0,95.06,197.316666672,-60.308333346,2025,Primary Transit,
hd 114386 b,,1.46,1049.4,0.02,HD 114386,0.75,0.76,4819.0,28.0,197.6625,-35.0547222,2003,"Radial Velocity, Astrometry",
hd 114386 c,,,444.0,0.1,HD 114386,0.75,0.76,4819.0,28.0,197.6625,-35.0547222,2011,Radial Velocity,
hd 114613 b,1.182,,4000.0,0.458,HD 114613,1.27,2.14,5641.0,20.67,198.013263832,-37.8030220354,2014,Radial Velocity,
hd 114729 ab,,1.6,1135.0,0.32,HD 114729 A,0.93,1.46,5662.0,35.0,198.1833333,-31.8733333,2002,Radial Velocity,
hd 114783 b,,1.09,493.7,0.121,HD 114783,0.92,0.78,5105.0,20.4,198.1791667,-2.265,2001,Radial Velocity,
hd 114783 c,,1.5,4339.85,0.074,HD 114783,0.92,0.78,5105.0,20.4,198.1791667,-2.265,2016,"Radial Velocity, Astrometry",
hd 11505 ab,,7.899,32669.2,0.144,HD 11505 A,1.03,1.195,5757.15,38.9679,28.2758286462975,-1.3269416245125,2022,"Radial Velocity, Astrometry",
hd 11506 b,,5.04,1613.7,0.39,HD 11506,1.24,1.34,6030.0,51.261,28.2125,-19.5069444,2007,"Radial Velocity, Astrometry",
hd 11506 c,,,223.41,0.193,HD 11506,1.24,1.34,6030.0,51.261,28.2125,-19.5069444,2009,Radial Velocity,
hd 11506 d,,9.1,15695.0,0.24,HD 11506,1.24,1.34,6030.0,51.261,28.2125,-19.5069444,2022,"Radial Velocity, Astrometry",
hd 115404 ab,,,10.5,0.232,HD 115404 A,0.83,0.727,5019.17,10.9816,199.21271429067625,17.017178028140833,2022,Radial Velocity,
hd 115404 ac,,10.319,15319.2,0.211,HD 115404 A,0.83,0.727,5019.17,10.9816,199.21271429067625,17.017178028140833,2022,"Radial Velocity, Astrometry",
hd 115587 b,0.49,0.7,372.0,,HD 115587,1.248,1.198,6324.0,108.415,199.25475,57.28318611111112,2024,Primary Transit,
hd 115954 ab,,8.5,3258.0,0.46,HD 115954 A,1.18,1.213,5957.0,218.39,199.983333352,38.369166676,2021,"Radial Velocity, Astrometry",
hd 116029 ab,,,670.2,0.21,HD 116029 A,1.58,4.6,4951.0,123.2,200.1666667,24.6486111,2011,Radial Velocity,
hd 116029 ac,,,907.0,0.038,HD 116029 A,1.58,4.6,4951.0,123.2,200.1666667,24.6486111,2010,Radial Velocity,
hd 117207 b,,2.0,2627.08,0.16,HD 117207,1.07,1.09,5432.0,33.0,202.3375,-35.5708333,2004,Radial Velocity,
hd 11755 b,,,433.7,0.19,HD 11755,0.9,27.3,4312.5,231.5,29.70833335,73.152500005,2015,Radial Velocity,
hd 117618 b,,,25.8,0.15,HD 117618,1.05,1.19,5861.0,38.0,203.1041667,-47.2711111,2004,Radial Velocity,
hd 118006 b,,,4.984,0.1,HD 118006,1.105,1.54,5996.82,101.386,203.52861478682,0.49906005613,2026,Radial Velocity,
hd 118203 b,1.14,2.17,6.13499,0.31,HD 118203,1.353,1.993,5872.0,88.6,203.5083333,53.7283333,2005,Radial Velocity,
hd 118203 c,,11.9,5103.0,0.257,HD 118203,1.353,1.993,5872.0,88.6,203.5083333,53.7283333,2024,Timing,
hd 118904 ab,,,676.7,0.31,HD 118904 A,1.4,14.8,4469.0,111.0,204.295785303,71.2422515314,2018,Radial Velocity,
hd 11964 ab,,0.72,1945.0,0.041,HD 11964 A,1.125,2.18,5248.0,33.98,29.2875,-10.2422222,2005,Radial Velocity,
hd 11964 ac,,0.09,37.91,0.3,HD 11964 A,1.125,2.18,5248.0,33.98,29.2875,-10.2422222,2005,Radial Velocity,
hd 120084 b,,,2082.0,0.66,HD 120084,2.39,9.12,4892.0,97.7,205.7167,78.0617,2013,Radial Velocity,
hd 121504 ab,,,63.33,0.03,HD 121504 A,1.18,,6075.0,44.37,209.3208333,-56.04,2003,Radial Velocity,
hd 122562 c,,,85.0,0.228,HD 122562,1.13,2.166,4956.0,53.2528,210.587500007,20.881388918,2022,Radial Velocity,
hd 124330 ab,,,270.66,0.34,HD 124330 A,1.16,1.3,6138.0,60.1977,212.820833339,54.409166682,2021,Radial Velocity,
hd 12484 b,,,58.83,0.07,HD 12484,1.01,,5920.0,51.1,30.612500009,2.815833362,2016,Radial Velocity,
hd 125271 b,,10.904,14902.0,0.165,HD 125271,0.75,0.7513,4703.93,39.3466,216.64857758631,-81.4533105424,2022,"Radial Velocity, Astrometry",
hd 125390 b,1.08,,1756.2,0.591,HD 125390,1.36,6.17,4850.0,154.3,214.53883,38.96698,2018,Radial Velocity,
hd 125595 b,,,9.6737,0.0,HD 125595,0.756,,4908.0,27.4,215.3458333,-40.3938889,2009,Radial Velocity,
hd 125612 ab,,,502.0,0.46,HD 125612 A,1.1,1.05,5897.0,52.82,215.225,-17.4813889,2007,Radial Velocity,
hd 125612 ac,,,4.1547,0.27,HD 125612 A,1.1,1.05,5897.0,52.82,215.225,-17.4813889,2009,Radial Velocity,
hd 125612 ad,,,3008.0,0.28,HD 125612 A,1.1,1.05,5897.0,52.82,215.225,-17.4813889,2009,Radial Velocity,
hd 12648 b,,,133.6,0.04,HD 12648,1.2,9.2,4835.8,158.4,34.75,85.736111128,2015,Radial Velocity,
hd 126525 b,,,948.12,0.13,HD 126525,,,,38.1,216.8875,-51.9330556,2011,Radial Velocity,
hd 126614 ab,,0.41,1244.0,0.41,HD 126614 A,1.145,1.09,5585.0,72.4,216.7,-5.1777778,2010,Radial Velocity,
hd 12661 b,,2.5,263.6,0.3598,HD 12661,1.07,1.12,5742.0,37.16,31.1416667,25.4141667,2000,"Radial Velocity, Astrometry",
hd 12661 c,,2.8,1698.5275,0.0131,HD 12661,1.07,1.12,5742.0,37.16,31.1416667,25.4141667,2002,"Radial Velocity, Astrometry",
hd 127506 b,,,65.8,0.24,HD 127506,0.73,0.7357,4595.32,22.5279,217.68740428513084,35.45372944078639,2022,Radial Velocity,
hd 128311 b,,3.4,448.6,0.25,HD 128311,0.84,0.73,4965.0,16.6,219.0,9.7463889,2002,Radial Velocity,
hd 128311 c,,1.9,919.0,0.17,HD 128311,0.84,0.73,4965.0,16.6,219.0,9.7463889,2005,Radial Velocity,
hd 128356 b,,,298.2,0.57,HD 128356,0.65,0.85,4875.0,26.03,219.270833335,-25.802500018,2016,Radial Velocity,
hd 129445 b,,,1840.0,0.7,HD 129445,0.99,,,67.61,221.5125,-68.7625,2010,Radial Velocity,
hd 130322 b,,1.3,10.72,0.044,HD 130322,0.79,0.83,5330.0,30.0,221.8875,-0.2813889,1999,Radial Velocity,
hd 131496 b,,,883.0,0.163,HD 131496,1.61,4.6,4927.0,110.0,223.3458333,18.2352778,2011,Radial Velocity,
hd 13167 ab,1.167,,2613.0,0.563,HD 13167 A,1.35,2.39,5671.0,149.6,32.05743,-24.69541,2018,Radial Velocity,
hd 132406 b,,6.7,974.0,0.34,HD 132406,1.09,,5885.0,71.0,224.2291667,53.3822222,2007,Radial Velocity,
hd 132563 bb,,,1544.0,0.22,HD 132563 B,1.01,1.11,5985.0,96.0,224.5875,44.0433333,2011,Radial Velocity,
hd 133131 ab,,,649.0,0.32,HD 133131 A,0.95,,5799.0,47.0,225.899193804,-27.8409866895,2016,Radial Velocity,
hd 133131 ac,,,3407.0,0.47,HD 133131 A,0.95,,5799.0,47.0,225.899193804,-27.8409866895,2016,Radial Velocity,
hd 133131 bb,,,6119.0,0.62,HD 133131 B,0.93,,5805.0,47.0,225.899193804,-27.8409866895,2016,Radial Velocity,
hd 134060 b,,,3.27,0.4,HD 134060,1.09,1.148,5951.7,24.01,227.6875,-61.4222222,2011,Radial Velocity,
hd 134060 c,,,1160.9,0.75,HD 134060,1.09,1.148,5951.7,24.01,227.6875,-61.4222222,2011,Radial Velocity,
hd 134606 ab,,,12.083,0.15,HD 134606 A,1.0,1.129,5624.92,26.5,228.8125,-70.5197222,2011,Radial Velocity,
hd 134606 ac,,,59.519,0.29,HD 134606 A,1.0,1.129,5624.92,26.5,228.8125,-70.5197222,2011,Radial Velocity,
hd 134606 ad,,,967.9,0.092,HD 134606 A,1.0,1.129,5624.92,26.5,228.8125,-70.5197222,2011,Radial Velocity,
hd 134606 ae,,,4.3203,0.2,HD 134606 A,1.0,1.129,5624.92,26.5,228.8125,-70.5197222,2024,Radial Velocity,
hd 134606 af,,,26.915,0.08,HD 134606 A,1.0,1.129,5624.92,26.5,228.8125,-70.5197222,2024,Radial Velocity,
hd 135344 ab,1.45,10.0,,0.5,HD 135344 A,,1.5,9540.0,134.9,228.95391666666663,-37.14881388888889,2025,Imaging,
hd 135625 b,,2.3,4055.0,0.16,HD 135625,1.28,,,56.58,229.450000016,-45.922500023,2023,Radial Velocity,
hd 135872 ab,,5.489,2422.3,0.164,HD 135872 A,,3.93,4992.0,82.4251,229.42171456797,-5.20241396956,2022,"Radial Velocity, Astrometry",
hd 136418 b,,,464.3,0.255,HD 136418,1.33,3.4,5071.0,98.2,229.7791667,41.7333333,2010,Radial Velocity,
hd 136925 b,,1.0,4540.0,0.103,HD 136925,1.04,1.164,5779.0,47.874,230.716666684,13.366388909,2021,Radial Velocity,
hd 137010 b,0.0946,,355.0,,HD 137010,0.726,0.707,4770.0,44.86,231.08854166666663,-19.739355555555555,2026,Primary Transit,
hd 13724 c,,,142.2,0.651,HD 13724,1.14,1.07,5868.0,43.47,33.087500007,-46.816388918,2019,Radial Velocity,
hd 137388 b,,,330.0,0.36,HD 137388,0.86,0.82,5240.0,38.0,233.9166667,-80.2047222,2011,Radial Velocity,
hd 137496 b,0.1169,0.01271,1.62116,0.0,HD 137496,,,,,231.741666686,-16.508888906,2021,Primary Transit,
hd 137496 c,,,479.9,0.477,HD 137496,,,,,231.741666686,-16.508888906,2021,Radial Velocity,
hd 13808 b,,,14.1774,0.089,HD 13808,,,,28.6,33.1791667,-53.7438889,2011,Radial Velocity,
hd 13808 c,,,53.804,0.21,HD 13808,,,,28.6,33.1791667,-53.7438889,2011,Radial Velocity,
hd 13908 b,,,19.382,0.046,HD 13908,1.29,,6255.0,71.2,34.562500005,65.594444465,2013,Radial Velocity,
hd 13908 c,,,931.0,0.12,HD 13908,1.29,,6255.0,71.2,34.562500005,65.594444465,2013,Radial Velocity,
hd 13931 b,,2.8,4218.0,0.02,HD 13931,1.02,1.23,5829.0,44.2,34.1958333,43.7730556,2010,Radial Velocity,
hd 139357 b,,,1125.7,0.1,HD 139357,1.35,11.47,4700.0,121.4,233.8166667,53.9222222,2009,Radial Velocity,
hd 1397 b,1.026,0.415,11.53533,0.251,HD 1397,1.322,2.328,5528.0,79.31,4.445833349,-66.358888903,2018,Primary Transit,
hd 14082 bb,,5.4,,,HD 14082 B,1.09,0.967,5940.86,39.7,34.35307062104,28.74178083533,2024,Astrometry,
hd 140901 ab,,,9.02378,0.47,HD 140901 A,0.99,0.965,5587.0,15.2528,236.870833343,-37.917222241,2022,Radial Velocity,
hd 140901 ac,,,7417.5,0.6,HD 140901 A,0.99,0.965,5587.0,15.2528,236.870833343,-37.917222241,2022,Radial Velocity,
hd 141399 b,,1.4,94.44,0.04,HD 141399,1.07,1.46,5600.0,36.17,236.725000018,46.986388911,2014,Radial Velocity,
hd 141399 c,,1.4,201.99,0.048,HD 141399,1.07,1.46,5600.0,36.17,236.725000018,46.986388911,2014,Radial Velocity,
hd 141399 d,,0.49,1069.8,0.074,HD 141399,1.07,1.46,5600.0,36.17,236.725000018,46.986388911,2014,Radial Velocity,
hd 141399 e,,1.0,5000.0,0.26,HD 141399,1.07,1.46,5600.0,36.17,236.725000018,46.986388911,2014,Radial Velocity,
hd 141937 b,,11.3,662.37,0.46,HD 141937,1.1,1.06,5925.0,33.46,238.0708333,-18.4358333,2002,"Radial Velocity, Astrometry",
hd 142022 ab,,4.51,1933.4,0.53,HD 142022 A,0.99,0.705,5382.0,35.87,242.5625,-84.2313889,2005,"Radial Velocity, Astrometry",
hd 142245 ab,,,1299.0,0.32,HD 142245 A,1.69,5.2,4878.0,109.5,238.2333333,15.4308333,2011,Radial Velocity,
hd 142415 b,,,386.3,0.5,HD 142415,1.09,1.03,5834.0,34.2,239.4166667,-60.2,2003,Radial Velocity,
hd 142666 b,,5.0,,,HD 142666,2.0,2.2,7500.0,148.0,239.16675910904,-22.02777940893,2023,Kinematic,
hd 142 ab,,,349.7,0.17,HD 142 A,1.21,1.458,6252.0,26.1853,1.5791667,-49.075,2001,Radial Velocity,
hd 142 ac,,,6005.0,0.21,HD 142 A,1.21,1.458,6252.0,26.1853,1.5791667,-49.075,2012,Radial Velocity,
hd 142 ad,,0.26,108.5,0.13,HD 142 A,1.21,1.458,6252.0,26.1853,1.5791667,-49.075,2012,"Other, Radial Velocity",
hd 143105 b,,,2.1974,0.07,HD 143105,1.51,,6380.0,48.7,238.404166679,68.720000017,2016,Radial Velocity,
hd 143361 ab,,,1057.0,0.15,HD 143361 A,0.95,,,59.35,240.4583333,-44.4344444,2008,Radial Velocity,
hd 143811 (ab)b,1.4,5.6,119181.0,0.23,HD 143811 (AB),2.5,,6575.0,136.86,240.88925,-30.137047222222225,2025,Imaging,
hd 144899 ab,,,40.4,0.821,HD 144899 A,1.16,1.648,6126.0,115.665,242.57271933264,-47.91430013198,2022,Radial Velocity,
hd 145377 b,,,103.95,0.307,HD 145377,1.12,1.14,6046.0,57.7,242.9,-27.0780556,2008,Radial Velocity,
hd 145457 b,,,176.3,0.112,HD 145457,1.9,9.9,4757.0,126.0,242.5166667,26.7427778,2010,Radial Velocity,
hd 145934 ab,,2.072,2751.5,0.078,HD 145934 A,1.748,6.624,4899.0,227.881,243.29166667,13.239444454,2015,Radial Velocity,
hd 1461 b,,,5.7715,0.11,HD 1461,1.02,1.095,5765.0,23.4,4.675,-8.0530556,2009,Radial Velocity,
hd 1461 c,,,13.506,0.15,HD 1461,1.02,1.095,5765.0,23.4,4.675,-8.0530556,2011,Radial Velocity,
hd 147018 b,,,44.236,0.4686,HD 147018,0.927,,5441.0,42.96,245.75,-61.6888889,2009,Radial Velocity,
hd 147018 c,,,1008.0,0.133,HD 147018,0.927,,5441.0,42.96,245.75,-61.6888889,2009,Radial Velocity,
hd 147379 ab,,,86.58,0.136,HD 147379 A,0.58,0.57,4090.0,10.735,244.179166681,67.238888898,2018,Radial Velocity,
hd 147513 ab,,,528.4,0.26,HD 147513,0.92,1.0,5701.0,12.9,246.0041667,-39.1927778,2003,Radial Velocity,
hd 147873 ab,,,116.596,0.207,HD 147873 A,1.38,2.29,5972.0,104.93,246.4381436728215,-33.56712360648887,2016,Radial Velocity,
hd 147873 ac,,,491.54,0.23,HD 147873 A,1.38,2.29,5972.0,104.93,246.4381436728215,-33.56712360648887,2016,Radial Velocity,
hd 14787 b,1.25,,676.6,0.155,HD 14787,1.43,5.01,4942.0,119.5,35.80856,10.83675,2018,Radial Velocity,
hd 148156 b,,,1010.0,0.52,HD 148156,1.22,1.21,6308.0,53.05,247.0708333,-46.3175,2009,Radial Velocity,
hd 148164 b,,,5062.0,0.125,HD 148164,1.21,1.34,6032.0,72.0,246.437500015,11.919166687,2018,Radial Velocity,
hd 148164 c,,,328.55,0.587,HD 148164,1.21,1.34,6032.0,72.0,246.437500015,11.919166687,2018,Radial Velocity,
hd 148427 b,,1.2,331.9,0.12,HD 148427,1.45,3.22,5052.0,59.3,247.1166667,-13.3997222,2009,"Radial Velocity, Astrometry",
hd 149026 b,0.74,0.28,2.8758916,0.013,HD 149026,1.3,1.497,6147.0,78.9,247.6208333,38.3472222,2005,"Primary Transit, Radial Velocity",
hd 149143 b,1.05,,4.07206,0.0123,HD 149143,1.1,,5730.0,63.0,248.2125,2.0847222,2005,Radial Velocity,
hd 149806 ab,,12.597,16521.5,0.357,HD 149806 A,0.93,0.877,5352.05,20.2727,249.28511659863,0.25434041429,2022,"Radial Velocity, Astrometry",
hd 150010 ab,,,562.0,0.2,HD 150010 A,1.3,16.2,4153.0,144.49,247.866666676,72.612500022,2022,Radial Velocity,
hd 1502 b,1.183,,428.5,0.031,HD 1502,1.46,4.67,4947.0,159.0,4.82110991108,14.0547559396,2011,Radial Velocity,
hd 150433 b,,,1096.2,0.0,HD 150433,,,,29.6,250.2833333,-2.8572222,2011,Radial Velocity,
hd 150706 b,,2.43,13140.0,0.787,HD 150706,0.94,0.87,5741.0,27.2,247.8208333,79.7897222,2002,"Radial Velocity, Astrometry",
hd 151450 ab,,0.121,21.9,0.496,HD 151450 A,1.14,1.17,6091.98,43.6002,252.00766877294,-15.96394970969,2022,Radial Velocity,
hd 151450 ac,,5.148,18144.8,0.138,HD 151450 A,1.14,1.17,6091.98,43.6002,252.00766877294,-15.96394970969,2022,Radial Velocity,
hd 152079 b,,,2097.0,0.6,HD 152079,1.023,,,85.17,253.375,-46.3308333,2010,Radial Velocity,
hd 152581 b,,,689.0,0.22,HD 152581,0.927,4.8,5155.0,186.0,253.4333333,11.9736111,2011,Radial Velocity,
hd 152843 b,0.2721,0.0309,11.6264,0.046,HD 152843,1.15,1.43,6310.0,107.898,253.783333336,20.491388905,2021,Primary Transit,
hd 152843 c,0.5299,0.03043,27.13,0.074,HD 152843,1.15,1.43,6310.0,107.898,253.783333336,20.491388905,2021,Primary Transit,
hd 153557 ab,,,7.3,0.065,HD 153557 A,0.7451,0.79,4837.0,17.9412,254.47157764442372,47.36668391279361,2022,Radial Velocity,
hd 153557 ac,,,15.3,,HD 153557 A,0.7451,0.79,4837.0,17.9412,254.47157764442372,47.36668391279361,2022,Radial Velocity,
hd 153950 b,,,499.4,0.34,HD 153950,1.12,1.34,6076.0,49.6,256.1291667,-43.3097222,2008,Radial Velocity,
hd 154088 b,,,18.56,0.344,HD 154088,0.91,0.98,5374.0,18.27,256.1166667,-28.5827778,2011,Radial Velocity,
hd 154345 b,,1.186,3278.065,0.058,HD 154345,0.88,,5468.0,18.06,255.65,47.0819444,2006,"Radial Velocity, Astrometry",
hd 154391 b,,9.1,5163.0,0.2,HD 154391,2.0,8.46,4807.0,101.6,255.320833339,60.648888914,2023,"Radial Velocity, Astrometry",
hd 154672 ab,,,163.91,0.61,HD 154672 A,1.06,1.27,5714.0,65.8,257.5208333,-56.4491667,2008,Radial Velocity,
hd 154857 b,,,408.6,0.46,HD 154857,1.718,1.76,5445.0,64.2,257.8125,-56.6805556,2004,Radial Velocity,
hd 154857 c,,,3452.0,0.06,HD 154857,1.718,1.76,5445.0,64.2,257.8125,-56.6805556,2014,Radial Velocity,
hd 155193 b,,,352.65,0.21,HD 155193,1.22,1.76,6239.0,57.9,257.420833347,10.038611116,2021,Radial Velocity,
hd 155358 b,,,194.3,0.17,HD 155358,0.92,,5900.0,43.0,257.3958333,33.3558333,2007,Radial Velocity,
hd 155358 c,,,391.9,0.16,HD 155358,0.92,,5900.0,43.0,257.3958333,33.3558333,2007,Radial Velocity,
hd 155555 (ab)b,,3.8,,,HD 155555 (AB),0.86,1.77,5129.0,30.48,259.35627222593,-66.95103670601,2024,Astrometry,
hd 155918 ab,,,1.9,0.194,HD 155918 A,1.03,1.019,5771.84,27.561,260.5527067392354,-75.34815000862417,2022,Radial Velocity,
hd 155918 ac,,5.909,17202.2,0.071,HD 155918 A,1.03,1.019,5771.84,27.561,260.5527067392354,-75.34815000862417,2022,"Radial Velocity, Astrometry",
hd 156098 b,,,21.9,0.109,HD 156098,1.29,2.757,6419.19,48.249,259.26519105946,-32.66283909598,2022,Radial Velocity,
hd 156098 c,,5.228,7841.6,0.391,HD 156098,1.29,2.757,6419.19,48.249,259.26519105946,-32.66283909598,2022,"Radial Velocity, Astrometry",
hd 156279 b,,9.83,131.05,0.6479,HD 156279,0.93,0.961,5420.0,36.6,258.0958333,63.3522222,2011,Radial Velocity,
hd 156279 c,,10.53,4778.945,0.26,HD 156279,0.93,0.961,5420.0,36.6,258.0958333,63.3522222,2010,"Radial Velocity, Astrometry",
hd 156411 b,,,842.2,0.22,HD 156411,1.25,2.16,5900.0,55.1,259.9625,-48.5494444,2009,Radial Velocity,
hd 156668 b,,,4.646,0.0,HD 156668,0.772,0.72,4850.0,24.5,259.4166667,29.2272222,2010,Radial Velocity,
hd 156668 c,,,809.8,0.14,HD 156668,0.772,0.72,4850.0,24.5,259.4166667,29.2272222,2017,Radial Velocity,
hd 156846 ab,,10.45,359.5546,0.84785,HD 156846 A,1.13,1.985,6056.56,47.73,260.1416667,-19.3336111,2007,Radial Velocity,
hd 157172 b,,,104.84,0.46,HD 157172,0.95,0.957,5450.0,33.0,260.6458333,-19.6161111,2011,Radial Velocity,
hd 158038 ab,,,521.0,0.291,HD 158038 A,1.65,4.8,4897.0,103.6,261.4375,27.3033333,2011,Radial Velocity,
hd 158259 b,0.107,,2.178,,HD 158259,1.08,1.21,,27.08,261.350000008,52.7906,2020,Radial Velocity,
hd 158259 c,,,3.432,,HD 158259,1.08,1.21,,27.08,261.350000008,52.7906,2019,Radial Velocity,
hd 158259 d,,,5.1980814,,HD 158259,1.08,1.21,,27.08,261.350000008,52.7906,2019,Radial Velocity,
hd 158259 e,,,7.951,,HD 158259,1.08,1.21,,27.08,261.350000008,52.7906,2019,Radial Velocity,
hd 158259 f,,,12.028,,HD 158259,1.08,1.21,,27.08,261.350000008,52.7906,2019,Radial Velocity,
hd 15906 b,0.1998,,10.924709,0.11,HD 15906,0.79,0.762,4757.0,45.5621,38.270833335,-10.351666675,2023,Primary Transit,
hd 15906 c,0.2614,,21.583298,0.04,HD 15906,0.79,0.762,4757.0,45.5621,38.270833335,-10.351666675,2024,Primary Transit,
hd 159243 b,,,12.62,0.02,HD 159243,1.125,,6123.0,69.2,263.341666674,5.700833348,2013,Radial Velocity,
hd 159243 c,,,248.4,0.075,HD 159243,1.125,,6123.0,69.2,263.341666674,5.700833348,2013,Radial Velocity,
hd 159868 b,1.202,,1184.1,0.024,HD 159868,1.19,2.13,5534.0,52.7,264.74802,-43.14551,2007,Radial Velocity,
hd 159868 c,1.269,,351.0,0.184,HD 159868,1.19,2.13,5534.0,52.7,264.74802,-43.14551,2012,Radial Velocity,
hd 1605 b,,,577.9,0.078,HD 1605,1.31,3.8,4757.0,84.6,5.133333344,30.974722248,2015,Radial Velocity,
hd 1605 c,,,2111.0,0.098,HD 1605,1.31,3.8,4757.0,84.6,5.133333344,30.974722248,2015,Radial Velocity,
hd 161178 b,,,279.3,0.044,HD 161178,1.06,10.95,4786.0,107.46,264.283333336,72.455833347,2021,Radial Velocity,
hd 16175 b,,,995.4,0.637,HD 16175,1.35,1.87,6022.0,59.8,39.2583333,42.0625,2007,Radial Velocity,
hd 163607 b,1.269,,75.2203,0.7441,HD 163607,1.12,1.76,5522.0,69.0,268.41873,56.39196,2011,Radial Velocity,
hd 163607 c,1.202,,1272.0,0.08,HD 163607,1.12,1.76,5522.0,69.0,268.41873,56.39196,2011,Radial Velocity,
hd 164428 b,,,599.6,0.29,HD 164428,1.5,35.4,4119.0,274.0,267.542136291,78.3065368916,2018,Radial Velocity,
hd 164509 ab,,,282.4,0.26,HD 164509 A,1.13,1.06,5922.0,52.0,270.3791667,0.1044444,2011,Radial Velocity,
hd 164595 ab,,,40.0,0.088,HD 164595 A,0.99,,5790.0,28.93,270.162500013,29.57194446,2015,Radial Velocity,
hd 164604 c,,9.5,5387.0,0.2,HD 164604,0.77,,4684.0,39.4,270.7791667,-28.5605556,2026,Radial Velocity,
hd 164922 b,,,1207.0,0.08,HD 164922,0.874,0.999,5293.0,22.13,270.625,26.3127778,2006,Radial Velocity,
hd 164922 c,,,75.74,0.12,HD 164922,0.874,0.999,5293.0,22.13,270.625,26.3127778,2016,Radial Velocity,
hd 164922 d,,,12.458,0.086,HD 164922,0.874,0.999,5293.0,22.13,270.625,26.3127778,2020,Radial Velocity,
hd 164922 e,,,41.763,0.086,HD 164922,0.874,0.999,5293.0,22.13,270.625,26.3127778,2021,Radial Velocity,
hd 165155 b,,,434.5,0.2,HD 165155,1.02,0.95,5426.0,64.98,271.487500019,-29.917222241,2016,Radial Velocity,
hd 1666 ab,,,270.0,0.63,HD 1666 A,1.5,1.93,6317.0,110.6,5.216666684,-19.931111141,2015,Radial Velocity,
hd 166724 b,,,8100.0,0.734,HD 166724,,,,42.3,273.5,-42.5752778,2011,Radial Velocity,
hd 167042 b,,,416.1,0.03,HD 167042,1.64,4.3,5020.0,50.0,272.6333333,54.2866667,2007,Radial Velocity,
hd 167677 b,,2.85,1815.0,0.182,HD 167677,0.96,1.7,5474.0,34.8,274.2083333,-11.4058333,2010,Radial Velocity,
hd 167768 b,,,20.6532,0.149,HD 167768,1.08,9.7,4830.0,108.4,274.220833351,-3.007500006,2022,Radial Velocity,
hd 168009 b,,,15.1479,0.121,HD 168009,1.04,1.173,5808.0,23.3032,273.883333344,45.209444456,2021,Radial Velocity,
hd 168443 b,,,58.11247,0.52883,HD 168443,0.995,1.51,5591.0,37.38,275.0166667,-9.5927778,1998,Radial Velocity,
hd 168746 b,,,6.403,0.081,HD 168746,0.88,1.12,5610.0,43.12,275.4541667,-11.9225,2002,Radial Velocity,
hd 168863 b,,7.6,14600.0,0.21,HD 168863,0.8,0.777,4905.0,39.8979,275.66482403714,-18.02100625714,2022,"Radial Velocity, Astrometry",
hd 16905 ab,,10.9,10913.5,0.692,HD 16905 A,0.79,0.775,4866.12,39.7401,40.01329058165,-61.35424431983,2022,"Radial Velocity, Astrometry",
hd 1690 b,,,533.0,0.64,HD 1690,1.09,16.7,4393.0,319.0,5.3041667,-8.2811111,2010,Radial Velocity,
hd 169142 b,,3.0,,,HD 169142,1.65,1.6,7650.0,117.0,276.124104177,-29.780508082,2014,Imaging,
hd 169830 b,,,225.62,0.31,HD 169830,1.4,1.84,6266.0,36.32,276.9541667,-29.8166667,2000,Radial Velocity,
hd 169830 c,,,2102.0,0.33,HD 169830,1.4,1.84,6266.0,36.32,276.9541667,-29.8166667,2003,Radial Velocity,
hd 170469 ab,,,1145.0,0.11,HD 170469 A,1.14,1.22,5810.0,64.97,277.2958333,11.6955556,2007,Radial Velocity,
hd 17092 b,,,359.9,0.166,HD 17092,2.3,,4650.0,109.0,41.5916667,49.6530556,2007,Radial Velocity,
hd 171028 b,,,550.0,0.59,HD 171028,0.99,1.95,5663.0,90.0,278.0625,6.9458333,2007,Radial Velocity,
hd 171238 b,,,1523.0,0.4,HD 171238,0.943,,5467.0,50.28,278.6833333,-28.0722222,2009,Radial Velocity,
hd 17156 b,1.095,3.195,21.2163979,0.6768,HD 17156,1.275,1.508,6079.0,78.24,42.4333333,71.7533333,2007,Primary Transit,
hd 173416 b,,,323.6,0.21,HD 173416,2.0,13.5,4683.0,135.0,280.9,36.5566667,2009,Radial Velocity,
hd 174205 b,,,582.0,0.4,HD 174205,1.8,26.6,4308.0,234.0,280.79166667,70.792777801,2022,Radial Velocity,
hd 175167 b,,10.2,1275.0,0.529,HD 175167,1.102,,,67.02,285.0041667,-69.9441667,2010,Radial Velocity,
hd 175370 b,,,349.5,0.22,HD 175370,1.02,23.5,4301.0,272.0,283.25,43.713611136,2016,Radial Velocity,
hd 175541 b,,,297.3,0.33,HD 175541,1.65,3.85,5060.0,128.0,283.9208333,4.2652778,2007,Radial Velocity,
hd 175607 b,,,29.01,0.11,HD 175607,0.71,0.71,5392.0,45.27,285.270833335,-66.192777789,2015,Radial Velocity,
hd 176051 bb,,1.5,1016.0,0.0,HD 176051 B,0.9,,,14.99,284.2583333,32.9013889,2010,Astrometry,
hd 17674 b,,,623.8,0.0,HD 17674,0.98,1.18,5904.0,44.5,42.7679166681,30.2867500084,2017,Radial Velocity,
hd 176986 b,,,6.4898,0.066,HD 176986,0.789,0.782,4931.0,26.4,285.775000002,-11.043888898,2017,Radial Velocity,
hd 176986 c,,,16.8191,0.111,HD 176986,0.789,0.782,4931.0,26.4,285.775000002,-11.043888898,2017,Radial Velocity,
hd 177830 ab,,,406.6,0.009,HD 177830 A,1.47,2.99,4948.0,59.0,286.3333333,25.9205556,1999,Radial Velocity,
hd 177830 ac,,,110.9,0.3495,HD 177830 A,1.47,2.99,4948.0,59.0,286.3333333,25.9205556,2010,Radial Velocity,
hd 178911 bb,,,71.487,0.1243,HD 178911 B,1.07,1.14,5650.0,46.73,287.2625,34.5997222,2001,Radial Velocity,
hd 179079 b,,,14.4708,0.115,HD 179079,1.087,1.48,5724.0,63.69,287.7916667,-2.6383333,2009,Radial Velocity,
hd 179949 b,1.05,,3.0925,0.0104,HD 179949,1.28,1.19,6260.0,27.0,288.8875,-24.1791667,2000,Radial Velocity,
hd 180053 b,1.203,,213.72,,HD 180053,1.75,4.06,5130.0,126.3,288.400000012,34.914444474,2013,Radial Velocity,
hd 18015 ab,1.17,,2278.0,0.148,HD 18015 A,1.49,3.13,5599.0,,43.36336,-8.84802,2018,Radial Velocity,
hd 180902 b,1.221,,510.9,0.107,HD 180902,1.41,4.16,4961.0,110.0,289.82379,-23.55816,2010,Radial Velocity,
hd 181234 ab,,10.9,7515.35,0.808,HD 181234 A,1.01,1.05,5386.0,47.84,290.0,-9.323611123,2019,"Radial Velocity, Astrometry",
hd 181342 b,1.19,,563.6,0.0,HD 181342,1.69,4.71,4945.0,110.6,290.2666667,-23.6194444,2010,Radial Velocity,
hd 181433 b,,,9.3745,0.336,HD 181433,0.78,,4962.0,26.15,291.2916667,-66.4688889,2008,Radial Velocity,
hd 181433 c,,0.802,1014.5,0.235,HD 181433,0.78,,4962.0,26.15,291.2916667,-66.4688889,2008,Radial Velocity,
hd 181433 d,,2.7,12775.0,0.64,HD 181433,0.78,,4962.0,26.15,291.2916667,-66.4688889,2008,"Radial Velocity, Astrometry",
hd 18143 ab,,,10.3,0.224,HD 18143 A,0.85,0.894,5078.0,22.5243,43.91274758025875,26.873215242720832,2022,Radial Velocity,
hd 18143 ac,,9.998,28982.4,0.194,HD 18143 A,0.85,0.894,5078.0,22.5243,43.91274758025875,26.873215242720832,2022,"Radial Velocity, Astrometry",
hd 181720 b,,12.12,956.0,0.26,HD 181720,0.92,,5781.0,56.0,290.7208333,-32.9191667,2009,Radial Velocity,
hd 183263 ab,,3.78,626.5,0.3842,HD 183263 A,1.17,1.21,5888.0,53.0,292.1,8.3577778,2004,Radial Velocity,
hd 183263 ac,,8.92,4971.3,0.019,HD 183263 A,1.17,1.21,5888.0,53.0,292.1,8.3577778,2008,"Radial Velocity, Astrometry",
hd 183579 b,0.3149,0.0302,17.471278,0.28,HD 183579,1.031,0.985,5788.0,57.06,293.287500003,-54.532500023,2021,Primary Transit,
hd 184010 b,,,286.6,0.037,HD 184010,1.35,4.86,4971.0,61.37,292.841666674,26.617222235,2022,Radial Velocity,
hd 184010 c,,,483.3,0.19,HD 184010,1.35,4.86,4971.0,61.37,292.841666674,26.617222235,2022,Radial Velocity,
hd 184010 d,,,837.7,0.25,HD 184010,1.35,4.86,4971.0,61.37,292.841666674,26.617222235,2022,Radial Velocity,
hd 185269 ab,,,6.838,0.3,HD 185269 A,1.28,1.88,5980.0,47.0,294.3,28.5,2006,Radial Velocity,
hd 185283 ab,,1.3,4000.0,0.07,HD 185283 A,0.79,0.743,4848.0,31.32,295.325000006,-56.321944455,2023,Radial Velocity,
hd 187085 b,,,986.0,0.47,HD 187085,1.22,,6075.0,44.98,297.3875,-37.7805556,2006,Radial Velocity,
hd 187123 b,,1.4,3.0965828,0.0139,HD 187123,1.06,1.17,5714.0,50.0,296.7375,34.4208333,1998,Radial Velocity,
hd 187123 c,,2.87,3393.4,0.298,HD 187123,1.06,1.17,5714.0,50.0,296.7375,34.4208333,2007,"Radial Velocity, Astrometry",
hd 18742 b,1.166,,766.0,0.04,HD 18742,1.36,5.13,4940.0,135.0,45.0444,-20.80261,2011,Radial Velocity,
hd 188015 ab,,,456.46,0.15,HD 188015 A,1.09,1.1,5520.0,52.6,298.0166667,28.1002778,2004,Radial Velocity,
hd 189567 b,,,14.288,0.189,HD 189567,,,,17.7,301.3875,-67.3208333,2011,Radial Velocity,
hd 189567 c,,,33.688,0.16,HD 189567,,,,17.7,301.3875,-67.3208333,2021,Radial Velocity,
hd 189733 ab,1.138,1.138,2.219,0.0,HD 189733 A,0.8,0.805,4875.0,19.3,300.1791667,22.7108333,2005,Primary Transit,
hd 190007 b,,,11.72,0.14,HD 190007,0.77,0.79,4610.0,12.72,300.696014,3.326188,2020,Radial Velocity,
hd 190228 b,,6.0,1145.7715,0.547,HD 190228,1.3,3.02,5176.0,66.11,300.75,28.3066667,2002,"Radial Velocity, Astrometry",
hd 190622 b,0.27541,0.0242,15.507612,0.055,HD 190622,1.044,1.205,6088.0,88.74,302.114174,-54.3175036,2023,Primary Transit,
hd 190622 c,,,315.7,0.081,HD 190622,1.044,1.205,6088.0,88.74,302.114174,-54.3175036,2023,Radial Velocity,
hd 190647 b,,,1038.1,0.18,HD 190647,1.1,,5628.0,54.2,301.8333333,-35.5386111,2007,Radial Velocity,
hd 190984 b,,,4885.0,0.57,HD 190984,0.91,1.53,5988.0,103.0,302.8791667,-64.6205556,2009,Radial Velocity,
hd 191122 b,,,62.915,0.275,HD 191122,1.11,1.205,6009.0,76.1335,305.30517455701,-81.61592337412,2026,Radial Velocity,
hd 191806 b,,,1606.3,0.259,HD 191806,1.14,,6010.0,,302.367916676,52.2763305686,2016,Radial Velocity,
hd 191939 b,0.303,0.031,8.88029,0.0,HD 191939,0.81,0.945,5427.0,53.608,302.025000002,66.850277795,2020,Primary Transit,
hd 191939 c,0.2748,0.0227,28.5805,0.0,HD 191939,0.81,0.945,5427.0,53.608,302.025000002,66.850277795,2020,Primary Transit,
hd 191939 d,0.2712,0.0182,38.3525,0.0,HD 191939,0.81,0.945,5427.0,53.608,302.025000002,66.850277795,2020,Primary Transit,
hd 191939 e,,,101.5,0.0,HD 191939,0.81,0.945,5427.0,53.608,302.025000002,66.850277795,2021,Radial Velocity,
hd 191939 f,,,4450.0,,HD 191939,0.81,0.945,5427.0,53.608,302.025000002,66.850277795,2022,Radial Velocity,
hd 191939 g,,,284.0,0.03,HD 191939,0.81,0.945,5427.0,53.608,302.025000002,66.850277795,2022,Radial Velocity,
hd 192263 b,,,24.3587,0.008,HD 192263,0.81,0.75,4965.0,19.9,303.5,-0.8669444,1999,Radial Velocity,
hd 192699 b,1.206,,340.94,0.082,HD 192699,1.38,4.41,5041.0,67.0,304.02502,4.58079,2007,Radial Velocity,
hd 194490 b,,11.207,13092.2,0.251,HD 194490,1.06,1.149,5861.32,80.2349,306.99900072801,-51.66444029928,2022,"Radial Velocity, Astrometry",
hd 195019 ab,,,18.20163,0.014,HD 195019 A,1.06,1.38,5787.0,37.36,307.0708333,18.77,1998,Radial Velocity,
hd 196050 ab,,,1316.24,0.21,HD 196050 A,1.07,1.423,5893.05,50.6742,309.4625,-60.6344444,2002,Radial Velocity,
hd 19615 b,,8.6,402.0,0.2,HD 19615,1.1,32.3,3987.0,265.155,48.78143685932,73.86814485082,2022,Radial Velocity,
hd 196885 ab,,2.67,1333.2,0.48,HD 196885 A,1.33,1.79,6340.0,33.0,309.9625,11.2494444,2007,Radial Velocity,
hd 197037 ab,,,1035.7,0.22,HD 197037 A,1.11,,6150.0,33.0,309.8875,42.2486111,2012,Radial Velocity,
hd 199509 ab,,,99.6,0.373,HD 199509 A,1.04,0.9,5796.02,24.3056,317.33636492545,-82.02725243619,2012,Radial Velocity,
hd 20003 b,,,11.849,0.4,HD 20003,,,,43.8,46.9083333,-72.3219444,2011,Radial Velocity,
hd 20003 c,,,33.823,0.16,HD 20003,,,,43.8,46.9083333,-72.3219444,2011,Radial Velocity,
hd 200133 b,,,12.733,0.25,HD 200133,1.14,1.308,6092.0,109.54,316.30543464075,-66.95786094297,2026,Radial Velocity,
hd 200964 b,,,613.8,0.04,HD 200964,1.44,4.3,5164.0,68.4,316.6666667,3.8030556,2010,Radial Velocity,
hd 200964 c,,,825.0,0.181,HD 200964,1.44,4.3,5164.0,68.4,316.6666667,3.8030556,2010,Radial Velocity,
hd 202432 b,,,418.8,0.21,HD 202432,1.2,11.1,4549.0,161.0,317.918389235,70.4411433399,2018,Radial Velocity,
hd 202696 ab,,,528.2,0.026,HD 202696,1.91,6.01,5040.0,188.5,319.225000018,27.258055567,2018,Radial Velocity,
hd 202696 ac,,,958.0,0.265,HD 202696,1.91,6.01,5040.0,188.5,319.225000018,27.258055567,2018,Radial Velocity,
hd 202772 ab,1.562,1.008,3.30887883,0.047,HD 202772 A,1.703,2.614,6230.0,147.2,319.700000016,-26.616388914,2018,Primary Transit,
hd 203030 ab,1.3,11.0,,,HD 203030 A,0.94,0.875,5418.3,39.25,319.7416667,26.2305556,2017,Imaging,
hd 20329 b,0.1534,0.02335,0.926118,0.0,HD 20329,0.9,1.13,5596.0,63.38,49.179166681,15.657222241,2022,Primary Transit,
hd 20367 b,,,500.0,0.23,HD 20367,1.04,1.18,6128.0,27.0,49.4166667,31.1269444,2002,Radial Velocity,
hd 2039 b,,,1120.0,0.67,HD 2039,0.98,1.21,5947.0,89.8,6.0833333,-56.65,2002,Radial Velocity,
hd 204313 b,,,2024.1,0.0946,HD 204313,1.045,,5767.0,47.37,322.05,-21.7263889,2009,Radial Velocity,
hd 204313 c,,,34.905,0.155,HD 204313,1.045,,5767.0,47.37,322.05,-21.7263889,2011,Radial Velocity,
hd 204941 ab,,,1733.0,0.37,HD 204941 A,0.83,0.792,5016.12,28.7165,323.1,-20.9575,2011,Radial Velocity,
hd 205158 b,,,25.3,0.145,HD 205158,1.16,1.877,6133.55,86.6159,323.91882864851,-59.69319825593,2022,Radial Velocity,
hd 205739 b,,,279.8,0.27,HD 205739,1.22,1.33,6176.0,90.3,324.5333333,-31.7375,2008,Radial Velocity,
hd 206255 b,,,96.045,0.23,HD 206255,1.42,,5635.0,75.41,325.59,-50.09,2019,Radial Velocity,
hd 206610 b,,,610.0,0.229,HD 206610,1.56,6.1,4874.0,194.0,325.8541667,-7.4083333,2010,Radial Velocity,
hd 206893 c,1.46,10.31,2082.0,0.38,HD 206893,1.24,,6486.0,38.34,326.341666674,-12.783333349,2019,Radial Velocity,
hd 207496 ab,0.2007,0.0192,6.441008,0.23,HD 207496 A,0.8,0.769,4819.0,23.6382,328.712500017,-77.338055566,2023,Primary Transit,
hd 20781 b,,,5.3135,0.1,HD 20781,,,,35.4,50.0125,-28.7838889,2011,Radial Velocity,
hd 20781 c,,,13.8905,0.09,HD 20781,,,,35.4,50.0125,-28.7838889,2011,Radial Velocity,
hd 20781 d,,,29.158,0.11,HD 20781,,,,35.4,50.0125,-28.7838889,2019,Radial Velocity,
hd 20781 e,,,85.5073,0.06,HD 20781,,,,35.4,50.0125,-28.7838889,2019,Radial Velocity,
hd 20782 b,,,591.9,0.97,HD 20782,1.0,,5578.0,36.02,50.0125,-28.8538889,2006,Radial Velocity,
hd 207832 ab,,,161.97,0.13,HD 207832 A,0.94,0.901,5710.0,54.4,328.15,-26.0267,2012,Radial Velocity,
hd 207832 ac,,,1155.7,0.27,HD 207832 A,0.94,0.901,5710.0,54.4,328.15,-26.0267,2012,Radial Velocity,
hd 207897 b,0.22348,0.05,16.202157,0.047,HD 207897,0.801,0.779,5071.0,28.25,325.187500015,84.333611118,2021,Primary Transit,
hd 208487 b,,,129.36,0.37,HD 208487,1.15,1.16,6134.0,44.88,329.3291667,-37.7636111,2004,Radial Velocity,
hd 208487 c,,,923.06,0.19,HD 208487,1.15,1.16,6134.0,44.88,329.3291667,-37.7636111,2006,Radial Velocity,
hd 208487 d,,,1380.13,0.11,HD 208487,1.15,1.16,6134.0,44.88,329.3291667,-37.7636111,2025,Radial Velocity,
hd 208527 b,,,875.5,0.08,HD 208527,1.6,51.1,4035.0,320.2,329.1,21.24,2012,Radial Velocity,
hd 20868 b,,,380.85,0.75,HD 20868,0.78,0.79,4795.0,48.9,50.1791667,-33.73,2008,Radial Velocity,
hd 208897 b,,,352.7,0.07,HD 208897,1.25,4.98,4860.0,64.68,329.748714103,19.0203037532,2017,Radial Velocity,
hd 209458 b,1.38,0.69,3.52472,0.0082,HD 209458,1.148,1.203,6092.0,47.0,330.7916667,18.8844444,1999,Radial Velocity,
hd 210193 b,,,649.918,0.24,HD 210193,1.04,,5790.0,42.25,332.4,-41.23,2019,Radial Velocity,
hd 210277 b,,,442.1,0.472,HD 210277,1.09,1.1,5532.0,21.29,332.3708333,-7.5422222,1998,Radial Velocity,
hd 210702 ab,1.216,,354.1,0.028,HD 210702 A,1.61,4.92,4951.0,56.0,332.9625,16.0405556,2007,Radial Velocity,
hd 211403 b,,,223.8,0.084,HD 211403,1.2,1.206,6273.0,83.29,333.816666672,58.275555568,2021,Radial Velocity,
hd 211810 b,,,1558.0,0.68,HD 211810,1.03,1.13,5652.0,61.0,334.529166669,61.134444448,2018,Radial Velocity,
hd 211970 b,,,25.2,0.15,HD 211970,0.61,,4127.0,13.13,335.57,-54.56,2019,Radial Velocity,
hd 212301 ab,1.07,,2.245715,0.0147,HD 212301 A,1.22,1.166,6273.13,54.2304,336.875,-77.7177778,2005,Radial Velocity,
hd 212771 b,,,373.3,0.111,HD 212771,1.15,5.0,5121.0,131.0,336.7625,-17.2636111,2010,Radial Velocity,
hd 213240 ab,,,951.0,0.45,HD 213240 A,1.22,1.5,5975.0,40.75,337.75,-49.4330556,2001,Radial Velocity,
hd 213472 b,,,16700.0,0.53,HD 213472,1.04,1.382,5786.63,64.4527,337.70822396828794,40.72205575097458,2021,Radial Velocity,
hd 213519 ab,,,11.1,0.413,HD 213519 A,1.05,1.083,5840.0,41.0,337.77385069745,45.14509929369,2022,Radial Velocity,
hd 213885 ab,0.15568,0.02778,1.008035,0.0,HD 213885 A,1.068,1.101,5978.0,57.97,338.983333352,-59.864722251,2019,Primary Transit,
hd 213885 ac,,,4.78503,0.0,HD 213885 A,1.068,1.101,5978.0,57.97,338.983333352,-59.864722251,2019,Radial Velocity,
hd 21411 b,,,84.288,0.4,HD 21411,0.89,,5605.0,29.15,51.55,-30.62,2019,Radial Velocity,
hd 215152 b,,,5.75942,0.357,HD 215152,0.77,0.73,4935.0,21.5,340.8375,-6.4008333,2018,Radial Velocity,
hd 215152 c,,,7.28345,0.163,HD 215152,0.77,0.73,4935.0,21.5,340.8375,-6.4008333,2011,Radial Velocity,
hd 215152 d,,,10.8642,0.333,HD 215152,0.77,0.73,4935.0,21.5,340.8375,-6.4008333,2011,Radial Velocity,
hd 215152 e,,,25.1968,0.173,HD 215152,0.77,0.73,4935.0,21.5,340.8375,-6.4008333,2018,Radial Velocity,
hd 21520 b,0.24061,0.0249,25.1292,0.0,HD 21520,1.09,1.044,5871.0,79.0,51.64035831267,-43.61356632963,2024,Primary Transit,
hd 215456 ab,,,191.99,0.15,HD 215456 A,1.04,1.72,5794.01,39.6064,341.5333333,-48.9677778,2011,Radial Velocity,
hd 215456 ac,,,2277.0,0.19,HD 215456 A,1.04,1.72,5794.01,39.6064,341.5333333,-48.9677778,2011,Radial Velocity,
hd 215497 b,,,3.93404,0.16,HD 215497,0.87,,5113.0,44.0,341.6541667,-56.5994444,2009,Radial Velocity,
hd 215497 c,,,567.94,0.49,HD 215497,0.87,,5113.0,44.0,341.6541667,-56.5994444,2009,Radial Velocity,
hd 216520 b,,,35.45,0.09,HD 216520,0.82,0.76,5103.0,19.56,341.882812,83.697029,2020,Radial Velocity,
hd 216520 c,,,154.43,0.12,HD 216520,0.82,0.76,5103.0,19.56,341.882812,83.697029,2020,Radial Velocity,
hd 216536 b,,,148.6,0.38,HD 216536,1.36,12.5,4639.0,,343.266550075224,44.47774384403506,2015,Radial Velocity,
hd 216770 b,,,118.45,0.37,HD 216770,0.9,1.0,5248.0,38.0,343.9708333,-26.6586111,2003,Radial Velocity,
hd 21693 b,,,22.656,0.26,HD 21693,,,,32.4,51.8,-58.3236111,2011,Radial Velocity,
hd 21693 c,,,53.881,0.24,HD 21693,,,,32.4,51.8,-58.3236111,2011,Radial Velocity,
hd 217107 b,,1.451,7.1221355,0.1311,HD 217107,1.02,1.08,5666.0,19.72,344.5625,-2.395,1998,Radial Velocity,
hd 217107 c,,4.5,5161.1,0.3908,HD 217107,1.02,1.08,5666.0,19.72,344.5625,-2.395,2005,"Radial Velocity, Astrometry",
hd 217786 ac,,,2.5,0.399,HD 217786 A,1.02,1.27,5966.0,54.8,345.7833333,0.4297222,2022,Radial Velocity,
hd 217958 ab,,0.524,2560.2,0.156,HD 217958 A,1.08,1.326,5930.64,61.7957,346.13696135315,-25.69110964763,2022,"Radial Velocity, Astrometry",
hd 218566 b,,,225.7,0.3,HD 218566,0.85,0.86,4820.0,29.94,347.2958333,-2.2608333,2010,Radial Velocity,
hd 219134 b,0.134,0.01343,3.093292,0.0,HD 219134,0.794,0.778,4699.0,6.55,348.320833339,57.168333338,2015,Primary Transit,
hd 219134 c,0.12624,0.01246,6.765159,0.0,HD 219134,0.794,0.778,4699.0,6.55,348.320833339,57.168333338,2015,Radial Velocity,
hd 219134 d,,0.05236,46.71,0.0,HD 219134,0.794,0.778,4699.0,6.55,348.320833339,57.168333338,2015,Radial Velocity,
hd 219134 e,,,1842.0,0.34,HD 219134,0.794,0.778,4699.0,6.55,348.320833339,57.168333338,2015,Radial Velocity,
hd 219134 f,,0.0208,22.805,0.0,HD 219134,0.794,0.778,4699.0,6.55,348.320833339,57.168333338,2015,Other,
hd 219134 g,,,94.2,0.0,HD 219134,0.794,0.778,4699.0,6.55,348.320833339,57.168333338,2015,Radial Velocity,
hd 219134 h,,,2198.0,0.37,HD 219134,0.794,0.778,4699.0,6.55,348.320833339,57.168333338,2015,Radial Velocity,
hd 219139 b,,,275.5,0.11,HD 219139,1.46,11.22,4831.0,105.9,348.362500009,11.065000013,2021,Radial Velocity,
hd 219415 b,,,2093.3,,HD 219415,1.0,4.27,4815.9,165.184,348.725,56.7303,2012,Radial Velocity,
hd 219666 b,0.4202,0.0522,6.0344703,0.0,HD 219666,0.92,1.03,5527.0,94.4,349.558333338,-56.90388891,2018,Primary Transit,
hd 219828 b,,,3.834887,0.059,HD 219828,1.24,1.7,5891.0,81.1,349.6958333,18.6458333,2007,Radial Velocity,
hd 220074 b,,,672.1,0.14,HD 220074,1.2,49.67,3935.0,290.2,350.0583,61.97,2012,Radial Velocity,
hd 220197 b,,,1728.0,0.187,HD 220197,0.91,0.98,5683.0,64.5,350.491666686,16.632500025,2018,Radial Velocity,
hd 220689 b,,1.2,2280.0,0.053,HD 220689,1.08,1.16,5921.0,46.87,351.4708333,-20.6161111,2011,"Radial Velocity, Astrometry",
hd 220842 ab,,,218.47,0.404,HD 220842 A,1.13,1.431,5921.14,64.6498,351.654166679,56.886666687,2016,Radial Velocity,
hd 221287 b,,,456.1,0.08,HD 221287,1.25,,6304.0,52.9,352.8333333,-58.2097222,2007,Radial Velocity,
hd 221416 b,0.836,0.1904,14.2767,0.115,HD 221416,1.212,2.943,5080.0,95.075,353.033635027,-21.8014213544,2019,Primary Transit,
hd 221585 b,,,1173.0,0.123,HD 221585,1.19,,5620.0,,353.225000018,63.1554805629,2016,Radial Velocity,
hd 222076 b,,,871.0,0.08,HD 222076,1.07,4.14,4806.0,83.5,354.533333336,-70.903333354,2016,Radial Velocity,
hd 222155 b,,,3999.0,0.16,HD 222155,1.13,1.67,5765.0,49.1,354.5,48.9963889,2012,Radial Velocity,
hd 222237 b,,5.0,20075.0,0.54,HD 222237,0.76,0.709,4751.57,11.4469,354.90577916666666,-72.72215277777778,2024,"Radial Velocity, Astrometry",
hd 222582 ab,,,572.38,0.725,HD 222582 A,0.99,1.15,5662.0,42.0,355.4625,-5.9855556,1999,Radial Velocity,
hd 224018 b,0.0812,0.0129,10.6413,0.06,HD 224018,,,,,358.63949,-4.7233,2025,Primary Transit,
hd 224018 c,0.2159,0.0327,36.57669,0.02,HD 224018,,,,,358.63949,-4.7233,2025,Primary Transit,
hd 224018 d,0.214,0.0132,138.0731,0.04,HD 224018,,,,,358.63949,-4.7233,2025,Primary Transit,
hd 224018 e,,,9129.0,0.6,HD 224018,,,,,358.63949,-4.7233,2025,Radial Velocity,
hd 224538 b,,6.531,1202.1,0.476,HD 224538,1.23,1.483,6288.0,79.0608,359.716666684,-61.586666681,2016,"Radial Velocity, Astrometry",
hd 224693 b,,,26.73,0.05,HD 224693,1.33,1.7,6037.0,94.0,359.975,-22.4280556,2006,Radial Velocity,
hd 22496 b,,,5.09071,,HD 22496,0.684,0.674,4385.0,13.602,53.758333334,-48.417222231,2021,Radial Velocity,
hd 22532 b,,,872.6,0.003,HD 22532,1.57,5.69,5067.0,161.2,53.816666672,-49.417500009,2022,Radial Velocity,
hd 22946 b,0.12151,0.00821,4.040295,0.126,HD 22946,1.104,1.157,6210.0,62.87,54.820833339,-42.762500025,2022,Primary Transit,
hd 22946 c,0.20769,0.0208,9.573083,0.16,HD 22946,1.104,1.157,6210.0,62.87,54.820833339,-42.762500025,2022,Primary Transit,
hd 22946 d,0.23258,0.0249,47.42489,,HD 22946,1.104,1.157,6210.0,62.87,54.820833339,-42.762500025,2022,Primary Transit,
hd 23079 b,,,730.6,0.102,HD 23079,1.1,1.13,5848.0,34.8,54.9291667,-52.9158333,2001,Radial Velocity,
hd 23079 c,,,5.74894,0.072,HD 23079,1.1,1.13,5848.0,34.8,54.9291667,-52.9158333,2025,Radial Velocity,
hd 23127 b,,,1214.0,0.44,HD 23127,1.13,,5927.0,89.1,54.85,-60.0777778,2007,Radial Velocity,
hd 231701 b,,,141.89,0.096,HD 231701,1.14,1.35,6208.0,108.4,293.0166667,16.4741667,2007,Radial Velocity,
hd 233604 b,,,192.0,0.05,HD 233604,1.5,10.9,4791.0,870.2,137.4542,53.5681,2013,Radial Velocity,
hd 233832 ab,,,4047.0,0.381,HD 233832 A,0.71,0.68,4981.0,58.8,171.520833335,50.37555557,2018,Radial Velocity,
hd 23472 ab,0.16701,0.02618,17.667087,0.072,HD 23472 A,0.75,0.73,,39.1,55.45833335,-62.76694446,2018,Primary Transit,
hd 23472 ac,0.1668,0.01073,29.79749,0.063,HD 23472 A,0.75,0.73,,39.1,55.45833335,-62.76694446,2018,Primary Transit,
hd 23472 ad,0.0669,0.00173,3.97664,0.07,HD 23472 A,0.75,0.73,,39.1,55.45833335,-62.76694446,2019,Primary Transit,
hd 23472 ae,0.07298,0.00227,7.90754,0.07,HD 23472 A,0.75,0.73,,39.1,55.45833335,-62.76694446,2022,Primary Transit,
hd 23472 af,0.10144,0.00242,12.1621839,0.07,HD 23472 A,0.75,0.73,,39.1,55.45833335,-62.76694446,2019,Primary Transit,
hd 238090 ab,,,13.671,0.3,HD 238090 A,0.578,0.57,3933.0,14.24,183.08691419254316,54.48575632298505,2020,Radial Velocity,
hd 238914 b,,,4100.0,0.56,HD 238914,1.47,12.73,4769.0,590.0,279.58333334,59.253888897,2018,Radial Velocity,
hd 240210 b,,,501.75,0.15,HD 240210,1.25,25.46,4019.0,143.0,347.6208333,57.0294444,2009,Radial Velocity,
hd 24040 b,,5.0,3485.385,0.046,HD 24040,1.18,,5853.0,46.51,57.5958333,17.4763889,2006,"Radial Velocity, Astrometry",
hd 24040 c,,,515.4,0.11,HD 24040,1.18,,5853.0,46.51,57.5958333,17.4763889,2021,Radial Velocity,
hd 24064 b,,,555.6,0.35,HD 24064,1.0,38.0,4052.5,264.4,59.150000012,74.080000012,2015,Radial Velocity,
hd 24085 bb,,,2.0455,0.22,HD 24085 B,1.22,,6034.0,54.97,56.26,-70.02,2019,Radial Velocity,
hd 25015 b,,9.077,6134.4,0.341,HD 25015,0.86,0.83,5160.0,37.45,59.433333348,-20.267777784,2019,"Radial Velocity, Primary Transit",
hd 25171 ab,,,1845.0,0.08,HD 25171 A,1.09,1.18,6160.0,55.0,58.9541667,-65.1866667,2010,Radial Velocity,
hd 25723 b,,,456.78,0.05,HD 25723,2.12,13.76,4766.0,117.9,61.095833341,-12.795000025,2020,Radial Velocity,
hd 25723 c,,,2369.84,0.22,HD 25723,2.12,13.76,4766.0,117.9,61.095833341,-12.795000025,2020,Radial Velocity,
hd 25912 b,,,41.8,0.05,HD 25912,1.08,0.9958,5920.58,49.1661,60.90797666622,-51.93083915095,2022,Radial Velocity,
hd 260655 b,0.1106,0.00673,2.76953,0.039,HD 260655,0.439,0.439,3803.0,9.9976,99.295833337,17.564722245,2022,Primary Transit,
hd 260655 c,0.13677,0.00972,5.70588,0.038,HD 260655,0.439,0.439,3803.0,9.9976,99.295833337,17.564722245,2022,Primary Transit,
hd 2638 ab,1.04,,3.444,0.0,HD 2638 A,0.93,,5192.0,53.71,7.4958333,-5.7638889,2005,Radial Velocity,
hd 2685 b,1.44,1.18,4.12692,0.0,HD 2685,1.44,1.57,6801.0,197.98,7.329166673,-76.304166676,2018,Primary Transit,
hd 27631 b,,,2208.0,0.12,HD 27631,,,,45.5,64.9375,-41.9602778,2011,Radial Velocity,
hd 27894 b,,0.674,18.02,0.0334,HD 27894,0.8,,4875.0,42.37,65.1958333,-59.4108333,2005,Radial Velocity,
hd 27894 c,,,36.07,0.015,HD 27894,0.8,,4875.0,42.37,65.1958333,-59.4108333,2017,Radial Velocity,
hd 27894 d,,7.58,5041.745,0.343,HD 27894,0.8,,4875.0,42.37,65.1958333,-59.4108333,2017,"Radial Velocity, Astrometry",
hd 27969 b,,,654.5,0.182,HD 27969,1.16,1.27,5966.0,68.06,66.70833335,42.908611136,2021,Radial Velocity,
hd 28185 b,,,385.92,0.06,HD 28185,0.99,1.077,5615.0,39.38,66.6083333,-10.5505556,2001,Radial Velocity,
hd 28185 c,,6.0,9090.0,0.15,HD 28185,0.99,1.077,5615.0,39.38,66.6083333,-10.5505556,2022,Radial Velocity,
hd 28192 ab,,,14.2,0.104,HD 28192 A,1.08,1.07,5919.87,49.8063,66.70341679312,-1.72463091224,2022,Radial Velocity,
hd 28254 ab,,,1116.0,0.81,HD 28254 A,1.06,1.48,5664.0,56.2,66.2125,-50.6222222,2009,Radial Velocity,
hd 283869 b,0.1749,0.0205,106.0,,HD 283869,0.74,0.66,4655.0,47.51,71.925000014,26.150000003,2018,Primary Transit,
hd 28471 b,,,3.1649,0.195,HD 28471,0.98,1.08,5766.0,43.7252,66.28812723451541,-64.08006978437194,2025,Radial Velocity,
hd 28471 c,,,6.1245,0.088,HD 28471,0.98,1.08,5766.0,43.7252,66.28812723451541,-64.08006978437194,2025,Radial Velocity,
hd 28471 d,,,11.681,0.093,HD 28471,0.98,1.08,5766.0,43.7252,66.28812723451541,-64.08006978437194,2025,Radial Velocity,
hd 285507 b,,,6.0962,0.023,HD 285507,0.734,0.656,4503.0,41.3,61.754166667,15.335000008,2013,Radial Velocity,
hd 28678 b,,,387.1,0.168,HD 28678,1.74,6.2,5076.0,227.0,67.8541667,4.5752778,2011,Radial Velocity,
hd 29021 b,,,1362.3,0.459,HD 29021,0.85,0.85,5560.0,30.6,69.4675000174,60.6761944654,2017,Radial Velocity,
hd 290327 b,,,2443.0,0.08,HD 290327,0.9,1.0,5552.0,54.9,80.8416667,-2.2775,2009,Radial Velocity,
hd 29399 ab,,,892.7,0.05,HD 29399 A,1.15,4.47,4803.0,44.2,68.391666678,-62.823611133,2021,Radial Velocity,
hd 2952 b,,,311.6,0.129,HD 2952,2.54,12.02,4844.0,115.2,8.2917,54.895,2013,Radial Velocity,
hd 29985 b,,2.83,9855.0,0.68,HD 29985,0.75,0.5746,4678.0,31.2707,70.521854618,-33.91980735503,2022,"Radial Velocity, Astrometry",
hd 30177 ab,,8.25,2539.0,0.19,HD 30177 A,1.05,1.12,5580.0,54.7,70.475,-58.0205556,2002,"Radial Velocity, Astrometry",
hd 30177 ac,,4.67,11320.0,0.21,HD 30177 A,1.05,1.12,5580.0,54.7,70.475,-58.0205556,2016,"Radial Velocity, Astrometry",
hd 30562 b,,,1157.0,0.76,HD 30562,1.219,1.637,5861.0,26.5,72.15,-5.6741667,2009,Radial Velocity,
hd 30669 b,,,1684.0,0.18,HD 30669,0.92,0.91,5400.0,57.0,72.120833343,-28.419166677,2014,Radial Velocity,
hd 30856 ab,,,912.0,0.24,HD 30856 A,1.35,4.2,4982.0,118.1,72.575,-24.3688889,2011,Radial Velocity,
hd 31221 b,1.32,12.0,4.66632,,HD 31221,1.447,1.55,7712.0,124.0,73.704166683,22.146388902,2023,Primary Transit,
hd 31253 ab,,,466.0,0.3,HD 31253 A,1.23,1.71,5960.0,53.82,73.6833333,12.3522222,2010,Radial Velocity,
hd 31527 b,,,16.557,0.16,HD 31527,,,,38.6,73.9083333,-23.2419444,2011,Radial Velocity,
hd 31527 c,,,51.2,0.08,HD 31527,,,,38.6,73.9083333,-23.2419444,2011,Radial Velocity,
hd 31527 d,,,274.2,0.67,HD 31527,,,,38.6,73.9083333,-23.2419444,2011,Radial Velocity,
hd 3167 b,0.152,0.0158,0.959624,,HD 3167,0.94,0.87,5528.0,47.36,8.739684,4.381469,2016,Primary Transit,
hd 3167 c,0.255,0.0308,29.83832,0.267,HD 3167,0.94,0.87,5528.0,47.36,8.739684,4.381469,2016,Primary Transit,
hd 3167 d,,0.0217,8.4112,0.12,HD 3167,0.94,0.87,5528.0,47.36,8.739684,4.381469,2017,Radial Velocity,
hd 3167 e,,,96.63,0.15,HD 3167,0.94,0.87,5528.0,47.36,8.739684,4.381469,2022,Radial Velocity,
hd 32518 b,,,157.54,0.01,HD 32518,1.13,10.22,4580.0,117.4,77.4041667,69.6394444,2009,Radial Velocity,
hd 32963 b,,,2372.0,0.07,HD 32963,0.94,,5727.0,,76.983333352,26.328055571,2015,Radial Velocity,
hd 330075 b,1.06,,3.6413,0.0187,HD 330075,0.95,,6295.0,50.2,237.4041667,-49.9633333,2004,Radial Velocity,
hd 331093 b,,,621.62,0.59,HD 331093,,,,50.265,295.620833343,31.740277798,2021,Radial Velocity,
hd 33142 b,1.235,,329.7,0.052,HD 33142,1.54,4.36,4978.0,126.0,76.89809,-13.98648,2011,Radial Velocity,
hd 33142 c,1.277,,811.5,0.2,HD 33142,1.54,4.36,4978.0,126.0,76.89809,-13.98648,2010,Radial Velocity,
hd 33142 d,,,89.9,0.35,HD 33142,1.54,4.36,4978.0,126.0,76.89809,-13.98648,2022,Radial Velocity,
hd 332231 b,0.867,0.244,18.71204,0.032,HD 332231,1.127,1.277,6089.0,80.597,306.74132496,33.7444513256,2020,Primary Transit,
hd 33283 ab,0.99,,18.1801,0.458,HD 33283 A,1.24,1.2,5995.0,86.0,77.0041667,-26.7972222,2006,Radial Velocity,
hd 33564 b,,,388.0,0.34,HD 33564,1.25,1.1,6250.0,20.98,80.6375,79.2311111,2005,Radial Velocity,
hd 33844 b,,,551.4,0.15,HD 33844,1.75,,4827.0,100.9,78.1504186042,-14.9511112784,2013,Radial Velocity,
hd 33844 c,,,916.0,0.13,HD 33844,1.75,,4827.0,100.9,78.1504186042,-14.9511112784,2015,Radial Velocity,
hd 34445 b,,,1056.7,0.014,HD 34445,1.07,1.38,5836.0,46.5,79.4208333,7.3533333,2004,Radial Velocity,
hd 34445 c,,,214.67,0.036,HD 34445,1.07,1.38,5836.0,46.5,79.4208333,7.3533333,2017,Radial Velocity,
hd 34445 d,,,117.87,0.027,HD 34445,1.07,1.38,5836.0,46.5,79.4208333,7.3533333,2017,Radial Velocity,
hd 34445 e,,,49.175,0.09,HD 34445,1.07,1.38,5836.0,46.5,79.4208333,7.3533333,2017,Radial Velocity,
hd 34445 f,,,676.8,0.031,HD 34445,1.07,1.38,5836.0,46.5,79.4208333,7.3533333,2017,Radial Velocity,
hd 34445 g,,,5700.0,0.032,HD 34445,1.07,1.38,5836.0,46.5,79.4208333,7.3533333,2017,Radial Velocity,
hd 35759 b,,,82.467,0.389,HD 35759,1.15,,6060.0,72.5,82.88895486225638,64.31877454701963,2016,Radial Velocity,
hd 35843 b,,,9.8991,0.0,HD 35843,1.03,0.879,5744.0,69.6,282.39,43.88,2024,Radial Velocity,
hd 35843 c,0.2266,0.03562,46.9622,0.15,HD 35843,1.03,0.879,5744.0,69.6,282.39,43.88,2024,"Radial Velocity, Primary Transit",
hd 360 b,,,273.1,0.14,HD 360,1.69,10.86,4741.0,111.542,2.075000006,-8.824166689,2021,Radial Velocity,
hd 36384 b,,,490.0,0.2,HD 36384,1.14,38.4,3940.0,196.0,84.933333348,75.043888898,2023,Radial Velocity,
hd 37124 b,,,154.378,0.054,HD 37124,0.83,0.82,5610.0,33.0,84.2583333,20.7305556,1999,Radial Velocity,
hd 37124 c,,,885.5,0.125,HD 37124,0.83,0.82,5610.0,33.0,84.2583333,20.7305556,2005,Radial Velocity,
hd 37124 d,,,1862.0,0.16,HD 37124,0.83,0.82,5610.0,33.0,84.2583333,20.7305556,2003,Radial Velocity,
hd 37605 b,,,55.01307,0.6767,HD 37605,1.0,0.9,5448.0,44.0,85.0041667,6.0605556,2004,Radial Velocity,
hd 37605 c,,,2720.0,0.013,HD 37605,1.0,0.9,5448.0,44.0,85.0041667,6.0605556,2012,Radial Velocity,
hd 3765 b,,,1211.0,0.298,HD 3765,0.85,0.8,5076.27,17.926,10.205291207241212,40.18717307580401,2021,Radial Velocity,
hd 38283 b,,,363.2,0.41,HD 38283,1.085,,5945.0,37.7,84.2583333,-73.6994444,2011,Radial Velocity,
hd 38529 ab,,0.93,14.3104,0.248,HD 38529 A,1.48,2.44,5697.0,39.28,86.6416667,1.1680556,2000,Radial Velocity,
hd 38677 b,,,18.57,0.083,HD 38677,1.21,1.26,6196.0,62.0,86.775000002,-10.630277801,2019,Radial Velocity,
hd 38677 c,0.16184,,6.584,0.057,HD 38677,1.21,1.26,6196.0,62.0,86.775000002,-10.630277801,2019,Radial Velocity,
hd 38677 d,0.12428,,2.882,0.07,HD 38677,1.21,1.26,6196.0,62.0,86.775000002,-10.630277801,2020,Radial Velocity,
hd 38677 e,0.13123,,5.516,0.07,HD 38677,1.21,1.26,6196.0,62.0,86.775000002,-10.630277801,2019,Radial Velocity,
hd 38801 b,1.134,,686.8,0.059,HD 38801,1.26,2.41,5207.0,99.4,86.99657,-8.3277,2010,Radial Velocity,
hd 39194 b,,,5.6368,0.207,HD 39194,0.67,0.784,5205.0,26.4131,86.1333333,-70.1436111,2011,Radial Velocity,
hd 39194 c,,,14.03,0.154,HD 39194,0.67,0.784,5205.0,26.4131,86.1333333,-70.1436111,2011,Radial Velocity,
hd 39194 d,,,33.91,0.333,HD 39194,0.67,0.784,5205.0,26.4131,86.1333333,-70.1436111,2011,Radial Velocity,
hd 39855 ab,,,3.2498,0.14,HD 39855 A,0.87,,5576.0,23.28,88.63,-19.7,2019,Radial Velocity,
hd 40307 b,,,4.3114,0.12,HD 40307,0.77,,4977.0,12.8,88.5166667,-60.0233333,2008,Radial Velocity,
hd 40307 c,,,9.621,0.05,HD 40307,0.77,,4977.0,12.8,88.5166667,-60.0233333,2008,Radial Velocity,
hd 40307 d,,,20.412,0.07,HD 40307,0.77,,4977.0,12.8,88.5166667,-60.0233333,2008,Radial Velocity,
hd 40307 e,,,34.62,0.15,HD 40307,0.77,,4977.0,12.8,88.5166667,-60.0233333,2012,Radial Velocity,
hd 40307 f,,,51.68,0.19,HD 40307,0.77,,4977.0,12.8,88.5166667,-60.0233333,2012,Radial Velocity,
hd 40307 g,,,197.8,0.29,HD 40307,0.77,,4977.0,12.8,88.5166667,-60.0233333,2012,Radial Velocity,
hd 40956 b,,,578.6,0.24,HD 40956,2.0,8.56,4869.0,118.0,91.662500013,63.453888901,2017,Radial Velocity,
hd 40979 ab,,,264.1,0.252,HD 40979 A,1.1,1.21,6205.0,33.3,91.1208333,44.2602778,2002,Radial Velocity,
hd 41004 ab,,,963.0,0.74,HD 41004 A,0.7,,5035.0,42.5,89.9541667,-48.2394444,2004,Radial Velocity,
hd 41004 bb,1.06,,1.32363,0.058,HD 41004 B,0.84,1.04,5036.0,43.03,89.9583333,-48.2397222,2004,Radial Velocity,
hd 4113 ab,,,526.62,0.903,HD 4113 A,1.0,1.084,5655.45,41.8727,10.8041667,-37.9825,2007,Radial Velocity,
hd 42012 b,,,857.5,0.0,HD 42012,0.83,0.82,5405.0,37.1,92.4854166855,34.1353055598,2017,Radial Velocity,
hd 4203 b,,,437.05,0.52,HD 4203,1.13,1.33,5701.0,77.5,11.1708333,20.4488889,2001,Radial Velocity,
hd 4203 c,,,6700.0,0.24,HD 4203,1.13,1.33,5701.0,77.5,11.1708333,20.4488889,2014,Radial Velocity,
hd 4208 b,,,828.0,0.052,HD 4208,0.87,0.85,5571.0,33.9,11.1083333,-26.5155556,2001,Radial Velocity,
hd 42618 b,,,149.61,0.19,HD 42618,1.015,0.999,5727.0,23.5,93.004166667,6.783055584,2016,Radial Velocity,
hd 42936 ab,,,6.6732,0.14,HD 42936 A,0.87,0.91,5138.0,48.9,91.62500001,-72.512777798,2019,Radial Velocity,
hd 4308 b,,,15.609,0.27,HD 4308,0.85,0.92,5597.0,21.9,11.1625,-65.6494444,2005,Radial Velocity,
hd 4313 b,,,356.0,0.041,HD 4313,1.72,4.9,5035.0,137.0,11.4166667,7.845,2010,Radial Velocity,
hd 43197 b,,,327.8,0.83,HD 43197,0.96,1.0,5508.0,54.9,93.4,-29.8972222,2009,Radial Velocity,
hd 43197 c,,7.868,9296.0,0.149,HD 43197,0.96,1.0,5508.0,54.9,93.4,-29.8972222,2022,"Radial Velocity, Astrometry",
hd 43691 ab,,,36.99913,0.085,HD 43691 A,1.14,1.733,6093.0,85.6,94.8958333,41.0922222,2007,Radial Velocity,
hd 44219 b,,,472.3,0.61,HD 44219,1.0,1.32,5752.0,50.43,95.0583333,-10.725,2009,Radial Velocity,
hd 44385 b,,,473.5,0.2,HD 44385,1.8,18.2,4400.0,214.0,98.2666555327,78.9795267295,2018,Radial Velocity,
hd 45184 b,,,5.8872,0.3,HD 45184,,,,21.9,96.1833333,-28.78,2011,Radial Velocity,
hd 45184 c,,,13.1354,0.07,HD 45184,,,,21.9,96.1833333,-28.78,2019,Radial Velocity,
hd 45350 b,,,890.76,0.778,HD 45350,1.02,1.27,5754.0,49.0,97.1875,38.9627778,2004,Radial Velocity,
hd 45364 b,,,226.93,0.1684,HD 45364,0.82,,5434.0,32.6,96.4083333,-31.4808333,2009,Radial Velocity,
hd 45364 c,,,342.85,0.0974,HD 45364,0.82,,5434.0,32.6,96.4083333,-31.4808333,2009,Radial Velocity,
hd 45652 b,,,43.6,0.38,HD 45652,0.83,,5312.0,36.0,97.3041667,10.9338889,2008,Radial Velocity,
hd 46375 ab,1.02,,3.02358,0.0524,HD 46375 A,0.9328,0.914,5264.378,29.5529,98.3,5.4627778,2000,Radial Velocity,
hd 46588 b,,,223.0,0.42,HD 46588,1.09,1.7,6200.0,21.3,101.558333338,79.564722245,2022,Radial Velocity,
hd 47186 b,,,4.0845,0.038,HD 47186,0.99,,5675.0,37.84,99.0375,-27.6222222,2008,Radial Velocity,
hd 47186 c,,,1353.6,0.249,HD 47186,0.99,,5675.0,37.84,99.0375,-27.6222222,2008,Radial Velocity,
hd 4732 ab,,,360.2,0.13,HD 4732 A,1.74,5.4,4959.0,56.5,12.3081192546,-24.1366728942,2013,Radial Velocity,
hd 4732 ac,,,2732.0,0.23,HD 4732 A,1.74,5.4,4959.0,56.5,12.3081192546,-24.1366728942,2013,Radial Velocity,
hd 47366 b,,,363.3,0.089,HD 47366,1.81,7.3,4866.0,80.0,99.420833347,-12.985000021,2016,Radial Velocity,
hd 47366 c,,,684.7,0.278,HD 47366,1.81,7.3,4866.0,80.0,99.420833347,-12.985000021,2016,Radial Velocity,
hd 47536 b,,,430.0,0.2,HD 47536,0.94,23.47,4380.0,121.36,99.4458333,-32.3397222,2003,Radial Velocity,
hd 48265 b,,7.4,789.6,0.35,HD 48265,0.93,,,87.4,100.0083333,-48.5419444,2008,"Radial Velocity, Astrometry",
hd 48265 c,,4.45,10418.0,0.41,HD 48265,0.93,,,87.4,100.0083333,-48.5419444,2026,"Radial Velocity, Astrometry",
hd 48948 b,,,7.34013,0.055,HD 48948,,,,,102.4875,60.33552777777778,2024,Radial Velocity,
hd 48948 c,,,37.998,0.55,HD 48948,,,,,102.4875,60.33552777777778,2024,Radial Velocity,
hd 48948 d,,,151.12,0.055,HD 48948,,,,,102.4875,60.33552777777778,2024,Radial Velocity,
hd 4917 b,1.224,,400.5,,HD 4917,1.32,5.01,4802.0,134.4,12.7761562585,-12.9276029344,2013,Radial Velocity,
hd 49674 b,0.98,,4.94739,0.0495,HD 49674,1.07,0.94,5482.0,40.7,102.875,40.8675,2002,Radial Velocity,
hd 50499 b,,,2483.7,0.27,HD 50499,1.31,1.42,6099.0,47.26,103.0083333,-33.9155556,2005,Radial Velocity,
hd 50499 c,,,8620.0,0.0,HD 50499,1.31,1.42,6099.0,47.26,103.0083333,-33.9155556,2005,Radial Velocity,
hd 50554 b,,,1293.0,0.5,HD 50554,1.04,1.11,5902.0,31.03,103.675,24.2455556,2002,Radial Velocity,
hd 50554 c,0.1169,0.01148,5.969362,,HD 50554,1.04,1.11,5902.0,31.03,103.675,24.2455556,2025,Primary Transit,
hd 50554 d,0.1258,0.0211,28.0694,,HD 50554,1.04,1.11,5902.0,31.03,103.675,24.2455556,2025,Primary Transit,
hd 51608 b,,,14.071,0.081,HD 51608,,,,34.8,103.7125,-55.2594444,2011,Radial Velocity,
hd 51608 c,,,95.87,0.232,HD 51608,,,,34.8,103.7125,-55.2594444,2011,Radial Velocity,
hd 52265 b,,,119.27,0.27,HD 52265,1.2,1.25,6159.0,28.0,105.075,-5.3669444,2000,Radial Velocity,
hd 5278 ab,0.2186,0.0245,14.339186,0.08,HD 5278 A,1.126,1.194,6203.0,56.12,12.54166667,-83.743888912,2021,Primary Transit,
hd 5278 ac,,,40.87,0.07,HD 5278 A,1.126,1.194,6203.0,56.12,12.54166667,-83.743888912,2021,Radial Velocity,
hd 5319 b,,,675.0,0.12,HD 5319,1.56,3.26,5052.0,100.0,13.7541667,0.7894444,2007,Radial Velocity,
hd 5319 c,,,886.0,0.15,HD 5319,1.56,3.26,5052.0,100.0,13.7541667,0.7894444,2016,Radial Velocity,
hd 5388 b,,3.2,772.5,0.41,HD 5388,1.21,1.86,6253.0,53.0,13.7958333,-47.4058333,2009,"Radial Velocity, Astrometry",
hd 55696 b,,,1827.0,0.705,HD 55696,1.29,1.52,,72.0,108.062375538,-38.1745400642,2018,Radial Velocity,
hd 5583 b,,,139.35,0.076,HD 5583,1.01,9.09,4830.0,221.0,14.487500019,34.985555577,2016,Radial Velocity,
hd 5608 ab,1.222,,779.9,0.056,HD 5608 A,1.53,5.14,4877.0,58.2,14.55925,33.95089,2012,Radial Velocity,
hd 56414 ab,0.331,,29.04992,0.68,HD 56414 A,1.89,1.751,8500.0,267.74,107.841666674,-68.83333335,2022,Primary Transit,
hd 564 b,,,492.3,0.096,HD 564,0.92,1.01,5902.0,54.0,2.470833351,-50.267777784,2014,Radial Velocity,
hd 56957 b,,5.918,5859.1,0.273,HD 56957,1.03,1.777,5743.0,61.4925,109.32511282659,-40.65655748477,2022,"Radial Velocity, Astrometry",
hd 57625 ab,,8.43,4843.0,0.5,HD 57625 A,1.04,1.127,5961.78,44.32,111.325125,56.569155555555554,2024,"Radial Velocity, Astrometry",
hd 5891 b,,,177.11,0.066,HD 5891,1.91,8.7,4907.0,251.0,15.1375,20.2925,2011,Radial Velocity,
hd 59686 ab,,,299.36,0.05,HD 59686 A,1.9,13.2,4658.0,96.8,112.95,17.0858333,2003,Radial Velocity,
hd 60292 b,,,495.4,0.27,HD 60292,1.7,27.0,4348.0,318.5,114.620833343,66.235277784,2020,Radial Velocity,
hd 60532 b,,9.21,201.83,0.278,HD 60532,1.44,,6095.0,25.7,113.5125,-22.2961111,2008,Radial Velocity,
hd 60779 b,0.2899,0.0463,29.986175,0.053,HD 60779,1.05,1.129,6081.0,35.393,114.00596024060124,-3.1517716559419444,2024,Primary Transit,
hd 60779 c,,,104.25,0.067,HD 60779,1.05,1.129,6081.0,35.393,114.00596024060124,-3.1517716559419444,2024,Radial Velocity,
hd 62549 b,,8.519,14306.9,0.15,HD 62549,1.08,1.232,5930.46,49.3305,116.08227437974,-5.05494513661,2022,"Radial Velocity, Astrometry",
hd 63433 b,0.1945,0.0689,7.1079477,0.129,HD 63433,0.99,0.912,5640.0,22.42,117.479166685,27.363333351,2020,Primary Transit,
hd 63433 c,0.2427,0.0482,20.54383,0.097,HD 63433,0.99,0.912,5640.0,22.42,117.479166685,27.363333351,2020,Primary Transit,
hd 63433 d,0.09573,,4.209075,0.16,HD 63433,0.99,0.912,5640.0,22.42,117.479166685,27.363333351,2024,Primary Transit,
hd 63454 b,1.06,,2.81747,0.0177,HD 63454,0.8,,4841.0,35.8,114.8375,-78.2788889,2005,Radial Velocity,
hd 63765 b,,,358.0,0.24,HD 63765,0.865,,5432.0,32.6,116.9583333,-54.2641667,2009,Radial Velocity,
hd 63935 b,0.2668,0.033,9.058807,0.0,HD 63935,0.933,0.959,5534.0,48.8,117.925000014,9.386388899,2021,Primary Transit,
hd 63935 c,0.259,0.0349,21.4027,0.0,HD 63935,0.933,0.959,5534.0,48.8,117.925000014,9.386388899,2021,Primary Transit,
hd 64121 b,,,623.0,0.11,HD 64121,1.64,5.44,5966.0,130.0,117.366666676,-54.812222248,2022,Radial Velocity,
hd 6434 b,,,21.998,0.17,HD 6434,1.04,1.12,5776.32,42.36,16.1666667,-39.4880556,2000,Radial Velocity,
hd 65216 ab,,,577.6,0.27,HD 65216 A,1.0,0.886,5623.44,35.1205,118.4208333,-63.6472222,2003,Radial Velocity,
hd 65216 ac,,,5370.0,0.17,HD 65216 A,1.0,0.886,5623.44,35.1205,118.4208333,-63.6472222,2011,Radial Velocity,
hd 66428 b,,3.37,2284.535,0.418,HD 66428,1.14552,,5752.0,55.0,120.8666667,-1.1625,2006,Radial Velocity,
hd 67087 b,,,352.2,0.17,HD 67087,1.36,1.55,6330.0,88.8,121.91666668,31.551388901,2015,Radial Velocity,
hd 67087 c,,,2374.0,0.76,HD 67087,1.36,1.55,6330.0,88.8,121.91666668,31.551388901,2015,Radial Velocity,
hd 6718 b,,2.4,2476.0,0.06,HD 6718,0.96,1.02,5745.0,55.9,16.9541667,-8.2336111,2009,"Radial Velocity, Astrometry",
hd 67200 b,,,7.6027,0.34,HD 67200,1.18,1.253,6182.0,54.63,120.38558052391,-70.02387900724,2026,Radial Velocity,
hd 67200 c,,,36.441,0.31,HD 67200,1.18,1.253,6182.0,54.63,120.38558052391,-70.02387900724,2026,Radial Velocity,
hd 68402 b,,,1103.0,0.03,HD 68402,1.12,1.02,5950.0,78.0,121.350000008,-74.410555572,2016,Radial Velocity,
hd 68475 b,,5.16,7832.0,0.62,HD 68475,0.83,0.791,5022.0,33.34,122.71913547458831,-42.81141200899056,2026,"Radial Velocity, Astrometry",
hd 68988 b,,1.987,6.2771,0.1533,HD 68988,1.2,1.14,5767.0,58.0,124.5916667,61.4605556,2001,Radial Velocity,
hd 69123 b,,,1193.3,0.19,HD 69123,1.68,7.72,4787.0,75.1,123.554166671,-35.490000015,2022,Radial Velocity,
hd 69830 b,,0.1427,8.6682,0.07,HD 69830,0.86,0.895,5385.0,12.6,124.5958333,-12.6319444,2006,Radial Velocity,
hd 69830 c,,0.1649,31.601,0.06,HD 69830,0.86,0.895,5385.0,12.6,124.5958333,-12.6319444,2006,Radial Velocity,
hd 69830 d,,0.2529,200.57,0.1,HD 69830,0.86,0.895,5385.0,12.6,124.5958333,-12.6319444,2006,Radial Velocity,
hd 70642 b,,,2231.0,0.1,HD 70642,1.0,0.84,5670.0,28.8,125.3666667,-39.7052778,2003,Radial Velocity,
hd 7199 b,,,615.0,0.19,HD 7199,0.89,0.96,5386.0,36.0,17.6958333,-66.1880556,2011,Radial Velocity,
hd 72490 b,1.218,,858.0,0.124,HD 72490,1.21,4.96,4934.0,124.22,128.40271,13.55079,2018,Radial Velocity,
hd 72659 b,,2.988,3549.4,0.257,HD 72659,1.033,1.36,5929.0,49.8,128.5125,-1.5680556,2002,"Radial Velocity, Primary Transit",
hd 72892 b,,,39.475,0.419,HD 72892,1.02,1.22,5688.0,72.78,128.720833351,-14.456666681,2016,"Radial Velocity, Astrometry",
hd 73267 b,,4.158,1258.0,0.261,HD 73267,0.93,0.935,5382.91,50.4093,129.075,-34.46,2008,"Radial Velocity, Astrometry",
hd 73267 c,,5.131,17071.8,0.089,HD 73267,0.93,0.935,5382.91,50.4093,129.075,-34.46,2022,"Radial Velocity, Primary Transit",
hd 73344 b,0.256,0.039,15.604,0.03,HD 73344,1.378,1.43,6460.0,35.24,129.68966891966352,23.685904494363584,2018,Primary Transit,
hd 73344 c,,,66.936,0.124,HD 73344,1.378,1.43,6460.0,35.24,129.68966891966352,23.685904494363584,2024,Radial Velocity,
hd 73344 d,,2.55,5823.0,0.18,HD 73344,1.378,1.43,6460.0,35.24,129.68966891966352,23.685904494363584,2024,Radial Velocity,
hd 73526 b,,,188.9,0.29,HD 73526,1.08,1.49,5590.0,99.0,129.3166667,-41.3188889,2002,Radial Velocity,
hd 73526 c,,,379.1,0.28,HD 73526,1.08,1.49,5590.0,99.0,129.3166667,-41.3188889,2006,Radial Velocity,
hd 73534 b,,,1800.0,0.046,HD 73534,1.29,2.65,4952.0,96.99,129.8166667,12.9602778,2009,Radial Velocity,
hd 73583 ab,0.2489,0.0321,6.398042,0.105,HD 73583 A,0.66,0.71,4511.0,31.6,129.687500015,-13.256666677,2021,Primary Transit,
hd 73583 ac,0.2436,0.0302,18.8805,0.093,HD 73583 A,0.66,0.71,4511.0,31.6,129.687500015,-13.256666677,2021,Primary Transit,
hd 74156 b,,,51.6385,0.638,HD 74156,1.24,1.64,5960.0,64.56,130.6041667,4.5780556,2003,Radial Velocity,
hd 74156 c,,,2448.9,0.3829,HD 74156,1.24,1.64,5960.0,64.56,130.6041667,4.5780556,2003,Radial Velocity,
hd 7449 ab,,8.174,1270.6,0.752,HD 7449 A,1.05,1.01,6024.0,39.0,18.6208333,-5.0475,2011,Radial Velocity,
hd 7449 ad,,,51.154,0.21,HD 7449 A,1.05,1.01,6024.0,39.0,18.6208333,-5.0475,2022,Radial Velocity,
hd 74698 b,,,15.017,0.1,HD 74698,1.039,1.333,5783.0,51.854,130.075000006,-71.877222248,2023,Radial Velocity,
hd 74698 c,,,3449.0,0.2,HD 74698,1.039,1.333,5783.0,51.854,130.075000006,-71.877222248,2023,Radial Velocity,
hd 75289 ab,1.03,,3.50928,0.0211,HD 75289 A,1.05,1.25,6120.0,28.94,131.9166667,-41.7366667,1999,Radial Velocity,
hd 75302 ab,,5.4,4356.0,0.39,HD 75302 A,1.06,,,30.29,132.30220355461628,3.484754958703958,2023,Radial Velocity,
hd 75784 b,,,341.7,0.13,HD 75784,1.41,3.3,4917.0,68.7,133.099755675,13.2334359492,2014,Primary Transit,
hd 75784 c,,,5040.0,0.36,HD 75784,1.41,3.3,4917.0,68.7,133.099755675,13.2334359492,2015,Primary Transit,
hd 75898 b,,,418.2,0.1,HD 75898,1.28,1.6,6021.0,80.58,133.4625,33.0569444,2007,Radial Velocity,
hd 75898 c,,8.49,6717.0,0.08,HD 75898,1.28,1.6,6021.0,80.58,133.4625,33.0569444,2024,"Radial Velocity, Astrometry",
hd 76700 b,0.99,,3.97101,0.0616,HD 76700,1.0,1.33,5726.0,59.7,133.4791667,-66.8008333,2002,Radial Velocity,
hd 76920 b,,,415.89,0.8782,HD 76920,1.17,7.47,4698.0,184.8,133.820833339,-67.265555573,2017,Radial Velocity,
hd 77338 b,,,5.7561,,HD 77338,0.93,0.88,5370.0,40.75,135.3,-25.5269,2012,Radial Velocity,
hd 79181 ab,,,273.1,0.26,HD 79181 A,1.28,11.06,4862.0,103.335,137.995833353,-19.747500026,2021,Radial Velocity,
hd 7924 b,1.05,,5.39792,0.058,HD 7924,0.832,0.78,5177.0,16.8,20.4958333,76.7102778,2009,Radial Velocity,
hd 7924 c,,,15.299,0.098,HD 7924,0.832,0.78,5177.0,16.8,20.4958333,76.7102778,2015,Radial Velocity,
hd 7924 d,,,24.451,0.21,HD 7924,0.832,0.78,5177.0,16.8,20.4958333,76.7102778,2015,Radial Velocity,
hd 79498 ab,,,1966.0,0.59,HD 79498 A,1.06,,5740.0,49.0,138.7875,23.3755556,2012,Radial Velocity,
hd 80606 b,1.032,4.1641,111.436765,0.93183,HD 80606,0.98,0.98,5645.0,58.4,140.6541667,50.6036111,2001,Radial Velocity,
hd 80653 b,0.144,0.01762,0.719573,,HD 80653,1.18,1.22,5950.0,109.86,140.339249,14.367923,2020,Primary Transit,
hd 80653 c,,,921.2,0.853,HD 80653,1.18,1.22,5950.0,109.86,140.339249,14.367923,2023,Radial Velocity,
hd 80869 ab,,,1711.7,0.862,HD 80869 A,1.08,1.062,5837.0,85.6,140.79166667,33.904722244,2021,Radial Velocity,
hd 80883 b,,5.5,6383.8,0.203,HD 80883,0.88,0.8148,5177.91,34.6011,139.93386330698,-59.47772060763,2022,"Radial Velocity, Astrometry",
hd 81040 b,,8.04,1001.7,0.526,HD 81040,0.96,0.86,5700.0,32.56,140.9458333,20.3644444,2005,Radial Velocity,
hd 81688 b,,,184.02,0.0,HD 81688,2.1,13.0,4753.0,88.26,142.1666667,45.6013889,2008,Radial Velocity,
hd 82886 b,,,705.0,0.27,HD 82886,1.06,4.8,5112.0,125.0,143.9375,34.7808333,2011,Radial Velocity,
hd 82943 b,,4.8,442.4,0.203,HD 82943,1.18,1.12,5874.0,27.46,143.7083333,-12.1294444,2003,Radial Velocity,
hd 82943 c,,4.78,219.3,0.425,HD 82943,1.18,1.12,5874.0,27.46,143.7083333,-12.1294444,2003,Radial Velocity,
hd 82943 d,,,1078.0,0.0,HD 82943,1.18,1.12,5874.0,27.46,143.7083333,-12.1294444,2013,Radial Velocity,
hd 8326 ab,,,159.0,0.2,HD 8326 A,0.8,,4914.0,30.71,20.53,-26.89,2019,Radial Velocity,
hd 83342 b,0.869,0.4012,45.522149,0.48,HD 83342,1.24,1.61,6303.91,79.6682,144.55560221028,23.54692378126,2024,Primary Transit,
hd 83443 b,1.04,,2.985628,0.012,HD 83443,0.9,1.04,5460.0,43.54,144.2958333,-43.2719444,2002,Radial Velocity,
hd 83443 c,,,8241.0,0.76,HD 83443,0.9,1.04,5460.0,43.54,144.2958333,-43.2719444,2022,Radial Velocity,
hd 8535 ab,,,1313.0,0.15,HD 8535 A,1.13,1.19,6136.0,52.5,20.9041667,-41.2697222,2009,Radial Velocity,
hd 85390 b,,,799.52,0.5,HD 85390,0.76,,5186.0,33.96,147.5083333,-49.7902778,2009,Radial Velocity,
hd 85426 b,0.248,0.0267,16.70988,0.05,HD 85426,0.991,1.13,5746.0,53.76,148.1625,35.111111111111114,2025,Primary Transit,
hd 85426 c,,,35.73,0.06,HD 85426,0.991,1.13,5746.0,53.76,148.1625,35.111111111111114,2025,Radial Velocity,
hd 8574 b,,,227.55,0.288,HD 8574,1.17,1.37,6080.0,44.2,21.3,28.5666667,2003,Radial Velocity,
hd 86065 b,,9.053,25775.8,0.219,HD 86065,0.81,0.78,4927.56,40.3661,148.9271450321175,-18.10740690057417,2022,"Radial Velocity, Astrometry",
hd 86081 ab,1.08,,1.99809,0.0575,HD 86081 A,1.21,1.22,6028.0,91.0,149.025,-3.8083333,2006,Radial Velocity,
hd 86226 b,,,1628.0,0.059,HD 86226,1.02,,,42.48,149.125,-24.0994444,2010,Radial Velocity,
hd 86226 c,0.1927,0.02281,3.9845,0.05,HD 86226,1.02,,,42.48,149.125,-24.0994444,2020,Primary Transit,
hd 86264 ab,,9.808,1488.791,0.821,HD 86264 A,1.42,1.88,6210.0,72.6,149.2416667,-15.895,2009,"Radial Velocity, Astrometry",
hd 86728 b,,,31.15,0.2,HD 86728,1.03,1.1825,5742.0,14.9202,150.25273698433082,31.923670281899167,2020,Radial Velocity,
hd 86950 b,,,1270.0,0.17,HD 86950,1.66,8.8,4805.0,169.0,150.408333346,-17.333055575,2016,Radial Velocity,
hd 87646 ab,,,13.481,0.05,HD 87646 A,1.12,1.55,5770.0,92.44,151.66987043,17.8951036382,2016,Radial Velocity,
hd 87816 b,,,484.17,0.78,HD 87816,2.41,9.0,4989.0,133.23,151.53004166666668,-52.18793611111112,2025,Radial Velocity,
hd 87816 c,,,7596.0,0.19,HD 87816,2.41,9.0,4989.0,133.23,151.53004166666668,-52.18793611111112,2025,Radial Velocity,
hd 87883 b,,6.31,2754.0,0.53,HD 87883,0.82,0.76,4980.0,18.1,152.1791667,34.2422222,2009,Radial Velocity,
hd 88072 ab,,7.903,18538.8,0.156,HD 88072 A,1.04,1.032,5785.33,35.9098,152.34762132238,2.37108210074,2022,"Radial Velocity, Astrometry",
hd 88133 b,1.0,,3.41566,0.0761,HD 88133,1.2,1.93,5494.0,74.5,152.5291667,18.1866667,2004,Radial Velocity,
hd 88986   b,0.2221,0.0541,146.05,0.24,HD 88986,1.25,1.54,5861.0,33.37,154.116666676,28.682500026,2023,Radial Velocity,
hd 89307 b,,,2199.0,0.25,HD 89307,1.028,1.05,5950.0,30.9,154.5875,12.6208333,2004,Radial Velocity,
hd 89345 b,0.642,0.1073,11.81469,0.203,HD 89345,1.12,1.657,5609.0,126.6,154.670833347,10.129166679,2018,Primary Transit,
hd 89744 ab,,10.32,256.78,0.677,HD 89744 A,1.21,2.132,6249.16,38.6364,155.5416667,41.2294444,2000,Radial Velocity,
hd 89744 ac,,,6974.0,0.29,HD 89744 A,1.21,2.132,6249.16,38.6364,155.5416667,41.2294444,2013,Radial Velocity,
hd 89839 b,,5.5,3369.315,0.334,HD 89839,1.21,1.25,6314.0,17.65,155.1708333,-53.6641667,2010,"Radial Velocity, Astrometry",
hd 90156 b,,,49.77,0.31,HD 90156,0.84,,5599.0,39.6,155.9791667,-29.6455556,2009,Radial Velocity,
hd 9174 b,,,1179.0,0.12,HD 9174,1.03,1.67,5577.0,78.93,22.504166667,-19.60444446,2016,Radial Velocity,
hd 92788 c,,,11611.3,0.46,HD 92788,1.15,1.14,5744.0,32.82,160.7,-2.1836111,2013,Radial Velocity,
hd 92945 c,,0.7,,,HD 92945,0.86,0.79,5105.0,21.5263,160.86779820989,-29.06428685193,2024,Astrometry,
hd 93083 b,,,143.58,0.14,HD 93083,0.7,,4995.0,28.9,161.0833333,-33.5769444,2005,Radial Velocity,
hd 93083 c,,,9.6412,0.0,HD 93083,0.7,,4995.0,28.9,161.0833333,-33.5769444,2026,Radial Velocity,
hd 93351 b,,,2.5,0.549,HD 93351,0.94,0.911,5408.0,56.163,161.67754810205,-1.68796297654,2022,Radial Velocity,
hd 93385 ab,,,7.3426,0.295,HD 93385 A,1.1,1.185,5971.87,43.3475,161.5625,-41.4644444,2021,Radial Velocity,
hd 93385 ac,,,13.18,0.2,HD 93385 A,1.1,1.185,5971.87,43.3475,161.5625,-41.4644444,2011,Radial Velocity,
hd 93385 ad,,,46.025,0.24,HD 93385 A,1.1,1.185,5971.87,43.3475,161.5625,-41.4644444,2011,Radial Velocity,
hd 93963 ab,0.1204,,1.0391353,,HD 93963 A,1.109,1.043,5987.0,82.34,162.779166669,25.64111113,2022,Primary Transit,
hd 93963 ac,0.28799,,3.6451398,,HD 93963 A,1.109,1.043,5987.0,82.34,162.779166669,25.64111113,2022,Primary Transit,
hd 9446 b,,,30.0608,0.214,HD 9446,1.0,1.0,5793.0,53.0,23.3333333,29.2652778,2010,Radial Velocity,
hd 9446 c,,,189.6,0.071,HD 9446,1.0,1.0,5793.0,53.0,23.3333333,29.2652778,2010,Radial Velocity,
hd 94771 b,,,2164.0,0.39,HD 94771,1.2,1.903,5631.0,57.618,163.975000018,-35.114444458,2022,Radial Velocity,
hd 94834 ab,1.242,,1576.0,0.14,HD 94834 A,1.11,4.2,4798.0,81.0,164.31297,24.14278,2018,Radial Velocity,
hd 94890 b,,,824.61,0.22,HD 94890,1.74,10.71,4867.0,61.7,164.179375,-37.13776666666666,2025,Radial Velocity,
hd 94890 c,,,2492.19,0.05,HD 94890,1.74,10.71,4867.0,61.7,164.179375,-37.13776666666666,2025,Radial Velocity,
hd 95086 b,,4.5,25907.7,0.16,HD 95086,1.6,1.33,7750.0,90.4,164.2625,-68.6672,2013,Imaging,
hd 95089 b,,,507.0,0.157,HD 95089,1.58,4.9,5002.0,139.0,164.7,1.7291667,2010,Radial Velocity,
hd 95089 c,,,1860.0,0.294,HD 95089,1.58,4.9,5002.0,139.0,164.7,1.7291667,2010,Radial Velocity,
hd 95127 b,,,482.0,0.11,HD 95127,1.2,20.0,4218.0,300.0,164.895833345,43.814444472,2015,Radial Velocity,
hd 95338 b,0.3551,0.12406,55.086,0.199,HD 95338,0.76,0.86,5212.0,36.9,164.858333342,-56.623055573,2020,Primary Transit,
hd 95544 ab,,6.021,2041.5,0.049,HD 95544 A,1.09,1.088,5722.0,88.02,166.325000006,81.038888894,2021,"Radial Velocity, Astrometry",
hd 9578 ab,,,494.0,,HD 9578 A,1.13,1.065,6070.77,56.1136,23.3208333,-38.245,2009,Radial Velocity,
hd 95872 b,,,4375.0,0.06,HD 95872,0.95,0.93928087,5312.0,72.3704,165.866666676,-22.093888899,2015,Radial Velocity,
hd 96063 b,,,361.1,0.28,HD 96063,1.02,4.5,5148.0,158.0,166.1833333,-2.5133333,2011,Radial Velocity,
hd 96127 b,,3.8,638.9,0.3,HD 96127,0.91,35.0,4152.0,540.0,166.4416667,44.3016667,2011,"Radial Velocity, Astrometry",
hd 96167 ab,,,498.9,0.71,HD 96167 A,1.31,1.86,5770.0,84.0,166.3125,-10.2913889,2009,Radial Velocity,
hd 96700 ab,,,8.1245,0.138,HD 96700 A,1.06,1.142,5847.0,25.6,166.975,-30.1744444,2011,Radial Velocity,
hd 96700 ac,,,19.88,0.293,HD 96700 A,1.06,1.142,5847.0,25.6,166.975,-30.1744444,2021,Radial Velocity,
hd 96700 ad,,,103.5,0.27,HD 96700 A,1.06,1.142,5847.0,25.6,166.975,-30.1744444,2011,Radial Velocity,
hd 96992 b,,,514.0,0.41,HD 96992,0.96,7.43,4725.0,,167.596850093,43.9189798925,2021,Radial Velocity,
hd 97048 b,,2.5,,,HD 97048,2.83,2.362,10890.0,183.857,167.012500001,-77.654722239,2017,Kinematic,
hd 97619 b,,,665.9,0.23,HD 97619,1.3,16.7,4355.0,213.0,169.037160953,78.3089573367,2018,Radial Velocity,
hd 97658 b,0.20047,0.02457,9.489295,0.03,HD 97658,0.85,0.73,5170.0,21.1,168.6375,25.7102778,2010,Primary Transit,
hd 98219 b,,,436.9,0.112,HD 98219,1.3,4.5,4992.0,134.0,169.45,-23.9752778,2011,Radial Velocity,
hd 98649 b,,,6023.0,0.86,HD 98649,1.03,1.01,5790.0,40.3,170.2166667,-23.2172222,2011,Radial Velocity,
hd 98736 ab,,,968.8,0.226,HD 98736 A,0.92,0.93,5544.0,31.0,170.454166683,18.190000009,2018,Radial Velocity,
hd 99109 b,,,439.3,0.09,HD 99109,0.93,,5272.0,60.5,171.0708333,-1.5288889,2006,Radial Velocity,
hd 99283 b,,,310.4,0.2,HD 99283,,,,,171.487500019,55.850555573,2021,Radial Velocity,
hd 99492 b,,,17.0503,0.034,HD 99492,0.83,0.96,4740.0,18.0,171.6916667,3.0061111,2004,Radial Velocity,
hd 99492 c,,,95.233,0.063,HD 99492,0.83,0.96,4740.0,18.0,171.6916667,3.0061111,2023,Radial Velocity,
hd 99706 b,,,868.0,0.365,HD 99706,1.72,5.4,4932.0,129.0,172.125,43.9666667,2011,Radial Velocity,
hd 99706 c,,,1123.0,0.411,HD 99706,1.72,5.4,4932.0,129.0,172.125,43.9666667,2010,Radial Velocity,
hip 10090 b,,3.87,2960.0,0.1,HIP 10090,0.94,1.382,5661.0,82.3,32.43525,-30.746241666666663,2026,Radial Velocity,
hip 10090 c,,0.85,321.8,0.2,HIP 10090,0.94,1.382,5661.0,82.3,32.43525,-30.746241666666663,2026,Radial Velocity,
hip 105854 b,,,184.2,0.02,HIP 105854,2.1,,4780.0,80.84,321.595833341,-37.829444471,2014,Radial Velocity,
hip 107772 b,,,55.19,0.18,HIP 107772,0.63,0.564,4006.0,23.643,327.5,-41.245000014,2020,Radial Velocity,
hip 107773 ab,,,144.3,0.09,HIP 107773 A,2.42,11.6,4945.0,106.0,327.5,-64.712500024,2015,Radial Velocity,
hip 109384 b,,,499.48,0.549,HIP 109384,0.78,,5180.0,56.2,332.4058322072865,71.31433320544656,2016,Radial Velocity,
hip 109600 ab,,,232.08,0.163,HIP 109600 A,0.98,0.983,5562.0,66.3361,333.025000002,29.065833347,2016,Radial Velocity,
hip 111909 b,,,487.08,,HIP 111909,1.28,4.53,4891.0,88.0,340.0299166666667,-49.59826388888889,2025,Radial Velocity,
hip 111909 c,,,893.63,,HIP 111909,1.28,4.53,4891.0,88.0,340.0299166666667,-49.59826388888889,2025,Radial Velocity,
hip 113103 b,0.16317,0.0186,7.610303,0.17,HIP 113103,0.761,0.742,4930.0,46.258,343.570833339,-43.010277786,2023,Primary Transit,
hip 113103 c,0.2141,0.0264,14.245648,0.17,HIP 113103,0.761,0.742,4930.0,46.258,343.570833339,-43.010277786,2023,Primary Transit,
hip 114933 b,,,1481.6,0.21,HIP 114933,1.39,5.27,4824.0,102.06,349.20833335,-21.203055562,2020,Radial Velocity,
hip 116454 ab,0.226,0.0372,9.1265,0.205,HIP 116454 A,0.775,0.716,5089.0,55.2,353.954166683,0.445555574,2014,Primary Transit,
hip 11696 b,,10.0,,,HIP 11696,1.32,1.436,6472.0,49.3,37.711083333333335,55.54841666666667,2024,Astrometry,
hip 11915 b,,,3830.0,0.1,HIP 11915,1.0,,5760.0,57.3,38.454166683,-19.611944466,2015,Radial Velocity,
hip 12961 b,,,57.435,0.16,HIP 12961,0.67,,,23.0,41.6791667,-23.0866667,2009,Radial Velocity,
hip 14810 b,,,6.673855,0.1427,HIP 14810,0.99,1.0,5485.0,52.9,47.8083333,21.0972222,2006,Radial Velocity,
hip 14810 c,,,147.73,0.164,HIP 14810,0.99,1.0,5485.0,52.9,47.8083333,21.0972222,2006,Radial Velocity,
hip 14810 d,,,962.0,0.173,HIP 14810,0.99,1.0,5485.0,52.9,47.8083333,21.0972222,2009,Radial Velocity,
hip 1481 ab,,1.6,,,HIP 1481 A,1.17,1.11,6147.0,40.82,4.608333342,-63.477500018,2022,Astrometry,
hip 18606 b,,,674.94,,HIP 18606,1.21,4.83,4860.0,46.74,59.71830797884,-5.4699475414,2025,Radial Velocity,
hip 19976 b,,,50.7,0.304,HIP 19976,0.67,0.772,4316.0,40.2707,64.25840017496,-40.79887720028,2022,Radial Velocity,
hip 34222 b,,,159.986,0.305,HIP 34222,0.62,,,22.85,106.425000014,27.470833346,2021,Radial Velocity,
hip 35173 b,,,41.516,0.16,HIP 35173,0.79,,4881.0,33.19,109.04,-3.67,2019,Radial Velocity,
hip 35965 b,,8.149,26125.6,0.138,HIP 35965,0.78,0.6975,4836.0,50.1677,111.20125261887416,-51.32744134189528,2022,"Radial Velocity, Astrometry",
hip 38594 ab,,,60.722,0.17,HIP 38594,0.609,0.626,3969.0,17.798,118.545833337,-25.303055564,2020,Radial Velocity,
hip 38594 ac,,,3477.8,0.16,HIP 38594,0.609,0.626,3969.0,17.798,118.545833337,-25.303055564,2020,Radial Velocity,
hip 39330 b,,1.67,4650.0,0.08,HIP 39330,0.96,1.028,5748.0,36.39,120.61241666666668,-46.33630555555556,2026,Radial Velocity,
hip 41378 b,0.054,0.0217,15.5712,,HIP 41378,1.245,1.306,6199.0,116.0,126.616666676,10.08027779,2016,Primary Transit,
hip 41378 c,0.2436,0.0138,31.6978,,HIP 41378,1.245,1.306,6199.0,116.0,126.616666676,10.08027779,2016,Primary Transit,
hip 41378 d,0.3158,0.0145,1113.4465,0.52,HIP 41378,1.245,1.306,6199.0,116.0,126.616666676,10.08027779,2016,Primary Transit,
hip 41378 e,0.437,0.038,131.0,,HIP 41378,1.245,1.306,6199.0,116.0,126.616666676,10.08027779,2016,Primary Transit,
hip 41378 f,0.821,0.038,542.07975,0.004,HIP 41378,1.245,1.306,6199.0,116.0,126.616666676,10.08027779,2016,Primary Transit,
hip 41378 g,,0.02143,64.067,0.01,HIP 41378,1.245,1.306,6199.0,116.0,126.616666676,10.08027779,2019,"Radial Velocity, TTV",
hip 47110 b,,6.0,,,HIP 47110,0.96,0.915,5485.26,38.7439,144.0172916666667,37.55248888888889,2024,Astrometry,
hip 4845 b,,,34.15,0.25,HIP 4845,,,,21.11,15.587500007,-10.423888903,2020,Radial Velocity,
hip 5158 b,,,345.63,0.54,HIP 5158,0.78,,4962.0,45.0,16.5083333,-22.4530556,2009,Radial Velocity,
hip 54373 b,,,7.76,0.2,HIP 54373,0.558,0.565,3827.0,18.717,166.86,-19.29,2019,Radial Velocity,
hip 54373 c,,,15.144,0.2,HIP 54373,0.558,0.565,3827.0,18.717,166.86,-19.29,2019,Radial Velocity,
hip 54597 b,,2.4,3274.0,0.03,HIP 54597,0.69,0.66,4799.0,39.547,167.608333342,-29.413888908,2023,Radial Velocity,
hip 55507 b,,8.135,5138.4,0.362,HIP 55507,0.65,0.723,4171.0,25.4893,170.52396927669,46.9083832862,2022,"Radial Velocity, Astrometry",
hip 560 b,,1.7,,,HIP 560,1.45,1.506,6762.91,39.91,1.7087083333333333,-23.10752777777778,2024,Astrometry,
hip 56640 b,,6.77,2675.6,0.118,HIP 56640,1.04,4.93,4769.0,122.76,174.16666668,-37.039166672,2020,"Radial Velocity, Astrometry",
hip 57050 b,,,41.38,0.375,HIP 57050,0.354,0.353,3358.0,11.02,175.4375,42.7519444,2010,Radial Velocity,
hip 57050 c,,,532.635,0.375,HIP 57050,0.354,0.353,3358.0,11.02,175.4375,42.7519444,2017,Radial Velocity,
hip 57274 b,,,8.1352,0.187,HIP 57274,0.73,0.68,4640.0,25.92,176.1708333,30.9591667,2011,Radial Velocity,
hip 57274 c,,,32.03,0.05,HIP 57274,0.73,0.68,4640.0,25.92,176.1708333,30.9591667,2011,Radial Velocity,
hip 57274 d,,,431.7,0.27,HIP 57274,0.73,0.68,4640.0,25.92,176.1708333,30.9591667,2011,Radial Velocity,
hip 5763 b,,,30.014,0.054,HIP 5763,0.73,,,31.93,18.495279874302387,16.494519139815296,2021,Radial Velocity,
hip 63242 b,,,124.6,0.23,HIP 63242,1.54,,,135.0,194.3833,-65.6464,2013,Radial Velocity,
hip 63734 b,,11.0,,,HIP 63734,1.17,1.23,6149.0,53.9801,195.912500013,-16.336388898,2022,Imaging,
hip 65407 b,,,28.125,0.14,HIP 65407,0.92,0.938,5344.0,61.78,201.087500007,48.885000019,2016,Radial Velocity,
hip 65407 c,,,67.3,0.12,HIP 65407,0.92,0.938,5344.0,61.78,201.087500007,48.885000019,2016,Radial Velocity,
hip 65426 b,1.44,7.1,,,HIP 65426,1.96,1.77,8840.0,109.2,201.150000012,-51.504444458,2017,Imaging,
hip 65891 b,,6.1,1089.6,0.09,HIP 65891,2.5,9.53,5060.0,150.292,202.604166675,-58.664444469,2015,"Radial Velocity, Astrometry",
hip 65 ab,2.03,3.213,0.98097218,0.0,HIP 65 A,0.781,0.7242,4590.0,61.89,0.187500015,-54.830833361,2020,Primary Transit,
hip 67522 b,0.897,0.0938,6.9594738,0.053,HIP 67522,1.22,1.38,5675.0,127.27,207.525000002,-40.835833352,2020,Primary Transit,
hip 67522 c,0.731,,14.334894,0.08,HIP 67522,1.22,1.38,5675.0,127.27,207.525000002,-40.835833352,2020,Primary Transit,
hip 67537 b,,,2592.5,0.59,HIP 67537,2.41,8.69,4985.0,112.6,207.579166673,-39.900833352,2016,Radial Velocity,
hip 67851 b,,,89.11,0.0001,HIP 67851,1.19,5.72,4807.0,65.96,208.466666684,-35.314444462,2014,Radial Velocity,
hip 67851 c,,4.67,3268.56,0.252,HIP 67851,1.19,5.72,4807.0,65.96,208.466666684,-35.314444462,2015,Radial Velocity,
hip 68468 ab,,,1.8374,0.24,HIP 68468 A,1.05,1.197,5857.0,87.8,210.266666668,-32.756944465,2016,Radial Velocity,
hip 68468 ac,,,194.0,0.11,HIP 68468 A,1.05,1.197,5857.0,87.8,210.266666668,-32.756944465,2016,Radial Velocity,
hip 70849 b,,4.55,3666.79,0.584,HIP 70849,0.63,,4105.0,24.0,217.3291667,-46.4638889,2009,"Radial Velocity, Astrometry",
hip 71135 b,,,87.19,0.21,HIP 71135,0.66,,4146.0,32.36,218.22,-52.65,2019,Radial Velocity,
hip 74890 b,,,812.47,0.0,HIP 74890,1.74,5.77,4850.0,91.6,229.570833339,-41.420555567,2016,Radial Velocity,
hip 75092 b,,,970.78,0.0,HIP 75092,1.28,4.53,4891.0,81.86,230.170833347,-25.990277803,2021,Radial Velocity,
hip 79431 b,,,111.7,0.29,HIP 79431,0.49,,3191.0,14.4,243.175,-18.8755556,2010,Radial Velocity,
hip 8541 ab,,5.7,1585.0,0.122,HIP 8541 A,1.17,7.83,4670.0,169.0,27.525000002,-54.465000021,2016,"Radial Velocity, Astrometry",
hip 8541 ac,,,228.5,0.169,HIP 8541 A,1.17,7.83,4670.0,169.0,27.525000002,-54.465000021,2022,Radial Velocity,
hip 86221 ab,,,2.224,0.086,HIP 86221 A,0.79,,,29.4898,264.295833337,27.896388917,2021,Radial Velocity,
hip 8923 b,,9.98,5160.0,0.01,HIP 8923,1.01,1.321,5980.0,65.87,28.725125,-11.511325,2026,Radial Velocity,
hip 90988 ab,,,453.9,0.08,HIP 90988 A,1.3,3.94,4884.0,94.29,278.387500011,-50.21166668,2020,Radial Velocity,
hip 91258 b,,,5.0505,0.024,HIP 91258,0.95,,5519.0,44.9,279.220833351,61.702500016,2013,Radial Velocity,
hip 94235 ab,0.2862,0.0352,7.712121,0.32,HIP 94235 A,1.094,1.08,5991.0,58.61,287.741666686,-60.27250001,2022,Primary Transit,
hip 96334 b,,3.7,,,HIP 96334,1.02,0.956,5730.0,38.1421,293.79166667,-69.975555582,2022,Astrometry,
hip 97166 b,0.2248,0.063,10.28891,0.661,HIP 97166,0.898,0.836,5198.0,66.08,296.24462,74.06286,2021,Primary Transit,
hip 97166 c,,,16.84,0.25,HIP 97166,0.898,0.836,5198.0,66.08,296.24462,74.06286,2021,Radial Velocity,
hip 98599 b,,6.85,2656.0,0.17,HIP 98599,1.19,1.395,5978.0,76.1,300.40908333333334,-22.110866666666663,2026,Radial Velocity,
hn lib b,,,36.116,0.079,HN Lib,0.291,0.299,3347.0,6.253,218.575000006,-12.519444457,2023,Radial Velocity,
hr 5183 ab,,3.2,27400.0,0.84,HR 5183 A,1.07,1.53,5794.0,31.49,206.737500019,6.349722242,2019,Radial Velocity,
hr 8799 b,1.2,7.0,164250.0,0.0,HR 8799,1.56,1.5,,39.4,346.8708333,21.1341667,2008,Imaging,
hr 8799 c,1.3,8.3,82145.0,0.0,HR 8799,1.56,1.5,,39.4,346.8708333,21.1341667,2008,Imaging,
hr 8799 d,1.2,8.3,41054.0,0.1,HR 8799,1.56,1.5,,39.4,346.8708333,21.1341667,2008,Imaging,
hr 8799 e,1.17,9.6,18000.0,0.15,HR 8799,1.56,1.5,,39.4,346.8708333,21.1341667,2010,Imaging,
hs 0705+6700 (ab)c,,,4843.55,,HS 0705+6700 (AB),,,,1241.3,107.675213355,66.9287556614,2020,Timing,
hs psc b,,,3.986,0.27,HS Psc,0.69,0.65,4203.0,37.667,24.347416666666668,26.95278611111111,2024,Radial Velocity,
ic 4651 9122 b,,,734.0,0.18,IC 4651 9122,2.0,,,,261.204166683,-49.933333352,2018,Radial Velocity,
innes' star b,,,20.129,0.1,Innes' Star,0.35,,3323.0,12.67,169.00085188542107,-57.54765976952447,2014,Radial Velocity,
iot cap b,,,512.5,0.732,iot Cap,2.89,10.67,5200.0,61.7477,320.5616499287888,-16.83454389279389,2022,Radial Velocity,
iot cap c,,7.485,2481.1,0.202,iot Cap,2.89,10.67,5200.0,61.7477,320.5616499287888,-16.83454389279389,2022,"Radial Velocity, Astrometry",
iot hor b,,,320.1,0.161,iot Hor,1.11,1.85,5997.0,17.17,40.6291667,-50.8033333,1999,Radial Velocity,
iras 04125+2902 ab,0.955,0.3,8.83,,IRAS 04125+2902 A,0.7,1.15,3303.0,160.0,63.92825,29.15,2024,Primary Transit,
iso 1i,2e-06,,,1.196,Sun,1.0,1.0,,,0.0,0.0,2017,Imaging,
iso 2i,6.2e-05,,,3.155,Sun,1.0,1.0,,,0.0,0.0,2019,Imaging,
jh 112 ab,,10.0,,,JH 112 A,0.82,1.89,4020.0,164.0,68.20465350034,22.88412420676,2011,Imaging,
jw 734 b,,4.8,,,JW 734,0.1,1.18,2857.0,457.4,83.84672012,-5.476080805,2020,Imaging,
k2-100 b,0.32,,1.673833,0.24,K2-100,1.23,1.22,6168.0,190.04,129.601257,20.106064,2016,Primary Transit,
k2-101 b,0.178,,14.677286,0.1,K2-101,0.8,0.73,4819.0,189.33,130.344086,18.933874,2016,Primary Transit,
k2-102 ab,0.116,,9.915615,0.1,K2-102 A,0.77,0.71,4695.0,189.17,130.056046,19.778811,2016,Primary Transit,
k2-103 b,0.177,,21.169861,0.06,EPIC 211822797,0.66,0.57,4148.21,187.19,130.41037,17.640005,2016,Primary Transit,
k2-104 b,0.175,,1.974238,0.09,K2-104,0.43,0.49,3546.46,190.21,129.636749,19.773829,2016,Primary Transit,
k2-105 b,0.301,0.094,8.267704,,K2-105,0.99,0.91,5464.0,199.28,125.42028,13.49753,2017,Primary Transit,
k2-106 b,0.14952,0.0245,0.5713127,0.0,K2-106,0.97,0.98,5617.0,246.1,13.07978,10.794699,2016,Primary Transit,
k2-106 c,0.2534,0.018,13.339079,0.18,K2-106,0.97,0.98,5617.0,246.1,13.07978,10.794699,2016,Primary Transit,
k2-107 b,1.426,0.84,3.313959,,K2-107,1.3,1.81,6061.0,696.95,284.985382,-22.293402,2017,Primary Transit,
k2-108 b,0.476,0.187,4.733999,0.18,K2-108,1.17,1.76,5599.0,484.99,123.381874,16.419609,2017,Primary Transit,
k2-10 b,0.343,0.08495,19.3044,0.31,K2-10,0.973,0.968,5533.0,272.36,172.121964,1.690636,2015,Primary Transit,
k2-110 b,0.228,0.0525,13.86387,0.079,K2-110,0.75,0.71,4950.0,116.84,207.349533,-12.284491,2017,Primary Transit,
k2-111 b,0.162,0.01664,5.3518,0.13,K2-111,0.84,1.25,5775.0,201.7,59.889755,21.298685,2017,Primary Transit,
k2-111 c,,,15.6805,0.07,K2-111,0.84,1.25,5775.0,201.7,59.889755,21.298685,2020,Radial Velocity,
k2-113 b,1.083,1.28,5.817685,0.0,K2-113,1.04,1.24,5660.0,649.75,19.449286,6.868895,2017,Primary Transit,
k2-114 b,0.952,1.85,11.391013,0.0,K2-114,0.89,0.84,5044.0,484.8,127.882965,11.922265,2017,Primary Transit,
k2-115 b,1.115,0.84,20.273034,0.137,K2-115,0.95,0.88,5657.0,418.58,126.553444,12.281936,2017,Primary Transit,
k2-116 b,0.062,,4.655411,0.06,K2-116,0.69,0.67,4348.35,49.46,336.151611,-11.578691,2017,Primary Transit,
k2-117 b,0.181,,1.2916,0.06,K2-117,0.54,0.51,3778.0,101.95,133.855682,10.469131,2017,Primary Transit,
k2-117 c,0.184,,5.444017,0.15,K2-117,0.54,0.51,3778.0,101.95,133.855682,10.469131,2017,Primary Transit,
k2-118 b,0.227,,50.92092,0.2,K2-118,0.76,0.73,4726.29,324.7,132.126892,15.655983,2017,Primary Transit,
k2-119 b,0.226,,7.727283,0.07,K2-119,0.76,0.71,4740.0,369.66,132.009735,16.901854,2017,Primary Transit,
k2-11 b,0.674,,39.93767,,K2-11,0.9,0.85,5257.0,332.46,169.042007,1.98684,2015,Primary Transit,
k2-120 ab,0.179,,9.562742,0.14,K2-120 A,0.69,0.67,4349.9,287.156,132.14299,17.190685,2017,Primary Transit,
k2-121 b,0.669,,5.185761,0.22,K2-121,0.72,0.68,4551.0,170.37,126.936722,17.579397,2017,Primary Transit,
k2-122 ab,0.108,,2.219282,0.21,K2-122 A,0.63,0.59,4009.0,72.0444,126.476311,20.35957,2017,Primary Transit,
k2-123 b,0.246,8.9,30.951524,0.06,K2-123,0.62,0.59,4035.0,162.36,134.444183,21.453533,2017,Primary Transit,
k2-124 b,0.259,0.033,6.413651,0.08,K2-124,0.39,0.39,3570.0,140.4,133.64119,23.132891,2017,Primary Transit,
k2-125 b,0.194,,21.750264,0.08,K2-125,0.49,0.4,3654.47,124.6,204.14212,-14.947603,2017,Primary Transit,
k2-126 b,0.176,,7.385655,0.06,K2-126,0.69,0.65,4339.0,103.29,203.546539,-13.576928,2017,Primary Transit,
k2-127 b,0.747,,3.588163,0.12,K2-127,0.72,0.66,4575.0,723.97,207.078384,-11.588979,2017,Primary Transit,
k2-128 b,0.127,,5.675819,0.23,K2-128,0.71,0.78,4469.51,115.01,204.437653,-8.597065,2017,Primary Transit,
k2-129 b,0.093,,8.239493,0.13,K2-129,0.36,0.36,3459.09,27.82,289.148315,-25.644964,2017,Primary Transit,
k2-12 b,0.208,,8.28212,,K2-12,0.93,1.12,5675.0,329.36,173.192032,2.244884,2015,Primary Transit,
k2-130 b,0.112,,2.49412,0.17,K2-130,0.7,0.74,4356.47,118.41,290.270264,-19.690807,2017,Primary Transit,
k2-131 b,0.152,,0.36931,0.0,K2-131,0.84,0.75,5245.0,153.7,182.751556,-9.765218,2017,Primary Transit,
k2-132 b,1.3,0.49,9.1751,0.29,K2-132,1.19,4.11,4878.0,609.818,182.166397,-8.747175,2017,Primary Transit,
k2-133 b,0.12,0.0069,3.07133,,K2-133,0.46,0.46,3655.0,75.2,70.148567,25.010006,2017,Primary Transit,
k2-133 c,0.143,0.01,4.86784,,K2-133,0.46,0.46,3655.0,75.2,70.148567,25.010006,2017,Primary Transit,
k2-133 d,0.179,0.026,11.02454,,K2-133,0.46,0.46,3655.0,75.2,70.148567,25.010006,2017,Primary Transit,
k2-133 e,0.154,,26.5841,,K2-133,0.46,0.46,3655.0,75.2,70.148567,25.010006,2019,Primary Transit,
k2-136 ab,0.088,,7.975292,0.1,K2-136 A,0.742,0.677,4500.0,59.2474,67.41246,22.882721,2017,Primary Transit,
k2-136 ac,0.26,,17.307137,0.13,K2-136 A,0.742,0.677,4500.0,59.2474,67.41246,22.882721,2017,Primary Transit,
k2-136 ad,0.129,,25.575065,0.14,K2-136 A,0.742,0.677,4500.0,59.2474,67.41246,22.882721,2017,Primary Transit,
k2-137 b,0.079,0.5,0.179715,0.0,K2-137,0.46,0.44,3492.0,99.15,186.870728,-6.195224,2017,Primary Transit,
k2-138 b,0.14,0.0098,2.35322,0.403,K2-138,0.93,0.86,5378.0,183.0,348.949036,-10.849696,2017,Primary Transit,
k2-138 c,0.225,0.0198,3.55987,0.296,K2-138,0.93,0.86,5378.0,183.0,348.949036,-10.849696,2017,Primary Transit,
k2-138 d,0.237,0.0249,5.40478,0.348,K2-138,0.93,0.86,5378.0,183.0,348.949036,-10.849696,2017,Primary Transit,
k2-138 e,0.294,0.0409,8.26144,0.315,K2-138,0.93,0.86,5378.0,183.0,348.949036,-10.849696,2017,Primary Transit,
k2-138 f,0.251,0.005,12.75759,0.364,K2-138,0.93,0.86,5378.0,183.0,348.949036,-10.849696,2017,Primary Transit,
k2-138 g,0.2688,0.0135,41.96797,0.059,K2-138,0.93,0.86,5378.0,183.0,348.949036,-10.849696,2018,Primary Transit,
k2-139 ab,0.813,0.381,28.380619,0.0,K2-139 A,0.882,0.893,5195.0,153.856,289.066528,-17.910688,2017,Primary Transit,
k2-13 b,0.169,,39.91488,,K2-13,0.8,0.78,5698.0,345.76,170.155533,2.502696,2015,Primary Transit,
k2-140 b,1.093,0.93,6.56918,0.12,K2-140,1.0,0.99,5705.0,341.6,188.137344,-9.60764,2017,Primary Transit,
k2-141 b,0.135,0.01598,0.2803244,0.0,K2-141 ,0.708,0.681,4599.0,61.0,350.91666668,-1.189166675,2018,Primary Transit,
k2-141 c,0.624,0.02328,7.7485,0.0,K2-141 ,0.708,0.681,4599.0,61.0,350.91666668,-1.189166675,2018,Primary Transit,
k2-146 b,0.183,0.01816,2.6446,0.129,K2-146,0.33,0.33,3385.0,79.31,130.026779,19.092878,2018,Primary Transit,
k2-146 c,0.195,0.02358,4.00498,0.075,K2-146,0.33,0.33,3385.0,79.31,130.026779,19.092878,2019,Primary Transit,
k2-147 b,0.123,,0.961917,,K2-147,0.58,0.55,3672.0,88.0,293.833191,-28.497833,2018,Primary Transit,
k2-148 ab,0.119,,4.38395,,K2-148 A,0.639,0.6739,4081.0,124.458,14.517821,-0.193155,2018,Primary Transit,
k2-148 ac,0.154,,6.9226,,K2-148 A,0.639,0.6739,4081.0,124.458,14.517821,-0.193155,2018,Primary Transit,
k2-148 ad,0.146,,9.7579,,K2-148 A,0.639,0.6739,4081.0,124.458,14.517821,-0.193155,2018,Primary Transit,
k2-149 b,0.146,,11.332,,K2-149,0.59,0.57,3745.0,118.0,9.821899,7.2771,2018,Primary Transit,
k2-14 b,0.429,,8.36802,,K2-14,0.47,0.45,3789.0,367.72,178.057022,2.594245,2015,Primary Transit,
k2-150 b,0.178,,10.59357,,K2-150,0.46,0.44,3499.0,110.0,18.344175,8.987539,2018,Primary Transit,
k2-151bb,0.133,,3.835476,,K2-151 B,0.455,0.458,3659.0,69.48,19.304525,9.501381,2018,Primary Transit,
k2-152 b,0.204,,32.6479,,K2-152,0.63,0.61,4044.0,108.7,181.632797,-5.82741,2018,Primary Transit,
k2-153 b,0.178,9.0,7.51574,,K2-153,0.55,0.53,3845.0,143.6,183.809189,2.020953,2018,Primary Transit,
k2-154 b,0.178,,3.67626,,K2-154,0.65,0.63,4097.0,129.8,189.001511,-2.669481,2018,Primary Transit,
k2-154 c,0.185,,7.95486,,K2-154,0.65,0.63,4097.0,129.8,189.001511,-2.669481,2018,Primary Transit,
k2-155 b,0.161,0.0148,6.342,,K2-155,0.65,0.58,4258.0,82.0,65.468697,21.3536,2018,Primary Transit,
k2-155 c,0.232,0.0205,13.85,,K2-155,0.65,0.58,4258.0,82.0,65.468697,21.3536,2018,Primary Transit,
k2-155 d,0.17,0.0154,40.718,,K2-155,0.65,0.58,4258.0,82.0,65.468697,21.3536,2018,Primary Transit,
k2-156 b,0.103,,0.81314,,K2-156,0.66,0.66,4597.0,150.4,182.70018,-6.294205,2018,Primary Transit,
k2-157 b,0.08342,0.00359,0.3652575,,K2-157,0.89,0.86,5334.0,290.2,183.751343,-5.781991,2018,Primary Transit,
k2-157 c,,0.0969,25.942,0.2,K2-157,0.89,0.86,5334.0,290.2,183.751343,-5.781991,2025,Radial Velocity,
k2-157 d,,0.0733,66.5,0.5,K2-157,0.89,0.86,5334.0,290.2,183.751343,-5.781991,2025,Radial Velocity,
k2-158 b,0.236,,10.06049,,K2-158,0.92,0.95,5503.0,198.2,179.939987,-5.721709,2018,Primary Transit,
k2-158 c,0.114,,5.90279,,K2-158,0.92,0.95,5503.0,198.2,179.939987,-5.721709,2018,Primary Transit,
k2-159 b,0.202,,12.42205,,K2-159,0.9,0.83,5425.0,171.9,180.540894,-3.580723,2018,Primary Transit,
k2-15 b,0.221,,11.8104,,K2-15,0.72,0.68,5131.0,501.03,178.110794,4.254747,2015,Primary Transit,
k2-160 b,0.284,,3.705871,,K2-160,0.98,0.91,5649.0,318.19,184.054581,-3.553082,2018,Primary Transit,
k2-161 b,0.546,,9.283188,,K2-161,0.99,2.57,4972.0,941.09,183.793839,-3.495612,2018,Primary Transit,
k2-162 b,0.128,,9.45889,,K2-162,0.75,0.69,4842.0,125.1,186.038666,-1.111351,2018,Primary Transit,
k2-163 b,0.22,,6.673117,,K2-163,0.83,0.76,4937.0,209.67,182.329346,-0.539055,2018,Primary Transit,
k2-164 b,0.29,,17.355066,,K2-164,1.18,2.2,5791.0,379.64,171.93367,-0.06284,2018,Primary Transit,
k2-165 b,0.114,,2.354992,,K2-165,0.83,0.8,5185.0,135.1,184.90033,0.968397,2018,Primary Transit,
k2-165 c,0.139,,4.382745,,K2-165,0.83,0.8,5185.0,135.1,184.90033,0.968397,2018,Primary Transit,
k2-165 d,0.236,,14.101361,,K2-165,0.83,0.8,5185.0,135.1,184.90033,0.968397,2018,Primary Transit,
k2-166 b,0.195,,8.52695,,K2-166,1.07,,,481.0,185.188293,2.282436,2018,Primary Transit,
k2-166 c,0.109,6.0,3.80464,,K2-166,1.07,,,481.0,185.188293,2.282436,2019,Primary Transit,
k2-167 b,0.2088,,9.9785275,,K2-167,1.02,1.83,5908.0,81.08,336.575775,-18.011171,2018,Primary Transit,
k2-168 b,0.166,,15.8523,,K2-168,0.88,0.83,5502.7,245.56,333.109894,-16.341755,2018,Primary Transit,
k2-168 c,0.117,,8.050722,,K2-168,0.88,0.83,5502.7,245.56,333.109894,-16.341755,2019,Primary Transit,
k2-169 b,0.114,,6.380803,,K2-169,0.99,0.92,5548.0,237.35,337.044281,-14.599381,2018,Primary Transit,
k2-16 b,0.18,,7.6188,,K2-16,0.67,0.66,4761.0,338.19,175.09726,4.55734,2015,Primary Transit,
k2-16 c,0.227,,19.07863,,K2-16,0.67,0.66,4761.0,338.19,175.09726,4.55734,2015,Primary Transit,
k2-16 d,0.092,,2.71578,,K2-16,0.67,0.66,4761.0,338.19,175.09726,4.55734,2019,Primary Transit,
k2-170 b,0.127,,7.576544,,K2-170,0.96,0.98,5748.0,397.26,335.450714,-14.593286,2018,Primary Transit,
k2-170 c,0.161,,12.400047,,K2-170,0.96,0.98,5748.0,397.26,335.450714,-14.593286,2018,Primary Transit,
k2-171 b,0.24,,5.628466,,K2-171,0.89,1.72,5250.0,616.41,332.34082,-13.428865,2018,Primary Transit,
k2-172 b,0.149,,14.316941,,K2-172,0.93,0.87,5569.0,251.51,335.30838,-12.5569,2018,Primary Transit,
k2-172 c,0.286,,29.62682,,K2-172,0.93,0.87,5569.0,251.51,335.30838,-12.5569,2018,Primary Transit,
k2-173 ab,0.143,,5.868699,,K2-173 A,0.983,1.0,5573.35,228.641,60.37495,15.625037,2018,Primary Transit,
k2-174 b,0.232,8.6,19.562307,,K2-174,0.7,0.68,4455.0,100.1,60.792843,16.347446,2018,Primary Transit,
k2-175 ab,0.182,,9.525988,,K2-175 A,1.081,1.673,5929.25,249.01,52.503578,17.584192,2018,Primary Transit,
k2-176 ab,0.133,,5.329439,,K2-176 A,0.932,1.0,5377.81,247.3,58.269165,17.907072,2018,Primary Transit,
k2-177 b,0.189,,14.155185,,K2-177,1.21,1.21,6063.0,499.02,55.229565,20.736078,2018,Primary Transit,
k2-178 b,0.317,,8.747818,,K2-178,0.95,0.89,5525.0,216.08,52.888882,22.43487,2018,Primary Transit,
k2-179 b,0.224,,5.172191,,K2-179,0.82,0.77,5015.0,191.84,58.796898,23.756807,2018,Primary Transit,
k2-17 b,0.199,,17.96753,,K2-17,0.71,0.66,4320.0,125.56,178.329773,6.412261,2015,Primary Transit,
k2-180 b,0.206,0.036,8.867209,,K2-180,0.72,0.72,5358.0,204.51,126.463936,10.246968,2018,Primary Transit,
k2-181 b,0.253,,6.894256,,K2-181,0.99,1.07,5608.0,364.82,127.554031,10.910294,2018,Primary Transit,
k2-182 b,0.24,0.063,4.7369683,0.04,K2-182,0.88,0.8,5165.0,155.9,130.180328,10.982941,2018,Primary Transit,
k2-183 b,0.232,,0.469269,,K2-183,0.95,0.9685,5436.47,329.041,125.007156,14.019461,2018,Primary Transit,
k2-183 c,0.256,,10.792635,,K2-183,0.95,0.9685,5436.47,329.041,125.007156,14.019461,2018,Primary Transit,
k2-183 d,0.255,,22.631964,,K2-183,0.95,0.9685,5436.47,329.041,125.007156,14.019461,2018,Primary Transit,
k2-183 e,0.1097,,2.1529,,K2-183,0.95,0.9685,5436.47,329.041,125.007156,14.019461,2020,Primary Transit,
k2-184 b,0.138,,16.995731,,K2-184,0.86,0.78,5220.0,75.79,129.140106,14.461936,2018,Primary Transit,
k2-185 b,0.117,,10.616646,,K2-185,0.96,0.94,5788.0,268.357,130.259659,14.69032,2018,Primary Transit,
k2-185 c,0.2132,,52.713494,,K2-185,0.96,0.94,5788.0,268.357,130.259659,14.69032,2018,Primary Transit,
k2-186 b,0.283,,41.474219,,K2-186,1.02,0.98,5784.0,333.84,135.334976,18.825455,2018,Primary Transit,
k2-187 b,0.116,,0.77392,,K2-187,0.98,0.92,5484.0,333.51,132.523605,23.1926,2018,Primary Transit,
k2-187 c,0.161,,2.872042,,K2-187,0.98,0.92,5484.0,333.51,132.523605,23.1926,2018,Primary Transit,
k2-187 d,0.283,,7.14921,,K2-187,0.98,0.92,5484.0,333.51,132.523605,23.1926,2018,Primary Transit,
k2-187 e,0.212,,13.609878,,K2-187,0.98,0.92,5484.0,333.51,132.523605,23.1926,2018,Primary Transit,
k2-188 b,0.12,,1.742169,,K2-188,1.06,1.19,5977.0,452.9,129.813629,23.357481,2018,Primary Transit,
k2-188 c,0.252,,7.810253,,K2-188,1.06,1.19,5977.0,452.9,129.813629,23.357481,2018,Primary Transit,
k2-189 b,0.136,,2.588309,,K2-189,0.94,0.87,5519.0,243.93,203.621292,-15.036359,2018,Primary Transit,
k2-189 c,0.223,,6.679195,,K2-189,0.94,0.87,5519.0,243.93,203.621292,-15.036359,2018,Primary Transit,
k2-18 b,0.211,0.02807,32.939623,0.2,K2-18,0.36,0.41,3457.0,38.07,172.560455,7.588391,2015,Primary Transit,
k2-18 c,,,8.962,0.47,K2-18,0.36,0.41,3457.0,38.07,172.560455,7.588391,2017,Radial Velocity,
k2-190 b,0.121,,10.098858,,K2-190,0.9,0.91,5631.0,161.42,205.363495,-13.160896,2018,Primary Transit,
k2-190 c,0.098,,21.574023,,K2-190,0.9,0.91,5631.0,161.42,205.363495,-13.160896,2018,Primary Transit,
k2-191 b,0.141,,2.858646,,K2-191,0.9,0.84,5176.0,289.57,201.639175,-12.806568,2018,Primary Transit,
k2-192 b,0.136,,4.162817,,K2-192,0.9,0.81,5222.0,223.99,206.582275,-11.556253,2018,Primary Transit,
k2-193 b,0.352,,14.786889,,K2-193,1.01,0.98,5817.0,416.91,205.237061,-11.009296,2018,Primary Transit,
k2-194 b,0.325,,39.721386,,K2-194,1.11,1.28,5979.0,640.65,204.608932,-8.92715,2018,Primary Transit,
k2-195 b,0.279,,15.852975,,K2-195,0.94,0.99,5713.0,317.83,199.831512,-8.50948,2018,Primary Transit,
k2-195 c,0.23,,28.482786,,K2-195,0.94,0.99,5713.0,317.83,199.831512,-8.50948,2018,Primary Transit,
k2-196 b,0.321,,48.324222,,K2-196,1.16,1.54,6045.0,594.09,200.456345,-8.471721,2018,Primary Transit,
k2-197 ab,0.228,,8.357881,,K2-197 A,1.0,0.93,5667.0,249.59,202.393661,-7.374002,2018,Primary Transit,
k2-198 b,0.374,,17.0428683,,K2-198,0.8,0.76,5212.9,110.91,198.843811,-6.464886,2018,Primary Transit,
k2-198 c,0.127,,3.3596055,,K2-198,0.8,0.76,5212.9,110.91,198.843811,-6.464886,2019,Primary Transit,
k2-198 d,0.218,,7.4500177,,K2-198,0.8,0.76,5212.9,110.91,198.843811,-6.464886,2019,Primary Transit,
k2-199 b,0.1543,0.0217,3.2253993,0.02,K2-199,0.73,0.68,4648.0,107.97,208.901703,-6.136143,2018,Primary Transit,
k2-199 c,0.2543,0.039,7.3744897,0.03,K2-199,0.73,0.68,4648.0,107.97,208.901703,-6.136143,2018,Primary Transit,
k2-19 b,0.691,0.1019,7.9193,0.1,K2-19,0.93,0.86,5430.0,292.14,174.960312,0.603575,2015,Primary Transit,
k2-19 c,0.434,0.0393,11.906,0.1,K2-19,0.93,0.86,5430.0,292.14,174.960312,0.603575,2015,Primary Transit,
k2-19 d,0.102,0.031,2.50856,,K2-19,0.93,0.86,5430.0,292.14,174.960312,0.603575,2016,Primary Transit,
k2-200 ab,0.122,,2.849883,,K2-200 A,0.86,0.79,5233.0,185.09,202.251602,-4.610228,2018,Primary Transit,
k2-2016-blg-0005l b,,1.1,,,K2-2016-BLG-0005L,0.584,,,5200.0,269.879166677,-27.607500018,2022,Microlensing,
k2-201 b,0.125,,1.05979,,K2-201,0.96,0.88,5507.0,199.05,293.56073,-23.131035,2018,Primary Transit,
k2-201 c,0.293,,22.779878,,K2-201,0.96,0.88,5507.0,199.05,293.56073,-23.131035,2018,Primary Transit,
k2-202 ab,0.205,,3.405164,,K2-202 A,0.97,0.91,5406.0,300.397,283.264282,-22.407034,2018,Primary Transit,
k2-203 b,0.122,,9.695101,,K2-203,0.79,0.76,5000.0,166.93,12.773741,-1.195891,2018,Primary Transit,
k2-204 b,0.272,,7.055784,,K2-204,1.01,1.18,5755.0,586.87,17.382523,-0.51762,2018,Primary Transit,
k2-205 b,0.178,,26.672263,,K2-205,0.95,1.08,5890.0,409.95,15.217487,0.425996,2018,Primary Transit,
k2-206 ab,0.249,,18.294549,,K2-206 A,0.85,0.794,5066.0,244.443,11.256313,0.593257,2018,Primary Transit,
k2-207 b,0.232,,12.48749,,K2-207,0.94,0.93,5522.0,366.84,11.699704,0.640796,2018,Primary Transit,
k2-208 b,0.15,,4.190948,,K2-208,0.93,0.86,5582.0,258.76,20.779097,0.889177,2018,Primary Transit,
k2-209 b,0.077,,2.080615,,K2-209,0.74,0.71,4720.0,76.67,14.690681,1.383812,2018,Primary Transit,
k2-210 b,0.073,,0.570233,,K2-210,0.91,0.85,5396.0,177.39,17.640936,1.578266,2018,Primary Transit,
k2-211 b,0.123,,0.669558,,K2-211,0.88,0.804,5187.94,272.297,21.105953,1.704954,2018,Primary Transit,
k2-212 b,0.2364,,9.795635,,K2-212,0.67,0.65,4272.0,109.32,18.423407,3.096936,2018,Primary Transit,
k2-213 b,0.135,,8.13087,,K2-213,1.07,1.2,5794.0,394.05,13.140305,3.507705,2018,Primary Transit,
k2-214 b,0.217,,8.596802,,K2-214,1.05,1.27,5854.0,303.28,14.876077,4.227798,2018,Primary Transit,
k2-215 b,0.189,,8.269648,,K2-215,1.0,0.97,5704.0,408.67,18.470087,6.123902,2018,Primary Transit,
k2-216 b,0.156,0.02517,2.1748,0.0,K2-216,0.7,0.72,4503.0,115.84,11.480249,6.346971,2018,Primary Transit,
k2-217 b,0.319,,14.074524,,K2-217,1.1,1.33,5967.0,386.01,11.298392,6.481562,2018,Primary Transit,
k2-218 ab,0.229,,8.679885,,K2-218 A,1.02,1.058,5710.0,394.083,12.809659,6.84646,2018,Primary Transit,
k2-219 b,0.12,,3.901287,,K2-219,1.02,1.19,5753.0,328.42,12.845309,8.86764,2018,Primary Transit,
k2-219 c,0.128,,6.66767,,K2-219,1.02,1.19,5753.0,328.42,12.845309,8.86764,2018,Primary Transit,
k2-219 d,0.23,,11.137278,,K2-219,1.02,1.19,5753.0,328.42,12.845309,8.86764,2018,Primary Transit,
k2-21 b,0.164,0.00623,9.00315,0.1,K2-21,0.68,0.65,4222.06,83.85,340.30368,-14.488987,2015,Primary Transit,
k2-21 c,0.222,0.01561,15.0,0.21,K2-21,0.68,0.65,4222.06,83.85,340.30368,-14.488987,2015,Primary Transit,
k2-220 b,0.213,,13.683256,,K2-220,0.96,1.02,5660.0,234.92,12.769862,9.516806,2018,Primary Transit,
k2-221 b,0.15,,2.399094,,K2-221,1.01,0.95,5716.0,321.63,16.654982,10.189687,2018,Primary Transit,
k2-222 b,0.215,0.0179,15.3863,0.16,K2-222,1.0,1.09,6058.0,101.59,16.46228,11.753423,2018,Primary Transit,
k2-222 c,,,141.22,0.0,K2-222,1.0,1.09,6058.0,101.59,16.46228,11.753423,2026,Radial Velocity,
k2-223 b,0.079,,0.50565,,K2-223,1.06,0.99,5835.0,201.1,185.306152,-10.282037,2018,Primary Transit,
k2-223 c,0.14,,4.56327,,K2-223,1.06,0.99,5835.0,201.1,185.306152,-10.282037,2018,Primary Transit,
k2-224 b,0.139,,4.47904,,K2-224,0.91,0.84,5620.0,277.7,189.704086,-10.060654,2018,Primary Transit,
k2-224 c,0.215,,10.09489,,K2-224,0.91,0.84,5620.0,277.7,189.704086,-10.060654,2018,Primary Transit,
k2-225 b,0.311,,15.87209,,K2-225,1.27,1.7,5742.0,360.3,186.54129,-9.624804,2018,Primary Transit,
k2-226 b,0.137,,3.27108,,K2-226,0.88,0.91,5424.0,211.2,183.645752,-9.562642,2018,Primary Transit,
k2-227 b,0.149,,13.621832,,K2-227,0.95,0.89,5673.0,188.22,190.948471,-8.478236,2018,Primary Transit,
k2-228 bb,0.108,,2.69828,,K2-228 B,0.71,0.65,4715.0,142.4,187.294785,-6.834258,2018,Primary Transit,
k2-229 b,0.102,0.00815,0.58426,0.0,K2-229,0.87,0.79,5315.0,103.8,186.87326,-6.721861,2018,Primary Transit,
k2-229 c,0.181,0.067,8.32727,0.0,K2-229,0.87,0.79,5315.0,103.8,186.87326,-6.721861,2018,Primary Transit,
k2-229 d,0.2364,0.079,31.0,0.39,K2-229,0.87,0.79,5315.0,103.8,186.87326,-6.721861,2018,Primary Transit,
k2-22 ab,0.223,1.4,0.381078,,K2-22 A,0.6,0.57,3830.0,245.53,169.482819,2.61907,2015,Primary Transit,
k2-230 b,0.175,,2.86041,,K2-230,1.11,1.39,5945.0,548.9,191.363205,-6.576109,2018,Primary Transit,
k2-231 b,0.223,0.0227,13.841901,,K2-231,1.01,0.95,5695.0,295.0,289.091827,-15.771108,2018,Primary Transit,
k2-232 ab,1.0,0.398,11.168454,0.258,K2-232 A,1.19,1.16,6154.0,131.21,73.76651,18.654535,2018,Primary Transit,
k2-233 b,0.125,0.0104,2.46746,0.0,K2-233,0.8,0.74,4950.0,67.64,230.47998,-20.231684,2018,Primary Transit,
k2-233 c,0.119,,7.06142,0.0,K2-233,0.8,0.74,4950.0,67.64,230.47998,-20.231684,2018,Primary Transit,
k2-233 d,0.236,0.0261,24.3662,0.0,K2-233,0.8,0.74,4950.0,67.64,230.47998,-20.231684,2018,Primary Transit,
k2-236 b,0.514,0.085,19.49221,0.0,K2-236,1.17,1.39,6069.0,182.69,136.573975,19.402252,2018,Primary Transit,
k2-237 ab,1.642,1.236,2.1805577,0.0,K2-237 A,1.256,1.236,6180.0,315.0,253.76889,-28.710564,2018,Primary Transit,
k2-238 b,1.3,0.86,3.20466,0.0,K2-238,1.19,1.59,5630.0,453.0,347.704346,-7.857499,2018,Primary Transit,
k2-239 b,0.098,0.0044,5.24,,K2-239,0.4,0.36,3420.0,49.0,160.594299,4.441349,2018,Primary Transit,
k2-239 c,0.089,0.0028,7.775,,K2-239,0.4,0.36,3420.0,49.0,160.594299,4.441349,2018,Primary Transit,
k2-239 d,0.098,0.0041,10.115,,K2-239,0.4,0.36,3420.0,49.0,160.594299,4.441349,2018,Primary Transit,
k2-240 b,0.178,0.0157,6.034,,K2-240,0.58,0.54,3810.0,70.0,227.849609,-17.875217,2018,Primary Transit,
k2-240 c,0.161,0.0145,20.523,,K2-240,0.58,0.54,3810.0,70.0,227.849609,-17.875217,2018,Primary Transit,
k2-241 b,0.227,,26.8199,,K2-241,0.71,0.75,5262.0,149.6,181.239365,-6.804924,2018,Primary Transit,
k2-242 b,0.227,,6.51389,,K2-242,0.38,0.37,3459.0,109.6,179.835907,-6.517851,2018,Primary Transit,
k2-243 b,0.194,,11.54182,,K2-243,1.29,1.39,6570.0,269.2,181.121399,-4.899185,2018,Primary Transit,
k2-243 c,0.179,,24.94598,,K2-243,1.29,1.39,6570.0,269.2,181.121399,-4.899185,2018,Primary Transit,
k2-244 b,0.156,,21.06884,,K2-244,0.86,0.92,5677.0,214.0,183.468918,-3.831868,2018,Primary Transit,
k2-245 ab,0.387,,11.89307,,K2-245 A,0.83,1.25,5793.0,463.4,185.181686,-1.590889,2018,Primary Transit,
k2-246 b,0.311,,5.76918,,K2-246,0.87,0.94,5610.0,723.1,181.629715,-1.16056,2018,Primary Transit,
k2-247 ab,0.189,,2.25021,,K2-247 A,0.74,0.69,4667.0,260.2,188.893692,-10.069232,2018,Primary Transit,
k2-247 ac,0.195,,6.49424,,K2-247 A,0.74,0.69,4667.0,260.2,188.893692,-10.069232,2018,Primary Transit,
k2-248 b,0.229,,7.17256,,K2-248,0.88,0.92,5528.0,410.5,182.817245,-9.414005,2018,Primary Transit,
k2-249 ab,0.249,,12.409,,K2-249 A,1.32,1.57,6504.0,528.3,183.366669,-8.995114,2018,Primary Transit,
k2-24 b,0.50299,0.05978,20.88257,0.06,K2-24,1.091,1.185,5726.0,170.5,242.573715,-24.990332,2016,Primary Transit,
k2-24 c,0.7075,0.0516,42.34732,0.0282,K2-24,1.091,1.185,5726.0,170.5,242.573715,-24.990332,2016,Primary Transit,
k2-250 b,0.218,,4.01457,,K2-250,0.8,0.81,5172.0,417.6,185.031769,-8.975785,2018,Primary Transit,
k2-251 b,0.21,,9.30075,,K2-251,0.52,0.49,3717.0,147.7,190.689224,-8.53592,2018,Primary Transit,
k2-252 b,0.155,,13.81513,,K2-252,0.79,0.82,5152.0,229.9,182.366364,-8.30952,2018,Primary Transit,
k2-253 b,1.13,,4.00167,,K2-253,1.08,1.1,6027.0,901.8,186.085403,-6.378884,2018,Primary Transit,
k2-254 b,0.145,,4.09639,,K2-254,0.71,0.67,4629.0,229.4,185.550751,-4.717236,2018,Primary Transit,
k2-254 c,0.195,,12.11839,,K2-254,0.71,0.67,4629.0,229.4,185.550751,-4.717236,2018,Primary Transit,
k2-255 b,0.259,,1.96417,,K2-255,0.71,0.69,4676.0,192.4,189.912994,-3.370542,2018,Primary Transit,
k2-257 b,0.074,,1.60588,,K2-257,0.52,0.5,3725.0,64.1,188.278488,-1.953159,2018,Primary Transit,
k2-258 b,0.268,,19.0921,,K2-258,1.21,1.31,6351.0,675.2,187.631332,-1.16092,2018,Primary Transit,
k2-259 b,0.207,,15.48043,,K2-259,1.14,1.13,6059.0,422.1,186.802689,1.566849,2018,Primary Transit,
k2-25 b,0.306,0.0771,3.484552,0.27,K2-25,0.29,0.29,3180.0,45.01,63.273434,15.247763,2015,Primary Transit,
k2-260 ab,1.552,1.42,2.6266657,0.0,K2-260 A,1.39,1.69,6367.0,676.32,76.867325,16.867718,2018,Primary Transit,
k2-261 b,0.85,0.223,11.63344,0.42,K2-261,1.1,1.65,5537.0,214.58,163.032425,0.493352,2018,Primary Transit,
k2-263 b,0.215,0.0466,50.818947,,K2-263,0.88,0.85,5368.0,163.23,129.682388,15.680626,2018,Primary Transit,
k2-264 b,0.199,,5.840002,0.0,K2-264,0.5,0.47,3660.0,187.0,131.358566,19.698462,2018,Primary Transit,
k2-264 c,0.238,,19.660302,0.0,K2-264,0.5,0.47,3660.0,187.0,131.358566,19.698462,2018,Primary Transit,
k2-265 ab,0.153,0.02058,2.369172,0.084,K2-265 A,0.92,0.98,5477.0,139.22,342.031525,-14.494689,2018,Primary Transit,
k2-266 ab,0.294,0.0355,0.658524,,K2-266 A,0.68,0.7337,4362.0,77.5586,157.93544,0.937571,2018,Primary Transit,
k2-266 ac,0.063,0.00091,7.814,0.042,K2-266 A,0.68,0.7337,4362.0,77.5586,157.93544,0.937571,2018,Primary Transit,
k2-266 ad,0.261,0.028,14.697,0.047,K2-266 A,0.68,0.7337,4362.0,77.5586,157.93544,0.937571,2018,Primary Transit,
k2-266 ae,0.244,0.04499,19.482,0.043,K2-266 A,0.68,0.7337,4362.0,77.5586,157.93544,0.937571,2018,Primary Transit,
k2-267 ab,1.051,3.0,6.180235,,K2-267 A,1.34,1.74,6513.0,376.0,78.9197500136,16.2787416817,2018,Primary Transit,
k2-268 b,0.126,,2.151894,,K2-268,0.84,0.78,5068.0,331.46,133.709549,11.848265,2018,Primary Transit,
k2-268 c,0.24,,9.326841,,K2-268,0.84,0.78,5068.0,331.46,133.709549,11.848265,2018,Primary Transit,
k2-268 d,0.1329,,4.528598,,K2-268,0.84,0.78,5068.0,331.46,133.709549,11.848265,2019,Primary Transit,
k2-268 e,0.1187,,6.131243,,K2-268,0.84,0.78,5068.0,331.46,133.709549,11.848265,2021,Primary Transit,
k2-268 f,0.1989,,26.27057,,K2-268,0.84,0.78,5068.0,331.46,133.709549,11.848265,2019,Primary Transit,
k2-269 b,0.14,,4.144965,,K2-269,1.16,1.45,6209.0,362.07,130.155167,13.014676,2018,Primary Transit,
k2-26 b,0.238,,14.5665,,K2-26,0.56,0.52,3785.0,99.33,94.206581,24.596411,2016,Primary Transit,
k2-270 b,0.123,,1.543069,,K2-270,0.85,0.77,4877.0,283.53,131.266602,13.549833,2018,Primary Transit,
k2-270 c,0.263,,4.400028,,K2-270,0.85,0.77,4877.0,283.53,131.266602,13.549833,2018,Primary Transit,
k2-271 b,0.649,,8.562421,,K2-271,0.83,0.99,5644.0,571.47,125.223885,16.090946,2018,Primary Transit,
k2-272 b,0.26,,14.453533,,K2-272,0.81,0.81,5419.0,426.57,132.621124,17.542444,2018,Primary Transit,
k2-273 b,0.394,,11.716332,,K2-273,0.9,0.84,5200.0,310.6,129.777054,19.010023,2018,Primary Transit,
k2-274 b,0.196,,14.129714,,K2-274,0.81,0.74,5065.0,232.82,129.28244,20.399372,2018,Primary Transit,
k2-275 ab,0.2,,3.280961,,K2-275 A,0.772,0.735,4783.55,123.438,132.169891,20.455076,2018,Primary Transit,
k2-275 ac,0.209,,8.438756,,K2-275 A,0.772,0.735,4783.55,123.438,132.169891,20.455076,2018,Primary Transit,
k2-276 b,0.336,,18.718269,,K2-276,0.82,0.85,5139.0,489.88,125.952751,22.634024,2018,Primary Transit,
k2-277 b,0.185,,6.326763,,K2-277,1.02,0.97,5741.0,113.53,202.016632,-15.93782,2018,Primary Transit,
k2-278 b,0.266,,3.334966,,K2-278,1.4,1.61,6747.0,804.13,203.301773,-14.504056,2018,Primary Transit,
k2-279 b,0.108,,7.122605,,K2-279,0.79,0.86,5558.0,183.8,204.779724,-6.041594,2018,Primary Transit,
k2-27 bb,0.4,0.09722,6.771315,0.251,K2-27 B,0.89,0.8925,5231.0,249.645,171.515167,1.230738,2016,Primary Transit,
k2-280 b,0.684,0.1167,19.895202,0.35,K2-280,1.11,1.28,5742.0,396.9,291.595337,-22.247662,2018,Primary Transit,
k2-281 b,0.73,,8.687721,,K2-281,0.82,0.76,4812.0,466.11,16.22735,7.269234,2018,Primary Transit,
k2-282 b,0.252,,4.169836,,K2-282,0.92,0.967,5317.0,496.289,13.432017,7.995316,2018,Primary Transit,
k2-282 c,0.132,,0.70531,,K2-282,0.92,0.967,5317.0,496.289,13.432017,7.995316,2019,Primary Transit,
k2-282 d,0.232,,27.263595,,K2-282,0.92,0.967,5317.0,496.289,13.432017,7.995316,2020,Primary Transit,
k2-283 b,0.314,,1.921036,,K2-283,0.89,0.82,5060.0,408.24,13.194414,9.692924,2018,Primary Transit,
k2-284 b,0.248,,4.795069,0.078,K2-284,0.63,0.61,4140.0,107.6,79.140686,20.255108,2018,Primary Transit,
k2-285 b,0.231,0.03046,3.471745,0.0,K2-285,0.83,0.79,4975.0,155.65,349.384277,1.30029,2018,Primary Transit,
k2-285 c,0.315,0.04933,7.138048,0.0,K2-285,0.83,0.79,4975.0,155.65,349.384277,1.30029,2018,Primary Transit,
k2-285 d,0.221,0.02045,10.45582,0.0,K2-285,0.83,0.79,4975.0,155.65,349.384277,1.30029,2018,Primary Transit,
k2-285 e,0.174,0.03367,14.76289,0.0,K2-285,0.83,0.79,4975.0,155.65,349.384277,1.30029,2018,Primary Transit,
k2-286 b,0.187,0.0214,27.359,,K2-286,0.64,0.62,3926.0,76.32,233.369568,-16.773256,2018,Primary Transit,
k2-287 b,0.833,0.315,14.893291,0.478,K2-287,1.06,1.07,5695.0,159.05,233.074341,-22.358261,2018,Primary Transit,
k2-288 bb,0.152,,31.393463,,K2-288 B,0.33,0.32,3341.0,65.6138,55.44344476092725,18.26881022021178,2018,Primary Transit,
k2-289 b,0.812,0.1529,13.156969,,K2-289,0.95,1.02,5529.0,270.7,246.643036,-15.792386,2019,Primary Transit,
k2-28 b,0.207,,2.260455,0.0,K2-28,0.26,0.29,3214.0,63.11,335.62439,-7.955366,2016,Primary Transit,
k2-290 ab,0.273,0.0343,9.21165,0.0,K2-290 A,1.19,1.51,6302.0,272.909,234.857773,-20.198818,2019,Primary Transit,
k2-290 ac,1.006,0.774,48.36685,0.0,K2-290 A,1.19,1.51,6302.0,272.909,234.857773,-20.198818,2019,Primary Transit,
k2-291 b,0.142,0.02042,2.225177,0.0,K2-291,0.93,0.9,5520.0,90.29,76.445793,21.54863,2019,Primary Transit,
k2-292 b,0.235,0.07709,16.9841,0.04,K2-292,1.0,1.09,5725.0,114.29,205.376266,-9.946078,2019,Primary Transit,
k2-293 b,0.219,,13.1225,,K2-293,0.96,0.95,5532.0,396.64,351.606354,-6.027876,2019,Primary Transit,
k2-294 b,0.148,,2.50387,,K2-294,0.99,1.2,5612.0,377.04,352.051666,-7.60369,2019,Primary Transit,
k2-295 b,0.897,0.335,4.024867,0.0,K2-295,0.74,0.7,4444.0,225.7,19.6099,6.816871,2018,Primary Transit,
k2-296 b,0.167,,28.1656,,K2-296,0.41,,,159.98,179.705933,-3.389389,2019,Primary Transit,
k2-297 b,0.062,,2.13174,,K2-297,0.78,,,254.88,168.936646,0.488114,2019,Primary Transit,
k2-298 b,0.093,,4.1698,,K2-298,0.8,0.63,5053.0,441.94,175.206772,6.134857,2019,Primary Transit,
k2-299 b,0.152,,4.50756,,K2-299,0.93,0.847,5759.0,369.888,331.277222,-14.121665,2019,Primary Transit,
k2-299 c,0.125,,0.911724,,K2-299,0.93,0.847,5759.0,369.888,331.277222,-14.121665,2021,Primary Transit,
k2-299 d,0.232,,14.647531,,K2-299,0.93,0.847,5759.0,369.888,331.277222,-14.121665,2021,Primary Transit,
k2-29 ab,1.19,0.73,3.2588321,0.066,K2-29 A,0.935,0.817,5387.06,178.475,62.670647,24.402042,2016,Primary Transit,
k2-300 b,0.09,,2.87814,,K2-300,0.361,0.3734,3489.0,161.365,341.240692,-13.900921,2019,Primary Transit,
k2-301 b,0.145,,5.29711,,K2-301,0.63,0.6737,4055.0,451.769,337.51358,-13.610113,2019,Primary Transit,
k2-301 c,0.107,,0.354884,,K2-301,0.63,0.6737,4055.0,451.769,337.51358,-13.610113,2021,Primary Transit,
k2-302 b,0.08,,2.25372,,K2-302,0.221,0.25,3467.0,109.888,335.094818,-9.509531,2019,Primary Transit,
k2-302 c,0.0856,,0.623232,,K2-302,0.221,0.25,3467.0,109.888,335.094818,-9.509531,2016,Primary Transit,
k2-302 d,0.098,,2.909219,,K2-302,0.221,0.25,3467.0,109.888,335.094818,-9.509531,2020,Primary Transit,
k2-303 b,0.086,,1.58252,,EPIC 206317286,0.71,,,317.2,337.617584,-7.972406,2019,Primary Transit,
k2-303 c,0.18682,,17.515472,,EPIC 206317286,0.71,,,317.2,337.617584,-7.972406,2022,Primary Transit,
k2-304 b,0.118,,2.28943,,K2-304,0.83,0.8,5171.0,418.395,207.206223,-17.609905,2019,Primary Transit,
k2-304 c,0.2025,,5.213965,,K2-304,0.83,0.8,5171.0,418.395,207.206223,-17.609905,2016,Primary Transit,
k2-305 b,0.194,,18.0983,,K2-305,1.08,1.218,5915.0,611.804,202.331421,-14.359463,2019,Primary Transit,
k2-306 b,0.143,,34.885,,K2-306,0.85,0.752,5079.0,285.61,202.48877,-12.734723,2019,Primary Transit,
k2-307 b,0.1,,15.2841,,K2-307,0.99,0.98,6004.0,320.07,205.444702,-10.862432,2019,Primary Transit,
k2-307 c,0.207,,23.228555,,K2-307,0.99,0.98,6004.0,320.07,205.444702,-10.862432,2016,Primary Transit,
k2-308 b,0.884,0.025,3.38628,,K2-308,1.09,1.24,6100.0,,78.339134,16.414202,2019,Primary Transit,
k2-309 ab,0.8788,0.0425,24.14041,0.29,K2-309 A,1.1,1.305,4970.0,108.5,61.33333334,20.157222231,2019,Primary Transit,
k2-309 ac,0.0428,0.053,8.24872,0.43,K2-309 A,1.1,1.305,4970.0,108.5,61.33333334,20.157222231,2019,Primary Transit,
k2-309 ad,0.5656,0.019,12.40214,0.21,K2-309 A,1.1,1.305,4970.0,108.5,61.33333334,20.157222231,2019,Primary Transit,
k2-309 ae,0.848,0.0334,46.768131,0.57,K2-309 A,1.1,1.305,4970.0,108.5,61.33333334,20.157222231,2019,Primary Transit,
k2-30 b,1.039,0.579,4.098503,0.0,K2-30,0.9,0.84,5425.0,336.26,52.341961,22.299404,2016,Primary Transit,
k2-310 b,0.231,0.02907,13.603,0.2,K2-310,0.69,0.673,4581.0,336.25,204.221695,-7.318144,2019,Primary Transit,
k2-310 c,0.24,0.0303,65.55,,K2-310,0.69,0.673,4581.0,336.25,204.221695,-7.318144,2019,Primary Transit,
k2-311 b,1.11,,3650.0,,K2-311,0.9,2.7,4898.0,560.0,159.389250011,11.8427222464,2018,Primary Transit,
k2-314 b,0.174,0.02753,3.5951,0.06,EPIC 249893012,1.05,1.71,5430.0,324.7,228.25,-16.724722243,2020,Primary Transit,
k2-314 c,0.3274,0.04616,15.624,0.07,EPIC 249893012,1.05,1.71,5430.0,324.7,228.25,-16.724722243,2020,Primary Transit,
k2-314 d,0.3515,0.03203,35.747,0.15,EPIC 249893012,1.05,1.71,5430.0,324.7,228.25,-16.724722243,2020,Primary Transit,
k2-315 b,0.085,,3.1443189,,K2-315,0.174,0.196,3300.0,56.9686,228.021652,-20.108528,2020,Primary Transit,
k2-316 b,0.119,,1.133,,K2-316,0.41,0.38,3436.0,112.84,233.624756,-23.259212,2020,Primary Transit,
k2-316 c,0.163,,5.26,,K2-316,0.41,0.38,3436.0,112.84,233.624756,-23.259212,2020,Primary Transit,
k2-317 b,0.261,,6.22,,K2-317,0.4,0.38,3387.0,177.08,228.619278,-21.022715,2020,Primary Transit,
k2-318 b,0.148,,7.01,,K2-318,0.56,0.55,3851.0,148.49,232.446381,-17.557276,2020,Primary Transit,
k2-319 ab,0.249,,26.68,,K2-319 A,0.95,0.9,5440.0,210.56,166.801025,3.040031,2020,Primary Transit,
k2-31 ab,1.06,1.774,1.25785,0.0,K2-31 A,0.922,1.029,5340.0,110.527,245.440837515,-23.547866689,2016,Primary Transit,
k2-320 b,0.234,,1.995,,K2-320,0.12,0.3,3157.0,109.07,163.252151,5.306635,2020,Primary Transit,
k2-321 b,0.174,7.8,2.298,,K2-321,0.6,0.58,3855.0,77.86,156.405273,2.514349,2020,Primary Transit,
k2-322 b,0.171,,8.205,,K2-322,0.63,0.6,4141.0,123.86,156.622757,4.764019,2020,Primary Transit,
k2-323 b,0.187,,24.93,,K2-323,0.48,0.55,3710.0,118.72,159.421021,6.285933,2020,Primary Transit,
k2-324 b,0.217,,3.262,,K2-324,0.52,0.51,3752.0,137.18,157.622284,6.863706,2020,Primary Transit,
k2-325 b,0.196,,6.93,,K2-325,0.27,0.3,3287.0,111.98,353.916931,-7.68656,2020,Primary Transit,
k2-326 b,0.203,,1.256,,K2-326,0.51,0.69,3924.0,284.58,351.612152,1.337557,2020,Primary Transit,
k2-327 b,0.09341,,6.7987,0.0,K2-327,0.287,0.282,3648.0,134.0,170.141666678,-4.806944466,2020,Primary Transit,
k2-328 b,0.08101,,2.0478,0.0,K2-328,0.727,0.655,4520.0,577.6,173.937500015,4.616388914,2020,Primary Transit,
k2-329 ab,0.774,0.26,12.4551225,0.0697,K2-329 A,0.901,0.822,5282.0,230.4,351.133333344,-5.164166681,2020,Primary Transit,
k2-32 ab,0.443,0.047,8.991828,0.03,K2-32 A,0.86,0.84,5315.0,158.39,252.426086,-19.542822,2016,Primary Transit,
k2-32 ac,0.244,0.0255,20.66186,0.049,K2-32 A,0.86,0.84,5315.0,158.39,252.426086,-19.542822,2016,Primary Transit,
k2-32 ad,0.292,0.0211,31.7142,0.05,K2-32 A,0.86,0.84,5315.0,158.39,252.426086,-19.542822,2016,Primary Transit,
k2-32 ae,0.09,0.0066,4.34882,0.043,K2-32 A,0.86,0.84,5315.0,158.39,252.426086,-19.542822,2019,Primary Transit,
k2-330 b,0.2471,,13.774798,,K2-330,1.23,1.5,6232.0,160.125,126.89691666666668,11.66747222222222,2016,Primary Transit,
k2-331 b,0.1597,,9.398977,,K2-331,1.1,1.06,5994.0,211.43,132.73766666666668,13.17035472222222,2021,Primary Transit,
k2-331 c,0.2427,,22.996591,,K2-331,1.1,1.06,5994.0,211.43,132.73766666666668,13.17035472222222,2018,Primary Transit,
k2-332 b,0.196,,17.70632,,K2-332,0.27,0.28,3315.0,123.202,135.88333333333333,14.250544444444444,2016,Primary Transit,
k2-333 b,0.5513,,14.759287,,K2-333,1.06,1.22,6177.0,,136.78929166666666,15.205722222222224,2018,Primary Transit,
k2-334 b,0.5041,,5.113981,,K2-334,1.36,1.49,6224.0,371.823,136.48945833333332,16.325552777777776,2018,Primary Transit,
k2-335 b,0.1972,,12.283211,,K2-335,1.23,1.33,6222.0,557.993,129.38970833333332,16.5221,2016,Primary Transit,
k2-336 b,0.1088,,21.194733,,K2-336,0.86,0.8,5424.0,239.289,133.83804166666667,16.794180555555556,2021,Primary Transit,
k2-337 b,0.2337,,16.273563,,K2-337,0.94,1.32,5869.0,421.636,127.76116666666668,16.900572222222223,2016,Primary Transit,
k2-338 b,0.0919,,3.850614,,K2-338,0.66,0.63,4558.0,156.951,124.36108333333333,17.02436388888889,2016,Primary Transit,
k2-339 b,0.1713,,19.507428,,K2-339,0.74,0.72,4857.0,360.36,130.08254166666666,18.69291388888889,2019,Primary Transit,
k2-33 b,0.45,3.7,5.424865,0.0,K2-33,0.56,1.05,3540.0,139.8,242.561401,-19.319273,2016,Primary Transit,
k2-340 b,0.2998,,29.740451,,K2-340,0.93,1.13,5532.0,738.136,127.93733333333331,19.074666666666666,2016,Primary Transit,
k2-341 b,0.2864,,36.552551,,K2-341,0.98,1.16,5817.0,421.408,130.49725,19.91661111111111,2018,Primary Transit,
k2-342 b,0.1811,,11.561052,,K2-342,1.01,1.09,5920.0,208.357,133.12170416666666,21.239007722222222,2018,Primary Transit,
k2-343 ab,0.1472,,2.787174,,K2-343 A,0.49,0.46,3804.0,166.169,134.20220833333332,21.50267277777778,2019,Primary Transit,
k2-343 ac,0.1802,,7.676972,,K2-343 A,0.49,0.46,3804.0,166.169,134.20220833333332,21.50267277777778,2018,Primary Transit,
k2-344 b,0.1419,,3.35585,,K2-344,0.51,0.49,4374.0,75.1691,136.361425,21.6687,2018,Primary Transit,
k2-345 b,0.1856,,10.367437,,K2-345,0.56,0.52,3779.0,162.408,132.70783333333333,21.78912055555556,2016,Primary Transit,
k2-346 b,0.2016,,26.201446,,K2-346,0.71,0.7,4801.0,105.58,125.987075,22.66303805555556,2016,Primary Transit,
k2-347 b,0.215,,7.187257,,K2-347,0.66,0.63,4599.0,320.336,126.37291666666668,23.297375,2016,Primary Transit,
k2-348 b,0.2908,,4.688418,,K2-348,0.83,0.85,5077.0,201.856,130.87833333333333,24.423104444444444,2018,Primary Transit,
k2-348 c,0.2382,,12.550171,,K2-348,0.83,0.85,5077.0,201.856,130.87833333333333,24.423104444444444,2018,Primary Transit,
k2-349 b,0.1231,,9.032178,,K2-349,0.54,0.49,4385.0,453.567,199.09970833333333,-14.44462777777778,2016,Primary Transit,
k2-34 b,1.245,1.78,2.995633,0.0,K2-34,1.15,1.44,6071.0,352.34,127.578773,22.235909,2016,Primary Transit,
k2-350 ab,0.1374,,4.163873,,K2-350 A,0.98,1.04,5789.0,489.368,204.0355833333333,-14.009225,2021,Primary Transit,
k2-350 ac,0.2444,,19.991944,,K2-350 A,0.98,1.04,5789.0,489.368,204.0355833333333,-14.009225,2016,Primary Transit,
k2-351 b,0.2266,,7.806164,,K2-351,1.02,1.05,5769.0,694.734,206.65229166666663,-11.804963888888889,2021,Primary Transit,
k2-352 b,0.17,,8.23,,K2-352,,,,,140.445833349,18.469444456,2018,Primary Transit,
k2-352 c,0.196,,14.87,,K2-352,,,,,140.445833349,18.469444456,2018,Primary Transit,
k2-352 d,0.1713,,3.665912,,K2-352,,,,,140.445833349,18.469444456,2022,Primary Transit,
k2-353 ab,0.4951,,15.466805,,K2-353 A,0.87,0.99,5698.0,268.515,201.617,-2.281883333333333,2021,Primary Transit,
k2-354 b,0.1392,,3.793306,,K2-354,0.43,0.41,3669.0,90.937,129.129166677,10.147222236,2016,Primary Transit,
k2-355 b,0.2007,,5.7385647,,K2-355,0.96,0.92,5790.0,500.497,124.642625,13.50282222222222,2022,Primary Transit,
k2-356 b,0.2043,,21.0267366,,K2-356,0.9,0.86,5568.0,355.54,128.32183333333333,13.661469444444444,2022,Primary Transit,
k2-357 b,0.3319,,16.3488637,,K2-357,0.98,1.0,5794.0,517.687,131.93866666666668,16.32892777777778,2022,Primary Transit,
k2-358 b,0.2391,,11.2510285,,K2-358,0.93,0.91,5650.0,480.307,133.80820833333334,18.949775,2022,Primary Transit,
k2-359 b,0.134,,0.72091,,K2-359,0.93,1.087,5382.73,706.391,184.60220833333327,-0.5513055555555556,2021,Primary Transit,
k2-35 b,0.118,,2.399964,0.13,K2-35,0.7,0.62,4402.71,254.43,170.103088,1.285956,2016,Primary Transit,
k2-35 c,0.172,,5.608352,0.12,K2-35,0.7,0.62,4402.71,254.43,170.103088,1.285956,2016,Primary Transit,
k2-360 b,0.13962,0.02413,0.87724,,K2-360,1.018,0.99,5711.17,232.1,183.72033333333331,1.9682722222222224,2018,Primary Transit,
k2-360 c,,,9.79692,0.13,K2-360,1.018,0.99,5711.17,232.1,183.72033333333331,1.9682722222222224,2024,Radial Velocity,
k2-361 b,0.107,,0.578657,,K2-361,1.0,0.912,5627.0,561.929,210.63775,-10.02374722222222,2021,Primary Transit,
k2-361 c,0.205,,11.811437,,K2-361,1.0,0.912,5627.0,561.929,210.63775,-10.02374722222222,2021,Primary Transit,
k2-362 b,0.0883,,0.762406,,K2-362,0.95,0.89,5620.0,624.512,16.761416666666666,6.5888277777777775,2021,Primary Transit,
k2-363 b,0.098,,0.728113,,K2-363,0.418,0.4239,3506.0,150.124,189.57533333333333,-5.244669444444445,2018,Primary Transit,
k2-365 b,0.25926,0.02722,23.448172,,K2-365,0.982,1.057,5568.0,187.222,238.81975,-21.026877777777777,2022,Primary Transit,
k2-366 b,0.21046,0.01995,15.937039,,K2-366,0.825,0.94,5601.0,185.947,243.68008333333333,-19.346594444444445,2022,Primary Transit,
k2-367 b,0.21528,0.02036,20.645099,,K2-367,0.756,0.625,4348.0,176.965,337.858875,-13.264630555555556,2022,Primary Transit,
k2-368 b,0.13266,,5.02629,,K2-368,0.746,0.663,4663.0,206.608,332.637500011,-11.166111127,2022,Primary Transit,
k2-368 c,0.19021,,20.2009,,K2-368,0.746,0.663,4663.0,206.608,332.637500011,-11.166111127,2022,Primary Transit,
k2-368 d,0.13855,,9.65869,,K2-368,0.746,0.663,4663.0,206.608,332.637500011,-11.166111127,2022,Primary Transit,
k2-369 b,0.11714,0.0069,5.761612,,K2-369,0.735,0.881,5682.0,185.55,329.7260833333333,-10.875072222222222,2022,Primary Transit,
k2-36 bb,0.128,0.01227,1.422614,0.0,K2-36 B,0.769,0.754,4772.39,109.749,169.449066,3.866393,2016,Primary Transit,
k2-36 bc,0.2783,0.02454,5.3410507,0.0,K2-36 B,0.769,0.754,4772.39,109.749,169.449066,3.866393,2016,Primary Transit,
k2-370 b,0.2248,0.0349,2.1408091,0.31,K2-370,0.984,0.971,5377.0,144.2,67.82066666666667,19.831805555555555,2022,Primary Transit,
k2-371 b,1.16,4.71,3.114905,,K2-371,0.958,0.736,4925.0,442.813,128.067125,11.630719444444445,2022,Primary Transit,
k2-372 b,0.26274,0.0289,9.844077,,K2-372,0.847,0.922,5479.0,463.88,130.7988333333333,13.009591666666669,2022,Primary Transit,
k2-373 b,0.18387,0.0162,11.02066,,K2-373,1.099,1.53,5980.0,229.567,123.136125,13.688461111111112,2022,Primary Transit,
k2-374 b,0.14212,0.01139,4.521953,,K2-374,1.04,0.929,5786.0,359.439,137.3795,16.355833333333333,2022,Primary Transit,
k2-374 c,0.19743,0.01797,16.43445,,K2-374,1.04,0.929,5786.0,359.439,137.3795,16.355833333333333,2022,Primary Transit,
k2-375 b,0.20011,0.01834,14.453895,,K2-375,1.05,1.548,5826.0,696.1,130.50133333333332,20.3593,2022,Primary Transit,
k2-376 ab,0.15488,0.0129,5.776475,,K2-376 A,1.124,1.133,6044.0,161.61,132.71933333333334,25.038083333333333,2022,Primary Transit,
k2-377 b,0.15104,0.01237,12.832235,,K2-377,0.674,0.698,4314.0,195.149,202.897875,12.09511388888889,2022,Primary Transit,
k2-378 b,0.2569,0.02838,2.060438,,K2-378,0.923,0.732,4823.0,687.973,205.15966666666668,-11.117233333333331,2022,Primary Transit,
k2-379 b,0.19458,0.01759,8.777247,,K2-379,0.856,0.751,4603.0,182.207,283.03175,-27.18072777777778,2022,Primary Transit,
k2-37 b,0.144,,4.44117,,K2-37,0.9,0.85,5413.0,180.86,243.451004,-24.787062,2016,Primary Transit,
k2-37 c,0.245,,6.42904,,K2-37,0.9,0.85,5413.0,180.86,243.451004,-24.787062,2016,Primary Transit,
k2-37 d,0.244,,14.09189,,K2-37,0.9,0.85,5413.0,180.86,243.451004,-24.787062,2016,Primary Transit,
k2-380 ab,0.24347,0.02504,9.401312,,K2-380 A,0.993,1.32,5911.0,249.303,283.434625,-26.53873055555556,2022,Primary Transit,
k2-381 b,0.1981,,16.0343,,K2-381,0.754,0.675,4473.0,145.701,288.025000002,-21.007500006,2022,Primary Transit,
k2-381 c,0.08886,,7.9388,,K2-381,0.754,0.675,4473.0,145.701,288.025000002,-21.007500006,2022,Primary Transit,
k2-381 d,0.15033,,26.8054,,K2-381,0.754,0.675,4473.0,145.701,288.025000002,-21.007500006,2003,Primary Transit,
k2-382 b,0.18485,0.0162,,,K2-382,0.922,0.811,5452.0,278.412,287.4125416666667,-19.626933333333334,2022,Primary Transit,
k2-383 b,0.13953,0.01026,1.865962,,K2-383,1.061,0.804,5129.0,203.788,282.00875,-18.37958055555556,2022,Primary Transit,
k2-384 b,0.09599,,2.231527,,K2-384,0.33,0.348,3623.0,82.6603,20.5,0.750833349,2022,Primary Transit,
k2-384 c,0.10625,,4.194766,,K2-384,0.33,0.348,3623.0,82.6603,20.5,0.750833349,2022,Primary Transit,
k2-384 d,0.12419,,6.679582,,K2-384,0.33,0.348,3623.0,82.6603,20.5,0.750833349,2022,Primary Transit,
k2-384  e,0.11999,,9.715043,,K2-384,0.33,0.348,3623.0,82.6603,20.5,0.750833349,2022,Primary Transit,
k2-384 f,0.19824,,13.62749,,K2-384,0.33,0.348,3623.0,82.6603,20.5,0.750833349,2022,Primary Transit,
k2-385 b,0.1373,0.0101,2.380867,,K2-385,0.927,0.761,4844.0,420.819,12.614083333333332,5.871255555555556,2022,Primary Transit,
k2-386 ab,0.207,0.01954,7.473223,,K2-386 A,0.911,0.97,5749.0,428.785,18.3,7.013030555555556,2022,Primary Transit,
k2-387 b,0.65323,0.14303,28.735327,,K2-387,0.57,0.585,3572.0,266.318,19.44183333333333,11.368491666666667,2022,Primary Transit,
k2-388 b,0.3265,0.0412,6.339069,,K2-388,0.842,0.897,5367.0,290.495,352.71391666666665,-11.077355555555556,2022,Primary Transit,
k2-389 b,0.19484,0.01778,8.584043,,K2-389,0.802,1.084,5782.0,259.208,355.6304166666667,-9.713580555555556,2022,Primary Transit,
k2-389 c,0.182,0.01655,20.851337,,K2-389,0.802,1.084,5782.0,259.208,355.6304166666667,-9.713580555555556,2022,Primary Transit,
k2-38 b,0.17,0.06,4.01593,0.197,K2-38,1.054,1.141,5705.0,192.69,240.033585,-23.189287,2016,Primary Transit,
k2-38 c,0.216,0.03115,10.56103,0.161,K2-38,1.054,1.141,5705.0,192.69,240.033585,-23.189287,2016,Primary Transit,
k2-390 b,0.41625,0.06364,3.312792,,K2-390,0.966,0.789,5558.0,456.122,355.702375,-9.588711111111111,2022,Primary Transit,
k2-391 b,0.12231,0.00783,4.622654,,K2-391,0.757,0.566,5543.0,507.94,356.226,-7.701513888888889,2022,Primary Transit,
k2-392 b,0.165,0.014,15.398723,,K2-392,0.841,1.058,5726.0,406.985,354.64975,-7.478858333333333,2022,Primary Transit,
k2-393 b,0.20983,0.01995,10.413181,,K2-393,0.881,1.071,5678.0,265.914,348.515875,-0.0821916666666666,2022,Primary Transit,
k2-394 b,0.15095,0.01237,5.095717,,K2-394,0.66,0.704,4197.0,98.0152,71.10983333333333,16.51867777777778,2022,Primary Transit,
k2-395 b,0.23169,0.02404,4.803352,,K2-395,0.952,0.783,5007.0,286.727,70.44383333333333,16.674441666666667,2022,Primary Transit,
k2-395 c,0.30288,0.03716,8.491282,,K2-395,0.952,0.783,5007.0,286.727,70.44383333333333,16.674441666666667,2022,Primary Transit,
k2-396 b,0.14087,0.0107,0.673862,,K2-396,0.954,0.92,5236.0,274.864,74.69283333333334,17.26922777777778,2022,Primary Transit,
k2-396 c,0.27871,0.0315,25.76051,,K2-396,0.954,0.92,5236.0,274.864,74.69283333333334,17.26922777777778,2022,Primary Transit,
k2-397 b,0.21563,0.02121,3.572326,,K2-397,0.937,0.966,5387.0,199.354,79.95154166666667,21.259197222222223,2022,Primary Transit,
k2-398 b,0.20287,0.01913,6.393025,,K2-398,0.945,1.239,5946.0,606.992,161.73504166666666,1.9367027777777777,2022,Primary Transit,
k2-398 c,0.45482,0.07366,18.787839,,K2-398,0.945,1.239,5946.0,606.992,161.73504166666666,1.9367027777777777,2022,Primary Transit,
k2-39 b,0.56,0.09,4.60543,0.0,K2-39,0.66,2.97,4881.0,310.14,338.368378,-9.022769,2016,Primary Transit,
k2-3 b,0.194,0.02039,10.054626,0.0,K2-3,0.6,0.56,3896.0,45.0,172.334946,-1.454787,2015,Primary Transit,
k2-3 c,0.165,0.00673,24.646582,0.0,K2-3,0.6,0.56,3896.0,45.0,172.334946,-1.454787,2015,Primary Transit,
k2-3 d,0.135,0.00881,44.55646,0.0,K2-3,0.6,0.56,3896.0,45.0,172.334946,-1.454787,2015,Primary Transit,
k2-400 b,0.10376,0.00519,3.865053,,K2-400,0.374,0.382,3578.0,62.3804,154.51133333333334,3.696783333333333,2022,Primary Transit,
k2-401 b,0.2018,0.01834,6.293099,,K2-401,0.676,0.68,4328.0,200.727,154.9875,3.955161111111111,2022,Primary Transit,
k2-402 b,0.23892,0.0245,17.27474,,K2-402,0.944,1.28,5716.0,523.055,161.451875,6.419397222222222,2022,Primary Transit,
k2-403 b,0.47578,0.07838,33.589979,,K2-403,0.784,0.886,5511.0,246.599,164.18954166666666,9.673961111111112,2022,Primary Transit,
k2-404 b,0.2257,0.02306,13.115365,,K2-404,0.552,0.552,3748.0,121.63,160.325,12.191241666666668,2022,Primary Transit,
k2-405 b,0.40762,0.05862,3.435471,,K2-405,1.034,0.765,4927.0,197.234,164.37616666666668,12.535633333333331,2022,Primary Transit,
k2-406 ab,0.41057,0.06305,22.549406,,K2-406 A,1.01,0.9688,5666.0,85.3751,230.8873333333333,-25.370741666666667,2022,Primary Transit,
k2-407 b,0.11446,0.00664,4.941907,,K2-407,0.881,0.927,5563.0,218.376,232.5554583333333,-23.00675833333333,2022,Primary Transit,
k2-407 c,0.1213,0.00783,9.22453,,K2-407,0.881,0.927,5563.0,218.376,232.5554583333333,-23.00675833333333,2022,Primary Transit,
k2-408 b,0.14961,0.01224,20.978959,,K2-408,0.813,0.784,5335.0,162.306,227.9172625,-17.68413333333333,2022,Primary Transit,
k2-409 b,0.22143,0.02121,1.908084,,K2-409,1.0,1.275,5644.0,431.031,228.455,-16.35123888888889,2022,Primary Transit,
k2-411 b,0.088305,,3.2141,,K2-411,1.018,1.375,5711.0,296.219,58.004166667,19.391111125,2022,Primary Transit,
k2-412 b,0.18878,,5.9382,,K2-412,0.893,0.977,5590.0,654.085,76.262500001,21.5802778,2022,Primary Transit,
k2-413 b,0.067794,,0.8094,,K2-413,0.808,0.7,4116.0,292.52,353.4175983593766,-7.6119318197909935,2022,Primary Transit,
k2-413 c,0.109975,,5.3301,,K2-413,0.808,0.7,4116.0,292.52,353.4175983593766,-7.6119318197909935,2022,Primary Transit,
k2-414 b,0.10875,,4.3696,,K2-414,0.814,0.732,4343.0,260.036,351.637500011,-4.606666684,2022,Primary Transit,
k2-414 c,0.172068,,6.669,,K2-414,0.814,0.732,4343.0,260.036,351.637500011,-4.606666684,2022,Primary Transit,
k2-415 b,0.09055,0.009,4.0179694,0.03,K2-415,0.1635,0.1965,3173.0,21.8043,137.204166683,11.861388915,2023,Primary Transit,
k2-416 b,0.241,0.023,10.1,,K2-416,,,,,349.220833351,-5.201388894,2023,Primary Transit,
k2-417 b,0.2837,0.0299,8.3,,K2-417,,,,,350.141666678,-10.035833336,2023,Primary Transit,
k2-418 b,0.2079,0.0327,16.141132,0.23,K2-418,0.97,1.0,5868.0,121.97,186.487500019,-1.404722234,2023,Primary Transit,
k2-419 ab,0.941,0.617,20.35847252,0.042,K2-419 A,0.562,0.541,3711.0,263.8,135.01980898566,13.2738224756,2024,Primary Transit,
k2-42 b,0.192,,6.68796,,K2-42,0.7,0.64,4613.0,401.36,176.665726,-5.171913,2016,Primary Transit,
k2-43 b,0.402,,3.471149,,K2-43,0.57,0.54,3840.6,183.48,169.117142,-3.97544,2016,Primary Transit,
k2-43 c,0.216,,2.198884,,K2-43,0.57,0.54,3840.6,183.48,169.117142,-3.97544,2019,Primary Transit,
k2-44 b,0.245,0.0379,5.65639,0.12,K2-44,1.15,1.58,5912.0,483.19,174.011627,-2.520881,2016,Primary Transit,
k2-45 b,0.599,,1.7292684,,K2-45,0.5,0.45,4103.0,502.34,169.632874,-1.77413,2016,Primary Transit,
k2-46 b,0.183,,19.1541,,K2-46,0.96,1.29,6256.0,454.93,174.266342,-0.907261,2016,Primary Transit,
k2-47 b,0.169,,31.6372,,K2-47,0.75,0.76,5054.0,353.38,168.582596,2.780711,2016,Primary Transit,
k2-48 b,0.2,,20.5065,,K2-48,0.77,0.73,4899.0,316.61,176.12355,3.272425,2016,Primary Transit,
k2-49 b,0.172,,2.77065,,K2-49,0.51,0.45,4175.0,463.06,177.320206,3.475569,2016,Primary Transit,
k2-4 b,0.187,,10.003417,0.08,K2-4,0.64,0.684,4120.0,231.828,174.745636,-3.905585,2015,Primary Transit,
k2-50 b,0.142,,8.7529,,K2-50,0.61,,,259.33,169.483627,5.988378,2016,Primary Transit,
k2-50 c,0.089,,3.96151,,K2-50,0.61,,,259.33,169.483627,5.988378,2019,Primary Transit,
k2-52 b,1.606,0.4046,3.535055,,K2-52,1.69,2.19,7147.0,1041.7,246.61142,-24.969948,2016,Primary Transit,
k2-53 b,0.232,0.0289,12.20772,,K2-53,0.85,0.81,5263.0,139.1,244.141815,-20.400534,2016,Primary Transit,
k2-54 bb,0.103,,9.7843,,K2-54 B,0.617,0.637,3996.0,175.84,338.054199,-17.543995,2016,Primary Transit,
k2-55 b,0.341,0.138,2.849258,0.124,K2-55,0.7,0.63,4456.0,160.26,333.751923,-17.250708,2016,Primary Transit,
k2-57 b,0.187,,9.0063,,K2-57,0.68,0.62,4434.0,266.23,342.691711,-14.069886,2016,Primary Transit,
k2-58 b,0.239,,7.05254,,K2-58,0.89,0.86,5413.0,182.69,333.821808,-14.049808,2016,Primary Transit,
k2-58 c,0.145,,2.53726,,K2-58,0.89,0.86,5413.0,182.69,333.821808,-14.049808,2016,Primary Transit,
k2-58 d,0.153,,22.8827,,K2-58,0.89,0.86,5413.0,182.69,333.821808,-14.049808,2016,Primary Transit,
k2-59 b,0.215,,20.6921,,K2-59,0.77,0.73,5055.0,314.09,338.942352,-14.027745,2016,Primary Transit,
k2-59 c,0.205,,11.2954,,K2-59,0.77,0.73,5055.0,314.09,338.942352,-14.027745,2016,Primary Transit,
k2-5 b,0.17,,5.73594,,K2-5,0.56,0.55,4066.0,202.943,169.303497,-1.877976,2015,Primary Transit,
k2-5 c,0.202,,10.93241,,K2-5,0.56,0.55,4066.0,202.943,169.303497,-1.877976,2015,Primary Transit,
k2-60 b,0.683,0.426,3.00265,0.0,K2-60,0.97,1.12,5500.0,498.7,338.606171,-13.731702,2016,Primary Transit,
k2-61 b,0.221,,2.57302,,K2-61,1.21,1.36,6293.0,410.35,339.674744,-13.560024,2016,Primary Transit,
k2-62 b,0.191,,6.67202,,K2-62,0.77,0.73,4880.0,112.83,334.364166,-12.187498,2016,Primary Transit,
k2-62 c,0.191,,16.1966,,K2-62,0.77,0.73,4880.0,112.83,334.364166,-12.187498,2016,Primary Transit,
k2-63 b,0.287,,20.257,,K2-63,1.4,1.63,6771.0,524.41,333.426666,-12.066374,2016,Primary Transit,
k2-63 c,0.348,,25.4556,,K2-63,1.4,1.63,6771.0,524.41,333.426666,-12.066374,2016,Primary Transit,
k2-64 b,0.185,,6.53044,,K2-64,0.74,0.73,5312.0,506.87,332.413605,-11.428742,2016,Primary Transit,
k2-65 b,0.141,,12.6475,,K2-65,0.87,0.84,5213.0,78.06,333.211761,-10.925379,2016,Primary Transit,
k2-66 b,0.222,0.06702,5.06963,0.0,K2-66,1.11,1.67,5887.0,520.43,331.526703,-10.711549,2016,Primary Transit,
k2-68 b,0.141,,8.05428,,K2-68,0.73,0.68,4746.0,169.47,334.019775,-10.567318,2016,Primary Transit,
k2-69 b,0.207,,7.06599,,K2-69,0.55,0.49,4127.0,181.63,335.759552,-10.48858,2016,Primary Transit,
k2-6 b,0.223,,30.94191,,K2-6,0.92,0.89,5692.0,319.59,178.192261,-1.198477,2015,Primary Transit,
k2-70 b,0.258,,13.97896,,K2-70,0.94,0.93,5622.0,234.47,338.4758,-10.084946,2016,Primary Transit,
k2-71 b,0.192,,6.98541,,K2-71,0.48,0.43,4006.0,153.86,341.724426,-9.881619,2016,Primary Transit,
k2-72 b,0.096,,5.577212,0.11,K2-72,0.27,0.33,3360.47,66.56,334.621979,-9.612382,2016,Primary Transit,
k2-72 c,0.103,,15.189034,0.11,K2-72,0.27,0.33,3360.47,66.56,334.621979,-9.612382,2016,Primary Transit,
k2-72 d,0.09,,7.760178,0.11,K2-72,0.27,0.33,3360.47,66.56,334.621979,-9.612382,2016,Primary Transit,
k2-72 e,0.115,,24.158868,0.11,K2-72,0.27,0.33,3360.47,66.56,334.621979,-9.612382,2016,Primary Transit,
k2-73 b,0.219,,7.49543,,K2-73,1.02,1.058,5867.0,269.183,335.025482,-9.056093,2016,Primary Transit,
k2-73 c,,,1000.0,,K2-73,1.02,1.058,5867.0,269.183,335.025482,-9.056093,2025,Radial Velocity,
k2-74 b,0.206,,19.5666,,K2-74,0.96,0.98,6060.0,381.85,339.919342,-8.714505,2016,Primary Transit,
k2-75 b,0.238,,7.8142,,K2-75,1.16,1.56,5995.0,570.86,338.844849,-7.469853,2016,Primary Transit,
k2-75 c,0.247,,18.311,,K2-75,1.16,1.56,5995.0,570.86,338.844849,-7.469853,2016,Primary Transit,
k2-77 b,0.205,1.9,8.199796,0.14,K2-77,0.8,0.76,4970.0,142.31,55.228428,12.572612,2016,Primary Transit,
k2-79 b,0.3649,0.0371,10.99475,0.078,K2-79,1.06,1.28,5926.0,257.9,55.255905,13.519372,2016,Primary Transit,
k2-7 b,0.238,,28.67992,,K2-7,1.0,1.56,5699.0,738.553,167.093765,-1.065755,2015,Primary Transit,
k2-80 b,0.179,,19.0918,,K2-80,0.9,0.87,5441.0,201.96,59.037487,13.559289,2016,Primary Transit,
k2-80 c,0.131,,5.605,,K2-80,0.9,0.87,5441.0,201.96,59.037487,13.559289,2016,Primary Transit,
k2-80 d,0.228,,28.867253,,K2-80,0.9,0.87,5441.0,201.96,59.037487,13.559289,2018,Primary Transit,
k2-81 b,0.176,,6.102325,0.06,K2-81,0.75,0.63,4674.13,254.14,57.485489,14.5022,2016,Primary Transit,
k2-83 b,0.111,,2.74697,,K2-83,0.48,0.42,3910.0,125.98,59.901562,15.558886,2016,Primary Transit,
k2-83 c,0.132,,9.99767,,K2-83,0.48,0.42,3910.0,125.98,59.901562,15.558886,2016,Primary Transit,
k2-84 b,0.215,,6.4215,,K2-84,0.95,0.93,5652.0,287.23,55.809273,16.634548,2016,Primary Transit,
k2-84 c,0.181,,27.86,,K2-84,0.95,0.93,5652.0,287.23,55.809273,16.634548,2016,Primary Transit,
k2-85 b,0.09,,0.684533,,K2-85,0.57,0.51,4268.0,97.49,59.464394,18.465254,2016,Primary Transit,
k2-86 b,0.175,,8.77683,,K2-86,0.79,0.76,5482.0,260.61,51.552799,18.635616,2016,Primary Transit,
k2-87 b,0.678,0.1192,9.726618,,K2-87,1.16,1.4,5747.0,503.6,66.236221,18.827417,2016,Primary Transit,
k2-88 b,0.11,,4.6122,,K2-88,0.26,0.26,3537.0,110.91,54.751598,19.120178,2016,Primary Transit,
k2-89 b,0.055,,1.096026,,K2-89,0.35,0.32,3691.0,86.25,57.066715,20.459639,2016,Primary Transit,
k2-8 b,0.319,,10.35239,,K2-8,0.78,0.75,4846.0,407.93,169.793671,-0.284375,2015,Primary Transit,
k2-8 c,0.215,,5.06416,,K2-8,0.78,0.75,4846.0,407.93,169.793671,-0.284375,2016,Primary Transit,
k2-90 b,0.232,0.028,13.733314,,K2-90,0.63,0.62,4484.0,134.9,59.152405,22.472631,2016,Primary Transit,
k2-90 c,0.116,,2.900706,0.19,K2-90,0.63,0.62,4484.0,134.9,59.152405,22.472631,2016,Primary Transit,
k2-91 b,0.098,,1.419549,,K2-91,0.29,0.28,3622.0,62.69,63.218063,24.205112,2016,Primary Transit,
k2-95 b,0.346,1.67,10.134016,0.16,K2-95,0.44,0.42,3548.0,180.63,129.362747,18.976685,2016,Primary Transit,
k2-97 b,0.947,1.1,8.406726,,K2-97,1.2,4.47,4717.0,869.76,127.762833,10.847586,2016,Primary Transit,
k2-98 b,0.464,0.101,10.136448,,K2-98,1.2,1.57,6172.0,526.31,126.488289,11.511145,2016,Primary Transit,
k2-99 b,1.046,0.87,18.24783,0.22,K2-99,1.63,2.63,6217.0,522.29,208.773743,-5.442466,2016,Primary Transit,
k2-99 c,,,522.2,0.21,K2-99,1.63,2.63,6217.0,522.29,208.773743,-5.442466,2021,Radial Velocity,
k2-9 b,0.201,,18.4498,,K2-9,0.3,0.322,3528.0,82.9631,176.264465,0.005301,2015,Primary Transit,
kappa crb b,,,1251.0,0.073,kappa CrB,1.51,5.0,4960.0,31.1,237.8083333,35.6575,2007,Radial Velocity,
kelt-10 b,1.399,0.679,4.166285,,KELT-10,1.112,1.209,5948.0,183.0,284.545833337,-47.003333336,2015,Primary Transit,
kelt-11 ab,1.3,0.195,4.736529,0.0,KELT-11 A,1.438,2.72,5370.0,98.0,161.70833335,-9.399166687,2016,Primary Transit,
kelt-12 b,1.79,0.95,5.0316144,0.0,WASP-86,1.239,1.291,6330.0,360.0,267.640491678,36.5702194586,2016,Primary Transit,
kelt-15 ab,1.468,0.93,3.32,,KELT-15 A,1.181,1.481,6003.0,201.0,117.41666668,-52.120555561,2015,Primary Transit,
kelt-16 ab,1.415,2.75,0.9689951,,KELT-16 A,1.211,1.36,6236.0,365.0,314.268479168,31.6609916885,2016,Primary Transit,
kelt-17 b,1.525,1.31,3.0801716,,KELT-17,1.635,1.645,7454.0,210.0,125.616666676,13.735277794,2015,Primary Transit,
kelt-18 ab,1.568,1.176,2.8716082,0.0,KELT-18 A,1.524,1.908,6670.0,311.0,216.525000002,59.444166684,2017,Primary Transit,
kelt-19 ab,1.91,4.07,4.6117093,,KELT-19 A,1.62,1.83,7500.0,255.0,111.512500001,7.615833358,2017,Primary Transit,
kelt-20 ab,1.83,3.518,3.4741085,,KELT-20 A,2.0,1.561,8981.0,136.426,294.661396263,31.2192261175,2017,Primary Transit,
kelt-21 ab,1.584,3.88,3.6127732,,KELT-21 A,1.458,1.638,7598.0,415.0,304.800000004,32.581111134,2017,Primary Transit,
kelt-22 ab,1.2,3.69,1.38665318,0.0,KELT-22 A,1.05,1.11,5700.0,232.98,354.16666668,-34.61138891,2018,Primary Transit,
kelt-23 ab,1.29,0.937,2.25528756,,KELT-23 A,0.942,0.996,5899.0,125.42,232.145833345,66.358888903,2019,Primary Transit,
kelt-2 ab,1.306,1.486,4.1137914,0.185,KELT-2 A,1.31,1.842,6148.0,128.9,92.6625,30.9572222,2012,Primary Transit,
kelt-3 ab,1.35,1.47,2.7033904,0.0,KELT-3 A,1.34,1.61,6518.0,210.252,148.6417,40.3881,2012,Primary Transit,
kelt-4 ab,1.7,0.9,2.989594,0.03,KELT-4 A,1.204,1.61,6207.0,211.0,157.062545838,25.573194461,2013,Radial Velocity,
kelt-6 b,1.13,0.44,7.8456067,0.029,KELT-6,1.126,1.529,6272.0,,195.9833,30.64,2013,Primary Transit,
kelt-6 c,,,1276.0,0.21,KELT-6,1.126,1.529,6272.0,,195.9833,30.64,2015,Radial Velocity,
kelt-7 b,1.293,1.24,2.734784,,KELT-7,1.535,1.732,6789.0,129.0,78.295833337,33.318055563,2015,Primary Transit,
kelt-8 b,1.86,0.874,3.24406,0.035,KELT-8,1.211,1.67,5754.0,236.0,283.304166671,24.127500011,2015,Primary Transit,
kelt-9 ab,1.936,2.88,1.4811235,0.0,KELT-9 A,2.52,2.362,10170.0,204.455,307.859808384,39.9388262453,2017,Primary Transit,
kepler-1000 b,0.425,,120.0181272,,Kepler-1000,1.4,1.51,6453.0,925.0,286.685523,47.098221,2016,Primary Transit,
kepler-1001 b,0.281,,14.30511983,,Kepler-1001,0.9,0.88,5491.0,1009.0,286.273871,48.618706,2016,Primary Transit,
kepler-1001 c,0.141,,9.18186,,Kepler-1001,0.9,0.88,5491.0,1009.0,286.273871,48.618706,2020,Primary Transit,
kepler-1002 ab,0.1561,,4.33642933,0.0,Kepler-1002 A,1.275,1.603,6180.0,427.83,293.079495,43.073715,2016,Primary Transit,
kepler-1003 b,0.159,,3.55485691,,Kepler-1003,1.11,1.17,6109.0,873.0,292.020456,44.876217,2016,Primary Transit,
kepler-1004 b,0.56,,5.28789787,,Kepler-1004,1.11,3.39,4972.0,1080.0,297.359299,49.79755,2016,Primary Transit,
kepler-1005 b,0.134,,6.49801525,,Kepler-1005,1.0,1.06,5782.0,515.0,286.286014,43.320461,2016,Primary Transit,
kepler-1006 ab,0.137,,19.76172042,,Kepler-1006 A,1.064,1.175,6327.0,496.0,295.754127,42.537476,2016,Primary Transit,
kepler-1007 ab,0.1026,,5.18498961,0.0,Kepler-1007 A,0.73,0.7,4587.0,461.91,295.906552,45.80912,2016,Primary Transit,
kepler-1008 ab,0.116,,12.43929428,0.0,Kepler-1008 A,0.85,0.724,5066.94,282.565,296.547525,44.941933,2016,Primary Transit,
kepler-1009 b,0.194,,11.35011917,,Kepler-1009,0.59,0.57,4027.0,281.0,282.85993,42.665764,2016,Primary Transit,
kepler-100 b,0.118,0.023,6.88705,0.13,Kepler-100,1.08,1.49,5825.0,307.34,291.385979,41.990273,2014,Primary Transit,
kepler-100 c,0.196,0.02218,12.8159,0.02,Kepler-100,1.08,1.49,5825.0,307.34,291.385979,41.990273,2014,Primary Transit,
kepler-100 d,0.144,0.00944,35.3331,0.38,Kepler-100,1.08,1.49,5825.0,307.34,291.385979,41.990273,2014,Primary Transit,
kepler-100 e,,,60.89,0.026,Kepler-100,1.08,1.49,5825.0,307.34,291.385979,41.990273,2023,Radial Velocity,
kepler-1010 ab,0.2177,,34.2685741,0.0,Kepler-1010,0.86,0.79,5123.0,579.273,289.192636,44.149326,2016,Primary Transit,
kepler-1011 b,0.256,,5.75322197,,Kepler-1011,0.91,0.88,5416.0,860.0,297.401546,46.824001,2016,Primary Transit,
kepler-1012 b,0.115,,5.50860439,,Kepler-1012,0.95,0.91,5556.0,420.0,289.29627,46.457954,2016,Primary Transit,
kepler-1013 b,0.192,,18.93054959,,Kepler-1013,0.81,0.76,4954.0,433.0,290.248072,44.435242,2016,Primary Transit,
kepler-1014 b,0.213,,16.57110363,,Kepler-1014,0.88,0.84,5388.0,672.0,285.122033,44.110603,2016,Primary Transit,
kepler-1015 b,0.317,,16.00494214,,Kepler-1015,1.49,1.81,6769.0,932.0,292.75733,43.42691,2016,Primary Transit,
kepler-1016 b,0.194,,1.95452434,,Kepler-1016,0.99,1.0,5821.0,1239.0,294.613645,45.984623,2016,Primary Transit,
kepler-1016 c,0.328,,105.6551369,,Kepler-1016,0.99,1.0,5821.0,1239.0,294.613645,45.984623,2016,Primary Transit,
kepler-1017 b,0.178,,7.23400469,,Kepler-1017,0.93,0.87,5473.0,554.0,283.469362,40.132607,2016,Primary Transit,
kepler-1018 b,0.23,,49.1013514,,Kepler-1018,0.91,0.88,5518.0,894.0,283.596696,45.407879,2016,Primary Transit,
kepler-1019 ab,0.1526,,1.411230023,0.0,Kepler-1019 A,0.658,0.7445,4205.32,194.182,283.717526,47.204449,2016,Primary Transit,
kepler-101 b,0.51,0.16,3.4876812,0.086,Kepler-101,1.17,1.56,5667.0,953.44,283.255489,48.355228,2014,Primary Transit,
kepler-101 c,0.112,0.01,6.02976,0.0,Kepler-101,1.17,1.56,5667.0,953.44,283.255489,48.355228,2014,Primary Transit,
kepler-1020 b,0.203,,96.9151496,,Kepler-1020,0.87,0.8,5227.0,446.0,292.672551,46.377422,2016,Primary Transit,
kepler-1021 b,0.208,,13.47469571,,Kepler-1021,0.89,0.86,5431.0,837.0,295.204905,42.559681,2016,Primary Transit,
kepler-1022 b,0.211,,10.99469878,,Kepler-1022,0.71,0.68,4445.0,455.0,289.352005,46.973728,2016,Primary Transit,
kepler-1023 b,0.235,,62.1387714,,Kepler-1023,0.93,0.89,5494.0,686.0,289.029742,49.769707,2016,Primary Transit,
kepler-1024 b,0.349,,66.4162133,,Kepler-1024,0.81,0.78,5143.0,1017.0,291.950991,38.251698,2016,Primary Transit,
kepler-1025 b,0.177,,37.3229493,,Kepler-1025,1.09,1.13,6089.0,716.0,284.510201,43.961666,2016,Primary Transit,
kepler-1026 b,0.197,,36.5156053,,Kepler-1026,0.79,0.75,4948.0,389.0,283.605263,39.99798,2016,Primary Transit,
kepler-1027 ab,0.0812,,1.907810683,0.0,Kepler-1027 A,0.92,1.179,5348.0,405.104,287.571185,42.813923,2016,Primary Transit,
kepler-1028 b,0.119,,2.51462432,,Kepler-1028,0.9,0.87,5522.0,633.0,289.593097,49.781158,2016,Primary Transit,
kepler-1029 b,0.112,,4.41769648,,Kepler-1029,0.82,0.77,5030.0,422.0,292.132976,41.54754,2016,Primary Transit,
kepler-102 b,0.042,0.01353,5.28696,,Kepler-102,0.81,0.76,4909.0,108.13,281.482749,47.208031,2014,Primary Transit,
kepler-102 c,0.052,0.00944,7.07142,,Kepler-102,0.81,0.76,4909.0,108.13,281.482749,47.208031,2014,Primary Transit,
kepler-102 d,0.105,0.012,10.3117,,Kepler-102,0.81,0.76,4909.0,108.13,281.482749,47.208031,2014,Primary Transit,
kepler-102 e,0.198,0.028,16.1457,0.0,Kepler-102,0.81,0.76,4909.0,108.13,281.482749,47.208031,2013,Primary Transit,
kepler-102 f,0.079,0.01636,27.4536,,Kepler-102,0.81,0.76,4909.0,108.13,281.482749,47.208031,2014,Primary Transit,
kepler-1030 b,0.221,,19.32952416,,Kepler-1030,0.8,0.76,4983.0,795.0,293.681915,45.817559,2016,Primary Transit,
kepler-1031 ab,0.078,,1.22621732,,Kepler-1031 A,1.09,1.12,6051.81,682.882,296.089747,48.955376,2016,Primary Transit,
kepler-1032 ab,0.167,,3.29011795,,Kepler-1032 A,0.77,0.71,4647.0,607.0,289.930872,40.097751,2016,Primary Transit,
kepler-1033 b,0.224,,7.56052806,,Kepler-1033,0.94,0.92,5547.0,1425.0,283.845142,44.609093,2016,Primary Transit,
kepler-1034 b,0.202,,12.12400943,,Kepler-1034,0.83,0.8,5198.0,706.0,286.115368,37.966997,2016,Primary Transit,
kepler-1035 ab,0.1231,,2.714078374,0.0,Kepler-1035 A,1.03,0.97,5753.5,562.116,289.042225,42.882488,2016,Primary Transit,
kepler-1036 b,0.269,,122.8808058,,Kepler-1036,0.95,0.89,5533.0,507.0,295.181638,49.945786,2016,Primary Transit,
kepler-1037 b,0.114,,1.06378867,,Kepler-1037,0.82,0.78,5105.0,451.0,296.341029,47.170856,2016,Primary Transit,
kepler-1038 b,0.315,,148.4603382,,Kepler-1038,0.89,0.8,5238.0,584.136,298.972184,44.132378,2016,Primary Transit,
kepler-1038 c,0.12633,,7.127659798,,Kepler-1038,0.89,0.8,5238.0,584.136,298.972184,44.132378,2017,Primary Transit,
kepler-1039 b,0.13,,0.93488424,,Kepler-1039,0.79,0.74,4870.0,324.0,298.326591,45.315514,2016,Primary Transit,
kepler-103 b,0.301,0.031,15.9654,0.17,Kepler-103,1.09,1.44,5845.0,501.93,288.984555,40.064521,2014,Primary Transit,
kepler-103 c,0.459,0.114,179.612,0.1,Kepler-103,1.09,1.44,5845.0,501.93,288.984555,40.064521,2014,Primary Transit,
kepler-1040 ab,0.2034,,201.118319,0.0,Kepler-1040 A,1.01,0.9785,5694.0,482.119,283.113784,48.131393,2016,Primary Transit,
kepler-1041 b,0.262,,24.7576421,,Kepler-1041,1.06,1.08,5957.0,979.0,293.881768,49.683155,2016,Primary Transit,
kepler-1042 b,0.195,,10.13202575,,Kepler-1042 A,0.75,0.72,4815.0,659.0,288.668933,39.824006,2016,Primary Transit,
kepler-1043 b,0.227,,38.5053398,,Kepler-1043,0.92,0.9,5629.0,838.0,281.662983,47.568584,2016,Primary Transit,
kepler-1044 b,0.238,,6.77408868,,Kepler-1044,1.08,1.11,5985.0,1507.0,293.144456,46.666237,2016,Primary Transit,
kepler-1045 b,0.24,,26.41045478,,Kepler-1045,0.86,0.82,5301.0,971.0,284.183296,45.074104,2016,Primary Transit,
kepler-1046 ab,0.153,,14.37508035,,Kepler-1046 A,1.04,1.04,5913.0,518.0,296.755759,46.998291,2016,Primary Transit,
kepler-1047 b,0.186,,56.1886887,,Kepler-1047,1.08,1.13,5754.0,566.0,288.646254,50.788982,2016,Primary Transit,
kepler-1047 c,0.088,,3.18897601,,Kepler-1047,1.08,1.13,5754.0,566.0,288.646254,50.788982,2016,Primary Transit,
kepler-1048 ab,0.144,,6.92101021,,Kepler-1048 A,0.75,0.7,4651.0,415.0,281.898352,42.165787,2016,Primary Transit,
kepler-1049 b,0.085,,3.27346074,,Kepler-1049,0.51,0.49,3864.0,129.0,287.346741,47.772957,2016,Primary Transit,
kepler-104 ab,0.2123,0.031314,11.427548,0.0,Kepler-104 A,1.08,1.35,5921.0,400.785,287.604612,42.166779,2014,Primary Transit,
kepler-104 ac,0.2105,0.0224785,23.668205,0.0,Kepler-104 A,1.08,1.35,5921.0,400.785,287.604612,42.166779,2014,Primary Transit,
kepler-104 ad,0.23508,5.54,51.755394,0.0,Kepler-104 A,1.08,1.35,5921.0,400.785,287.604612,42.166779,2014,Primary Transit,
kepler-1050 b,0.143,,15.3787546,,Kepler-1050,1.09,1.13,6010.0,555.0,282.924996,48.626392,2016,Primary Transit,
kepler-1050 c,0.132,,21.1284569,,Kepler-1050,1.09,1.13,6010.0,555.0,282.924996,48.626392,2016,Primary Transit,
kepler-1051 b,0.303,,25.96200249,,Kepler-1051,1.43,1.73,6675.0,1021.0,295.158106,40.898849,2016,Primary Transit,
kepler-1052 b,0.214,,34.8536903,0.0,Kepler-1052,1.02,0.965,5720.0,943.444,295.342731,46.602264,2016,Primary Transit,
kepler-1052 c,0.21126,,180.9259949,0.0,Kepler-1052,1.02,0.965,5720.0,943.444,295.342731,46.602264,2015,Primary Transit,
kepler-1053 b,0.087,,2.41435165,,Kepler-1053,0.74,0.69,4529.0,171.0,291.418635,39.127415,2016,Primary Transit,
kepler-1054 b,0.235,,4.30655689,,Kepler-1054,1.22,1.34,6209.0,1050.0,290.601152,44.556385,2016,Primary Transit,
kepler-1055 b,0.11,,2.29503623,,Kepler-1055,0.98,0.94,5723.0,422.0,290.486779,44.932617,2016,Primary Transit,
kepler-1056 b,0.269,,27.495606,,Kepler-1056,1.12,1.2,6127.0,971.0,299.52598,46.899261,2016,Primary Transit,
kepler-1057 b,0.3,,14.08827448,,Kepler-1057,1.07,1.1,5987.0,1462.0,297.452152,41.558124,2016,Primary Transit,
kepler-1058 ab,0.1882,,110.9643706,0.0,Kepler-1058 A,0.73,0.69,4644.0,525.0,294.595783,45.875034,2016,Primary Transit,
kepler-1059 b,0.154,,3.76419105,,Kepler-1059,0.75,0.72,4906.0,673.0,289.220209,41.706486,2016,Primary Transit,
kepler-105 b,0.429,0.016,5.4122,0.47,Kepler-105,0.96,0.89,5827.0,465.33,287.887325,46.276237,2013,Primary Transit,
kepler-105 c,0.117,0.01447,7.1262,,Kepler-105,0.96,0.89,5827.0,465.33,287.887325,46.276237,2014,Primary Transit,
kepler-1060 b,0.212,,46.8779367,,Kepler-1060,0.99,0.99,5797.0,861.0,286.025189,39.630929,2016,Primary Transit,
kepler-1061 b,0.177,,2.75798267,,Kepler-1061,1.09,1.07,6067.0,585.0,296.230004,50.27523,2016,Primary Transit,
kepler-1062 ab,0.157,,9.30412078,,Kepler-1062 A,0.69,0.78,4412.0,397.455,283.899402,41.221607,2016,Primary Transit,
kepler-1063 ab,0.1856,,14.07969236,0.0,Kepler-1063 A,1.09,1.14,5945.0,365.0,290.52675,38.142973,2016,Primary Transit,
kepler-1064 ab,0.138,,16.54080322,,Kepler-1064 A,0.85,0.79,5153.0,374.0,291.741637,37.688934,2016,Primary Transit,
kepler-1065 b,0.333,,3.60930891,,Kepler-1065,0.94,0.93,5635.0,1078.0,294.511258,38.790501,2016,Primary Transit,
kepler-1065 c,0.143,,2.37030743,,Kepler-1065,0.94,0.93,5635.0,1078.0,294.511258,38.790501,2016,Primary Transit,
kepler-1066 b,0.211,,1.93155984,,Kepler-1066,0.98,0.98,5762.0,399.0,298.866564,46.502239,2016,Primary Transit,
kepler-1067 b,0.071,,0.76212926,,Kepler-1067,0.95,0.943,5461.0,667.693,285.387409,45.049053,2016,Primary Transit,
kepler-1067 c,0.15584,,5.425839901,0.0,Kepler-1067,0.95,0.943,5461.0,667.693,285.387409,45.049053,2017,Primary Transit,
kepler-1068 b,0.324,,16.92344113,,Kepler-1068,1.01,1.01,5806.0,1532.0,294.648164,46.392365,2016,Primary Transit,
kepler-1069 b,0.143,,23.8990296,,Kepler-1069,0.99,0.98,5722.0,435.0,290.979329,47.989002,2016,Primary Transit,
kepler-106 b,0.073,0.01668,6.16486,,Kepler-106,1.0,1.04,5858.0,449.98,300.863971,44.337555,2014,Primary Transit,
kepler-106 c,0.223,0.033,13.5708,,Kepler-106,1.0,1.04,5858.0,449.98,300.863971,44.337555,2014,Primary Transit,
kepler-106 d,0.085,0.02549,23.9802,,Kepler-106,1.0,1.04,5858.0,449.98,300.863971,44.337555,2014,Primary Transit,
kepler-106 e,0.228,0.035,43.8445,,Kepler-106,1.0,1.04,5858.0,449.98,300.863971,44.337555,2014,Primary Transit,
kepler-1070 b,0.154,,6.2216147,,Kepler-1070,1.21,1.32,6261.0,1040.0,293.195374,49.316502,2016,Primary Transit,
kepler-1071 ab,0.212,,6.1799844,,Kepler-1071 A,0.86,0.81,5215.0,964.0,293.057996,45.248817,2016,Primary Transit,
kepler-1072 b,0.141,,1.5690665,,Kepler-1072,1.2,1.32,6199.0,976.0,292.04438,46.329025,2016,Primary Transit,
kepler-1073 b,0.205,,8.67888593,,Kepler-1073,1.03,0.987,5774.0,809.897,294.1527,38.233048,2016,Primary Transit,
kepler-1073 c,0.146,,4.02582254,,Kepler-1073,1.03,0.987,5774.0,809.897,294.1527,38.233048,2016,Primary Transit,
kepler-1073 d,0.132725,,2.50475282,0.0,Kepler-1073,1.03,0.987,5774.0,809.897,294.1527,38.233048,2017,Primary Transit,
kepler-1074 b,0.112,,5.94566534,,Kepler-1074,0.6,0.57,4002.0,245.0,284.476545,46.252579,2016,Primary Transit,
kepler-1075 ab,0.127,,1.52372816,,Kepler-1075 A,0.56,0.54,3959.0,265.0,287.501179,47.469269,2016,Primary Transit,
kepler-1076 ab,0.071,,6.14727918,,Kepler-1076 A,0.79,0.74,4868.0,199.0,287.590098,51.060574,2016,Primary Transit,
kepler-1077 b,0.247,,34.3511874,,Kepler-1077,1.02,1.02,5816.0,1098.0,291.033636,42.26786,2016,Primary Transit,
kepler-1078 b,0.17,,3.00725242,,Kepler-1078,0.94,0.92,5612.0,1215.0,293.200589,43.050037,2016,Primary Transit,
kepler-1079 ab,0.1579,,13.24503482,0.0,Kepler-1079 A,1.08,1.36,5758.0,481.0,299.549499,45.769753,2016,Primary Transit,
kepler-107 b,0.137,0.01104,3.1800218,0.0,Kepler-107,1.24,1.45,5854.0,525.5,297.028248,48.208611,2014,Primary Transit,
kepler-107 c,0.142,0.02954,4.901452,0.0,Kepler-107,1.24,1.45,5854.0,525.5,297.028248,48.208611,2014,Primary Transit,
kepler-107 d,0.077,0.01196,7.95839,0.0,Kepler-107,1.24,1.45,5854.0,525.5,297.028248,48.208611,2014,Primary Transit,
kepler-107 e,0.259,0.02706,14.749143,0.0,Kepler-107,1.24,1.45,5854.0,525.5,297.028248,48.208611,2014,Primary Transit,
kepler-1080 b,0.293,,77.2548396,,Kepler-1080,1.1,1.16,5956.0,688.0,296.464522,49.182915,2016,Primary Transit,
kepler-1081 b,0.09,,3.85691855,,Kepler-1081,0.88,0.84,5345.0,425.0,289.44452,41.317757,2016,Primary Transit,
kepler-1082 b,0.1,,1.5432066,,Kepler-1082,1.03,1.14,5923.0,628.0,289.358672,50.598484,2016,Primary Transit,
kepler-1083 b,0.3,,33.4177993,,Kepler-1083,0.81,0.77,5049.0,912.0,283.161951,45.198315,2016,Primary Transit,
kepler-1084 ab,0.099,,2.05333679,,Kepler-1084 A,1.12,1.28,6113.0,427.0,290.101971,48.251137,2016,Primary Transit,
kepler-1085 b,0.644,,219.3217528,,Kepler-1085,1.11,1.14,6000.0,1518.0,287.477648,46.141186,2016,Primary Transit,
kepler-1085 c,0.292,,56.7771,,Kepler-1085,1.11,1.14,6000.0,1518.0,287.477648,46.141186,2020,Primary Transit,
kepler-1086 bb,0.1909,,18.78429232,0.0,Kepler-1086 B,0.7,0.615,4484.48,466.084,295.251155,45.842972,2016,Primary Transit,
kepler-1086 bc,0.2569,,161.515617,0.0,Kepler-1086 B,0.7,0.615,4484.48,466.084,295.251155,45.842972,2016,Primary Transit,
kepler-1087 ab,0.074,,0.693842661,0.0,Kepler-1087 A,0.9,1.073,5267.04,362.623,294.978825,46.005653,2016,Primary Transit,
kepler-1088 b,0.127,,23.12748644,,Kepler-1088,1.08,1.08,5975.0,300.0,281.561453,42.450504,2016,Primary Transit,
kepler-1089 b,0.163,,5.13248562,,Kepler-1089,0.52,0.49,3753.0,227.0,291.092742,49.190059,2016,Primary Transit,
kepler-108 bb,0.732,,49.183921,0.22,Kepler-108 B,1.247,2.057,5626.0,1008.47,294.559169,46.062325,2014,Primary Transit,
kepler-108 bc,0.6941,,190.323494,0.04,Kepler-108 B,1.247,2.057,5626.0,1008.47,294.559169,46.062325,2014,Primary Transit,
kepler-1090 ab,0.201,,198.680179,,Kepler-1090 A,0.89,1.035,5217.0,858.77,295.662872,44.525845,2016,Primary Transit,
kepler-1090 ac,0.29369,,42.42720032,0.0,Kepler-1090 A,0.89,1.035,5217.0,858.77,295.662872,44.525845,2017,Primary Transit,
kepler-1091 b,0.13,,1.43474156,,Kepler-1091,1.01,1.03,5851.0,915.0,299.785465,43.670753,2016,Primary Transit,
kepler-1092 b,0.185,,58.6017925,,Kepler-1092,0.99,1.0,5862.0,914.0,297.72314,47.112659,2016,Primary Transit,
kepler-1093 b,0.174,,25.0824626,,Kepler-1093,1.13,1.2,6166.0,848.0,284.978013,41.420166,2016,Primary Transit,
kepler-1093 c,0.175,,89.722292,,Kepler-1093,1.13,1.2,6166.0,848.0,284.978013,41.420166,2016,Primary Transit,
kepler-1094 b,0.284,,78.1000231,,Kepler-1094,1.14,1.21,6112.0,1371.0,292.301253,38.267041,2016,Primary Transit,
kepler-1095 b,0.108,,4.27103091,,Kepler-1095,0.94,0.92,5658.0,758.0,293.262447,41.365114,2016,Primary Transit,
kepler-1096 b,0.111,,2.89221751,,Kepler-1096,0.66,0.63,4306.0,344.0,294.70938,45.969501,2016,Primary Transit,
kepler-1097 b,0.291,,187.747029,,Kepler-1097,0.82,0.79,5211.0,738.0,281.594148,42.596416,2016,Primary Transit,
kepler-1098 b,0.116,,2.54307286,,Kepler-1098,0.99,0.99,5794.0,876.0,295.502705,43.232796,2016,Primary Transit,
kepler-1099 b,0.252,,2.16845259,,Kepler-1099,1.01,1.0,5837.0,1209.0,288.749962,48.277176,2016,Primary Transit,
kepler-109 ab,0.211,0.02297,6.48163,0.21,Kepler-109 A,1.094,1.387,5950.0,474.861,290.392721,40.284875,2014,Primary Transit,
kepler-109 ac,0.225,0.06859,21.2227,0.03,Kepler-109 A,1.094,1.387,5950.0,474.861,290.392721,40.284875,2014,Primary Transit,
kepler-10 b,0.1311,0.01019,0.837491,0.06,Kepler-10,0.91,1.06,5708.0,186.5,285.679394,50.241299,2011,Primary Transit,
kepler-10 c,0.2101,0.03552,45.2943,0.136,Kepler-10,0.91,1.06,5708.0,186.5,285.679394,50.241299,2011,Primary Transit,
kepler-10 d,,,151.06,0.19,Kepler-10,0.91,1.06,5708.0,186.5,285.679394,50.241299,2023,Radial Velocity,
kepler-1100 b,0.156,,6.42200058,,Kepler-1100,1.21,1.34,6247.0,940.0,291.871356,44.087376,2016,Primary Transit,
kepler-1101 b,0.22,,81.3151059,,Kepler-1101,0.94,0.91,5614.0,897.0,294.569379,45.671257,2016,Primary Transit,
kepler-1102 b,0.237,,51.3285623,,Kepler-1102,0.96,0.94,5724.0,986.0,281.322565,48.066505,2016,Primary Transit,
kepler-1103 b,0.203,,19.79191978,,Kepler-1103,1.11,1.15,6092.0,921.0,287.38209,49.452396,2016,Primary Transit,
kepler-1104 b,0.11,,5.03728015,,Kepler-1104,1.3,1.41,6417.0,516.0,294.468554,49.331024,2016,Primary Transit,
kepler-1105 b,0.179,,4.42157218,,Kepler-1105,0.71,0.68,4299.0,369.0,281.111771,42.454931,2016,Primary Transit,
kepler-1106 b,0.147,,1.25275217,,Kepler-1106,1.11,1.17,6104.0,1168.0,291.145201,44.062546,2016,Primary Transit,
kepler-1107 b,0.12,,0.57103852,,Kepler-1107,0.86,0.82,5268.0,457.0,291.049927,39.141674,2016,Primary Transit,
kepler-1108 b,0.13,,4.51005748,,Kepler-1108,0.88,0.84,5406.0,764.0,296.042339,45.985146,2016,Primary Transit,
kepler-1109 b,0.195,,37.6467384,,Kepler-1109,1.05,1.06,5893.0,797.0,291.646244,39.396624,2016,Primary Transit,
kepler-110 b,0.163,,12.691112,,Kepler-110,,1.15,5960.0,596.52,292.929133,48.602814,2014,Primary Transit,
kepler-110 c,0.197,,31.719775,,Kepler-110,,1.15,5960.0,596.52,292.929133,48.602814,2014,Primary Transit,
kepler-1110 b,0.237,,9.69312032,,Kepler-1110,0.73,0.7,4781.0,726.0,291.808022,38.622703,2016,Primary Transit,
kepler-1111 b,0.178,,8.79617863,,Kepler-1111,1.1,1.15,6077.0,1142.0,295.463372,45.812744,2016,Primary Transit,
kepler-1112 b,0.269,,14.36267939,,Kepler-1112,1.34,1.54,6496.0,1734.0,296.968815,47.751488,2016,Primary Transit,
kepler-1113 b,0.251,,42.3004954,,Kepler-1113,1.12,1.17,5931.0,1127.0,289.406695,39.338834,2016,Primary Transit,
kepler-1114 b,0.12,,14.97435694,,Kepler-1114,0.87,0.83,5374.0,427.0,299.236933,45.834698,2016,Primary Transit,
kepler-1115 b,0.152,,23.5540725,,Kepler-1115,1.6,1.73,8480.0,935.0,294.991772,40.144409,2016,Primary Transit,
kepler-1116 b,0.227,,41.6977827,,Kepler-1116,0.95,0.93,5641.0,1017.0,291.933655,44.115505,2016,Primary Transit,
kepler-1117 ab,0.099,,4.79028459,,Kepler-1117 A,0.95,0.93,5612.0,619.0,292.08478,49.23748,2016,Primary Transit,
kepler-1118 b,0.244,,38.6715075,,Kepler-1118,0.96,0.97,5688.0,818.0,299.965664,44.160896,2016,Primary Transit,
kepler-1119 b,0.171,,8.3265153,,Kepler-1119,1.11,1.17,6083.0,1288.0,297.019131,44.327522,2016,Primary Transit,
kepler-111 b,0.141,,3.341815,,Kepler-111,,1.16,5952.0,669.92,291.65317,44.688274,2014,Primary Transit,
kepler-111 c,0.651,,224.784608,,Kepler-111,,1.16,5952.0,669.92,291.65317,44.688274,2014,Primary Transit,
kepler-1120 b,0.123,,2.94902905,,Kepler-1120,0.78,0.74,4904.0,635.0,290.914483,42.286579,2016,Primary Transit,
kepler-1121 b,0.17,,13.15141081,,Kepler-1121,1.29,1.59,6231.0,529.0,297.786606,47.886127,2016,Primary Transit,
kepler-1122 b,0.182,,42.1917357,,Kepler-1122,0.92,0.89,5544.0,924.0,288.280535,46.340904,2016,Primary Transit,
kepler-1123 b,0.149,,4.33946454,,Kepler-1123,0.93,0.9,5500.0,796.0,294.517667,50.670399,2016,Primary Transit,
kepler-1124 b,0.114,,2.85234897,,Kepler-1124,0.35,0.34,3658.0,177.0,286.594273,37.891266,2016,Primary Transit,
kepler-1125 b,0.164,,17.6700642,,Kepler-1125,0.95,0.94,5683.0,910.0,295.481223,40.73198,2016,Primary Transit,
kepler-1126 b,0.154,,108.593329,,Kepler-1126,0.92,0.93,5798.0,668.0,285.691992,45.689396,2016,Primary Transit,
kepler-1126 c,0.15006,,199.6679993,0.0,Kepler-1126,0.92,0.93,5798.0,668.0,285.691992,45.689396,2017,Primary Transit,
kepler-1127 b,0.175,,5.12330347,,Kepler-1127,0.97,0.95,5664.0,996.0,293.217384,42.720707,2016,Primary Transit,
kepler-1128 b,0.326,,61.6178167,,Kepler-1128,0.94,0.91,5543.0,1163.0,293.063338,39.403444,2016,Primary Transit,
kepler-1129 b,0.264,,24.3397804,,Kepler-1129,1.0,1.0,5831.0,1258.0,291.604495,41.309361,2016,Primary Transit,
kepler-1129 c,0.244,,76.5369586,,Kepler-1129,1.0,1.0,5831.0,1258.0,291.604495,41.309361,2016,Primary Transit,
kepler-112 b,0.211,,8.408878,,Kepler-112,,0.84,5544.0,520.9,296.981009,43.209751,2014,Primary Transit,
kepler-112 c,0.214,,28.574263,,Kepler-112,,0.84,5544.0,520.9,296.981009,43.209751,2014,Primary Transit,
kepler-1130 ab,0.07565,,5.45298175,0.0,Kepler-1130 A,0.919,0.8707,5327.0,249.343,285.207485,45.38435,2016,Primary Transit,
kepler-1130 ac,0.05745,,3.266612036,0.0,Kepler-1130 A,0.919,0.8707,5327.0,249.343,285.207485,45.38435,2017,Primary Transit,
kepler-1130 ad,0.05701,,4.27225316,0.0,Kepler-1130 A,0.919,0.8707,5327.0,249.343,285.207485,45.38435,2017,Primary Transit,
kepler-1131 b,0.142,,3.53232449,,Kepler-1131,1.03,1.04,5851.0,1109.0,295.651494,49.261295,2016,Primary Transit,
kepler-1132 b,0.21,,62.8916228,,Kepler-1132,0.87,0.83,5298.0,940.0,286.367463,48.423935,2016,Primary Transit,
kepler-1133 b,0.176,,11.55562343,,Kepler-1133,0.93,0.9,5569.0,821.0,293.322404,42.86747,2016,Primary Transit,
kepler-1134 b,0.236,,17.13263989,,Kepler-1134,0.84,0.81,5281.0,997.0,295.567982,42.478287,2016,Primary Transit,
kepler-1135 b,0.165,,76.957857,,Kepler-1135,0.96,0.94,5656.0,728.0,286.002968,44.756592,2016,Primary Transit,
kepler-1136 b,0.146,,2.36172433,,Kepler-1136,0.72,0.68,4512.0,545.0,284.107796,44.245808,2016,Primary Transit,
kepler-1137 b,0.196,,23.9210791,,Kepler-1137,1.5,1.84,6807.0,971.0,287.130272,48.665375,2016,Primary Transit,
kepler-1138 b,0.152,,3.17060005,,Kepler-1138,0.95,0.92,5582.0,1101.0,285.899242,48.307301,2016,Primary Transit,
kepler-1139 b,0.106,,0.81316672,,Kepler-1139,0.94,0.91,5550.0,555.0,287.945617,39.230568,2016,Primary Transit,
kepler-113 b,0.162,0.037,4.754,,Kepler-113,0.75,0.69,4725.0,264.35,287.997883,50.944332,2014,Primary Transit,
kepler-113 c,0.194,0.02737,8.92507,,Kepler-113,0.75,0.69,4725.0,264.35,287.997883,50.944332,2014,Primary Transit,
kepler-1140 b,0.247,,24.0862707,,Kepler-1140,0.76,0.73,4850.0,657.0,281.693981,46.946449,2016,Primary Transit,
kepler-1141 b,0.073,,2.34451194,,Kepler-1141,1.01,1.07,5791.0,365.0,290.543645,47.72588,2016,Primary Transit,
kepler-1142 b,0.131,,18.3027248,,Kepler-1142,0.97,0.96,5685.0,697.0,292.714435,44.082336,2016,Primary Transit,
kepler-1143 ab,0.1499,,2.888904439,0.0,Kepler-1143 A,0.78,0.696,4832.0,555.189,287.302821,39.289688,2016,Primary Transit,
kepler-1143 ac,0.2882,,210.631486,0.0,Kepler-1143 A,0.78,0.696,4832.0,555.189,287.302821,39.289688,2016,Primary Transit,
kepler-1144 b,0.178,,17.14647302,,Kepler-1144,0.98,0.96,5753.0,1012.0,290.043293,47.257977,2016,Primary Transit,
kepler-1145 b,0.125,,3.97076766,,Kepler-1145,0.79,0.75,5064.0,714.0,295.308161,43.044415,2016,Primary Transit,
kepler-1146 b,0.11,,2.3522658,,Kepler-1146,0.74,0.7,4692.0,694.0,286.716626,47.425633,2016,Primary Transit,
kepler-1147 b,0.233,,10.62784997,,Kepler-1147,1.09,1.14,5941.0,1476.0,292.547537,41.642956,2016,Primary Transit,
kepler-1148 b,0.151,,1.10446351,,Kepler-1148,0.81,0.77,5054.0,682.0,290.953557,45.719536,2016,Primary Transit,
kepler-1149 ab,0.128,,3.73089898,,Kepler-1149 A,0.99,1.283,5604.94,1217.73,294.18926,45.151577,2016,Primary Transit,
kepler-114 b,0.112,0.022,5.188549,,Kepler-114,0.71,0.67,4605.0,261.49,294.121421,48.349525,2014,Primary Transit,
kepler-114 c,0.143,0.009,8.041,,Kepler-114,0.71,0.67,4605.0,261.49,294.121421,48.349525,2013,Primary Transit,
kepler-114 d,0.226,0.012,11.776,,Kepler-114,0.71,0.67,4605.0,261.49,294.121421,48.349525,2013,Primary Transit,
kepler-1150 bb,0.2079,,2.787874175,0.0,Kepler-1150 B,0.729,0.73,4604.0,358.518,296.724492,49.532715,2016,Primary Transit,
kepler-1151 b,0.198,,65.6478424,,Kepler-1151,0.88,0.85,5470.0,763.0,292.247793,47.878452,2016,Primary Transit,
kepler-1152 b,0.078,,1.64680191,,Kepler-1152,0.55,0.53,3964.0,184.0,290.434033,44.107651,2016,Primary Transit,
kepler-1153 b,0.154,,1.75583533,,Kepler-1153,0.91,0.88,5470.0,1185.0,289.147217,45.866181,2016,Primary Transit,
kepler-1154 b,0.209,,5.1856142,,Kepler-1154,1.26,1.43,6327.0,1531.0,297.477127,39.877247,2016,Primary Transit,
kepler-1154 c,0.211,,8.45808312,,Kepler-1154,1.26,1.43,6327.0,1531.0,297.477127,39.877247,2016,Primary Transit,
kepler-1155 b,0.181,,33.469743,,Kepler-1155,1.03,1.03,5842.0,987.0,288.820587,39.522827,2016,Primary Transit,
kepler-1156 b,0.118,,11.89520511,,Kepler-1156,1.0,1.0,5778.0,759.0,288.924024,46.057632,2016,Primary Transit,
kepler-1157 ab,0.0705,,4.45743267,0.0,Kepler-1157 A,0.714,0.745,4533.0,342.144,283.121049,43.525642,2016,Primary Transit,
kepler-1158 b,0.209,,13.5396293,,Kepler-1158,1.41,1.95,6203.0,1258.0,292.233946,41.575213,2016,Primary Transit,
kepler-1159 b,0.211,,22.70816791,,Kepler-1159,1.19,1.28,6217.0,1238.0,294.266335,45.204315,2016,Primary Transit,
kepler-115 b,0.097,,2.403679,,Kepler-115,1.0,1.21,5979.0,634.97,297.711849,45.261925,2014,Primary Transit,
kepler-115 c,0.232,,8.990889,,Kepler-115,1.0,1.21,5979.0,634.97,297.711849,45.261925,2014,Primary Transit,
kepler-1160 b,0.191,,7.97034958,,Kepler-1160,0.92,0.89,5519.0,1293.0,287.879384,43.364075,2016,Primary Transit,
kepler-1161 b,0.19,,10.71252541,,Kepler-1161,0.59,0.57,4253.0,428.0,299.077103,45.44064,2016,Primary Transit,
kepler-1162 b,0.183,,32.5635249,0.0,Kepler-1162,0.9,0.826,5276.0,940.211,283.29213,45.434116,2016,Primary Transit,
kepler-1162 c,0.16755,,59.284064,0.0,Kepler-1162,0.9,0.826,5276.0,940.211,283.29213,45.434116,2017,Primary Transit,
kepler-1163 b,0.092,,6.11786898,,Kepler-1163,1.22,1.35,6302.0,487.0,290.235843,50.030087,2016,Primary Transit,
kepler-1164 b,0.1,,3.97599768,,Kepler-1164,0.85,0.79,5183.0,447.0,287.529634,38.894513,2016,Primary Transit,
kepler-1165 b,0.138,,9.478522,,Kepler-1165,1.11,1.735,6019.0,1575.2,286.971267,44.708302,2016,Primary Transit,
kepler-1165 c,0.2998,,29.96870041,0.0,Kepler-1165,1.11,1.735,6019.0,1575.2,286.971267,44.708302,2017,Primary Transit,
kepler-1166 b,0.151,,33.2406882,,Kepler-1166,0.9,0.86,5446.0,648.0,290.348519,50.902855,2016,Primary Transit,
kepler-1167 b,0.153,,1.00393374,,Kepler-1167,0.79,0.75,4971.0,811.0,298.302714,47.694023,2016,Primary Transit,
kepler-1168 b,0.223,,55.8226539,,Kepler-1168,0.87,0.82,5157.0,911.0,287.297694,47.455437,2016,Primary Transit,
kepler-1169 b,0.084,,6.11009134,,Kepler-1169,1.24,1.23,6191.0,538.0,294.911573,46.491463,2016,Primary Transit,
kepler-116 b,0.305,,5.968734,,Kepler-116,1.16,1.45,6142.0,982.04,294.74207,43.536835,2014,Primary Transit,
kepler-116 c,0.205,,13.07163,,Kepler-116,1.16,1.45,6142.0,982.04,294.74207,43.536835,2014,Primary Transit,
kepler-1170 b,0.215,,9.98969327,,Kepler-1170,0.8,0.76,5069.0,911.0,292.16858,43.779675,2016,Primary Transit,
kepler-1171 b,0.228,,1.44259224,,Kepler-1171,1.58,1.95,7044.0,615.0,294.958925,38.591578,2016,Primary Transit,
kepler-1172 b,0.285,,26.0204423,,Kepler-1172,0.92,0.89,5558.0,1292.0,290.474507,37.766598,2016,Primary Transit,
kepler-1173 b,0.079,,0.7698536,,Kepler-1173,0.86,0.82,5252.0,402.0,293.131095,45.663548,2016,Primary Transit,
kepler-1174 b,0.142,,6.89225223,,Kepler-1174,1.04,1.04,5936.0,829.0,281.831445,42.298916,2016,Primary Transit,
kepler-1175 b,0.267,,37.94563,,Kepler-1175,0.9,0.86,5453.0,1244.0,289.142702,46.812897,2016,Primary Transit,
kepler-1176 b,0.219,,24.1738579,,Kepler-1176,1.01,1.02,5844.0,1023.0,297.919728,45.274162,2016,Primary Transit,
kepler-1177 b,0.17,,106.247547,,Kepler-1177,0.98,0.97,5712.0,829.0,286.671437,49.406288,2016,Primary Transit,
kepler-1178 ab,0.0562,,31.8055128,0.0,Kepler-1178 A,0.85,0.936,5084.79,482.287,288.456062,45.802124,2016,Primary Transit,
kepler-1179 b,0.118,,2.68505749,,Kepler-1179,0.84,0.81,5212.0,454.0,284.09764,47.810638,2016,Primary Transit,
kepler-117 b,0.719,0.094,18.7959228,0.0493,Kepler-117,1.13,1.61,6150.0,1430.0,288.793037,48.040234,2014,Primary Transit,
kepler-117 c,1.101,1.84,50.790391,0.0323,Kepler-117,1.13,1.61,6150.0,1430.0,288.793037,48.040234,2014,Primary Transit,
kepler-1180 b,0.1526,,16.8600805,0.0,Kepler-1180,1.17,1.418,6163.0,1596.8,295.88751,43.156063,2016,Primary Transit,
kepler-1181 b,0.143,,4.89336495,0.0,Kepler-1181,1.33,1.36,6495.28,938.417,289.747314,39.523468,2016,Primary Transit,
kepler-1181 c,0.15559,,8.93484887,0.0,Kepler-1181,1.33,1.36,6495.28,938.417,289.747314,39.523468,2015,Microlensing,
kepler-1182 b,0.215,,11.17394617,,Kepler-1182,1.04,1.05,5924.0,1258.0,296.307949,43.82135,2016,Primary Transit,
kepler-1183 b,0.252,,28.5057189,,Kepler-1183,1.0,0.99,5765.0,1378.0,292.232425,38.892222,2016,Primary Transit,
kepler-1184 b,0.239,,53.5991044,,Kepler-1184,1.05,1.07,5983.0,1193.0,291.282055,46.965996,2016,Primary Transit,
kepler-1185 b,0.119,,104.3518976,,Kepler-1185,0.96,0.87,5622.0,296.0,287.241174,39.332757,2016,Primary Transit,
kepler-1186 b,0.199,,16.07677615,,Kepler-1186,0.95,0.93,5635.0,1112.0,288.479641,47.101768,2016,Primary Transit,
kepler-1187 b,0.233,,18.87064068,,Kepler-1187,1.06,1.09,5975.0,1029.0,286.892005,38.318556,2016,Primary Transit,
kepler-1188 b,0.186,,17.1369543,,Kepler-1188,1.04,1.06,5913.0,1202.0,283.103838,43.148045,2016,Primary Transit,
kepler-1189 b,0.158,,3.78858982,,Kepler-1189,1.11,1.16,6012.0,883.0,298.426343,47.946785,2016,Primary Transit,
kepler-118 b,0.175,,7.518496,,Kepler-118,0.86,1.09,5274.0,583.81,299.213164,41.424824,2014,Primary Transit,
kepler-118 c,0.685,,20.17202,,Kepler-118,0.86,1.09,5274.0,583.81,299.213164,41.424824,2014,Primary Transit,
kepler-1190 ab,0.119,,10.45843441,,Kepler-1190 A,0.711,0.7205,4521.62,342.509,284.999621,49.479977,2016,Primary Transit,
kepler-1191 b,0.135,,5.60014851,,Kepler-1191,0.85,0.81,5308.0,876.0,291.657776,48.009315,2016,Primary Transit,
kepler-1192 b,0.211,,25.2034787,,Kepler-1192,0.86,0.83,5438.0,1108.0,282.140566,43.89658,2016,Primary Transit,
kepler-1193 b,0.118,,2.83265213,,Kepler-1193,1.08,1.21,5908.0,695.0,288.144759,51.275627,2016,Primary Transit,
kepler-1194 ab,0.135,,16.22371307,,Kepler-1194 A,0.94,0.92,5590.0,616.0,291.699538,38.145265,2016,Primary Transit,
kepler-1195 b,0.186,,8.49642241,,Kepler-1195,0.74,0.71,4965.0,812.0,284.351087,40.852979,2016,Primary Transit,
kepler-1196 b,0.199,,66.1849031,,Kepler-1196,0.98,0.97,5756.0,946.0,292.369561,43.910809,2016,Primary Transit,
kepler-1197 ab,0.0999,,2.032318856,0.0,Kepler-1197 A,0.718,0.746,4552.0,486.94,291.669272,42.59071,2016,Primary Transit,
kepler-1198 b,0.131,,7.6847716,,Kepler-1198,0.93,0.9,5517.0,777.0,288.834008,44.838249,2016,Primary Transit,
kepler-1199 ab,0.103,,15.0447198,,Kepler-1199 A,0.94,1.17,5889.0,540.0,293.725872,47.247044,2016,Primary Transit,
kepler-119 b,0.321,,2.422082,,Kepler-119,,0.84,5595.0,716.23,295.946421,42.658924,2014,Primary Transit,
kepler-119 c,0.082,,4.125103,,Kepler-119,,0.84,5595.0,716.23,295.946421,42.658924,2014,Primary Transit,
kepler-11 b,0.161,0.006,10.3039,0.045,Kepler-11,0.96,1.06,5663.0,658.59,297.115123,41.909138,2010,Primary Transit,
kepler-11 c,0.256,0.009,13.0241,0.026,Kepler-11,0.96,1.06,5663.0,658.59,297.115123,41.909138,2010,Primary Transit,
kepler-11 d,0.278,0.023,22.6845,0.004,Kepler-11,0.96,1.06,5663.0,658.59,297.115123,41.909138,2010,Primary Transit,
kepler-11 e,0.374,0.025,31.9996,0.012,Kepler-11,0.96,1.06,5663.0,658.59,297.115123,41.909138,2010,Primary Transit,
kepler-11 f,0.222,0.006,46.6888,0.013,Kepler-11,0.96,1.06,5663.0,658.59,297.115123,41.909138,2010,Primary Transit,
kepler-11 g,0.297,0.079,118.3807,0.15,Kepler-11,0.96,1.06,5663.0,658.59,297.115123,41.909138,2010,Primary Transit,
kepler-1200 b,0.095,,1.11854972,,Kepler-1200,0.74,0.7,4612.0,579.0,296.603451,44.129257,2016,Primary Transit,
kepler-1201 b,0.204,,15.18725932,,Kepler-1201,1.15,1.24,6177.0,1202.0,294.614827,40.833172,2016,Primary Transit,
kepler-1202 ab,0.262,,28.6851324,,Kepler-1202 A,1.03,1.04,5834.0,1393.0,292.290612,44.653255,2016,Primary Transit,
kepler-1203 b,0.095,,0.58800076,,Kepler-1203,0.64,0.61,4105.0,269.0,292.773384,44.178127,2016,Primary Transit,
kepler-1204 b,0.272,,85.7350285,,Kepler-1204,1.03,1.03,5825.0,1282.0,289.441483,42.498135,2016,Primary Transit,
kepler-1205 b,0.126,,1.07839035,,Kepler-1205,0.84,0.81,5226.0,766.0,290.279709,41.515049,2016,Primary Transit,
kepler-1206 b,0.146,,1.21699766,,Kepler-1206,0.8,0.75,4877.0,807.0,295.938407,49.791145,2016,Primary Transit,
kepler-1207 b,0.145,,13.68237119,,Kepler-1207,1.06,1.06,5909.0,946.0,295.064243,49.358994,2016,Primary Transit,
kepler-1208 b,0.207,,11.08507637,,Kepler-1208,0.8,0.76,5001.0,877.0,291.881263,44.555729,2016,Primary Transit,
kepler-1209 b,0.135,,25.369116,,Kepler-1209,1.23,1.38,6210.0,558.0,287.584891,49.154793,2016,Primary Transit,
kepler-120 b,0.192,,6.312501,,Kepler-120,,0.53,4096.0,393.02,287.891632,39.339124,2014,Primary Transit,
kepler-120 c,0.136,,12.794585,,Kepler-120,,0.53,4096.0,393.02,287.891632,39.339124,2014,Primary Transit,
kepler-1210 b,0.152,,8.07124073,,Kepler-1210,0.94,0.92,5568.0,1155.0,292.832145,48.219357,2016,Primary Transit,
kepler-1211 b,0.227,,11.01816836,,Kepler-1211,0.96,0.94,5705.0,1486.0,285.720788,40.856961,2016,Primary Transit,
kepler-1212 b,0.191,,12.94130146,,Kepler-1212,1.1,1.15,6051.0,1304.0,296.853432,50.037354,2016,Primary Transit,
kepler-1213 b,0.106,,5.34982412,,Kepler-1213,1.14,1.21,6050.0,685.0,289.485822,50.944164,2016,Primary Transit,
kepler-1214 ab,0.211,,18.82634264,,Kepler-1214 A,0.85,0.8,5130.0,757.0,285.142638,49.800667,2016,Primary Transit,
kepler-1215 b,0.109,,4.76703963,,Kepler-1215,0.95,0.93,5616.0,701.0,297.463622,48.181416,2016,Primary Transit,
kepler-1216 b,0.124,,4.37034536,,Kepler-1216,0.99,0.98,5743.0,1124.0,287.405321,45.918007,2016,Primary Transit,
kepler-1217 b,0.178,,2.03232507,,Kepler-1217,1.06,1.08,5905.0,1363.0,289.186676,50.937557,2016,Primary Transit,
kepler-1218 b,0.128,,22.9221266,,Kepler-1218,1.06,1.1,5986.0,667.0,291.578982,44.531715,2016,Primary Transit,
kepler-1219 b,0.189,,16.10467749,,Kepler-1219,1.25,1.94,5944.0,622.0,297.215809,47.378515,2016,Primary Transit,
kepler-121 b,0.209,,3.177422,,Kepler-121,,0.7,5311.0,518.09,286.162064,39.677995,2014,Primary Transit,
kepler-121 c,0.203,,41.008011,,Kepler-121,,0.7,5311.0,518.09,286.162064,39.677995,2014,Primary Transit,
kepler-1220 ab,0.136,,7.42693741,,Kepler-1220 A,1.0,0.99,5842.0,958.0,297.070369,42.977741,2016,Primary Transit,
kepler-1221 ab,0.168,,12.00096042,,Kepler-1221 A,0.87,0.82,5194.0,909.0,285.822349,45.711891,2016,Primary Transit,
kepler-1222 b,0.07,,1.91694425,,Kepler-1222,0.84,0.8,5239.0,455.0,294.889655,49.379768,2016,Primary Transit,
kepler-1223 b,0.109,,16.301259,,Kepler-1223,0.8,0.75,4870.0,455.0,285.29575,44.552753,2016,Primary Transit,
kepler-1224 ab,0.1178,,13.32354078,0.0,Kepler-1224 A,1.21,1.193,6254.0,559.598,286.625763,37.537304,2016,Primary Transit,
kepler-1225 b,0.162,,7.01075434,,Kepler-1225,1.13,1.19,6140.0,1241.0,290.633291,40.136994,2016,Primary Transit,
kepler-1226 ab,0.129,,17.2923453,,Kepler-1226 A,1.02,1.02,5923.0,779.0,296.376909,50.621468,2016,Primary Transit,
kepler-1227 ab,0.204,,94.2887577,,Kepler-1227 A,0.97,0.95,5747.0,667.0,287.066378,41.874908,2016,Primary Transit,
kepler-1228 b,0.137,,0.57736958,,Kepler-1228,0.78,0.74,5063.0,547.0,296.553083,46.96629,2016,Primary Transit,
kepler-1229 ab,0.1195,0.00799,86.82974,0.0,Kepler-1229 A,0.559,0.5658,3774.0,265.482,297.486691,46.996716,2016,Primary Transit,
kepler-122 b,0.209,,5.766193,,Kepler-122,0.99,1.22,6050.0,1058.58,291.111883,39.949104,2014,Primary Transit,
kepler-122 c,0.524,,12.465988,,Kepler-122,0.99,1.22,6050.0,1058.58,291.111883,39.949104,2014,Primary Transit,
kepler-122 d,0.196,,21.587475,,Kepler-122,0.99,1.22,6050.0,1058.58,291.111883,39.949104,2014,Primary Transit,
kepler-122 e,0.232,,37.993273,,Kepler-122,0.99,1.22,6050.0,1058.58,291.111883,39.949104,2014,Primary Transit,
kepler-122 f,0.156,0.113,56.268,,Kepler-122,0.99,1.22,6050.0,1058.58,291.111883,39.949104,2014,TTV,
kepler-1230 b,0.242,,9.95661537,,Kepler-1230,1.06,1.08,5961.0,1433.0,283.2645,41.711449,2016,Primary Transit,
kepler-1231 b,0.127,,10.41725184,,Kepler-1231,1.01,1.0,5778.0,948.0,288.588357,42.605659,2016,Primary Transit,
kepler-1232 b,0.172,,26.7839183,,Kepler-1232,0.92,0.89,5471.0,740.0,296.550043,49.102322,2016,Primary Transit,
kepler-1233 b,0.232,,45.1263042,,Kepler-1233,1.16,1.25,6198.0,1281.0,297.375101,46.662216,2016,Primary Transit,
kepler-1234 b,0.251,,11.94014029,,Kepler-1234,0.8,0.76,4967.0,866.0,287.522025,51.37586,2016,Primary Transit,
kepler-1235 b,0.07,,4.16055856,,Kepler-1235,0.93,0.9,5541.0,533.0,284.903015,43.95396,2016,Primary Transit,
kepler-1236 b,0.191,,31.0571618,,Kepler-1236,0.86,0.82,5337.0,1078.0,295.624706,42.545898,2016,Primary Transit,
kepler-1237 b,0.255,,84.5733226,,Kepler-1237,0.94,0.9,5472.0,1121.0,295.629266,44.69062,2016,Primary Transit,
kepler-1238 b,0.172,,4.14787559,,Kepler-1238,1.3,1.48,6386.0,1533.0,297.905795,40.162858,2016,Primary Transit,
kepler-1239 b,0.259,,5.19104016,,Kepler-1239,1.4,1.57,6564.0,2511.0,293.127381,42.320103,2016,Primary Transit,
kepler-123 b,0.262,,17.232366,,Kepler-123,1.03,1.26,6089.0,1052.14,296.998621,42.781956,2014,Primary Transit,
kepler-123 c,0.132,,26.695074,,Kepler-123,1.03,1.26,6089.0,1052.14,296.998621,42.781956,2014,Primary Transit,
kepler-1240 ab,0.103,,4.8663815,,Kepler-1240 A,0.98,0.96,5682.0,614.0,282.999715,40.55745,2016,Primary Transit,
kepler-1241 b,0.235,,18.5525701,,Kepler-1241,0.84,0.8,5261.0,936.0,294.576248,38.456974,2016,Primary Transit,
kepler-1242 b,0.202,,13.62798432,,Kepler-1242,0.77,0.74,4895.0,682.0,284.60621,41.196384,2016,Primary Transit,
kepler-1243 b,0.156,,16.8320729,,Kepler-1243,0.96,0.94,5667.0,877.0,294.009462,42.880772,2016,Primary Transit,
kepler-1244 b,0.12,,3.70428172,,Kepler-1244,1.46,1.77,6680.0,764.0,282.301216,46.516201,2016,Primary Transit,
kepler-1245 b,0.128,,4.35409304,,Kepler-1245,0.86,0.83,5306.0,861.0,290.744327,43.260777,2016,Primary Transit,
kepler-1245 c,0.128,,2.93658468,,Kepler-1245,0.86,0.83,5306.0,861.0,290.744327,43.260777,2016,Primary Transit,
kepler-1246 ab,0.121,,11.32271513,,Kepler-1246 A,0.73,0.69,4611.0,435.0,287.657402,48.982166,2016,Primary Transit,
kepler-1247 b,0.208,,13.71220213,,Kepler-1247,0.86,0.82,5303.0,1094.0,294.533553,46.618271,2016,Primary Transit,
kepler-1248 ab,0.0928,,7.46718958,0.0,Kepler-1248 A,1.21,1.21,6149.0,593.026,288.059319,51.354454,2016,Primary Transit,
kepler-1249 b,0.212,,24.3347127,,Kepler-1249,1.19,1.28,6202.0,1674.0,296.894856,44.37178,2016,Primary Transit,
kepler-124 ab,0.0946,,3.41045981,0.0,Kepler-124 A,0.88,0.722,5188.0,420.046,286.752797,49.064911,2014,Primary Transit,
kepler-124 ac,0.196,,13.82142084,0.0,Kepler-124 A,0.88,0.722,5188.0,420.046,286.752797,49.064911,2014,Primary Transit,
kepler-124 ad,0.1347,,30.9505927,0.0,Kepler-124 A,0.88,0.722,5188.0,420.046,286.752797,49.064911,2014,Primary Transit,
kepler-1250 b,0.171,,2.60754383,,Kepler-1250,0.99,0.98,5717.0,1371.0,287.793862,45.98024,2016,Primary Transit,
kepler-1251 ab,0.164,,45.0904643,,Kepler-1251 A,0.92,0.89,5545.0,863.0,292.115153,49.256428,2016,Primary Transit,
kepler-1252 b,0.149,,15.0540329,,Kepler-1252,1.06,1.09,5949.0,828.0,298.950318,46.692799,2016,Primary Transit,
kepler-1253 ab,0.1311,,68.8861017,0.0,Kepler-1253 A,1.01,1.54,5670.58,514.524,283.885115,47.637222,2016,Primary Transit,
kepler-1254 b,0.138,,9.99113313,,Kepler-1254,0.78,0.75,4985.0,676.0,285.173326,48.770042,2016,Primary Transit,
kepler-1254 c,0.116,,3.60084276,,Kepler-1254,0.78,0.75,4985.0,676.0,285.173326,48.770042,2016,Primary Transit,
kepler-1254 d,0.117,,5.72717226,,Kepler-1254,0.78,0.75,4985.0,676.0,285.173326,48.770042,2016,Primary Transit,
kepler-1255 b,0.207,,36.2919336,,Kepler-1255,1.08,1.12,6018.0,1344.0,295.239275,42.726479,2016,Primary Transit,
kepler-1256 b,0.133,,12.4127754,,Kepler-1256,1.17,1.36,6129.0,862.0,291.474304,44.683514,2016,Primary Transit,
kepler-1257 b,0.136,,2.66831376,,Kepler-1257,0.9,0.87,5502.0,1081.0,296.075676,45.627056,2016,Primary Transit,
kepler-1258 b,0.077,,0.98494017,,Kepler-1258,0.99,0.99,5839.0,651.0,285.404941,49.994747,2016,Primary Transit,
kepler-1259 b,0.128,,0.66308526,,Kepler-1259,0.8,0.77,5053.0,704.0,297.841489,46.967682,2016,Primary Transit,
kepler-125 b,0.211,,4.164389,,Kepler-125,0.55,0.51,3810.0,184.34,298.258123,47.604946,2014,Primary Transit,
kepler-125 c,0.066,,5.774464,,Kepler-125,0.55,0.51,3810.0,184.34,298.258123,47.604946,2014,Primary Transit,
kepler-1260 b,0.158,,19.1187753,,Kepler-1260,1.06,1.08,5961.0,1041.0,295.591254,42.555241,2016,Primary Transit,
kepler-1261 b,0.202,,48.4308991,,Kepler-1261,0.82,0.77,5006.0,795.0,285.23245,48.806721,2016,Primary Transit,
kepler-1262 b,0.162,,8.67900242,,Kepler-1262,0.99,0.98,5771.0,1153.0,288.771814,42.213219,2016,Primary Transit,
kepler-1263 b,0.102,,4.55139967,,Kepler-1263,0.84,0.8,5213.0,695.0,286.483651,46.752617,2016,Primary Transit,
kepler-1264 ab,0.105,,0.96852602,,Kepler-1264 A,0.99,0.98,5791.0,814.0,289.884378,45.211502,2016,Primary Transit,
kepler-1265 ab,0.1561,,6.49441464,0.0,Kepler-1265 A,0.71,0.69,4630.0,581.0,284.585789,47.079533,2016,Primary Transit,
kepler-1266 b,0.23,,28.474748,,Kepler-1266,0.83,0.7228,5004.0,849.312,285.869287,42.728096,2016,Primary Transit,
kepler-1266 c,0.1499,,4.86631012,0.0,Kepler-1266,0.83,0.7228,5004.0,849.312,285.869287,42.728096,2017,Primary Transit,
kepler-1267 b,0.269,,13.0313945,,Kepler-1267,1.15,1.2,6096.0,1628.0,299.169533,43.441094,2016,Primary Transit,
kepler-1268 b,0.181,,40.9903986,,Kepler-1268,1.06,1.09,5904.0,1406.0,287.838481,43.153236,2016,Primary Transit,
kepler-1269 b,0.145,,37.3331536,,Kepler-1269,1.1,1.15,5998.0,710.0,287.805581,45.340549,2016,Primary Transit,
kepler-126 b,0.136,,10.495711,0.07,Kepler-126,,1.36,6239.0,239.03,289.347291,44.208553,2014,Primary Transit,
kepler-126 c,0.141,,21.869741,0.19,Kepler-126,,1.36,6239.0,239.03,289.347291,44.208553,2014,Primary Transit,
kepler-126 d,0.223,,100.283134,0.02,Kepler-126,,1.36,6239.0,239.03,289.347291,44.208553,2014,Primary Transit,
kepler-1270 b,0.296,,6.03356196,,Kepler-1270,1.28,3.38,5047.0,1204.0,286.715634,48.645279,2016,Primary Transit,
kepler-1271 b,0.132,,3.0255955,,Kepler-1271,1.13,1.23,6143.0,885.0,286.344287,37.411973,2016,Primary Transit,
kepler-1272 b,0.211,,51.1309704,,Kepler-1272,1.06,1.09,5926.0,896.0,285.219843,38.805878,2016,Primary Transit,
kepler-1273 b,0.222,,28.625653,,Kepler-1273,0.94,0.91,5566.0,1355.0,285.803226,44.873428,2016,Primary Transit,
kepler-1274 b,0.127,,6.98152703,,Kepler-1274,1.45,2.17,6179.0,609.0,284.593715,46.449776,2016,Primary Transit,
kepler-1275 b,0.132,,3.65691115,,Kepler-1275,1.23,1.36,6296.0,1280.0,293.500497,44.932457,2016,Primary Transit,
kepler-1276 b,0.106,,12.5720095,,Kepler-1276,1.14,1.21,6188.0,587.0,287.85701,40.547181,2016,Primary Transit,
kepler-1277 b,0.143,,40.8365012,,Kepler-1277,0.94,0.92,5578.0,606.0,295.102413,40.572396,2016,Primary Transit,
kepler-1278 b,0.09,,3.23941344,,Kepler-1278,1.11,1.16,6074.0,743.0,282.956935,42.825619,2016,Primary Transit,
kepler-1279 b,0.156,,23.4774101,,Kepler-1279,1.21,1.33,6221.0,1017.0,288.095635,40.365964,2016,Primary Transit,
kepler-127 b,0.125,,14.435889,0.47,Kepler-127,,1.36,6106.0,356.41,285.189985,46.027962,2014,Primary Transit,
kepler-127 c,0.237,,29.393195,0.03,Kepler-127,,1.36,6106.0,356.41,285.189985,46.027962,2014,Primary Transit,
kepler-127 d,0.236,,48.630408,0.03,Kepler-127,,1.36,6106.0,356.41,285.189985,46.027962,2014,Primary Transit,
kepler-1280 b,0.167,,66.5579057,,Kepler-1280,1.2,1.32,6227.0,1006.0,293.573935,45.384541,2016,Primary Transit,
kepler-1281 ab,0.146,,3.11602791,,Kepler-1281 A,0.87,0.83,5353.0,1090.0,295.354457,48.515404,2016,Primary Transit,
kepler-1282 b,0.138,,2.13194651,,Kepler-1282,0.92,0.89,5504.0,1126.0,290.176173,46.698338,2016,Primary Transit,
kepler-1283 b,0.17,,12.9460978,,Kepler-1283,1.16,1.25,6175.0,1452.0,295.462337,40.776969,2016,Primary Transit,
kepler-1284 b,0.108,,0.66407381,,Kepler-1284,0.84,0.79,5123.0,852.0,291.279002,47.687649,2016,Primary Transit,
kepler-1285 b,0.087,,14.7967458,,Kepler-1285,1.2,1.28,6170.0,364.0,281.835355,44.155926,2016,Primary Transit,
kepler-1286 b,0.192,,11.25402929,,Kepler-1286,1.0,0.98,5753.0,1150.0,280.258382,43.835766,2016,Primary Transit,
kepler-1287 b,0.137,,11.47685909,,Kepler-1287,0.96,0.94,5715.0,1027.0,289.134661,47.062996,2016,Primary Transit,
kepler-1288 b,0.1,,2.76122421,,Kepler-1288 A,1.2,1.29,6132.0,715.0,285.713488,41.605873,2016,Primary Transit,
kepler-1289 b,0.136,,7.99019627,,Kepler-1289,1.1,1.17,6080.0,1059.0,296.388807,41.040571,2016,Primary Transit,
kepler-128 b,0.128,0.00242,15.09,,Kepler-128,1.09,1.61,6013.0,400.93,282.492224,43.980213,2013,Primary Transit,
kepler-128 c,0.12,0.00283,22.804,,Kepler-128,1.09,1.61,6013.0,400.93,282.492224,43.980213,2013,Primary Transit,
kepler-1290 b,0.127,,4.69500134,,Kepler-1290,0.95,0.93,5660.0,1321.0,290.685249,43.859638,2016,Primary Transit,
kepler-1291 b,0.148,,8.63043276,,Kepler-1291,0.84,0.8,5216.0,982.0,289.377032,40.001151,2016,Primary Transit,
kepler-1292 b,0.162,,3.27646405,,Kepler-1292,0.95,0.93,5556.0,1406.0,284.90572,43.949169,2016,Primary Transit,
kepler-1293 b,0.087,,5.57654784,,Kepler-1293,1.18,1.28,6241.0,770.0,290.025921,48.335949,2016,Primary Transit,
kepler-1294 b,0.285,,115.6862258,,Kepler-1294,0.99,0.97,5776.0,1120.0,291.268101,44.488194,2016,Primary Transit,
kepler-1295 b,0.138,,3.81371974,,Kepler-1295,0.92,0.89,5486.0,1257.0,291.397864,45.588559,2016,Primary Transit,
kepler-1296 b,0.081,,8.3839865,,Kepler-1296,0.87,0.83,5359.0,631.0,292.125189,41.407814,2016,Primary Transit,
kepler-1297 b,0.087,,1.68189002,,Kepler-1297,0.99,0.99,5818.0,996.0,289.956501,47.020393,2016,Primary Transit,
kepler-1298 b,0.117,,7.12811928,,Kepler-1298,1.45,2.0,6339.0,498.0,284.422735,49.106224,2016,Primary Transit,
kepler-1299 b,0.266,,19.9400874,,Kepler-1299,0.94,0.91,5609.0,1352.0,286.150155,37.411377,2016,Primary Transit,
kepler-129 b,0.211,,15.79186,0.01,Kepler-129,1.18,1.64,5770.0,413.68,285.311284,47.848595,2014,Primary Transit,
kepler-129 c,0.227,,82.20017,0.2,Kepler-129,1.18,1.64,5770.0,413.68,285.311284,47.848595,2014,Primary Transit,
kepler-129 d,,,1935.571324,0.0615,Kepler-129,1.18,1.64,5770.0,413.68,285.311284,47.848595,2021,Radial Velocity,
kepler-12 b,1.754,0.432,4.4379629,0.01,Kepler-12,1.17,1.48,5947.0,904.4,286.243425,50.040382,2011,Primary Transit,
kepler-1300 b,0.122,,22.2419092,,Kepler-1300,1.29,1.79,6130.0,757.0,289.033022,40.086887,2016,Primary Transit,
kepler-1301 b,0.125,,9.08237046,,Kepler-1301,0.85,0.81,5188.0,816.0,286.604183,42.440319,2016,Primary Transit,
kepler-1302 b,0.128,,8.83922659,,Kepler-1302,0.86,0.82,5236.0,727.0,290.989241,50.30806,2016,Primary Transit,
kepler-1303 b,0.127,,7.56127224,,Kepler-1303,1.01,1.0,5771.0,905.0,284.287156,42.355614,2016,Primary Transit,
kepler-1304 b,0.204,,16.1288853,,Kepler-1304,0.85,0.81,5259.0,682.0,285.276428,39.446916,2016,Primary Transit,
kepler-1305 b,0.168,,13.5630972,,Kepler-1305,0.97,0.96,5701.0,1343.0,297.339446,46.347252,2016,Primary Transit,
kepler-1306 b,0.17,,16.29595382,,Kepler-1306,0.98,0.97,5727.0,1130.0,294.478341,46.945862,2016,Primary Transit,
kepler-1307 b,0.22,,18.01621096,,Kepler-1307,1.06,1.08,5884.0,1396.0,292.86984,46.741859,2016,Primary Transit,
kepler-1308 b,0.046,,2.10433812,,Kepler-1308,0.35,0.34,3468.0,73.0,285.928896,38.520962,2016,Primary Transit,
kepler-1309 ab,0.211,,28.8432647,,Kepler-1309 A,0.85,0.8,5235.0,845.0,298.735235,40.764155,2016,Primary Transit,
kepler-130 ab,0.0928,,8.45746707,0.0,Kepler-130 A,1.091,1.179,5958.0,316.663,288.450665,40.245305,2014,Primary Transit,
kepler-130 ac,0.25667,,27.50868,0.0,Kepler-130 A,1.091,1.179,5958.0,316.663,288.450665,40.245305,2014,Primary Transit,
kepler-130 ad,0.12303,,87.517905,0.0,Kepler-130 A,1.091,1.179,5958.0,316.663,288.450665,40.245305,2014,Primary Transit,
kepler-1310 b,0.128,,0.67933627,,Kepler-1310,0.91,0.88,5549.0,583.0,283.920035,40.740123,2016,Primary Transit,
kepler-1311 b,0.111,,11.1726994,,Kepler-1311,1.02,1.753,5719.0,866.331,289.651263,43.824417,2016,Primary Transit,
kepler-1311 c,0.109,,2.53573424,,Kepler-1311,1.02,1.753,5719.0,866.331,289.651263,43.824417,2016,Primary Transit,
kepler-1311 d,0.8616,,197.5110016,0.0,Kepler-1311,1.02,1.753,5719.0,866.331,289.651263,43.824417,2022,Primary Transit,
kepler-1312 b,0.187,,5.44832529,,Kepler-1312,0.991,0.947,5602.86,299.104,292.971241,41.035764,2016,Primary Transit,
kepler-1312 c,0.09162,,1.116119981,0.0,Kepler-1312,0.991,0.947,5602.86,299.104,292.971241,41.035764,2017,Primary Transit,
kepler-1313 b,0.157,,3.83309118,,Kepler-1313,0.92,0.85,5453.0,187.0,292.388546,42.233261,2016,Primary Transit,
kepler-1314 b,0.456,,5.42474928,,Kepler-1314,0.6,0.59,4188.0,462.0,294.237938,45.197322,2016,Primary Transit,
kepler-1315 ab,0.152,,0.843379985,0.0,Kepler-1315 A,0.75,0.728,4710.62,480.87,295.821448,46.053029,2016,Primary Transit,
kepler-1315 ac,0.16451,,6.566060066,0.0,Kepler-1315 A,0.75,0.728,4710.62,480.87,295.821448,46.053029,2017,Primary Transit,
kepler-1316 b,0.316,,87.9732136,,Kepler-1316,1.04,1.12,5884.0,753.0,298.835871,40.293136,2016,Primary Transit,
kepler-1317 b,0.139,,0.56887443,,Kepler-1317,0.83,0.79,5144.0,734.0,291.611881,42.115971,2016,Primary Transit,
kepler-1318 b,0.277,,213.257663,,Kepler-1318,0.73,0.7,4598.0,475.0,290.376313,41.150741,2016,Primary Transit,
kepler-1319 ab,0.1106,,2.8867624,0.33,Kepler-1319 A,0.498,0.5,3527.0,103.917,290.956068,49.366306,2016,Primary Transit,
kepler-131 b,0.215,0.051,16.092,,Kepler-131,1.02,1.03,5685.0,230.19,288.530825,40.942304,2014,Primary Transit,
kepler-131 c,0.075,0.026,25.5169,,Kepler-131,1.02,1.03,5685.0,230.19,288.530825,40.942304,2014,Primary Transit,
kepler-1320 b,0.152,,0.86838653,,Kepler-1320,0.8,0.74,4817.0,771.0,288.433591,40.380875,2016,Primary Transit,
kepler-1321 b,0.439,,11.12830484,,Kepler-1321,0.54,0.53,4034.0,769.146,294.528593,46.640962,2016,Primary Transit,
kepler-1321 c,0.214,,2.22649109,,Kepler-1321,0.54,0.53,4034.0,769.146,294.528593,46.640962,2016,Primary Transit,
kepler-1321 d,0.23446,,5.720920086,0.0,Kepler-1321,0.54,0.53,4034.0,769.146,294.528593,46.640962,2022,Primary Transit,
kepler-1322 b,0.144,,0.96286738,,Kepler-1322,0.94,1.008,5425.0,1350.32,293.204521,45.435402,2016,Primary Transit,
kepler-1322 c,0.192249,,6.459980011,0.0,Kepler-1322,0.94,1.008,5425.0,1350.32,293.204521,45.435402,2017,Primary Transit,
kepler-1323 b,0.136,,0.92990668,,Kepler-1323,1.18,1.4,6169.0,530.0,292.872284,46.098885,2016,Primary Transit,
kepler-1324 b,0.135,,4.11584468,,Kepler-1324,0.78,0.73,4776.0,522.0,291.18497,40.311214,2016,Primary Transit,
kepler-1325 b,0.255,,33.8786838,,Kepler-1325,0.93,0.91,5550.0,955.0,285.017227,42.085384,2016,Primary Transit,
kepler-1326 b,0.373,,42.3514267,,Kepler-1326,1.45,1.74,6725.0,910.0,296.222144,39.268958,2016,Primary Transit,
kepler-1327 b,0.161,,14.88801098,,Kepler-1327,1.02,1.03,5885.0,688.0,289.064869,50.460976,2016,Primary Transit,
kepler-1328 b,0.087,,4.52158888,,Kepler-1328,1.0,0.99,5780.0,630.0,284.675388,44.41777,2016,Primary Transit,
kepler-1329 b,0.194,,9.33646594,,Kepler-1329,0.72,0.69,4500.0,624.0,281.647742,48.271046,2016,Primary Transit,
kepler-132 ab,0.1088,,6.17817366,0.0,Kepler-132 A,0.929,1.101,5931.0,296.24,283.23581,41.343037,2014,Primary Transit,
kepler-132 ac,0.125,,6.41491277,0.0,Kepler-132 A,0.929,1.101,5931.0,296.24,283.23581,41.343037,2014,Primary Transit,
kepler-132 ad,0.1722,,18.01019956,0.0,Kepler-132 A,0.929,1.101,5931.0,296.24,283.23581,41.343037,2014,Primary Transit,
kepler-132 ae,0.1258,,110.2867031,0.0,Kepler-132 A,0.929,1.101,5931.0,296.24,283.23581,41.343037,2016,Primary Transit,
kepler-1330 b,0.147,,10.10769068,,Kepler-1330,0.97,0.94,5608.0,939.0,290.576737,39.956893,2016,Primary Transit,
kepler-1331 b,0.094,,0.78916165,,Kepler-1331,0.72,0.69,4508.0,365.0,297.073789,41.22448,2016,Primary Transit,
kepler-1332 b,0.122,,11.87456832,,Kepler-1332,0.95,0.9,5581.0,515.0,291.02859,43.913673,2016,Primary Transit,
kepler-1333 ab,0.251,,109.6471842,,Kepler-1333 A,0.94,0.92,5628.0,958.0,293.527561,41.111437,2016,Primary Transit,
kepler-1334 b,0.204,,15.64591713,,Kepler-1334,0.94,0.91,5614.0,1047.0,289.31148,51.320866,2016,Primary Transit,
kepler-1335 b,0.129,,6.26406846,,Kepler-1335,0.77,0.74,4903.0,628.0,284.838408,42.070431,2016,Primary Transit,
kepler-1336 b,0.177,,23.198681,,Kepler-1336,0.94,1.3,5512.0,822.0,296.277711,46.899857,2016,Primary Transit,
kepler-1336 c,0.153,,5.77721211,,Kepler-1336,0.94,1.3,5512.0,822.0,296.277711,46.899857,2016,Primary Transit,
kepler-1337 b,0.215,,24.4002549,,Kepler-1337,0.7,0.67,4523.0,588.0,287.009098,46.796101,2016,Primary Transit,
kepler-1338 b,0.082,,0.93511806,,Kepler-1338,1.04,1.05,5909.0,619.0,284.042335,41.699139,2016,Primary Transit,
kepler-1339 ab,0.063,,1.34155513,,Kepler-1339 A,0.988,1.323,5590.19,371.049,283.745794,48.373394,2016,Primary Transit,
kepler-133 b,0.157,,8.129976,,Kepler-133,,1.43,5736.0,665.37,297.277976,48.320328,2014,Primary Transit,
kepler-133 c,0.253,,31.517586,,Kepler-133,,1.43,5736.0,665.37,297.277976,48.320328,2014,Primary Transit,
kepler-1340 b,0.138,,0.66502692,,Kepler-1340,1.27,1.42,6331.0,1421.0,296.232807,42.47279,2016,Primary Transit,
kepler-1341 ab,0.2239,,132.9955503,0.0,Kepler-1341 A,0.71,0.785,4511.0,476.957,280.511769,44.159351,2016,Primary Transit,
kepler-1342 b,0.148,,2.21571036,,Kepler-1342,0.93,0.9,5527.0,941.0,297.020069,43.432549,2016,Primary Transit,
kepler-1343 b,0.172,,3.35183158,,Kepler-1343,0.95,0.93,5759.0,1307.0,294.294533,50.725376,2016,Primary Transit,
kepler-1344 b,0.164,,4.7683049,,Kepler-1344,1.09,1.13,5981.0,851.0,287.086297,46.945816,2016,Primary Transit,
kepler-1345 b,0.211,,44.6169557,,Kepler-1345,1.32,1.55,6449.0,1164.0,292.477965,46.022835,2016,Primary Transit,
kepler-1346 b,0.141,,3.40165668,,Kepler-1346,1.14,1.21,6133.0,1123.0,291.841308,45.179176,2016,Primary Transit,
kepler-1347 ab,0.092,,14.00947528,,Kepler-1347 A,0.82,0.79,5193.0,321.0,299.659605,40.843853,2016,Primary Transit,
kepler-1348 b,0.173,,27.5722742,,Kepler-1348,1.04,1.04,5911.0,1033.0,292.08746,49.788765,2016,Primary Transit,
kepler-1349 b,0.062,,2.12823928,,Kepler-1349,1.16,1.28,6086.0,260.0,286.338369,48.744099,2016,Primary Transit,
kepler-134 b,0.178,,5.317429,,Kepler-134,,1.18,5983.0,338.05,284.739001,49.598396,2014,Primary Transit,
kepler-134 c,0.112,,10.105785,,Kepler-134,,1.18,5983.0,338.05,284.739001,49.598396,2014,Primary Transit,
kepler-1350 b,0.225,,4.4968604,,Kepler-1350,0.55,0.53,3827.0,350.0,288.250582,46.679602,2016,Primary Transit,
kepler-1350 c,0.154,,1.76678906,,Kepler-1350,0.55,0.53,3827.0,350.0,288.250582,46.679602,2016,Primary Transit,
kepler-1351 b,0.058,,0.91614077,,Kepler-1351,0.7,0.67,4439.0,241.0,293.60872,42.197678,2016,Primary Transit,
kepler-1352 b,0.079,,1.87788275,,Kepler-1352,1.11,1.16,6118.0,637.0,290.693736,48.701477,2016,Primary Transit,
kepler-1353 b,0.161,,24.7543966,,Kepler-1353,0.76,0.72,4776.0,596.0,295.735335,42.576252,2016,Primary Transit,
kepler-1354 b,0.265,,76.613377,,Kepler-1354,1.16,1.24,6168.0,1057.0,291.245187,37.759052,2016,Primary Transit,
kepler-1355 b,0.13,,1.28958811,,Kepler-1355,0.88,0.83,5352.0,963.0,283.741416,49.067978,2016,Primary Transit,
kepler-1356 b,0.136,,0.63400294,,Kepler-1356,0.82,0.78,5106.0,881.0,290.995346,43.243938,2016,Primary Transit,
kepler-1357 b,0.114,,3.0091324,,Kepler-1357,0.93,0.9,5597.0,1026.0,291.548094,50.353313,2016,Primary Transit,
kepler-1358 b,0.1,,7.06317341,,Kepler-1358,0.82,0.79,5181.0,558.0,286.170543,43.008911,2016,Primary Transit,
kepler-1359 b,0.252,,59.4970952,,Kepler-1359,0.78,0.72,4709.0,669.0,289.538819,41.892825,2016,Primary Transit,
kepler-135 b,0.161,,6.00253,,Kepler-135,,1.27,6090.0,632.99,290.495129,38.795481,2014,Primary Transit,
kepler-135 c,0.103,,11.448708,,Kepler-135,,1.27,6090.0,632.99,290.495129,38.795481,2014,Primary Transit,
kepler-1360 b,0.303,,40.5286413,,Kepler-1360,1.51,1.83,6778.0,1405.0,300.344076,45.623219,2016,Primary Transit,
kepler-1361 b,0.077,,3.57554956,,Kepler-1361,0.83,0.79,5131.0,404.0,283.565314,46.904255,2016,Primary Transit,
kepler-1362 b,0.232,,136.205626,,Kepler-1362,0.8,0.74,4857.0,767.0,288.538542,40.877113,2016,Primary Transit,
kepler-1363 b,0.112,,2.94194094,,Kepler-1363,0.76,0.72,4839.0,559.0,296.996558,49.256413,2016,Primary Transit,
kepler-1364 ab,0.2569,,13.32191461,0.0,Kepler-1364 A,1.584,2.274,6995.0,1427.01,295.152201,49.587605,2016,Primary Transit,
kepler-1365 b,0.082,,7.69993485,,Kepler-1365,1.0,1.05,5770.0,541.0,292.19971,42.046089,2016,Primary Transit,
kepler-1365 c,0.071,,4.77468005,,Kepler-1365,1.0,1.05,5770.0,541.0,292.19971,42.046089,2016,Primary Transit,
kepler-1366 b,0.128,,2.16457097,,Kepler-1366,0.62,0.6,4070.0,395.0,285.064914,41.554874,2016,Primary Transit,
kepler-1367 b,0.082,,1.57409027,,Kepler-1367,0.62,0.6,4106.0,357.0,288.416528,47.878731,2016,Primary Transit,
kepler-1368 b,0.147,,0.67564949,,Kepler-1368,1.07,1.08,5906.0,1750.0,294.766985,41.64468,2016,Primary Transit,
kepler-1369 b,0.24,,25.873148,,Kepler-1369,0.99,0.99,5761.0,1236.0,285.797234,40.936186,2016,Primary Transit,
kepler-136 ab,0.1838,,11.57890926,0.0,Kepler-136 A,1.185,1.49,6187.46,420.818,296.467314,42.598771,2014,Primary Transit,
kepler-136 ac,0.1731,,16.39926461,0.0,Kepler-136 A,1.185,1.49,6187.46,420.818,296.467314,42.598771,2014,Primary Transit,
kepler-1370 b,0.164,,20.2641684,,Kepler-1370,1.19,1.29,6202.0,878.0,284.565675,41.778484,2016,Primary Transit,
kepler-1370 c,0.113,,7.44142113,,Kepler-1370,1.19,1.29,6202.0,878.0,284.565675,41.778484,2016,Primary Transit,
kepler-1371 ab,0.065,,3.4462039,,Kepler-1371 A,0.93,0.916,5378.93,515.334,288.831383,47.551994,2016,Primary Transit,
kepler-1371 ac,0.057,,2.00541269,,Kepler-1371 A,0.93,0.916,5378.93,515.334,288.831383,47.551994,2016,Primary Transit,
kepler-1372 b,0.113,,1.31155557,,Kepler-1372,0.98,0.97,5677.0,1161.0,288.886635,44.83955,2016,Primary Transit,
kepler-1373 b,0.103,,1.29123275,,Kepler-1373,1.22,1.33,6299.0,1112.0,285.752049,39.249205,2016,Primary Transit,
kepler-1374 b,0.204,,10.65276707,,Kepler-1374,0.85,0.81,5323.0,1135.0,291.349983,45.172267,2016,Primary Transit,
kepler-1375 b,0.155,,3.3004192,,Kepler-1375,1.47,1.78,6704.0,1238.0,296.293558,43.403267,2016,Primary Transit,
kepler-1376 b,0.094,,5.30880656,,Kepler-1376,0.98,0.97,5659.0,864.0,286.958437,42.541386,2016,Primary Transit,
kepler-1377 b,0.1088,,0.740926358,0.0,Kepler-1377,0.9,0.855,5271.0,1146.1,289.195458,46.651703,2016,Primary Transit,
kepler-1378 b,0.196,,11.95398936,,Kepler-1378,0.7,0.67,4407.0,562.0,297.373313,40.366398,2016,Primary Transit,
kepler-1379 b,0.116,,0.88184115,,Kepler-1379,0.83,0.79,5188.0,951.0,293.670471,41.410248,2016,Primary Transit,
kepler-137 b,0.131,,8.436387,,Kepler-137,,0.8,5187.0,305.65,282.135534,43.039101,2014,Primary Transit,
kepler-137 c,0.168,,18.735753,,Kepler-137,,0.8,5187.0,305.65,282.135534,43.039101,2014,Primary Transit,
kepler-1380 b,0.128,,10.3108245,,Kepler-1380,0.96,0.94,5570.0,1209.0,288.116053,42.440422,2016,Primary Transit,
kepler-1381 b,0.201,,25.3842686,,Kepler-1381,0.96,0.94,5747.0,1306.0,287.535764,48.727791,2016,Primary Transit,
kepler-1382 ab,0.168,,16.3583055,,Kepler-1382 A,1.36,1.72,6161.0,730.0,295.377379,39.048031,2016,Primary Transit,
kepler-1383 b,0.126,,13.9093583,,Kepler-1383,1.26,1.44,6370.0,961.0,297.944779,42.191882,2016,Primary Transit,
kepler-1384 b,0.173,,15.36262753,,Kepler-1384,0.78,0.74,4919.0,618.0,296.215166,39.527049,2016,Primary Transit,
kepler-1385 b,0.076,,2.88879862,,Kepler-1385,1.15,1.29,5732.0,527.0,282.631369,46.481106,2016,Primary Transit,
kepler-1386 b,0.111,,6.73972381,,Kepler-1386,1.02,1.03,5733.0,838.0,280.823394,42.636056,2016,Primary Transit,
kepler-1387 b,0.083,,2.27952666,,Kepler-1387,0.82,0.77,5046.0,491.0,292.440396,43.209431,2016,Primary Transit,
kepler-1388 ab,0.231,,12.2854603,,Kepler-1388 A,0.63,0.61,4098.0,492.0,283.33604,47.174535,2016,Primary Transit,
kepler-1388 ac,0.202,,5.53608151,,Kepler-1388 A,0.63,0.61,4098.0,492.0,283.33604,47.174535,2016,Primary Transit,
kepler-1388 ad,0.255,,20.9568158,,Kepler-1388 A,0.63,0.61,4098.0,492.0,283.33604,47.174535,2016,Primary Transit,
kepler-1388 ae,0.219,,37.6327084,,Kepler-1388 A,0.63,0.61,4098.0,492.0,283.33604,47.174535,2016,Primary Transit,
kepler-1389 b,0.158,,99.2530951,,Kepler-1389,0.81,0.74,5078.0,521.0,285.717427,44.758423,2016,Primary Transit,
kepler-138 b,0.047,0.00021,10.3126,0.0,Kepler-138,0.52,0.44,3841.0,66.99,290.381547,43.292973,2014,Primary Transit,
kepler-138 c,0.107,0.0062,13.7813,0.05,Kepler-138,0.52,0.44,3841.0,66.99,290.381547,43.292973,2014,Primary Transit,
kepler-138 d,0.108,0.00201,23.0881,0.024,Kepler-138,0.52,0.44,3841.0,66.99,290.381547,43.292973,2014,Primary Transit,
kepler-138 e,,0.00135,38.23,0.112,Kepler-138,0.52,0.44,3841.0,66.99,290.381547,43.292973,2022,TTV,
kepler-1390 b,0.105,,6.48021673,,Kepler-1390,0.98,0.98,5753.0,760.0,298.662345,48.248764,2016,Primary Transit,
kepler-1391 b,0.15,,54.4092333,,Kepler-1391,1.03,1.1,5840.0,721.0,294.831023,46.659592,2016,Primary Transit,
kepler-1392 b,0.175,,15.1410397,,Kepler-1392,0.88,0.85,5479.0,1117.0,288.766976,46.394424,2016,Primary Transit,
kepler-1393 b,0.071,,2.44357812,,Kepler-1393 A,0.95,0.92,5697.0,462.0,284.459458,40.142553,2016,Primary Transit,
kepler-1394 b,0.124,,3.93766373,,Kepler-1394,1.64,2.55,6481.0,820.0,283.4532,45.084141,2016,Primary Transit,
kepler-1395 b,0.071,,3.78470649,,Kepler-1395,1.17,1.23,6138.0,507.0,292.337551,47.6642,2016,Primary Transit,
kepler-1396 b,0.185,,18.2206421,,Kepler-1396,1.18,1.27,6195.0,1236.0,294.336468,44.918293,2016,Primary Transit,
kepler-1397 b,0.153,,47.449955,,Kepler-1397,1.09,1.12,6026.0,770.0,299.675859,47.075844,2016,Primary Transit,
kepler-1398 b,0.08,,2.78815679,,Kepler-1398,1.13,1.18,6126.0,793.0,294.866185,48.638985,2016,Primary Transit,
kepler-1398 c,0.092,,4.13827595,,Kepler-1398,1.13,1.18,6126.0,793.0,294.866185,48.638985,2016,Primary Transit,
kepler-1399 b,0.112,,1.63865306,,Kepler-1399,0.97,0.96,5735.0,1256.0,293.311681,46.041714,2016,Primary Transit,
kepler-139 b,0.262,,15.771044,,Kepler-139,1.08,1.3,5594.0,395.45,282.391957,43.889351,2014,Primary Transit,
kepler-139 c,0.302,,157.072878,,Kepler-139,1.08,1.3,5594.0,395.45,282.391957,43.889351,2014,Primary Transit,
kepler-139 d,0.15122,0.01466,7.305699922,,Kepler-139,1.08,1.3,5594.0,395.45,282.391957,43.889351,2023,"Radial Velocity, Primary Transit",
kepler-139 e,,,2047.0,0.013,Kepler-139,1.08,1.3,5594.0,395.45,282.391957,43.889351,2023,Radial Velocity,
kepler-139 f,,0.113,355.0,,Kepler-139,1.08,1.3,5594.0,395.45,282.391957,43.889351,2025,"Radial Velocity, TTV",
kepler-13 ab,1.512,9.28,1.763588,0.00064,Kepler-13 A,1.72,1.74,7650.0,415.0,286.971199,46.868362,2011,Primary Transit,
kepler-1400 b,0.145,,9.06689421,,Kepler-1400,0.83,0.78,5044.0,879.0,286.271652,45.440807,2016,Primary Transit,
kepler-1401 ab,0.15,,11.20066445,,Kepler-1401 A,1.07,1.1,5964.0,1242.0,287.466042,40.758452,2016,Primary Transit,
kepler-1402 b,0.068,,2.03387914,,Kepler-1402,0.9,0.87,5416.0,681.0,291.847824,48.968132,2016,Primary Transit,
kepler-1403 b,0.191,,5.19492202,,Kepler-1403,1.11,1.15,6060.0,1801.0,290.867707,38.960119,2016,Primary Transit,
kepler-1404 ab,0.179,,15.9314739,,Kepler-1404 A,0.84,0.8,5261.0,946.0,296.00943,50.498386,2016,Primary Transit,
kepler-1405 b,0.353,,28.2274184,,Kepler-1405,1.05,1.07,5925.0,1605.0,295.684842,39.256142,2016,Primary Transit,
kepler-1406 b,0.098,,11.62905828,,Kepler-1406,1.05,1.12,5892.0,572.4,292.081863,38.915023,2016,Primary Transit,
kepler-1407 b,0.201,,20.0711504,,Kepler-1407,1.1,1.15,6010.0,1275.0,283.942432,41.4716,2016,Primary Transit,
kepler-1408 b,0.079,,2.99793191,,Kepler-1408,1.21,1.35,6170.0,426.0,282.699942,45.42577,2016,Primary Transit,
kepler-1409 b,0.093,,0.76486493,,Kepler-1409,0.83,0.79,5160.0,722.0,290.084786,51.208603,2016,Primary Transit,
kepler-140 ab,0.1231,,3.254277742,0.0,Kepler-140 A,1.15,1.191,6108.41,583.859,287.369468,46.768213,2014,Primary Transit,
kepler-140 ac,0.1401,,91.3514816,0.0,Kepler-140 A,1.15,1.191,6108.41,583.859,287.369468,46.768213,2014,Primary Transit,
kepler-1410 ab,0.159,,60.866168,,Kepler-1410 A,0.594,0.566,3950.0,283.53,290.510198,38.743544,2016,Primary Transit,
kepler-1411 b,0.252,,86.1150888,,Kepler-1411,0.95,0.92,5664.0,1431.0,286.361579,42.963924,2016,Primary Transit,
kepler-1412 b,0.074,,3.6146051,,Kepler-1412,1.06,1.27,5880.0,639.0,292.18012,49.20248,2016,Primary Transit,
kepler-1413 b,0.162,,13.1829642,,Kepler-1413,0.84,0.8,5196.0,1162.0,294.341649,46.498767,2016,Primary Transit,
kepler-1414 b,0.11,,3.51576315,,Kepler-1414,0.8,0.75,4951.0,534.0,284.92858,42.42231,2016,Primary Transit,
kepler-1415 b,0.115,,0.63642408,,Kepler-1415,0.89,0.84,5267.0,1066.0,285.156913,47.873333,2016,Primary Transit,
kepler-1416 b,0.079,,1.49514952,,Kepler-1416,1.09,1.15,6019.0,807.0,298.663468,43.894073,2016,Primary Transit,
kepler-1417 b,0.089,,20.3505213,,Kepler-1417,1.02,1.02,5839.0,656.0,290.949888,40.605215,2016,Primary Transit,
kepler-1418 ab,0.148,,22.4764425,,Kepler-1418 A,0.77,0.72,4770.0,499.0,282.997478,41.678551,2016,Primary Transit,
kepler-1419 b,0.255,,42.5215895,,Kepler-1419,1.01,1.087,5672.0,1498.58,292.254635,37.97142,2016,Primary Transit,
kepler-141 b,0.062,,3.107675,,Kepler-141,1.0,0.79,4910.0,303.83,297.970897,47.731678,2014,Primary Transit,
kepler-141 c,0.126,,7.010606,,Kepler-141,1.0,0.79,4910.0,303.83,297.970897,47.731678,2014,Primary Transit,
kepler-1420 b,0.114,,6.69960006,,Kepler-1420,0.82,0.79,5187.0,923.0,296.20381,42.777832,2016,Primary Transit,
kepler-1421 b,0.083,,6.9131112,,Kepler-1421,1.25,1.42,6335.0,675.0,286.580592,48.544197,2016,Primary Transit,
kepler-1422 b,0.18,,18.6051942,,Kepler-1422,1.15,1.23,6194.0,2081.0,293.890178,48.336121,2016,Primary Transit,
kepler-1423 b,0.095,,23.955378,,Kepler-1423,0.79,0.75,4939.0,449.0,288.243782,41.110081,2016,Primary Transit,
kepler-1424 ab,0.103,,29.6091744,,Kepler-1424 A,1.02,1.07,5916.04,661.421,290.991665,40.22932,2016,Primary Transit,
kepler-1425 b,0.084,,14.4541302,,Kepler-1425,0.97,0.95,5718.0,499.0,294.951036,43.012436,2016,Primary Transit,
kepler-1426 ab,0.139,,14.2563227,,Kepler-1426 A,1.02,1.02,5831.0,1211.0,292.545764,49.416973,2016,Primary Transit,
kepler-1427 ab,0.098,,0.96897238,,Kepler-1427 A,1.01,1.01,5793.0,1220.0,295.349667,45.114548,2016,Primary Transit,
kepler-1428 b,0.146,,10.67607169,,Kepler-1428,1.28,1.36,6184.0,802.0,297.642262,49.594978,2016,Primary Transit,
kepler-1429 b,0.115,,4.48487493,,Kepler-1429,1.05,1.07,5902.0,1156.0,285.366245,49.044868,2016,Primary Transit,
kepler-142 b,0.178,,2.024152,,Kepler-142,0.99,1.27,5790.0,557.51,295.118899,48.481281,2014,Primary Transit,
kepler-142 c,0.255,,4.761702,,Kepler-142,0.99,1.27,5790.0,557.51,295.118899,48.481281,2014,Primary Transit,
kepler-142 d,0.193,,41.809118,,Kepler-142,0.99,1.27,5790.0,557.51,295.118899,48.481281,2014,Primary Transit,
kepler-1430 b,0.105,,2.46050993,,Kepler-1430,0.77,0.72,4796.0,541.0,289.697494,43.372093,2016,Primary Transit,
kepler-1431 b,0.131,,5.86601526,,Kepler-1431,1.03,1.03,5806.0,1270.0,292.658395,49.865192,2016,Primary Transit,
kepler-1432 b,0.198,,23.9109011,,Kepler-1432,1.09,1.13,6031.0,1552.0,295.524175,49.829548,2016,Primary Transit,
kepler-1433 ab,0.139,,4.13592271,,Kepler-1433 A,1.14,1.19,6097.0,1328.0,287.363299,49.45689,2016,Primary Transit,
kepler-1434 b,0.099,,8.05333618,,Kepler-1434,1.47,2.04,6291.0,680.0,295.53838,51.202957,2016,Primary Transit,
kepler-1435 b,0.077,,4.45343281,,Kepler-1435,1.21,1.32,6356.0,681.0,291.173299,44.921131,2016,Primary Transit,
kepler-1436 b,0.117,,9.705716,,Kepler-1436,1.06,1.09,5972.0,1142.0,297.711565,46.768021,2016,Primary Transit,
kepler-1437 b,0.122,,10.9295461,,Kepler-1437,0.93,0.9,5557.0,1182.0,291.86493,49.32592,2016,Primary Transit,
kepler-1438 ab,0.084,,2.31942009,,Kepler-1438 A,0.97,0.96,5530.0,866.0,289.289809,40.681665,2016,Primary Transit,
kepler-1439 b,0.13,,8.07392849,,Kepler-1439,0.46,0.43,3578.0,215.0,285.739806,40.980036,2016,Primary Transit,
kepler-143 b,0.215,,16.007583,,Kepler-143,,1.36,5848.0,828.71,298.067706,49.412605,2014,Primary Transit,
kepler-143 c,0.301,,27.082511,,Kepler-143,,1.36,5848.0,828.71,298.067706,49.412605,2014,Primary Transit,
kepler-1440 b,0.112,,39.859484,,Kepler-1440,0.98,0.96,5698.0,685.0,285.346938,48.312252,2016,Primary Transit,
kepler-1441 b,0.117,,39.4419839,,Kepler-1441,1.0,1.0,5802.0,751.0,293.719126,43.12459,2016,Primary Transit,
kepler-1442 b,0.351,,81.4162941,,Kepler-1442,1.34,1.44,6394.0,525.0,291.255595,48.84697,2016,Primary Transit,
kepler-1443 ab,0.087,,2.41811321,,Kepler-1443 A,1.19,1.27,6289.0,475.0,283.435761,47.066855,2016,Primary Transit,
kepler-1444 b,0.194,,33.42035034,,Kepler-1444,1.03,1.05,5810.0,340.0,285.330615,42.040436,2016,Primary Transit,
kepler-1445 ab,0.0972,,10.60052083,0.0,Kepler-1445 A,1.18,1.293,6173.11,506.357,280.249457,43.915066,2016,Primary Transit,
kepler-1446 b,0.073,,0.68996783,,Kepler-1446,0.81,0.75,4865.0,162.0,289.42396,46.72617,2016,Primary Transit,
kepler-1447 b,0.259,,56.6747285,,Kepler-1447,0.97,0.95,5722.0,871.0,289.643439,50.727089,2016,Primary Transit,
kepler-1448 b,0.144,,12.27065865,,Kepler-1448,0.95,0.93,5774.0,786.0,287.867389,50.595585,2016,Primary Transit,
kepler-1449 b,0.15,,13.2274528,,Kepler-1449,1.08,1.1,5979.0,1321.0,288.231731,50.567886,2016,Primary Transit,
kepler-144 b,0.119,,5.885273,,Kepler-144,1.03,1.24,6075.0,389.22,281.915678,42.775513,2014,Primary Transit,
kepler-144 c,0.12,,10.104665,,Kepler-144,1.03,1.24,6075.0,389.22,281.915678,42.775513,2014,Primary Transit,
kepler-1450 b,0.153,,54.5094166,,Kepler-1450,0.71,0.68,4524.0,490.0,294.553828,45.08139,2016,Primary Transit,
kepler-1451 b,0.299,,35.622233,,Kepler-1451,1.0,0.99,5782.0,1159.0,293.446425,40.409892,2016,Primary Transit,
kepler-1452 b,0.241,,42.913751,,Kepler-1452,1.41,2.06,6101.0,974.0,292.42283,38.266328,2016,Primary Transit,
kepler-1453 b,0.238,,47.1611696,,Kepler-1453,0.97,0.94,5665.0,1284.0,286.125545,47.947613,2016,Primary Transit,
kepler-1454 b,0.168,,47.0319479,,Kepler-1454,0.9,0.86,5448.0,795.0,284.223331,48.831772,2016,Primary Transit,
kepler-1455 b,0.1722,,49.27668,0.0,Kepler-1455,0.574,0.583,3919.0,357.621,294.083055,50.502777,2016,Primary Transit,
kepler-1456 ab,0.1258,,18.1373788,0.0,Kepler-1456 A,0.64,0.653,4116.0,370.312,286.945321,43.822773,2016,Primary Transit,
kepler-1457 b,0.178,,51.1110243,,Kepler-1457,1.01,1.01,5866.0,728.0,283.770601,42.027245,2016,Primary Transit,
kepler-1458 b,0.246,,47.9872764,,Kepler-1458,0.96,0.94,5653.0,642.0,283.211614,41.038063,2016,Primary Transit,
kepler-1459 b,0.121,,62.8691611,,Kepler-1459,0.78,0.74,4828.0,435.0,282.423025,46.014019,2016,Primary Transit,
kepler-145 b,0.236,0.117,22.951,0.43,Kepler-145,1.28,1.98,6022.0,576.15,291.387762,44.529106,2013,Primary Transit,
kepler-145 c,0.385,0.25,42.882,0.11,Kepler-145,1.28,1.98,6022.0,576.15,291.387762,44.529106,2013,Primary Transit,
kepler-1460 b,0.175,,29.9633247,,Kepler-1460,0.7,0.67,4422.0,574.0,285.557796,44.010788,2016,Primary Transit,
kepler-1461 b,0.181,,29.3494775,,Kepler-1461,0.79,0.74,4919.0,752.0,285.830458,43.198395,2016,Primary Transit,
kepler-1462 b,0.341,,65.6488341,,Kepler-1462,1.0,1.0,5756.0,1368.0,296.397527,42.396918,2016,Primary Transit,
kepler-1463 b,0.166,,25.15864,,Kepler-1463,0.96,0.95,5679.0,1341.0,294.487304,42.00692,2016,Primary Transit,
kepler-1464 b,0.148,,31.7785901,,Kepler-1464,1.02,1.01,5828.0,692.0,287.235677,38.754161,2016,Primary Transit,
kepler-1464 c,0.089,,5.32786292,,Kepler-1464,1.02,1.01,5828.0,692.0,287.235677,38.754161,2016,Primary Transit,
kepler-1465 b,0.158,,31.8277111,,Kepler-1465,0.75,0.71,4726.0,350.0,289.819341,51.90485,2016,Primary Transit,
kepler-1466 b,0.138,,31.1750448,,Kepler-1466,1.01,1.02,5884.0,686.0,289.831222,44.609863,2016,Primary Transit,
kepler-1467 b,0.294,,47.0569043,,Kepler-1467,0.86,0.82,5332.0,890.0,295.04854,45.342686,2016,Primary Transit,
kepler-1468 b,0.154,,8.23984869,,Kepler-1468,1.03,1.841,5774.53,1899.24,293.519844,41.277405,2016,Primary Transit,
kepler-1468 c,0.103,,3.54553021,,Kepler-1468,1.03,1.841,5774.53,1899.24,293.519844,41.277405,2016,Primary Transit,
kepler-1468 d,0.29717,,19.59059906,0.0,Kepler-1468,1.03,1.841,5774.53,1899.24,293.519844,41.277405,2017,Primary Transit,
kepler-1469 b,0.25,,21.8635301,,Kepler-1469,0.92,0.89,5507.0,1255.0,293.821357,39.39135,2016,Primary Transit,
kepler-146 b,0.331,,31.158799,,Kepler-146,1.1,1.16,6034.0,716.797,294.110756,38.71023,2014,Primary Transit,
kepler-146 c,0.2792,,76.732171,,Kepler-146,1.1,1.16,6034.0,716.797,294.110756,38.71023,2014,Primary Transit,
kepler-1470 b,0.095,,16.2950903,,Kepler-1470,0.8,0.76,4961.0,569.0,288.695007,39.883191,2016,Primary Transit,
kepler-1471 b,0.1499,,3.63898953,0.0,Kepler-1471,0.96,0.876,5500.0,978.678,289.664878,50.020046,2016,Primary Transit,
kepler-1471 c,0.2002,,11.6044881,0.0,Kepler-1471,0.96,0.876,5500.0,978.678,289.664878,50.020046,2017,Primary Transit,
kepler-1472 b,0.17,,38.1312831,,Kepler-1472,1.16,1.25,6159.0,1269.0,294.852648,49.057472,2016,Primary Transit,
kepler-1473 b,0.106,,14.4273551,,Kepler-1473,1.09,1.09,6046.0,625.0,290.636569,48.996082,2016,Primary Transit,
kepler-1474 b,0.193,,36.4333452,,Kepler-1474,1.04,1.04,5870.0,1214.0,294.694049,45.866837,2016,Primary Transit,
kepler-1475 ab,0.261,,82.177374,,Kepler-1475 A,1.18,1.28,6214.0,1714.0,295.948273,44.753124,2016,Primary Transit,
kepler-1476 b,0.149,,10.35863224,,Kepler-1476,0.98,0.96,5663.0,1218.0,284.532096,43.989956,2016,Primary Transit,
kepler-1477 b,0.105,,11.55530021,,Kepler-1477,0.81,0.78,5100.0,525.0,281.298535,42.685753,2016,Primary Transit,
kepler-1478 b,0.154,,26.0840594,,Kepler-1478,1.04,1.06,5904.0,1405.0,293.165079,41.746235,2016,Primary Transit,
kepler-1479 b,0.163,,14.53261362,,Kepler-1479,0.99,0.98,5796.0,619.0,285.711919,49.706657,2016,Primary Transit,
kepler-147 b,0.136,,12.610584,,Kepler-147,1.01,1.47,6012.0,1073.89,287.975766,39.087181,2014,Primary Transit,
kepler-147 c,0.217,,33.416423,,Kepler-147,1.01,1.47,6012.0,1073.89,287.975766,39.087181,2014,Primary Transit,
kepler-1480 ab,0.3515,,22.1270885,0.0,Kepler-1480 A,0.83,0.799,4986.94,500.892,291.999771,49.301811,2016,Primary Transit,
kepler-1481 ab,0.11,,5.94220998,,Kepler-1481,0.8,0.75,4908.0,493.0,289.438971,49.73122,2016,Primary Transit,
kepler-1482 ab,0.09,,12.25384348,0.0,Kepler-1482 A,0.98,0.977,5567.9,442.0,285.313805,48.725254,2016,Primary Transit,
kepler-1483 b,0.136,,9.5085156,,Kepler-1483,1.25,1.4,6337.0,1327.0,295.409776,42.150831,2016,Primary Transit,
kepler-1484 b,0.188,,30.4549136,,Kepler-1484,0.94,0.92,5730.0,1095.0,292.684285,38.126286,2016,Primary Transit,
kepler-1485 b,0.131,,19.9157725,,Kepler-1485,1.11,1.12,6087.0,550.0,298.095423,44.737057,2016,Primary Transit,
kepler-1486 b,0.207,,54.6495759,,Kepler-1486,1.08,1.12,5965.0,1465.0,290.590382,45.439713,2016,Primary Transit,
kepler-1487 b,0.4505,,7.31945294,0.0,Kepler-1487,1.29,1.54,6408.0,1014.62,295.498108,38.644501,2015,Primary Transit,
kepler-1487 c,0.7992,,35.79949951,0.0,Kepler-1487,1.29,1.54,6408.0,1014.62,295.498108,38.644501,2015,Primary Transit,
kepler-1488 b,0.166,,39.8189932,,Kepler-1488,1.03,1.9769,5757.09,905.825,286.646417,49.937778,2016,Primary Transit,
kepler-1488 c,0.14729,,6.158269882,0.0,Kepler-1488,1.03,1.9769,5757.09,905.825,286.646417,49.937778,2017,Primary Transit,
kepler-1489 b,0.158,,82.294751,,Kepler-1489,1.0,1.308,5655.0,1283.05,281.295831,44.465405,2016,Primary Transit,
kepler-1489 c,0.0455,,0.680741,,Kepler-1489,1.0,1.308,5655.0,1283.05,281.295831,44.465405,2023,Primary Transit,
kepler-148 b,0.161,,1.729366,,Kepler-148,,0.85,5272.0,809.42,289.786216,46.858788,2014,Primary Transit,
kepler-148 c,0.321,,4.180043,,Kepler-148,,0.85,5272.0,809.42,289.786216,46.858788,2014,Primary Transit,
kepler-148 d,0.774,,51.84688575,,Kepler-148,,0.85,5272.0,809.42,289.786216,46.858788,2016,Primary Transit,
kepler-1490 b,0.271,,92.4362973,,Kepler-1490,0.9,0.87,5515.0,968.0,295.693573,42.609512,2016,Primary Transit,
kepler-1491 b,0.186,,16.5860329,0.0,Kepler-1491,0.98,1.628,5548.33,2065.59,293.629756,45.740651,2016,Primary Transit,
kepler-1491 c,0.27889,,61.569765,0.0,Kepler-1491,0.98,1.628,5548.33,2065.59,293.629756,45.740651,2015,Primary Transit,
kepler-1492 b,0.133,,16.75255007,,Kepler-1492,0.77,0.72,4712.0,371.0,288.597097,41.03642,2016,Primary Transit,
kepler-1493 ab,0.126,,15.0217983,,Kepler-1493 A,1.06,1.29,5863.0,572.0,288.549148,38.565232,2016,Primary Transit,
kepler-1494 b,0.274,,91.080482,,Kepler-1494,0.96,0.94,5659.0,1059.0,282.657401,43.162518,2016,Primary Transit,
kepler-1495 b,0.262,,85.273256,,Kepler-1495,1.03,1.04,5831.0,1307.0,286.130757,38.779631,2016,Primary Transit,
kepler-1496 b,0.198,,64.6588017,,Kepler-1496,1.18,1.27,6182.0,1293.0,293.973936,45.350704,2016,Primary Transit,
kepler-1497 b,0.148,,8.74199772,,Kepler-1497,0.96,0.95,5675.0,1122.0,296.19614,45.634331,2016,Primary Transit,
kepler-1498 ab,0.119,,48.051405,,Kepler-1498 A,0.86,0.81,5256.0,740.0,284.77811,44.916782,2016,Primary Transit,
kepler-1499 b,0.106,,44.2008,,Kepler-1499,0.82,0.78,5097.0,310.0,283.986337,41.650406,2016,Primary Transit,
kepler-149 ab,0.3702,,29.19899219,0.0,Kepler-149 A,0.93,1.0,5380.49,571.034,285.853667,38.384119,2014,Primary Transit,
kepler-149 ac,0.149,,55.3291399,0.0,Kepler-149 A,0.93,1.0,5380.49,571.034,285.853667,38.384119,2014,Primary Transit,
kepler-149 ad,0.3818,,160.0191598,0.0,Kepler-149 A,0.93,1.0,5380.49,571.034,285.853667,38.384119,2014,Primary Transit,
kepler-14 ab,1.136,8.4,6.790123,0.035,Kepler-14 A,1.51,2.05,6395.0,980.0,287.708814,47.33305,2011,Primary Transit,
kepler-1500 b,0.107,,15.0330105,,Kepler-1500,1.0,1.0,5845.0,904.0,288.883334,39.744572,2016,Primary Transit,
kepler-1501 b,0.139,,14.5564533,,Kepler-1501,1.2,1.3,6229.0,888.0,289.918519,42.001431,2016,Primary Transit,
kepler-1502 b,0.284,,41.7083629,,Kepler-1502,1.44,1.72,6666.0,1540.0,296.107919,39.319913,2016,Primary Transit,
kepler-1503 b,0.203,,96.16987,,Kepler-1503,0.77,0.74,5069.0,850.0,293.727175,42.806759,2016,Primary Transit,
kepler-1504 b,0.19,,82.304003,,Kepler-1504,0.85,0.81,5393.0,1029.0,289.711993,50.128212,2016,Primary Transit,
kepler-1505 ab,0.083,,30.8609366,,Kepler-1505 A,0.93,0.86,5686.0,359.0,292.002052,41.786961,2016,Primary Transit,
kepler-1506 b,0.118,,14.0329154,,Kepler-1506,0.95,0.93,5676.0,1318.0,290.149884,41.464595,2016,Primary Transit,
kepler-1507 b,0.075,,16.0506213,,Kepler-1507,0.89,0.85,5410.0,342.0,288.561525,46.536053,2016,Primary Transit,
kepler-1508 b,0.119,,20.7056504,,Kepler-1508,1.14,1.22,6158.0,892.0,298.118885,40.375047,2016,Primary Transit,
kepler-1509 b,0.165,,25.4338197,,Kepler-1509,1.0,0.99,5780.0,1277.0,283.797813,46.931004,2016,Primary Transit,
kepler-150 b,0.112,,3.428054,,Kepler-150,,0.94,5560.0,914.4,288.234084,40.520905,2014,Primary Transit,
kepler-150 c,0.329,,7.381998,,Kepler-150,,0.94,5560.0,914.4,288.234084,40.520905,2014,Primary Transit,
kepler-150 d,0.249,,12.56093,,Kepler-150,,0.94,5560.0,914.4,288.234084,40.520905,2014,Primary Transit,
kepler-150 e,0.278,,30.826557,,Kepler-150,,0.94,5560.0,914.4,288.234084,40.520905,2014,Primary Transit,
kepler-150 f,0.325,0.0283,637.2093,,Kepler-150,,0.94,5560.0,914.4,288.234084,40.520905,2017,Primary Transit,
kepler-1510 b,0.3,,84.703921,,Kepler-1510,1.19,1.28,6200.0,1615.0,298.959138,48.257824,2016,Primary Transit,
kepler-1511 b,0.15,,23.2382792,,Kepler-1511,1.17,1.29,6064.0,897.0,288.421218,43.179798,2016,Primary Transit,
kepler-1512 ab,0.105,,20.35972599,,Kepler-1512 A,0.73,0.67,4372.0,162.0,289.274503,44.470253,2016,Primary Transit,
kepler-1513 ab,0.76671,0.152,160.8842,0.306,Kepler-1513 A,0.943,0.95,5491.0,349.247,289.791634,39.285277,2016,Primary Transit,
kepler-1513 ac,,,841.4,0.125,Kepler-1513 A,0.943,0.95,5491.0,349.247,289.791634,39.285277,2023,TTV,
kepler-1514 b,1.108,5.28,217.83184,0.401,Kepler-1514,1.2,1.29,6145.0,389.3,292.627466,37.860133,2016,Primary Transit,
kepler-1514 c,0.105,,10.514181,0.32,Kepler-1514,1.2,1.29,6145.0,389.3,292.627466,37.860133,2020,Primary Transit,
kepler-1515 b,0.852,,214.3114164,,Kepler-1515,1.3,1.41,6511.0,504.0,290.97393,48.178162,2016,Primary Transit,
kepler-1516 b,0.156,,7.25931979,,Kepler-1516,1.04,1.07,5904.0,872.0,291.494603,44.523502,2016,Primary Transit,
kepler-1517 b,0.871,,5.54608367,,Kepler-1517,1.58,1.95,7010.0,869.0,287.80722,43.188778,2016,Primary Transit,
kepler-1518 b,0.2507,,5.1117547,0.0,Kepler-1518,1.49,1.57,6856.98,903.51,300.332385,44.986137,2016,Primary Transit,
kepler-1518 c,0.259,,9.6310258,0.0,Kepler-1518,1.49,1.57,6856.98,903.51,300.332385,44.986137,2017,Primary Transit,
kepler-1519 b,0.63,,240.7989397,,Kepler-1519,0.94,0.91,5644.0,858.0,296.667903,49.461861,2016,Primary Transit,
kepler-151 b,0.273,,15.228958,,Kepler-151,0.83,0.83,5460.0,662.19,292.162778,41.023235,2014,Primary Transit,
kepler-151 c,0.186,,24.674612,,Kepler-151,0.83,0.83,5460.0,662.19,292.162778,41.023235,2014,Primary Transit,
kepler-1521 b,0.223,,47.14840805,,Kepler-1521,0.81,0.76,5042.0,227.0,292.690301,37.835001,2016,Primary Transit,
kepler-1522 b,0.154,,1.84788917,,Kepler-1522,0.96,0.93,5706.0,690.0,289.843226,52.07016,2016,Primary Transit,
kepler-1523 b,0.141,,0.93875077,,Kepler-1523,0.97,0.96,5708.0,918.0,296.054062,45.827049,2016,Primary Transit,
kepler-1524 b,0.316,,70.9674603,,Kepler-1524,1.17,1.25,6179.0,506.0,293.885398,39.519818,2016,Primary Transit,
kepler-1525 b,0.081,,2.41660118,,Kepler-1525,1.07,1.04,5748.0,396.0,290.559517,49.943016,2016,Primary Transit,
kepler-1526 b,0.217,,3.908632,,Kepler-1526,0.73,0.69,4601.0,576.0,285.119706,38.866428,2016,Primary Transit,
kepler-1527 b,0.426,,160.129918,,Kepler-1527,1.21,1.32,6224.0,1560.0,297.414414,46.060818,2016,Primary Transit,
kepler-1528 b,0.13,,1.79111021,,Kepler-1528,1.03,1.03,5857.0,916.0,287.402943,46.573986,2016,Primary Transit,
kepler-1529 b,0.187,,5.33905686,,Kepler-1529,0.81,0.77,5048.0,683.0,289.870716,41.040728,2016,Primary Transit,
kepler-152 b,0.249,,18.207973,,Kepler-152,0.84,0.765,5050.0,441.09,286.865479,41.989086,2014,Primary Transit,
kepler-152 c,0.213,,88.255055,,Kepler-152,0.84,0.765,5050.0,441.09,286.865479,41.989086,2014,Primary Transit,
kepler-1530 b,0.146,,2.5904434,,Kepler-1530,0.92,0.817,5338.57,489.876,288.162502,48.165154,2016,Primary Transit,
kepler-1530 c,0.147,,5.3227406,,Kepler-1530,0.92,0.817,5338.57,489.876,288.162502,48.165154,2016,Primary Transit,
kepler-1530 d,0.29245,,9.20761013,0.0,Kepler-1530,0.92,0.817,5338.57,489.876,288.162502,48.165154,2017,Primary Transit,
kepler-1531 b,0.099,,1.13854338,,Kepler-1531,1.16,1.27,6260.0,670.0,285.146577,39.370798,2016,Primary Transit,
kepler-1532 b,0.12,,1.09366356,,Kepler-1532,0.91,0.88,5559.0,824.0,296.902813,41.198191,2016,Primary Transit,
kepler-1533 b,0.309,,308.5471,,Kepler-1533,1.31,1.51,6431.0,852.0,295.975556,44.713445,2016,Primary Transit,
kepler-1534 b,0.169,,5.71668872,,Kepler-1534,0.9,0.86,5442.0,1107.0,292.395391,43.869072,2016,Primary Transit,
kepler-1535 b,0.227,,138.9442,,Kepler-1535,1.08,1.11,6021.0,879.0,286.613698,38.891969,2016,Primary Transit,
kepler-1536 b,0.28,,364.758031,,Kepler-1536,0.71,0.67,4434.0,401.0,291.585187,45.71579,2016,Primary Transit,
kepler-1537 b,0.105,,1.4444538,,Kepler-1537,0.81,0.77,5079.0,503.0,294.385398,43.82547,2016,Primary Transit,
kepler-1538 b,0.252,,175.138819,,Kepler-1538,1.03,1.03,5837.0,1291.0,283.345714,45.274456,2016,Primary Transit,
kepler-1539 b,0.241,,133.3036741,,Kepler-1539,0.84,0.8,5176.0,788.0,284.219433,44.268543,2016,Primary Transit,
kepler-153 b,0.261,,18.870227,,Kepler-153,,0.89,5404.0,465.53,282.460522,48.257118,2014,Primary Transit,
kepler-153 c,0.226,,46.90232,,Kepler-153,,0.89,5404.0,465.53,282.460522,48.257118,2014,Primary Transit,
kepler-1540 ab,0.2801,,125.4132302,0.0,Kepler-1540 A,0.676,0.695,4323.0,244.96,283.344497,41.201741,2016,Primary Transit,
kepler-1541 ab,0.174,,8.40693068,0.0,Kepler-1541 A,0.91,0.805,5301.74,416.692,283.787004,48.029564,2016,Primary Transit,
kepler-1542 ab,0.068,,3.95116882,,Kepler-1542 A,0.94,0.99,5564.0,336.0,285.728495,42.65453,2016,Primary Transit,
kepler-1542 ac,0.058,,2.89223021,,Kepler-1542 A,0.94,0.99,5564.0,336.0,285.728495,42.65453,2016,Primary Transit,
kepler-1542 ad,0.078,,5.99273738,,Kepler-1542 A,0.94,0.99,5564.0,336.0,285.728495,42.65453,2016,Primary Transit,
kepler-1542 ae,0.068,,5.10115756,,Kepler-1542 A,0.94,0.99,5564.0,336.0,285.728495,42.65453,2016,Primary Transit,
kepler-1543 b,0.242,,6.96710269,,Kepler-1543,1.39,1.65,6561.0,1114.0,297.124312,47.037025,2016,Primary Transit,
kepler-1544 b,0.159,,168.811174,,Kepler-1544,0.81,0.74,4886.0,349.0,297.28499,49.212456,2016,Primary Transit,
kepler-1545 b,0.241,,163.692349,,Kepler-1545,0.84,0.8,5201.0,688.0,298.898763,47.463093,2016,Primary Transit,
kepler-1546 b,0.279,,19.5974971,,Kepler-1546,0.95,0.93,5623.0,994.0,297.583942,41.541227,2016,Primary Transit,
kepler-1547 b,0.08,,0.69297968,,Kepler-1547,1.12,1.18,6078.0,665.0,283.764074,42.222172,2016,Primary Transit,
kepler-1548 b,0.236,,124.828679,,Kepler-1548,0.99,0.97,5706.0,1150.0,287.471233,46.080666,2016,Primary Transit,
kepler-1549 b,0.229,,214.886545,,Kepler-1549,0.88,0.84,5324.0,792.0,286.052426,39.096053,2016,Primary Transit,
kepler-154 b,0.202,,33.040532,,Kepler-154,0.89,1.0,5690.0,939.89,289.780522,49.89653,2014,Primary Transit,
kepler-154 c,0.263,,62.303276,,Kepler-154,0.89,1.0,5690.0,939.89,289.780522,49.89653,2014,Primary Transit,
kepler-154 d,0.343,,20.54981883,,Kepler-154,0.89,1.0,5690.0,939.89,289.780522,49.89653,2016,Primary Transit,
kepler-154 e,0.134,,3.93276465,,Kepler-154,0.89,1.0,5690.0,939.89,289.780522,49.89653,2016,Primary Transit,
kepler-154 f,0.134,,9.91935684,,Kepler-154,0.89,1.0,5690.0,939.89,289.780522,49.89653,2016,Primary Transit,
kepler-154 g,0.9145,,1250.0,0.15,Kepler-154,0.89,1.0,5690.0,939.89,289.780522,49.89653,2019,Radial Velocity,
kepler-1550 b,0.269,,225.582809,,Kepler-1550,1.07,1.11,5991.0,1202.0,287.76456,38.294704,2016,Primary Transit,
kepler-1551 b,0.237,,24.4973698,,Kepler-1551,1.14,1.22,6136.0,1560.0,295.785514,39.907921,2016,Primary Transit,
kepler-1552 b,0.22,,184.771853,,Kepler-1552,0.85,0.78,5202.0,618.0,291.676831,38.874915,2016,Primary Transit,
kepler-1553 b,0.103,,4.24261881,,Kepler-1553,0.85,0.81,5288.0,719.0,291.919159,39.022273,2016,Primary Transit,
kepler-1554 b,0.259,,198.088774,,Kepler-1554,0.84,0.81,5297.0,982.0,286.576164,41.741473,2016,Primary Transit,
kepler-1555 b,0.144,,8.10501635,,Kepler-1555,1.04,1.06,5866.0,1382.0,287.635473,45.716061,2016,Primary Transit,
kepler-1556 b,0.175,,8.82713457,,Kepler-1556,0.97,0.95,5608.0,1060.0,288.397002,40.2132,2016,Primary Transit,
kepler-1557 b,0.136,,3.74032496,,Kepler-1557,1.11,1.17,6099.0,1532.0,293.881413,46.838879,2016,Primary Transit,
kepler-1558 b,0.061,,3.50470358,,Kepler-1558,0.83,0.79,5101.0,343.0,286.819367,46.911694,2016,Primary Transit,
kepler-1559 b,0.064,,0.97191543,,Kepler-1559,0.86,0.82,5316.0,580.0,292.28658,42.072456,2016,Primary Transit,
kepler-155 b,0.186,,5.931194,,Kepler-155,0.58,0.62,4508.0,295.99,288.495833,51.081947,2014,Primary Transit,
kepler-155 c,0.2,,52.661793,,Kepler-155,0.58,0.62,4508.0,295.99,288.495833,51.081947,2014,Primary Transit,
kepler-1560 ab,0.079,,3.03195744,,Kepler-1560 A,1.0,1.0,5658.26,502.497,292.784608,43.215984,2016,Primary Transit,
kepler-1561 b,0.097,,1.00520701,,Kepler-1561,1.07,1.11,5957.0,993.0,296.923604,43.566467,2016,Primary Transit,
kepler-1562 b,0.317,,64.2737752,,Kepler-1562,1.02,1.05,5760.0,1315.0,294.455709,46.743614,2016,Primary Transit,
kepler-1563 b,0.067,,3.43276598,,Kepler-1563,1.0,0.99,5765.0,547.0,288.573588,51.472755,2016,Primary Transit,
kepler-1564 b,0.131,,18.0540381,,Kepler-1564,0.93,0.9,5528.0,872.0,290.586124,46.642689,2016,Primary Transit,
kepler-1565 b,0.106,,1.53818844,,Kepler-1565,0.76,0.73,4940.0,657.0,297.952967,40.806808,2016,Primary Transit,
kepler-1566 b,0.07,,0.53991524,,Kepler-1566,0.84,0.81,5254.0,511.0,283.587614,40.574927,2016,Primary Transit,
kepler-1567 b,0.244,,153.979578,,Kepler-1567,0.95,0.93,5655.0,1226.0,286.6952,40.291819,2016,Primary Transit,
kepler-1568 b,0.116,,20.925392,,Kepler-1568,1.09,1.19,5956.0,883.0,289.182664,47.873383,2016,Primary Transit,
kepler-1569 b,0.12767,,5.79180156,0.0,Kepler-1569,1.14,1.32,6087.94,945.454,292.204706,37.22122,2016,Primary Transit,
kepler-1569 c,0.09448,,9.997,0.0,Kepler-1569,1.14,1.32,6087.94,945.454,292.204706,37.22122,2015,Primary Transit,
kepler-156 b,0.205,,4.973456,,Kepler-156,,0.81,5094.0,449.22,290.296515,37.74949,2014,Primary Transit,
kepler-156 c,0.227,,15.906801,,Kepler-156,,0.81,5094.0,449.22,290.296515,37.74949,2014,Primary Transit,
kepler-1570 b,0.095,,26.548955,,Kepler-1570,0.92,0.89,5550.0,463.0,299.861833,45.827354,2016,Primary Transit,
kepler-1571 b,0.136,,3.38555488,,Kepler-1571,1.23,1.39,6297.0,802.0,300.935406,45.596546,2016,Primary Transit,
kepler-1572 b,0.084,,5.49548621,,Kepler-1572,0.97,0.95,5618.0,600.0,281.897275,46.722633,2016,Primary Transit,
kepler-1573 b,0.107,,2.6157554,,Kepler-1573,1.01,1.0,5808.0,1180.0,292.988348,49.48497,2016,Primary Transit,
kepler-1574 b,0.115,,6.9424334,,Kepler-1574,1.06,1.08,5892.0,1275.0,292.158664,49.63776,2016,Primary Transit,
kepler-1575 b,0.117,,2.55314213,,Kepler-1575,0.95,0.92,5667.0,1170.0,293.74325,45.761597,2016,Primary Transit,
kepler-1576 b,0.093,,6.98471973,,Kepler-1576,1.01,0.961,5674.51,460.91,289.073975,40.366015,2016,Primary Transit,
kepler-1577 b,0.101,,6.30560247,,Kepler-1577,0.78,0.74,4862.0,543.0,292.955275,47.573105,2016,Primary Transit,
kepler-1578 b,0.093,,1.45088691,,Kepler-1578,0.9,0.86,5545.0,1016.0,288.302,47.775555,2016,Primary Transit,
kepler-1579 ab,0.075,,0.84990789,,Kepler-1579 A,0.75,0.7,4584.0,466.0,293.288009,43.514988,2016,Primary Transit,
kepler-157 ab,0.118,,1.732342,,Kepler-157 A,,1.04,5774.0,791.27,291.097225,38.875609,2014,Primary Transit,
kepler-157 ac,0.2,,13.5405,,Kepler-157 A,,1.04,5774.0,791.27,291.097225,38.875609,2014,Primary Transit,
kepler-157 ad,0.13,,7.02573474,,Kepler-157 A,,1.04,5774.0,791.27,291.097225,38.875609,2016,Primary Transit,
kepler-1580 b,0.188,,56.6449279,,Kepler-1580,1.47,2.15,6228.0,872.0,285.968722,41.363559,2016,Primary Transit,
kepler-1581 b,0.071,,6.28385491,,Kepler-1581,1.12,1.23,6022.0,443.0,287.371261,39.603581,2016,Primary Transit,
kepler-1582 b,0.133,,4.83817712,,Kepler-1582,0.28,0.3,3208.0,112.0,289.37665,41.158613,2016,Primary Transit,
kepler-1583 ab,0.054,,9.32807355,,Kepler-1583 A,0.94,0.91,5645.0,357.0,286.386934,47.016628,2016,Primary Transit,
kepler-1584 b,0.144,,13.3997099,,Kepler-1584,1.1,1.13,6069.0,1325.0,287.762683,43.274429,2016,Primary Transit,
kepler-1585 b,0.16,,3.5827463,,Kepler-1585,0.94,0.91,5538.0,1269.0,296.159005,44.563114,2016,Primary Transit,
kepler-1586 b,0.136,,15.6049212,,Kepler-1586,1.45,1.75,6681.0,864.0,298.202609,44.925827,2016,Primary Transit,
kepler-1587 b,0.119,,9.4060467,,Kepler-1587,1.08,1.22,5933.0,907.0,292.677726,49.66391,2016,Primary Transit,
kepler-1588 b,0.068,,7.84931739,,Kepler-1588,0.96,0.99,5817.0,658.0,288.232715,48.002178,2016,Primary Transit,
kepler-1589 b,0.097,,0.99166527,,Kepler-1589,1.18,1.25,6166.0,1418.0,294.441792,40.571686,2016,Primary Transit,
kepler-158 b,0.189,,16.709184,,Kepler-158,0.73,0.65,4628.0,315.177,284.032244,39.781348,2014,Primary Transit,
kepler-158 c,0.17,,28.551383,,Kepler-158,0.73,0.65,4628.0,315.177,284.032244,39.781348,2014,Primary Transit,
kepler-158 d,0.0384,,0.645088,,Kepler-158,0.73,0.65,4628.0,315.177,284.032244,39.781348,2023,Primary Transit,
kepler-1590 b,0.102,,7.61760804,,Kepler-1590,1.11,1.16,6053.0,900.0,291.407812,48.017891,2016,Primary Transit,
kepler-1591 b,0.113,,8.18504949,,Kepler-1591,1.1,1.16,6082.0,1090.0,296.516659,44.608608,2016,Primary Transit,
kepler-1592 b,0.137,,3.05710069,,Kepler-1592,1.18,1.28,6213.0,1349.0,293.850646,38.397749,2016,Primary Transit,
kepler-1593 b,0.283,,174.509835,,Kepler-1593,0.81,0.77,4995.0,755.0,300.48818,44.46067,2016,Primary Transit,
kepler-1594 b,0.095,,2.71603809,,Kepler-1594,1.06,1.08,5946.0,1100.0,293.62309,47.961914,2016,Primary Transit,
kepler-1595 b,0.11,,4.56380468,,Kepler-1595,0.84,0.8,5203.0,841.0,285.722721,43.00948,2016,Primary Transit,
kepler-1596 b,0.17,,66.373379,,Kepler-1596,0.95,0.92,5706.0,1166.0,285.557511,49.330074,2016,Primary Transit,
kepler-1597 b,0.095,,2.94654179,,Kepler-1597,1.25,1.39,6377.0,1255.0,288.163973,42.481083,2016,Primary Transit,
kepler-1598 b,0.085,,4.34195123,,Kepler-1598,1.07,1.09,5940.0,734.0,288.469102,46.78368,2016,Primary Transit,
kepler-1599 b,0.145,,122.363553,,Kepler-1599,0.99,0.99,5767.0,1004.0,286.220889,41.151251,2016,Primary Transit,
kepler-159 b,0.212,,10.139623,,Kepler-159,,0.66,4625.0,377.79,297.07017,40.868784,2014,Primary Transit,
kepler-159 c,0.304,,43.595792,,Kepler-159,,0.66,4625.0,377.79,297.07017,40.868784,2014,Primary Transit,
kepler-15 b,0.96,0.66,4.942782,0.06,Kepler-15,1.02,0.99,5515.0,755.38,296.200595,49.140125,2011,Primary Transit,
kepler-1600 b,0.279,,386.370548,,Kepler-1600,0.86,0.8658,5102.0,1030.81,291.399384,38.787752,2016,Primary Transit,
kepler-1600 c,0.17326,,7.298049927,0.0,Kepler-1600,0.86,0.8658,5102.0,1030.81,291.399384,38.787752,2017,Primary Transit,
kepler-1601 b,0.073,,2.20921951,,Kepler-1601,1.04,1.07,5869.0,660.0,285.512943,38.079748,2016,Primary Transit,
kepler-1602 b,0.12,,11.17931605,,Kepler-1602,1.22,1.36,6296.0,815.0,293.580858,40.427478,2016,Primary Transit,
kepler-1603 b,0.115,,2.27163926,,Kepler-1603,1.21,1.31,6241.0,1751.0,295.329843,42.534966,2016,Primary Transit,
kepler-1604 b,0.126,,0.68368426,,Kepler-1604,0.81,0.76,4976.0,562.0,285.410633,44.412212,2016,Primary Transit,
kepler-1605 b,0.096,,85.7565495,,Kepler-1605,0.86,0.82,5280.0,224.0,287.134895,47.488621,2016,Primary Transit,
kepler-1606 b,0.185,,196.435224,,Kepler-1606,0.9,0.86,5422.0,880.0,286.378264,43.07325,2016,Primary Transit,
kepler-1607 b,0.082,,13.6473676,,Kepler-1607,1.14,1.21,6116.0,735.0,296.059869,42.656051,2016,Primary Transit,
kepler-1608 b,0.154,,16.4735686,,Kepler-1608,0.75,0.72,4992.0,832.0,295.563558,39.417606,2016,Primary Transit,
kepler-1609 b,0.198,,114.34219,,Kepler-1609,1.18,1.27,6132.0,1483.0,290.146555,39.665821,2016,Primary Transit,
kepler-160 b,0.153,,4.309397,,Kepler-160,,1.12,5471.0,962.92,287.773581,42.869286,2014,Primary Transit,
kepler-160 c,0.335,,13.699429,,Kepler-160,,1.12,5471.0,962.92,287.773581,42.869286,2014,Primary Transit,
kepler-160 d,,0.31463,30.0,,Kepler-160,,1.12,5471.0,962.92,287.773581,42.869286,2020,TTV,
kepler-1610 b,0.144,,8.70181574,,Kepler-1610,0.91,0.87,5383.0,1063.0,295.90501,45.405434,2016,Primary Transit,
kepler-1610 c,0.1865,,44.98529816,0.0,Kepler-1610,0.91,0.87,5383.0,1063.0,295.90501,45.405434,2023,Primary Transit,
kepler-1611 ab,0.072,,5.1762429,,Kepler-1611 A,0.94,0.93,5605.0,686.0,296.512049,49.727764,2016,Primary Transit,
kepler-1612 b,0.092,,3.91795101,,Kepler-1612,0.96,0.94,5643.0,837.0,291.250279,45.655075,2016,Primary Transit,
kepler-1613 b,0.186,,1.5184299,,Kepler-1613,1.08,1.12,6005.0,855.0,289.875041,43.420963,2016,Primary Transit,
kepler-1614 b,0.133,,3.9466141,,Kepler-1614,0.79,0.76,5121.0,982.0,284.871334,49.775913,2016,Primary Transit,
kepler-1615 b,0.184,,47.3126192,,Kepler-1615,1.01,1.622,5670.0,1393.83,286.359226,42.227478,2016,Primary Transit,
kepler-1616 b,0.091,,6.76284377,,Kepler-1616,1.21,1.34,6266.0,862.0,286.543637,45.304874,2016,Primary Transit,
kepler-1617 b,0.107,,27.4785572,,Kepler-1617,1.15,1.22,6167.0,813.0,287.937219,46.418491,2016,Primary Transit,
kepler-1618 b,0.112,,6.10826019,,Kepler-1618,1.41,1.65,6620.0,1238.0,295.175391,45.930908,2016,Primary Transit,
kepler-1619 b,0.068,,23.6225913,,Kepler-1619,1.0,1.0,5852.0,520.0,285.703472,44.422001,2016,Primary Transit,
kepler-161 b,0.189,,4.921355,,Kepler-161,0.827,0.7993,4992.0,434.632,290.516491,43.083824,2014,Primary Transit,
kepler-161 c,0.183,,7.06424,,Kepler-161,0.827,0.7993,4992.0,434.632,290.516491,43.083824,2014,Primary Transit,
kepler-1620 ab,0.144,,101.951829,,Kepler-1620 A,1.15,1.23,6157.0,773.0,297.270876,46.928417,2016,Primary Transit,
kepler-1621 b,0.193,,92.263714,,Kepler-1621,1.15,1.24,6158.0,1461.0,297.588518,43.841221,2016,Primary Transit,
kepler-1622 b,0.131,,10.8118737,,Kepler-1622,1.31,1.5,6436.0,927.0,297.32891,47.815472,2016,Primary Transit,
kepler-1623 b,0.117,,4.36128348,,Kepler-1623,1.0,1.0,5772.0,986.0,294.082695,39.556103,2016,Primary Transit,
kepler-1624 b,0.5879,,3.290314,0.0,Kepler-1624,0.541,0.552,3768.0,258.979,292.57986,37.376411,2016,Primary Transit,
kepler-1625 b,0.541,11.6,287.378949,,Kepler-1625,0.96,0.94,5677.0,1213.0,295.429347,39.886547,2016,Primary Transit,
kepler-1626 b,0.18,,4.13962966,,Kepler-1626,1.51,1.85,6826.0,1718.0,296.500445,40.72123,2016,Primary Transit,
kepler-1627 ab,0.329,,7.20283653,,Kepler-1627 A,0.87,0.84,5445.0,311.0,284.056684,41.576733,2016,Primary Transit,
kepler-1628 ab,0.5603,,76.377855,0.0,Kepler-1628 A,0.587,0.584,3869.0,352.0,281.6337,43.411579,2016,Primary Transit,
kepler-1629 b,0.069,,3.87595807,,Kepler-1629,1.01,1.01,5776.0,390.0,280.206621,43.774297,2016,Primary Transit,
kepler-162 b,0.112,,6.919798,,Kepler-162,1.03,1.208,5743.0,855.641,297.27891,43.724018,2014,Primary Transit,
kepler-162 c,0.27,,19.446355,,Kepler-162,1.03,1.208,5743.0,855.641,297.27891,43.724018,2014,Primary Transit,
kepler-1630 b,0.2337,,509.997402,0.0,Kepler-1630,0.748,0.72,4689.0,331.213,297.508294,43.710953,2015,Primary Transit,
kepler-1631 b,0.12,,4.09513932,,Kepler-1631,0.97,0.95,5679.0,1190.0,294.63257,43.807671,2016,Primary Transit,
kepler-1632 b,0.215,,224.150923,0.0,Kepler-1632,1.1,1.487,5979.67,716.76,294.494859,43.91362,2016,Primary Transit,
kepler-1633 b,0.141,,186.404271,,Kepler-1633,1.2,1.32,6256.0,811.0,288.515202,44.923225,2016,Primary Transit,
kepler-1634 b,0.285,,374.876239,,Kepler-1634,0.92,0.89,5474.0,654.0,294.043409,45.139786,2016,Primary Transit,
kepler-1635 b,0.325,,469.63111,,Kepler-1635,0.89,0.85,5347.0,1084.0,285.348993,45.556183,2016,Primary Transit,
kepler-1636 b,0.288,,425.47785,,Kepler-1636,1.01,1.02,5797.0,1567.0,294.057625,46.441031,2016,Primary Transit,
kepler-1637 b,0.079,,6.10960324,,Kepler-1637,1.02,1.02,5789.0,506.0,282.236848,48.154297,2016,Primary Transit,
kepler-1638 b,0.167,,259.33683,,Kepler-1638,0.97,0.95,5710.0,879.0,295.482407,48.524445,2016,Primary Transit,
kepler-1639 b,0.23,,9.878482,,Kepler-1639,1.12,1.18,6150.0,1168.0,283.068632,48.802086,2016,Primary Transit,
kepler-163 b,0.094,,7.810937,,Kepler-163,0.94,0.97,5410.9,689.814,295.002819,46.987328,2014,Primary Transit,
kepler-163 c,0.202,,21.347262,,Kepler-163,0.94,0.97,5410.9,689.814,295.002819,46.987328,2014,Primary Transit,
kepler-1640 b,0.43,,7.5844126,,Kepler-1640,1.27,1.43,6324.0,1379.0,294.55789,40.850498,2016,Primary Transit,
kepler-1641 b,0.277,,19.672266,,Kepler-1641,1.12,1.19,6152.0,961.0,296.35944,41.574532,2016,Primary Transit,
kepler-1641 c,0.263,,32.657212,,Kepler-1641,1.12,1.19,6152.0,961.0,296.35944,41.574532,2016,Primary Transit,
kepler-1642 b,0.285,,12.2057513,,Kepler-1642,0.88,0.84,5355.0,447.0,297.21216,43.643719,2016,Primary Transit,
kepler-1642 c,0.237,,6.6513802,,Kepler-1642,0.88,0.84,5355.0,447.0,297.21216,43.643719,2016,Primary Transit,
kepler-1643 b,0.205,,5.34264507,,Kepler-1643,0.92,0.88,5508.0,414.0,300.431,44.751011,2016,Primary Transit,
kepler-1644 ab,0.168,,21.0907758,,Kepler-1644 A,0.89,0.86,5499.0,592.0,285.475055,48.034935,2016,Primary Transit,
kepler-1645 b,0.159,,16.1779561,,Kepler-1645,1.02,1.02,5812.0,844.0,297.479473,48.418571,2016,Primary Transit,
kepler-1646 b,0.11,,4.48558383,,Kepler-1646,0.24,0.26,3299.0,81.0,287.526422,42.912908,2016,Primary Transit,
kepler-1647 (ab)b,1.06,1.52,1107.5923,0.0581,Kepler-1647 (AB),2.1885,1.79,6210.0,1212.45,298.150000012,40.656111129,2015,Primary Transit,
kepler-1649 ab,0.091,,8.689099,,Kepler-1649 A,0.2,0.23,3240.0,92.43,292.503769,41.830421,2017,Primary Transit,
kepler-1649 ac,0.095,,19.53527,,Kepler-1649 A,0.2,0.23,3240.0,92.43,292.503769,41.830421,2020,Primary Transit,
kepler-164 b,0.1454,,5.03505665,0.0,Kepler-164,1.14,1.02,6095.0,890.758,287.780828,47.629913,2014,Primary Transit,
kepler-164 c,0.2123,,10.94577783,0.0,Kepler-164,1.14,1.02,6095.0,890.758,287.780828,47.629913,2014,Primary Transit,
kepler-164 d,0.241,,28.9869016,0.0,Kepler-164,1.14,1.02,6095.0,890.758,287.780828,47.629913,2014,Primary Transit,
kepler-164 e,0.36,,94.886902,0.0,Kepler-164,1.14,1.02,6095.0,890.758,287.780828,47.629913,2016,Primary Transit,
kepler-1650 b,0.086,,1.53818001,0.01,Kepler-1650,0.33,0.33,3410.0,120.5,297.729255,42.866898,2017,Primary Transit,
kepler-1651 ab,0.164,,9.87863917,0.13,Kepler-1651 A,0.57,0.46,3759.27,66.4074,283.628354,48.391022,2017,Primary Transit,
kepler-1652 b,0.143,,38.09722,,Kepler-1652,0.4,0.38,3638.0,252.0,294.366085,49.915058,2017,Primary Transit,
kepler-1653 ab,0.194,,140.2524,,Kepler-1653,0.72,0.69,4807.0,755.0,296.457755,41.266024,2017,Primary Transit,
kepler-1654 b,0.819,0.5,1047.8356,0.26,Kepler-1654,1.01,1.18,5597.0,577.6,282.185812,44.434486,2018,Primary Transit,
kepler-1655 b,0.197,0.01573,11.8728787,0.0,Kepler-1655,1.03,1.03,6148.0,214.58,286.689452,39.211929,2018,Primary Transit,
kepler-1656 b,0.4354,0.1504,31.562,0.762,Kepler-1656,1.03,1.1,5731.0,186.88,284.472168,39.911824,2018,Primary Transit,
kepler-1656 c,,0.3977,1919.0,0.527,Kepler-1656,1.03,1.1,5731.0,186.88,284.472168,39.911824,2022,Radial Velocity,
kepler-1657 b,0.99,1.93,141.241671,0.496,Kepler-1657,1.01,0.96,5830.0,946.59,293.281566,45.309677,2018,Primary Transit,
kepler-1659 b,0.17,0.02832,13.6088,0.0114,Kepler-1659,1.02,0.97,5370.0,1168.99,298.373847,40.618421,2019,Primary Transit,
kepler-1659 c,0.17,0.01447,20.4415,0.014,Kepler-1659,1.02,0.97,5370.0,1168.99,298.373847,40.618421,2019,Primary Transit,
kepler-165 b,0.207,,8.180848,,Kepler-165,0.87,0.7278,5155.0,560.885,280.691016,47.809735,2014,Primary Transit,
kepler-165 c,0.199,,15.31299,,Kepler-165,0.87,0.7278,5155.0,560.885,280.691016,47.809735,2014,Primary Transit,
kepler-1660 (ab)b,,4.89,239.48,0.055,Kepler-1660 (AB),1.24,1.881,6305.24,1188.54,290.550000004,40.235000006,2014,Timing,
kepler-1661 (ab)b,,0.053,175.06,0.06,Kepler-1661 (AB),1.1,,,415.5,285.16666668,41.966944464,2019,Primary Transit,
kepler-1662 b,0.7904,0.2234,134.4786723,,Kepler-1662,1.08,1.14,5922.0,887.81,289.341414,46.988243,2017,Primary Transit,
kepler-1662 c,0.4853,0.0472,284.060953,,Kepler-1662,1.08,1.14,5922.0,887.81,289.341414,46.988243,2017,TTV,
kepler-1663 b,0.295,,17.6046,,Kepler-1663,,0.71,3793.47,341.22,290.401508,48.822589,2020,Primary Transit,
kepler-1664 ab,0.271,,14.3868,,Kepler-1664 A,1.081,1.146,5945.95,593.62,286.852661,49.261681,2020,Primary Transit,
kepler-1665 ab,0.253,,11.95474513,0.0,Kepler-1665 A,0.842,0.777,5049.84,338.8,290.396178,41.040081,2020,Primary Transit,
kepler-1666 b,0.257,,25.8476,,Kepler-1666,1.084,1.21,5818.75,1434.42,297.951578,46.264717,2020,Primary Transit,
kepler-1666 c,0.289,,40.7157,,Kepler-1666,1.084,1.21,5818.75,1434.42,297.951578,46.264717,2020,Primary Transit,
kepler-1667 b,0.266,,83.5781,,Kepler-1667,1.094,1.06,5951.0,638.35,283.532958,48.094261,2020,Primary Transit,
kepler-1668 b,0.388,,15.434,,Kepler-1668,1.065,1.05,5328.33,1386.19,297.352316,46.095931,2020,Primary Transit,
kepler-1669 b,0.248,,9.51216,,Kepler-1669,0.67,0.714,4303.0,543.444,297.430378,39.847843,2020,Primary Transit,
kepler-1669 c,0.1696,,1.609320045,0.0,Kepler-1669,0.67,0.714,4303.0,543.444,297.430378,39.847843,2017,Primary Transit,
kepler-1669 d,0.143,,4.729469776,0.0,Kepler-1669,0.67,0.714,4303.0,543.444,297.430378,39.847843,2017,Primary Transit,
kepler-166 b,0.203,,7.650254,,Kepler-166,,0.74,5413.0,614.16,293.160171,48.881191,2014,Primary Transit,
kepler-166 c,0.212,,34.260281,,Kepler-166,,0.74,5413.0,614.16,293.160171,48.881191,2014,Primary Transit,
kepler-166 d,0.154,,1.55400393,,Kepler-166,,0.74,5413.0,614.16,293.160171,48.881191,2016,Primary Transit,
kepler-1670 b,0.299,,20.4998,,Kepler-1670,1.086,1.57,5766.0,2198.41,290.326514,43.121834,2020,Primary Transit,
kepler-1671 b,0.118,,4.16787,,Kepler-1671,0.766,0.92,5085.99,360.77,291.748372,39.446877,2020,Primary Transit,
kepler-1672 b,0.265,,150.878,,Kepler-1672,0.936,1.08,5899.25,395.58,297.940159,40.278626,2020,Primary Transit,
kepler-1673 b,0.262,,33.7888,,Kepler-1673,1.1,1.04,6220.81,742.78,285.667089,48.719566,2020,Primary Transit,
kepler-1674 b,0.286,,62.5611,,Kepler-1674,0.925,0.87,5326.33,1042.07,294.816093,45.306118,2020,Primary Transit,
kepler-1675 b,0.279,,63.0382,,Kepler-1675,1.137,1.13,5747.0,663.58,283.80952,41.041238,2020,Primary Transit,
kepler-1676 b,0.301,,29.9221,,Kepler-1676,1.109,1.637,6127.0,892.5,287.236753,43.567215,2020,Primary Transit,
kepler-1677 b,0.241,,22.064,,Kepler-1677,1.195,1.2,5804.5,751.23,298.493295,47.013039,2020,Primary Transit,
kepler-1678 b,0.295,,147.974,,Kepler-1678,0.961,0.9,5421.0,867.94,292.591635,38.399661,2020,Primary Transit,
kepler-1679 b,0.185,,9.75376,,Kepler-1679,0.996,0.9,5358.25,932.63,293.900567,50.427055,2020,Primary Transit,
kepler-167 ab,0.15327,,4.3931539,0.0,Kepler-167 A,0.777,0.749,4884.0,330.0,292.658441,38.345413,2014,Primary Transit,
kepler-167 ac,0.14935,,7.406106,0.0,Kepler-167 A,0.777,0.749,4884.0,330.0,292.658441,38.345413,2014,Primary Transit,
kepler-167 ad,0.11045,,21.80379,0.0,Kepler-167 A,0.777,0.749,4884.0,330.0,292.658441,38.345413,2016,Primary Transit,
kepler-167 ae,0.9064,4.0,1071.23205,0.062,Kepler-167 A,0.777,0.749,4884.0,330.0,292.658441,38.345413,2016,Primary Transit,
kepler-1680 b,0.121,,8.77424,,Kepler-1680,0.832,0.7,4975.5,313.12,297.074653,39.933859,2020,Primary Transit,
kepler-1681 ab,0.228,,69.8956,,Kepler-1681 A,0.724,0.89,5173.08,652.25,296.697261,46.371712,2020,Primary Transit,
kepler-1682 b,0.258,,14.8334,,Kepler-1682,0.926,0.84,5517.75,1197.63,293.983579,39.572884,2020,Primary Transit,
kepler-1683 b,0.167,,15.0337,,Kepler-1683,0.909,0.95,5047.59,748.64,298.450123,44.284016,2020,Primary Transit,
kepler-1684 b,0.256,,47.7055,,Kepler-1684,0.672,0.6,4787.0,633.05,294.005379,46.310654,2020,Primary Transit,
kepler-1685 b,0.23,,20.4905,,Kepler-1685,1.038,0.79,5378.58,1178.83,296.188288,43.936848,2020,Primary Transit,
kepler-1686 b,0.127,,9.30987,,Kepler-1686,0.996,1.14,5774.33,745.49,291.606728,42.035927,2020,Primary Transit,
kepler-1687 b,0.148,,5.77954,,Kepler-1687,0.565,0.65,4249.0,422.02,289.742756,50.787037,2020,Primary Transit,
kepler-1688 b,0.113,,5.62012,,Kepler-1688,0.949,1.826,4936.24,567.45,289.552994,41.297852,2020,Primary Transit,
kepler-1689 b,0.084,,8.483,,Kepler-1689,0.916,0.96,5806.0,296.63,291.574217,38.655952,2020,Primary Transit,
kepler-168 b,0.13,,4.425391,,Kepler-168,,1.11,6282.0,1396.0,294.710165,39.825104,2014,Primary Transit,
kepler-168 c,0.24,,13.193242,,Kepler-168,,1.11,6282.0,1396.0,294.710165,39.825104,2014,Primary Transit,
kepler-1690 b,0.251,,234.636,,Kepler-1690,0.882,0.87,5336.5,718.3,288.156708,41.877968,2020,Primary Transit,
kepler-1691 b,0.164,,3.8482,,Kepler-1691,1.221,1.21,5753.0,1315.6,286.254417,41.021866,2020,Primary Transit,
kepler-1692 b,0.099,,5.95966,,Kepler-1692,1.012,0.94,4935.73,601.22,286.924298,47.053745,2020,Primary Transit,
kepler-1693 b,0.115,,12.0999,,Kepler-1693,0.95,0.8783,5432.34,760.065,290.201621,48.185822,2020,Primary Transit,
kepler-1693 c,0.087154,,5.363709927,0.0,Kepler-1693,0.95,0.8783,5432.34,760.065,290.201621,48.185822,2017,Primary Transit,
kepler-1694 b,0.105,,3.89526,,Kepler-1694,0.675,0.72,4958.0,521.0,293.793565,40.240932,2020,Primary Transit,
kepler-1695 b,0.1,,4.7329,,Kepler-1695,0.865,0.95,5437.0,809.5,293.619259,46.413338,2020,Primary Transit,
kepler-1696 b,0.251,,65.9409,,Kepler-1696,1.047,1.27,5379.0,1571.34,295.576074,42.023365,2020,Primary Transit,
kepler-1697 ab,0.112,,33.4969,,Kepler-1697 A,0.747,0.772,4681.53,247.771,287.663392,43.471455,2020,Primary Transit,
kepler-1698 b,0.096,,1.2107,,Kepler-1698,0.717,0.74,4945.83,223.78,293.344989,39.257812,2020,Primary Transit,
kepler-1699 b,0.14,,3.49082,,Kepler-1699,0.791,0.724,5214.4,,292.137336,48.917194,2020,Primary Transit,
kepler-169 b,0.101,,3.250619,,Kepler-169,0.86,0.76,4997.0,411.34,285.999891,40.919329,2014,Primary Transit,
kepler-169 c,0.108,,6.195469,,Kepler-169,0.86,0.76,4997.0,411.34,285.999891,40.919329,2014,Primary Transit,
kepler-169 d,0.112,,8.348125,,Kepler-169,0.86,0.76,4997.0,411.34,285.999891,40.919329,2014,Primary Transit,
kepler-169 e,0.196,,13.767102,,Kepler-169,0.86,0.76,4997.0,411.34,285.999891,40.919329,2014,Primary Transit,
kepler-169 f,0.23,,87.090195,,Kepler-169,0.86,0.76,4997.0,411.34,285.999891,40.919329,2014,Primary Transit,
kepler-16 (ab)b,0.7538,0.333,228.776,0.00685,Kepler-16 (AB),0.8499,0.65,4450.0,,289.075,51.7575,2011,Primary Transit,
kepler-1700 b,0.259,,234.239,,Kepler-1700,1.249,1.14,5885.0,732.73,286.949712,45.353828,2020,Primary Transit,
kepler-1701 b,0.198,,169.134,,Kepler-1701,0.864,0.83,5116.26,594.1,286.608886,41.889339,2020,Primary Transit,
kepler-1702 b,0.143,,18.5012,,Kepler-1702,0.829,0.74,5003.75,878.23,284.972497,44.567548,2020,Primary Transit,
kepler-1703 b,0.1062,,21.1876185,,Kepler-1703,0.858,1.255,6001.0,887.064,293.15085,41.729252,2016,Primary Transit,
kepler-1703 c,0.1079,,31.8245304,,Kepler-1703,0.858,1.255,6001.0,887.064,293.15085,41.729252,2016,Primary Transit,
kepler-1704 b,1.066,4.16,988.88112,0.92,Kepler-1704,1.132,1.697,5746.0,824.0,291.2012,51.144279,2017,Primary Transit,
kepler-1705 b,0.1811,0.01406,9.03502,0.033,Kepler-1705,0.838,0.768,5775.0,,301.57855,44.31218,2017,Primary Transit,
kepler-1705 c,0.1829,0.01705,11.28,0.028,Kepler-1705,0.838,0.768,5775.0,,301.57855,44.31218,2017,Primary Transit,
kepler-1706 b,,,2.073549,,Kepler-1706,1.22,1.574,6118.0,721.105,288.84711,47.02291,2021,Other,
kepler-1707 b,,,1.701531,,Kepler-1707,0.966,0.894,5459.0,,299.3256,40.63822,2021,Other,
kepler-1708 b,0.8886,4.6,737.1131,0.4,Kepler-1708,1.088,1.117,6157.0,1667.0,296.825000006,43.624722241,2021,Primary Transit,
kepler-1709 b,0.27871,,65.70459747,0.0,Kepler-1709,1.039,1.135,5789.91,273.946,283.37482,43.788219,2017,Primary Transit,
kepler-170 b,0.285,,7.930592,,Kepler-170,,1.03,5679.0,754.64,284.521193,41.629604,2014,Primary Transit,
kepler-170 c,0.255,,16.665863,,Kepler-170,,1.03,5679.0,754.64,284.521193,41.629604,2014,Primary Transit,
kepler-1710 ab,0.2308,0.010997,14.91094205,0.0,Kepler-1710 A,0.983,0.91,5572.0,305.193,291.68335,37.751591,2017,Primary Transit,
kepler-1711 ab,0.17156,,21.06080055,0.0,Kepler-1711 A,1.034,1.09,5745.26,590.268,298.17722,42.237041,2017,Primary Transit,
kepler-1712 bb,0.20368,,13.81499958,0.0,Kepler-1712 B,0.574,0.583,3833.0,156.264,284.9986,50.14679,2017,Primary Transit,
kepler-1713 b,0.153155,,18.01160049,0.0,Kepler-1713,1.25,1.453,6334.8,295.293,287.34573,43.378391,2017,Primary Transit,
kepler-1714 b,0.2912,,10.27530003,0.0,Kepler-1714,1.14,2.156,6088.22,409.46,293.716666684,46.226666679,2011,Primary Transit,
kepler-1715 b,0.3693,,35.59730148,0.0,Kepler-1715,1.12,1.479,6033.33,522.605,293.92972,41.602871,2017,Primary Transit,
kepler-1716 b,0.216319,,35.58100128,0.0,Kepler-1716,0.779,0.701,4813.46,195.439,297.27188,43.333309,2017,Primary Transit,
kepler-1717 b,0.26666,,30.65279961,0.0,Kepler-1717,1.37,1.517,6591.89,1008.79,295.21268,49.56218,2017,Primary Transit,
kepler-1718 b,0.2291,,135.1880035,0.0,Kepler-1718,1.053,0.933,5839.24,375.522,292.23492,42.909458,2017,Primary Transit,
kepler-1719 b,0.3524,,6.149559975,0.0,Kepler-1719,1.03,1.843,5752.63,905.406,284.70691,38.936821,2017,Primary Transit,
kepler-171 b,0.209,,4.166972,,Kepler-171,,0.84,5642.0,885.43,296.771914,41.755537,2014,Primary Transit,
kepler-171 c,0.228,,11.463462,,Kepler-171,,0.84,5642.0,885.43,296.771914,41.755537,2014,Primary Transit,
kepler-171 d,0.169,,39.595519,,Kepler-171,,0.84,5642.0,885.43,296.771914,41.755537,2014,Primary Transit,
kepler-1720 b,0.286897,,12.70639992,0.0,Kepler-1720,0.92,0.793,5340.0,629.445,296.80865,47.17194,2017,Primary Transit,
kepler-1721 b,0.27817,,4.592380047,0.0,Kepler-1721,0.87,0.78,5168.0,641.374,283.54416,45.225552,2017,Primary Transit,
kepler-1722 b,0.25578,,9.178569794,,Kepler-1722,0.94,0.9377,5406.0,772.283,296.66275,41.261238,2017,Primary Transit,
kepler-1723 b,0.2569,,39.75289917,0.0,Kepler-1723,1.01,1.079,5665.31,811.278,294.46268,46.821449,2017,Primary Transit,
kepler-1724 b,0.253075,,6.45442009,,Kepler-1724,1.02,1.083,5726.0,1060.77,296.12073,47.921478,2017,Primary Transit,
kepler-1725 ab,0.25087,,16.71990013,0.0,Kepler-1725 A,1.17,1.103,6161.0,558.652,294.37354,40.19463,2017,Primary Transit,
kepler-1726 b,0.223804,,18.39629936,0.0,Kepler-1726,0.92,0.7638,5338.0,390.552,284.38617,45.719711,2017,Primary Transit,
kepler-1727 b,0.28308,,9.029299736,0.0,Kepler-1727,0.91,0.889,5298.27,894.187,290.33362,38.72823,2017,Primary Transit,
kepler-1728 b,0.26363,,4.782999992,0.0,Kepler-1728,0.83,0.818,5021.0,651.783,287.09399,39.060719,2017,Primary Transit,
kepler-1729 b,0.3474,,4.220970154,0.0,Kepler-1729,0.69,0.796,4414.0,576.181,296.69394,42.62611,2017,Primary Transit,
kepler-172 b,0.21,,2.940309,,Kepler-172,0.86,1.08,5526.0,848.56,283.368413,41.821857,2014,Primary Transit,
kepler-172 c,0.255,,6.388996,,Kepler-172,0.86,1.08,5526.0,848.56,283.368413,41.821857,2014,Primary Transit,
kepler-172 d,0.201,,14.627119,,Kepler-172,0.86,1.08,5526.0,848.56,283.368413,41.821857,2014,Primary Transit,
kepler-172 e,0.246,,35.118736,,Kepler-172,0.86,1.08,5526.0,848.56,283.368413,41.821857,2014,Primary Transit,
kepler-1730 b,0.40013,,13.81019974,,Kepler-1730,0.99,1.158,5598.0,1427.08,281.96063,43.70311,2017,Primary Transit,
kepler-1731 b,0.261658,,21.76129913,0.0,Kepler-1731,0.808,0.6891,4923.57,169.948,291.25449,36.74361,2017,Primary Transit,
kepler-1732 b,0.36569,,32.31240082,0.0,Kepler-1732,1.05,1.373,5838.73,1289.41,292.29099,37.580799,2017,Primary Transit,
kepler-1733 b,0.324367,,9.229579926,0.0,Kepler-1733,1.23,1.387,6276.71,2080.51,291.13849,37.859299,2017,Primary Transit,
kepler-1734 b,0.2755,,6.796850204,0.0,Kepler-1734,1.08,1.125,5910.67,1482.83,294.16321,41.451801,2017,Primary Transit,
kepler-1735 b,0.10652,,7.71792984,0.0,Kepler-1735,0.552,0.558,3888.0,245.303,281.05011,47.188148,2017,Primary Transit,
kepler-1736 b,0.34585,,37.81029892,0.0,Kepler-1736,1.04,1.571,5804.06,1430.0,289.7767,38.26228,2017,Primary Transit,
kepler-1737 b,0.48131,,64.61750031,0.0,Kepler-1737,0.834,0.881,5043.0,782.17,297.01483,47.486431,2017,Primary Transit,
kepler-1738 b,0.25194,,7.674630165,0.0,Kepler-1738,1.02,1.018,5703.0,1302.87,296.13141,47.43882,2017,Primary Transit,
kepler-1739 b,0.2168,,7.343709946,0.0,Kepler-1739,1.02,0.8717,5703.0,783.666,296.23215,47.678959,2017,Primary Transit,
kepler-173 b,0.115,,4.263742,,Kepler-173,0.78,0.95,6031.0,853.39,294.646695,41.884106,2014,Primary Transit,
kepler-173 c,0.217,,8.005777,,Kepler-173,0.78,0.95,6031.0,853.39,294.646695,41.884106,2014,Primary Transit,
kepler-1740 b,0.29646,,8.172400475,,Kepler-1740,1.02,0.931,5714.58,1061.77,293.87363,38.922482,2017,Primary Transit,
kepler-1741 b,0.11357,,2.757590055,0.0,Kepler-1741,0.591,0.54,3842.11,270.739,292.57703,39.12088,2017,Primary Transit,
kepler-1742 b,0.19431,,49.47819901,0.0,Kepler-1742,0.99,0.865,5582.0,669.573,286.96683,44.992489,2017,Primary Transit,
kepler-1743 b,0.142637,,7.649710178,0.0,Kepler-1743,1.0,2.0998,5624.37,538.807,290.55237,48.126263,2017,Primary Transit,
kepler-1744 ab,0.33607,,37.10110092,0.0,Kepler-1744 A,1.0,0.941,5623.54,1091.63,291.02069,42.46244,2017,Primary Transit,
kepler-1745 b,0.17201,,3.016190052,0.0,Kepler-1745,0.98,1.08087,5572.72,996.105,293.46902,42.822411,2017,Primary Transit,
kepler-1746 b,0.797,,321.2120056,,Kepler-1746,1.22,1.499,6270.99,979.541,288.32043,42.261414,2017,Primary Transit,
kepler-1747 b,0.3805,,6.230319977,0.0,Kepler-1747,0.88,0.982,5174.0,1321.38,284.20966,45.25808,2017,Primary Transit,
kepler-1748 b,0.242013,,5.823520184,0.0,Kepler-1748,0.93,0.77,5376.0,1083.28,285.96786,45.739071,2017,Primary Transit,
kepler-1749 ab,0.1439,,14.53409958,,Kepler-1749,0.66,0.621,4238.82,268.2,290.29456,45.56461,2017,Primary Transit,
kepler-174 b,0.175,,13.98179,,Kepler-174,,0.62,4880.0,389.07,287.439194,43.832092,2014,Primary Transit,
kepler-174 c,0.133,,44.000529,,Kepler-174,,0.62,4880.0,389.07,287.439194,43.832092,2014,Primary Transit,
kepler-174 d,0.195,,247.35373,,Kepler-174,,0.62,4880.0,389.07,287.439194,43.832092,2014,Primary Transit,
kepler-1750 b,0.53565,,205.9120026,0.0,Kepler-1750,0.96,1.193,5474.0,1497.33,292.3515,48.511082,2017,Primary Transit,
kepler-1751,0.16273,,7.017310143,0.0,Kepler-1751,1.02,1.057,5732.0,1291.47,284.84662,49.692402,2017,Primary Transit,
kepler-1752 b,0.405,,56.35850143,0.0,Kepler-1752,0.89,0.7748,5214.0,962.888,290.85413,51.222809,2017,Primary Transit,
kepler-1753 b,0.20225,,16.00460052,0.0,Kepler-1753,0.83,0.697,5007.0,707.688,288.23666,46.605919,2017,Primary Transit,
kepler-1754 b,0.2177,,8.195949554,0.0,Kepler-1754,0.72,0.794,4553.0,718.945,295.45715,50.077171,2017,Primary Transit,
kepler-1755 b,0.5278729,,24.81209946,0.0,Kepler-1755,1.2,1.176,6229.0,982.383,296.84616,40.138611,2017,Primary Transit,
kepler-1756 b,0.13132,,2.355750084,0.0,Kepler-1756,0.781,0.812,4915.0,756.88,294.36487,40.720879,2017,Primary Transit,
kepler-1757 b,0.26288,,19.65640068,0.0,Kepler-1757,0.87,0.822,5146.0,807.308,297.73984,46.94191,2017,Primary Transit,
kepler-1758 b,0.2293,,9.977210045,0.0,Kepler-1758,1.1,1.621,5995.0,1588.41,297.79691,39.921371,2017,Primary Transit,
kepler-1759 b,0.080623,,3.720230103,0.0,Kepler-1759,0.796,0.732,4878.0,385.348,298.46579,48.55941,2017,Primary Transit,
kepler-175 b,0.228,,11.903515,,Kepler-175,1.04,1.01,6064.0,1363.39,289.553283,43.876183,2014,Primary Transit,
kepler-175 c,0.277,,34.035257,,Kepler-175,1.04,1.01,6064.0,1363.39,289.553283,43.876183,2014,Primary Transit,
kepler-1760 ab,0.204293,,38.3260994,0.0,Kepler-1760 A,0.821,0.903,5229.0,588.95,284.13263,48.825119,2017,Primary Transit,
kepler-1761 b,0.1241,,4.043540001,0.0,Kepler-1761,0.587,0.5992,3802.0,221.186,284.13287,49.142609,2017,Primary Transit,
kepler-1762 b,0.2462,,29.53910065,0.0,Kepler-1762,1.19,1.27,6198.0,1663.74,290.49316,39.785519,2017,Primary Transit,
kepler-1763 b,0.102285,,1.480280042,0.0,Kepler-1763,1.1,1.281,5969.97,756.486,294.11307001474,40.36294994585,2017,Primary Transit,
kepler-1764 b,0.40637,,70.46829987,0.0,Kepler-1764,1.14,1.45,6085.02,1542.48,293.87988,41.393822,2017,Primary Transit,
kepler-1765 b,0.22259,,10.41889954,0.0,Kepler-1765,1.006,0.887,5665.0,764.456,298.01443,42.957458,2017,Primary Transit,
kepler-1766 b,0.20332,,105.0149994,0.0,Kepler-1766,1.039,1.2159,5788.86,501.229,294.27728,46.675282,2017,Primary Transit,
kepler-1767 b,0.268795,,59.65829849,0.0,Kepler-1767,0.88,0.697,5172.78,820.506,293.64417,46.989761,2017,Primary Transit,
kepler-1768 b,0.19922,,15.13589954,0.0,Kepler-1768,1.22,1.1816,6264.0,632.766,299.95721,44.771889,2017,Primary Transit,
kepler-1769 ab,0.39834,,89.1934967,0.0,Kepler-1769 A,1.18,1.12,6173.0,438.412,294.74332,43.461208,2017,Primary Transit,
kepler-176 b,0.128,,5.433074,,Kepler-176,,0.89,5232.0,535.4,294.667956,43.853259,2014,Primary Transit,
kepler-176 c,0.232,,12.759712,,Kepler-176,,0.89,5232.0,535.4,294.667956,43.853259,2014,Primary Transit,
kepler-176 d,0.224,,25.751974,,Kepler-176,,0.89,5232.0,535.4,294.667956,43.853259,2014,Primary Transit,
kepler-176 e,0.129,,51.16579,,Kepler-176,,0.89,5232.0,535.4,294.667956,43.853259,2016,Primary Transit,
kepler-1770 b,0.25346,,16.84189987,0.0,Kepler-1770,0.97,0.859,5520.0,582.942,299.25031,43.410439,2017,Primary Transit,
kepler-1771 ab,0.36177,,88.64399719,0.0,Kepler-1771 A,0.941,0.934,5661.0,565.752,292.0134,49.019119,2017,Primary Transit,
kepler-1772 b,0.23963,,3.215090036,0.0,Kepler-1772,0.99,1.8411,5582.0,871.564,289.43811,39.270359,2017,Primary Transit,
kepler-1773 b,0.31267,,40.80970001,0.0,Kepler-1773,1.16,1.41,6136.0,681.255,286.22324,38.258171,2017,Primary Transit,
kepler-1774 b,0.28379,,59.77080154,0.0,Kepler-1774,1.09,1.174,5942.35,816.592,288.57443,40.988659,2017,Primary Transit,
kepler-1775 b,0.32537,,85.65399933,0.0,Kepler-1775,1.08,1.266,5910.19,657.023,286.40231,38.738541,2017,Primary Transit,
kepler-1776 b,0.232984,,35.01190186,0.0,Kepler-1776,1.09,1.132,5961.17,690.336,291.53439,47.0425,2017,Primary Transit,
kepler-1777 b,0.19012,,12.18420029,0.0,Kepler-1777,0.99,1.0225,5600.06,619.146,290.32867,37.72311,2017,Primary Transit,
kepler-1778 b,0.269125,,10.08740044,0.0,Kepler-1778,1.06,1.08,5875.0,1276.29,287.36127,43.738781,2017,Primary Transit,
kepler-1779 b,0.270579,,16.34359932,0.0,Kepler-1779,1.02,0.963,5714.0,908.501,300.41751,45.605518,2017,Primary Transit,
kepler-177 b,0.312,0.01837,35.8601,0.0,Kepler-177,0.92,1.32,5732.0,1497.42,286.047132,45.053207,2013,Primary Transit,
kepler-177 c,0.779,0.04625,49.40926,0.0,Kepler-177,0.92,1.32,5732.0,1497.42,286.047132,45.053207,2013,Primary Transit,
kepler-1780 b,0.32171,,109.4449997,0.0,Kepler-1780,0.93,0.895,5385.22,790.516,294.08392,42.809589,2017,Primary Transit,
kepler-1781 b,0.2123,,4.88752985,0.0,Kepler-1781,0.88,0.816,5190.0,962.63,291.71146,42.341499,2017,Primary Transit,
kepler-1782 ab,0.19886,,5.756229877,0.0,Kepler-1782 A,0.79,0.741,4867.0,305.792,280.92612,44.087929,2017,Primary Transit,
kepler-1783 b,0.11771,,8.277440071,,Kepler-1783,0.859,0.7588,5111.02,264.078,297.02109,41.377171,2017,Primary Transit,
kepler-1784 b,0.249739,,13.59049988,,Kepler-1784,0.96,0.966,5475.0,883.045,297.95416,44.66748,2017,Primary Transit,
kepler-1785 b,0.24124,,19.58550072,0.0,Kepler-1785,1.02,1.0169,5734.0,745.74,295.79218,47.600101,2017,Primary Transit,
kepler-1786 b,0.28219,,78.5460968,0.0,Kepler-1786,1.02,1.22294,5718.47,863.909,292.5878,38.52203,2017,Primary Transit,
kepler-1787 b,0.20688,,39.31370163,0.0,Kepler-1787,1.04,0.881,5808.0,778.602,289.06433,47.11742,2017,Primary Transit,
kepler-1788 b,0.212197,,2.800120115,0.0,Kepler-1788,0.74,0.756,4670.0,560.445,291.22433,45.778091,2017,Primary Transit,
kepler-1789 b,0.252594,,80.23190308,0.0,Kepler-1789,0.96,0.845,5495.0,611.461,282.86319,41.79668,2017,Primary Transit,
kepler-178 b,0.259,,9.576694,,Kepler-178,,1.07,5676.0,731.04,287.101089,46.896477,2014,Primary Transit,
kepler-178 c,0.257,,20.552802,,Kepler-178,,1.07,5676.0,731.04,287.101089,46.896477,2014,Primary Transit,
kepler-178 d,0.352,,96.678988,,Kepler-178,,1.07,5676.0,731.04,287.101089,46.896477,2014,Primary Transit,
kepler-1790 b,0.2801,,31.5889,,Kepler-1790,1.15,1.39,6108.0,1070.17,294.566666672,46.075833342,2017,Primary Transit,
kepler-1791 ab,0.27844,,7.720860004,0.0,Kepler-1791 A,0.985,1.177,5887.0,602.218,284.49033,42.648289,2017,Primary Transit,
kepler-1792 b,0.2248,,4.1957798,0.0,Kepler-1792,0.825,0.7467,4985.0,601.029,294.84003,39.085991,2017,Primary Transit,
kepler-1793 ab,0.3381,,8.779999733,0.0,Kepler-1793 A,0.91,0.9058,5300.76,1189.88,291.91287,40.953892,2017,Primary Transit,
kepler-1794 c,0.160069,,9.762980461,0.0,Kepler-1794,0.812,0.6759,4940.0,561.229,300.61969,45.788921,2017,Primary Transit,
kepler-1795 ab,0.14836,,13.36019993,0.0,Kepler-1795 A,0.768,0.688,4500.0,520.76,286.47934,39.269958,2017,Primary Transit,
kepler-1796 b,0.2453,,29.4557991,0.0,Kepler-1796,1.15,1.02456,6103.0,825.883,301.54297,44.60561,2017,Primary Transit,
kepler-1797 b,0.272792,,23.3593998,0.0,Kepler-1797,1.02,1.097,5709.57,1338.49,292.46429,45.968288,2017,Primary Transit,
kepler-1798 ab,0.206006,,16.85589981,0.0,Kepler-1798,0.65,0.641,3972.0,395.196,291.7262,37.5289,2017,Primary Transit,
kepler-1799 b,0.36828,,11.9296999,0.0,Kepler-1799,0.97,1.558,5540.0,2254.69,288.30869,51.478291,2017,Primary Transit,
kepler-179 b,0.146,,2.735926,,Kepler-179,,0.76,5302.0,616.39,298.663735,47.762043,2014,Primary Transit,
kepler-179 c,0.178,,6.40013,,Kepler-179,,0.76,5302.0,616.39,298.663735,47.762043,2014,Primary Transit,
kepler-17 b,1.31,2.45,1.4857108,0.011,Kepler-17,1.16,1.05,5781.0,800.0,298.395274,47.815006,2011,Primary Transit,
kepler-1800 b,0.0889284,,4.562029839,0.0,Kepler-1800,0.89,0.9883,5211.68,350.455,297.65143,40.352551,2017,Primary Transit,
kepler-1801 b,0.241701,,10.44089985,0.0,Kepler-1801,0.95,0.866,5455.0,839.332,295.164,39.201408,2017,Primary Transit,
kepler-1801 c,0.36212,,116.5849991,0.0,Kepler-1801,0.95,0.866,5455.0,839.332,295.164,39.201408,2017,Primary Transit,
kepler-1802 bb,0.111,,7.72515184,,Kepler-1802 B,0.649,0.637,4245.0,427.78,300.24222,44.141399,2017,Primary Transit,
kepler-1802 bc,0.168,,33.1364259,,Kepler-1802 B,0.649,0.637,4245.0,427.78,300.24222,44.141399,2017,Primary Transit,
kepler-1804 b,0.14239,,12.28849983,0.0,Kepler-1804,0.79,0.779,4869.0,434.456,301.34286,44.672211,2017,Primary Transit,
kepler-1805 b,0.13784,,8.847940445,0.0,Kepler-1805,0.585,0.596,3796.0,221.639,285.08655,40.898998,2017,Primary Transit,
kepler-1806 b,0.2101,,9.033320427,,Kepler-1806,0.85,0.783,5078.0,978.066,287.53503,49.801659,2017,Primary Transit,
kepler-1807 b,0.241228,,10.86060047,0.0,Kepler-1807,1.27,1.646,6363.16,1299.32,291.54941,44.52729,2017,Primary Transit,
kepler-1808 b,0.26987,,23.3404007,0.0,Kepler-1808,0.96,1.028,5491.0,1022.01,287.29251,39.383221,2017,Primary Transit,
kepler-1809 b,0.13498,,3.7572999,0.0,Kepler-1809,0.808,0.799,4922.21,409.602,290.26535,40.548649,2017,Primary Transit,
kepler-180 b,0.134,,13.817124,,Kepler-180,0.84,1.06,5731.0,709.83,295.571343,49.774586,2014,Primary Transit,
kepler-180 c,0.269,,41.885775,,Kepler-180,0.84,1.06,5731.0,709.83,295.571343,49.774586,2014,Primary Transit,
kepler-1810 b,0.34954,,101.1330032,,Kepler-1810,0.95,0.933,5453.7,1009.87,291.81302,38.088181,2017,Primary Transit,
kepler-1811 b,0.3433,,76.42230225,0.0,Kepler-1811,1.02,1.21,5733.0,1390.56,289.97934,40.14283,2017,Primary Transit,
kepler-1812 b,0.207415,,7.165219784,,Kepler-1812,1.24,1.152,6317.0,1409.19,298.08453,40.283249,2017,Primary Transit,
kepler-1813 b,0.12606,,2.818160057,0.0,Kepler-1813,0.812,0.787,5167.0,809.32,292.23993,48.51157,2017,Primary Transit,
kepler-1814 b,0.21135,,2.935359955,0.0,Kepler-1814,0.77,0.821,4761.0,726.346,285.21667,41.282429,2017,Primary Transit,
kepler-1814 c,0.14765,,0.626281977,0.0,Kepler-1814,0.77,0.821,4761.0,726.346,285.21667,41.282429,2017,Primary Transit,
kepler-1815 b,0.245242,,12.19139957,0.0,Kepler-1815,1.02,0.98,5730.0,1006.63,300.1705,43.98497,2017,Primary Transit,
kepler-1816 b,0.17557,,91.50099945,0.0,Kepler-1816,0.803,0.75,4906.0,437.823,296.85101,50.698929,2017,Primary Transit,
kepler-1817 b,0.20279,,44.29919815,0.0,Kepler-1817,0.92,0.76,5318.0,748.569,282.03329,44.478008,2017,Primary Transit,
kepler-1818 b,0.152878,,4.644909859,0.0,Kepler-1818,1.07,1.289,5908.0,1034.59,284.32852,40.568909,2017,Primary Transit,
kepler-1819 b,0.34825,,16.48690033,0.0,Kepler-1819,1.01,1.144,5670.0,1363.19,296.56006,46.857479,2017,Primary Transit,
kepler-181 ab,0.134,,3.137845914,0.0,Kepler-181 A,0.87,0.81,5153.84,609.283,296.151402,50.095806,2014,Primary Transit,
kepler-181 ac,0.2195,,4.302139338,0.0,Kepler-181 A,0.87,0.81,5153.84,609.283,296.151402,50.095806,2014,Primary Transit,
kepler-1820 b,0.278243,,31.03249931,0.0,Kepler-1820,0.98,1.0496,5563.0,1425.39,296.71274,48.272308,2017,Primary Transit,
kepler-1821 b,0.23124,,16.45809937,0.0,Kepler-1821,0.97,0.9468,5524.03,799.699,294.52545,49.872471,2017,Primary Transit,
kepler-1822 b,0.23615,,22.13339996,0.0,Kepler-1822,0.92,0.844,5329.0,897.597,297.28549,41.305592,2017,Primary Transit,
kepler-1823 b,0.1861,,21.10339928,0.0,Kepler-1823,1.19,1.207,6198.0,724.971,283.75482,45.335178,2017,Primary Transit,
kepler-1824 b,0.212438,,95.61100006,0.0,Kepler-1824,1.25,1.16,6319.0,1040.1,296.70724,41.203651,2017,Primary Transit,
kepler-1825 b,0.12686,,1.025869966,0.0,Kepler-1825,0.835,0.716,5021.85,430.254,292.51398,42.65176,2017,Primary Transit,
kepler-1826 b,0.13159,,1.615360022,0.0,Kepler-1826,0.592,0.6048,3890.0,336.952,292.76993,48.89962,2017,Primary Transit,
kepler-1827 b,0.16558,,3.700619936,0.0,Kepler-1827,0.915,2.018,5387.0,686.461,292.25247,40.792721,2017,Primary Transit,
kepler-1828 b,0.188769,,10.2737999,0.0,Kepler-1828,0.97,0.959,5528.0,871.81,292.42758,37.320808,2017,Primary Transit,
kepler-1829 b,0.221145,,5.186719894,0.0,Kepler-1829,0.84,0.828,5055.0,679.921,288.66449,51.498421,2017,Primary Transit,
kepler-182 b,0.23,,9.825792,,Kepler-182,1.14,1.15,6250.0,1621.79,289.830114,50.586246,2014,Primary Transit,
kepler-182 c,0.306,,20.684342,,Kepler-182,1.14,1.15,6250.0,1621.79,289.830114,50.586246,2014,Primary Transit,
kepler-1830 b,0.297076,,56.49330139,0.0,Kepler-1830,1.22,1.75,6273.82,1056.88,295.1391,40.979061,2017,Primary Transit,
kepler-1831 b,0.1758,,5.78387022,0.0,Kepler-1831,1.03,0.948,5774.0,1053.49,295.30255,49.589119,2017,Primary Transit,
kepler-1832 b,0.10947,,3.138789892,0.0,Kepler-1832,0.91,0.811,5278.15,486.174,299.85184,43.732182,2017,Primary Transit,
kepler-1833 ab,0.116,,6.892129898,0.0,Kepler-1833 A,1.15,1.481,6100.88,591.602,290.87137,45.410301,2017,Primary Transit,
kepler-1834 b,0.13016,,4.603010178,0.0,Kepler-1834,0.775,0.7451,4798.0,500.395,294.6647,39.783829,2017,Primary Transit,
kepler-1834 c,0.1299,,0.766691983,0.0,Kepler-1834,0.775,0.7451,4798.0,500.395,294.6647,39.783829,2017,Primary Transit,
kepler-1835 b,0.315267,,11.96409988,0.0,Kepler-1835,1.01,1.133,5672.0,1404.38,280.31488,43.98571,2017,Primary Transit,
kepler-1836 b,0.22777,,5.254169941,0.0,Kepler-1836,1.03,1.022,5762.0,1472.62,292.31512,40.838821,2017,Primary Transit,
kepler-1837 b,0.18438,,5.906089783,0.0,Kepler-1837,0.99,0.975,5619.0,1229.18,288.20764,45.683479,2017,Primary Transit,
kepler-1838 b,0.1481,,12.14680004,,Kepler-1838,1.119,1.698,6031.59,451.242,298.9917,40.142422,2017,Primary Transit,
kepler-1839 b,0.17388,,5.056759834,0.0,Kepler-1839,1.0,1.309,5633.0,1136.6,294.22446,50.075588,2017,Primary Transit,
kepler-183 b,0.184,,5.687945,,Kepler-183,,0.96,5888.0,1082.6,293.530848,39.315898,2014,Primary Transit,
kepler-183 c,0.203,,11.637071,,Kepler-183,,0.96,5888.0,1082.6,293.530848,39.315898,2014,Primary Transit,
kepler-1840 b,0.24775,,131.1900024,0.0,Kepler-1840,0.75,0.7738,4679.82,513.107,298.59482,41.43594,2017,Primary Transit,
kepler-1841 b,0.13284,,25.88599968,0.0,Kepler-1841,0.92,0.856,5315.0,631.7,287.70688,40.685242,2017,Primary Transit,
kepler-1842 b,0.209974,,14.02639961,0.0,Kepler-1842,0.98,1.039,5578.0,923.551,286.25165,42.378479,2017,Primary Transit,
kepler-1843 b,0.24168,,25.54339981,0.0,Kepler-1843,1.02,2.2969,5281.7,784.625,292.88528,41.27924,2017,Primary Transit,
kepler-1844 b,0.273425,,3.924510002,0.0,Kepler-1844,1.0,1.362,5633.0,1804.36,292.6904,37.93457,2017,Primary Transit,
kepler-1845 b,0.21751,,11.60649967,0.0,Kepler-1845,0.786,0.707,4836.97,710.724,292.90161,38.297081,2017,Primary Transit,
kepler-1846 b,0.157348,,14.82009983,,Kepler-1846,0.8,0.7548,4895.16,374.615,294.39105,44.762959,2017,Primary Transit,
kepler-1847 b,0.244903,,11.12969971,0.0,Kepler-1847,1.041,0.964,5892.0,1693.86,296.60141,44.32526,2017,Primary Transit,
kepler-1848 b,0.125686,,5.604020119,0.0,Kepler-1848,0.769,0.81,4772.0,309.696,299.38159,45.592239,2017,Primary Transit,
kepler-1849 b,0.212938,,57.29290009,,Kepler-1849,0.75,0.707,4687.0,631.884,285.29193,41.255692,2017,Primary Transit,
kepler-184 b,0.211,,10.687576,,Kepler-184,,0.87,5788.0,621.24,291.951908,43.074715,2014,Primary Transit,
kepler-184 c,0.176,,20.303005,,Kepler-184,,0.87,5788.0,621.24,291.951908,43.074715,2014,Primary Transit,
kepler-184 d,0.222,,29.022358,,Kepler-184,,0.87,5788.0,621.24,291.951908,43.074715,2014,Primary Transit,
kepler-1850 b,0.06504,,1.385800004,0.0,Kepler-1850,0.678,0.697,4337.0,250.199,287.1427,43.616051,2017,Primary Transit,
kepler-1851 b,0.348,,12.02289963,0.0,Kepler-1851,1.0,1.126,5629.0,1589.81,285.67377,45.639858,2017,Primary Transit,
kepler-1852 b,0.16826,,7.970940113,0.0,Kepler-1852,0.81,0.83,4941.0,772.481,288.02969,40.344151,2017,Primary Transit,
kepler-1853 ab,0.135482,,48.88819885,0.0,Kepler-1853 A,0.77,0.768,4765.0,562.348,284.74792,46.373619,2017,Primary Transit,
kepler-1854 ab,0.25489,,39.83110046,0.0,Kepler-1854 A,0.8,0.759,5026.0,423.348,286.28595,37.387058,2017,Primary Transit,
kepler-1855 ab,0.10849,,0.727330983,0.0,Kepler-1855 A,0.604,0.6198,3479.0,123.11,283.40195,41.516331,2017,Primary Transit,
kepler-1856 ab,0.154734,,1.302000046,0.0,Kepler-1856 A,0.79,0.96,4864.0,848.76,295.90921,51.347939,2017,Primary Transit,
kepler-1857 b,0.1749,,8.94340992,0.0,Kepler-1857,1.17,1.11,6147.0,853.275,296.45575,39.598591,2017,Primary Transit,
kepler-1858 b,0.21599,,88.07160187,0.0,Kepler-1858,0.84,0.773,5058.9,833.055,292.30743,46.62664,2017,Primary Transit,
kepler-1859 b,0.141236,,2.729599953,0.0,Kepler-1859,1.05,1.164,5845.23,1331.25,293.98871,46.718021,2017,Primary Transit,
kepler-1859 c,0.15318,,3.596430063,0.0,Kepler-1859,1.05,1.164,5845.23,1331.25,293.98871,46.718021,2017,Primary Transit,
kepler-185 ab,0.1008,,1.632916419,0.0,Kepler-185 A,0.85,0.725,5071.0,466.735,282.468103,43.889915,2014,Primary Transit,
kepler-185 ac,0.1731,,20.72904234,0.0,Kepler-185 A,0.85,0.725,5071.0,466.735,282.468103,43.889915,2014,Primary Transit,
kepler-1860 b,0.10158,,12.73719978,0.0,Kepler-1860,0.96,0.897,5491.41,438.703,294.35092,50.081089,2017,Primary Transit,
kepler-1861 b,0.19687,,40.0306015,0.0,Kepler-1861,1.04,1.407,5783.31,829.985,295.84653,49.936131,2017,Primary Transit,
kepler-1862 b,0.19654,,16.05730057,0.0,Kepler-1862,0.94,0.895,5391.0,1232.19,296.75339,49.378109,2017,Primary Transit,
kepler-1863 b,0.20189,,44.99760056,0.0,Kepler-1863,1.05,1.571,5828.35,865.546,282.23969,43.244049,2017,Primary Transit,
kepler-1864 b,0.06727,,3.881510019,,Kepler-1864,1.031,1.04,5758.53,298.894,289.68671,41.588928,2017,Primary Transit,
kepler-1865 b,0.140674,,2.524009943,,Kepler-1865,0.87,0.8609,5147.0,922.255,293.94116,41.5905,2017,Primary Transit,
kepler-1866 b,0.18575,,11.66009998,,Kepler-1866,1.04,1.17,5786.0,976.737,286.22464,44.654469,2017,Primary Transit,
kepler-1867 b,0.103471,,9.887359619,,Kepler-1867,0.991,1.366,5603.03,680.583,294.99725,43.435921,2017,Primary Transit,
kepler-1868 b,0.280982,,211.0339966,,Kepler-1868,0.717,0.751,4548.13,274.18,293.29837,43.55587,2017,Primary Transit,
kepler-1869 b,0.099876,,8.167360306,0.0,Kepler-1869,1.034,0.944,5770.0,113.025,292.61511,42.764252,2017,Primary Transit,
kepler-1869 c,0.074039,,1.716840029,0.0,Kepler-1869,1.034,0.944,5770.0,113.025,292.61511,42.764252,2017,Primary Transit,
kepler-186 b,0.095,,3.8867907,,Kepler-186,0.54,0.52,3755.0,172.0,298.652714,43.955017,2014,Primary Transit,
kepler-186 c,0.112,,7.267302,,Kepler-186,0.54,0.52,3755.0,172.0,298.652714,43.955017,2014,Primary Transit,
kepler-186 d,0.125,,13.342996,,Kepler-186,0.54,0.52,3755.0,172.0,298.652714,43.955017,2014,Primary Transit,
kepler-186 e,0.113,,22.407704,,Kepler-186,0.54,0.52,3755.0,172.0,298.652714,43.955017,2014,Primary Transit,
kepler-186 f,0.104,,129.9441,0.04,Kepler-186,0.54,0.52,3755.0,172.0,298.652714,43.955017,2014,Primary Transit,
kepler-1870 b,0.187476,,3.606940031,0.0,Kepler-1870,0.932,0.888,5378.0,407.216,293.93348614581,40.59072776611,2017,Primary Transit,
kepler-1871 b,0.21599,,1.952700019,0.0,Kepler-1871,0.92,1.18,5318.1,854.623,292.42749,38.472912,2017,Primary Transit,
kepler-1872 b,0.21269,,3.825910091,0.0,Kepler-1872,0.8,0.776,4897.0,840.182,281.04916,43.322601,2017,Primary Transit,
kepler-1873 b,0.145036,,0.558842003,0.0,Kepler-1873,0.83,0.83,5154.0,820.957,294.59656,46.048302,2017,Primary Transit,
kepler-1874 ab,0.19725,,56.57320023,0.0,Kepler-1874 A,0.667,0.639,4514.0,408.0,286.3718,43.691921,2017,Primary Transit,
kepler-1875 ab,0.287878,,34.45859909,,Kepler-1875 A,1.15,1.429,6100.0,1660.45,296.77283,50.188419,2017,Primary Transit,
kepler-1876 b,0.0761,0.0076,6.99205,0.01,Kepler-1876,1.19,1.48,6104.0,259.9,299.162500013,41.1438889,2022,Primary Transit,
kepler-1877 ab,0.05567,,2.377569914,0.0,Kepler-1877 A,0.954,1.022,5459.59,285.312,294.86688,46.790562,2017,Primary Transit,
kepler-1878 ab,0.2605,,4.445879936,0.0,Kepler-1878,1.03,1.252,5744.0,1494.3,300.73239,44.107059,2017,Primary Transit,
kepler-1879 b,0.184237,,10.61340046,0.0,Kepler-1879,1.06,1.513,5854.91,627.171,289.36441,41.53323,2017,Primary Transit,
kepler-187 b,0.126,,4.938864,,Kepler-187,0.85,1.29,6105.0,1180.86,299.796456,44.089306,2014,Primary Transit,
kepler-187 c,0.238,,10.640263,,Kepler-187,0.85,1.29,6105.0,1180.86,299.796456,44.089306,2014,Primary Transit,
kepler-1880 b,0.18885,,6.309219837,0.0,Kepler-1880,0.7,0.689,4483.0,611.041,287.82639,40.696602,2017,Primary Transit,
kepler-1881 ab,0.26595,,159.3939972,0.0,Kepler-1881 A,0.87,0.88,5156.0,1057.21,293.6394,44.982529,2017,Primary Transit,
kepler-1882 ab,0.132636,,13.78730011,,Kepler-1882 A,0.98,1.405,5579.42,443.371,290.66412,43.49984,2017,Primary Transit,
kepler-1883 b,0.29004,,103.427002,0.0,Kepler-1883,1.01,1.019,5667.0,1377.61,291.92255,42.00256,2017,Primary Transit,
kepler-1884 b,0.16184,,8.988320351,0.0,Kepler-1884,1.12,1.26,6031.0,1443.09,296.74643,43.045441,2017,Primary Transit,
kepler-1885 b,0.134812,,2.522559881,0.0,Kepler-1885,0.91,0.975,5280.0,818.482,288.75073,47.490921,2017,Primary Transit,
kepler-1886 ab,0.230308,,24.2758007,0.0,Kepler-1886 A,0.99,0.888,5581.0,1059.51,296.26456,39.40596,2017,Primary Transit,
kepler-1887 b,0.260908,,19.94750023,0.0,Kepler-1887,0.95,0.904,5443.0,1366.18,288.95551,44.7057,2017,Primary Transit,
kepler-1888 ab,0.1182791,,11.39169979,0.0,Kepler-1888 A,0.95,1.741,5426.1,402.947,289.39474,41.782349,2017,Primary Transit,
kepler-1889 b,0.262613,,37.30369949,0.0,Kepler-1889,1.12,1.177,6036.0,1395.13,297.19928,41.226429,2017,Primary Transit,
kepler-188 b,0.15,,2.061897,,Kepler-188,,1.14,6021.0,996.09,281.27971,44.315533,2014,Primary Transit,
kepler-188 c,0.285,,5.996553,,Kepler-188,,1.14,6021.0,996.09,281.27971,44.315533,2014,Primary Transit,
kepler-1890 ab,0.077492,,4.820590019,0.0,Kepler-1890 A,1.1,1.265,5981.61,529.596,292.57779,40.667858,2017,Primary Transit,
kepler-1891 b,0.1357,,4.02229023,0.0,Kepler-1891,0.96,0.848,5484.37,596.24,290.04388,44.370602,2017,Primary Transit,
kepler-1892 b,0.16389,,6.331230164,,Kepler-1892,0.92,0.822,5353.0,851.595,299.08099,42.018139,2017,Primary Transit,
kepler-1893 b,0.15211,,4.179369926,0.0,Kepler-1893,1.02,1.22,5720.0,1050.72,298.40137,44.838181,2017,Primary Transit,
kepler-1894 ab,0.107,,2.762660027,0.0,Kepler-1894 A,0.96,0.817,5467.0,935.191,295.58649,49.666851,2017,Primary Transit,
kepler-1894 ac,0.141753,,5.053750038,0.0,Kepler-1894 A,0.96,0.817,5467.0,935.191,295.58649,49.666851,2017,Primary Transit,
kepler-1895 b,0.18905,,6.070290089,0.0,Kepler-1895,0.8,1.064,4903.0,984.187,291.6756,48.762562,2017,Primary Transit,
kepler-1896 b,0.277,,44.87020111,0.0,Kepler-1896,1.08,1.156,5932.0,1732.91,289.67856,40.249641,2017,Primary Transit,
kepler-1897 ab,0.25105,,24.22030067,0.0,Kepler-1897 A,0.82,0.863,4962.0,983.174,294.29004,39.126869,2017,Primary Transit,
kepler-1898 b,0.083264,,4.76559135,0.0,Kepler-1898,0.984,0.817,5575.0,360.921,287.20587,38.498055,2017,Primary Transit,
kepler-1899 b,0.1383,,4.095779896,0.0,Kepler-1899,0.76,0.6858,4732.81,711.509,292.03348,37.974548,2017,Primary Transit,
kepler-189 b,0.108,,10.399931,,Kepler-189,0.79,0.75,5235.0,601.75,287.564731,44.305004,2014,Primary Transit,
kepler-189 c,0.212,,20.134866,,Kepler-189,0.79,0.75,5235.0,601.75,287.564731,44.305004,2014,Primary Transit,
kepler-18 b,0.178,0.022,3.504725,0.0,Kepler-18,0.97,1.11,5345.0,438.51,298.079439,44.746321,2011,Primary Transit,
kepler-18 c,0.49,0.054,7.64159,0.0,Kepler-18,0.97,1.11,5345.0,438.51,298.079439,44.746321,2011,Primary Transit,
kepler-18 d,0.623,0.052,14.85888,0.0,Kepler-18,0.97,1.11,5345.0,438.51,298.079439,44.746321,2011,Primary Transit,
kepler-1900 b,0.1448,,2.986229897,0.0,Kepler-1900,1.06,1.252,5853.0,1540.43,291.8862916666667,44.47900833333333,2022,Primary Transit,
kepler-1901 b,0.1315,,3.484129906,0.0,Kepler-1901,1.01,1.035,5662.0,1028.37,291.16437,45.318291,2017,Primary Transit,
kepler-1902 ab,0.10483,,3.822220087,0.0,Kepler-1902 A,0.5985,0.6129,3875.0,344.337,292.73764,42.014832,2017,Primary Transit,
kepler-1903 b,0.20394,,17.0678997,0.0,Kepler-1903,1.13,1.266,6069.0,1775.44,290.88831,51.248169,2017,Primary Transit,
kepler-1904 b,0.124,,4.577020168,0.0,Kepler-1904,0.5069,0.509,3833.0,270.854,288.87436,51.154121,2017,Primary Transit,
kepler-1905 b,0.129,,3.42392993,0.0,Kepler-1905,0.99,1.028,5609.94,1051.53,292.5733333333333,46.36683333333333,2022,Primary Transit,
kepler-1906 b,0.24766,,7.362689972,0.0,Kepler-1906,1.02,1.344,5723.0,1360.63,293.82663,38.856621,2017,Primary Transit,
kepler-1907 b,0.07759,,5.652450085,0.0,Kepler-1907,0.831,0.647,5007.0,292.111,280.70853,47.32806,2017,Primary Transit,
kepler-1907 c,0.10304,,14.86390018,0.0,Kepler-1907,0.831,0.647,5007.0,292.111,280.70853,47.32806,2017,Primary Transit,
kepler-1909 ab,0.09742,,2.391609907,0.0,Kepler-1909 A,0.819,0.697,4962.52,763.662,290.88931,42.45966,2017,Primary Transit,
kepler-190 b,0.139,,2.019999,,Kepler-190,0.84,0.8,5106.0,438.88,288.584039,44.733799,2014,Primary Transit,
kepler-190 c,0.13,,3.763024,,Kepler-190,0.84,0.8,5106.0,438.88,288.584039,44.733799,2014,Primary Transit,
kepler-1910 ab,0.10563,,5.688769817,0.0,Kepler-1910 A,0.636,0.639,4234.0,389.48,296.61725,41.281189,2017,Primary Transit,
kepler-1911 ab,0.0902,,5.990799904,0.0,Kepler-1911 A,1.012,0.9417,5687.0,269.912,299.3028,41.441017,2017,Primary Transit,
kepler-1912 b,0.121038,,6.059219837,0.0,Kepler-1912,1.0,0.9886,5641.52,297.017,282.11783,46.22393,2017,Primary Transit,
kepler-1913 b,0.13543,,14.1960001,0.0,Kepler-1913,1.11,0.867,6005.0,876.3,290.21667,44.779678,2017,Primary Transit,
kepler-1914 ab,0.26247,,30.82789993,0.0,Kepler-1914 A,1.01,1.135,5664.0,1621.56,291.43143,38.654388,2017,Primary Transit,
kepler-1915 ab,0.28709,,13.83539963,0.0,Kepler-1915 A,1.03,1.084,5743.0,1514.66,301.27869,44.25053,2017,Primary Transit,
kepler-1916 ab,0.23347,,31.25429916,0.0,Kepler-1916 A,1.06,1.2447,5852.0,2055.82,293.07062,48.387741,2017,Primary Transit,
kepler-1917 ab,0.16853,,12.90240002,0.0,Kepler-1917 A,0.89,0.867,5229.22,909.037,294.10391,45.001419,2017,Primary Transit,
kepler-1918 b,0.20493,,47.0564003,0.0,Kepler-1918,0.93,0.8085,5376.0,1030.11,292.53055,42.214649,2017,Primary Transit,
kepler-1919 b,0.2341,,37.88660049,0.0,Kepler-1919,0.9,0.879,5257.0,1177.53,283.1319,43.955971,2017,Primary Transit,
kepler-191 b,0.12,,9.939632,,Kepler-191,0.85,0.79,5282.0,604.75,291.183386,45.323177,2014,Primary Transit,
kepler-191 c,0.166,,17.738506,,Kepler-191,0.85,0.79,5282.0,604.75,291.183386,45.323177,2014,Primary Transit,
kepler-191 d,0.203,,5.94504102,,Kepler-191,0.85,0.79,5282.0,604.75,291.183386,45.323177,2016,Primary Transit,
kepler-1920 b,0.26354,,30.2541008,0.0,Kepler-1920,1.06,1.084,5873.66,885.913,291.06204,38.863312,2017,Primary Transit,
kepler-1921 b,0.25819,,20.03479958,0.0,Kepler-1921,1.17,2.22,6156.49,928.989,300.31619,45.49538,2017,Primary Transit,
kepler-1921 c,0.15051,,3.157219887,0.0,Kepler-1921,1.17,2.22,6156.49,928.989,300.31619,45.49538,2017,Primary Transit,
kepler-1922 ab,0.2043,,13.22259998,0.0,Kepler-1922 A,1.0,1.254,5626.42,1344.29,292.33035,37.997059,2017,Primary Transit,
kepler-1923 b,0.17477,,52.60969925,0.0,Kepler-1923,0.967,1.013,5500.42,355.256004,298.0834,40.34621,2017,Primary Transit,
kepler-1924 ab,0.23678,,15.33170033,0.0,Kepler-1924 A,1.01,1.736,5683.3,1910.77,293.7674,42.829208,2017,Primary Transit,
kepler-1925 b,0.27,,46.71640015,0.0,Kepler-1925,1.02,1.544,5731.0,1771.31,289.8288,45.10276,2017,Primary Transit,
kepler-1926 ab,0.20653,,42.87770081,0.0,Kepler-1926 A,0.83,0.6348,4991.0,667.405,291.19882,44.166241,2017,Primary Transit,
kepler-1927 ab,0.30387,,73.75039673,0.0,Kepler-1927 A,1.11,2.254,6002.51,1091.0,296.35461,41.33556,2017,Primary Transit,
kepler-1928 ab,0.17772,,19.57783,0.43,Kepler-1928 A,1.01,0.92,5720.0,326.362,290.44067,38.52356,2017,Primary Transit,
kepler-1929 ab,0.27407,,59.36249924,0.0,Kepler-1929 A,1.01,2.038,5686.6,508.201,299.58337,47.448078,2017,Primary Transit,
kepler-192 ab,0.244,,9.926746,,Kepler-192 A,,1.01,5479.0,664.14,287.917924,45.592876,2014,Primary Transit,
kepler-192 ac,0.249,,21.2234,,Kepler-192 A,,1.01,5479.0,664.14,287.917924,45.592876,2014,Primary Transit,
kepler-192 ad,0.091,,6.47027579,,Kepler-192 A,,1.01,5479.0,664.14,287.917924,45.592876,2016,Primary Transit,
kepler-1930 b,0.13641,,13.02680016,0.0,Kepler-1930,0.817,0.757,4957.62,275.694,297.57712,40.02771,2017,Primary Transit,
kepler-1931 b,0.23669,,38.5760994,0.0,Kepler-1931,1.19,1.493,6205.12,620.091,290.87228,43.333,2017,Primary Transit,
kepler-1932 ab,0.135142,,0.524177015,0.0,Kepler-1932 A,0.86,0.847,5120.0,713.733,285.33154,41.063911,2017,Primary Transit,
kepler-1933 ab,0.105256,,4.943290234,0.0,Kepler-1933 A,1.026,0.884,5742.17,328.007,283.99509,39.917,2017,Primary Transit,
kepler-1934 b,0.08145,,1.419759989,0.0,Kepler-1934,1.059,1.099,5859.78,428.514,290.91934,37.28717,2017,Primary Transit,
kepler-1935 ab,0.223,,3.951400042,0.0,Kepler-1935 A,0.99,1.284,5598.0,904.702,296.40375,39.722649,2017,Primary Transit,
kepler-1936 b,0.28245,,126.5569992,0.0,Kepler-1936,1.28,1.376,6397.79,871.096,290.73001,44.836121,2017,Primary Transit,
kepler-1937 ab,0.2694,,9.688599586,0.0,Kepler-1937 A,1.18,1.113,6169.0,905.069,290.65839,40.778542,2017,Primary Transit,
kepler-1938 b,0.16308,,13.06260014,0.0,Kepler-1938,0.724,0.751,4582.0,421.152,299.3519,41.19574,2017,Primary Transit,
kepler-1939 ab,0.103917,,2.790659904,0.0,Kepler-1939 A,0.6417,0.712,4525.59,189.833,285.69,40.99453,2017,Primary Transit,
kepler-193 b,0.213,,11.38848,,Kepler-193,,1.15,6335.0,1038.87,296.498596,46.577244,2014,Primary Transit,
kepler-193 c,0.245,,50.697494,,Kepler-193,,1.15,6335.0,1038.87,296.498596,46.577244,2014,Primary Transit,
kepler-1940 b,0.13802,,4.950610161,0.0,Kepler-1940,0.9,0.778,5264.0,798.595,291.20419,45.238392,2017,Primary Transit,
kepler-1941 b,0.23633,,31.33510017,0.0,Kepler-1941,1.23,1.394,6283.0,1494.39,296.62704,49.353901,2017,Primary Transit,
kepler-1942 ab,0.18887,,4.626049995,0.0,Kepler-1942 A,1.0,0.964,5630.0,842.492,294.98059,44.425301,2017,Primary Transit,
kepler-1943 ab,0.1381,,4.850180149,0.0,Kepler-1943 A,1.02,1.69,5732.29,1004.55,293.31827,41.116669,2017,Primary Transit,
kepler-1944 ab,0.24614,,9.842579842,0.0,Kepler-1944 A,0.93,1.048,5374.0,1076.48,296.5105,39.173321,2017,Primary Transit,
kepler-1945 ab,0.115,,6.080039978,0.0,Kepler-1945 A,0.767,0.804,4991.0,301.85,281.89813,42.28587,2017,Primary Transit,
kepler-1946 b,0.22197,,3.035190105,0.0,Kepler-1946,0.9,0.877,5249.0,1002.12,282.33563,42.84544,2017,Primary Transit,
kepler-1947 b,0.0901,,6.963630199,0.0,Kepler-1947,1.104,1.33,5992.88,468.771,296.10406,42.34259,2017,Primary Transit,
kepler-1948 ab,0.09207,,15.57129955,0.0,Kepler-1948 A,0.611,0.799,3932.0,193.903,287.36404,47.78521,2017,Primary Transit,
kepler-1949 ab,0.19797,,2.208280087,0.0,Kepler-1949 A,1.08,2.15,5930.28,2617.35,293.5423,43.0261,2017,Primary Transit,
kepler-194 b,0.135,,2.092281,,Kepler-194,,1.02,6089.0,1133.48,291.971445,47.864174,2014,Primary Transit,
kepler-194 c,0.231,,17.308032,,Kepler-194,,1.02,6089.0,1133.48,291.971445,47.864174,2014,Primary Transit,
kepler-194 d,0.214,,52.814973,,Kepler-194,,1.02,6089.0,1133.48,291.971445,47.864174,2014,Primary Transit,
kepler-1950 ab,0.13623,,10.77690029,0.0,Kepler-1950 A,0.97,0.843,5526.06,697.253,287.08749,42.668671,2017,Primary Transit,
kepler-1951 b,0.20707,,20.65780067,0.0,Kepler-1951,0.94,2.04,5391.0,1277.32,290.49988,40.287689,2017,Primary Transit,
kepler-1952 ab,0.11054,,27.21080017,0.0,Kepler-1952 A,0.922,1.305,5973.0,787.77,288.07648,43.958488,2017,Primary Transit,
kepler-1953 b,0.114703,,6.245659828,0.0,Kepler-1953,0.73,0.755,4621.0,605.631,287.96814,46.470612,2017,Primary Transit,
kepler-1954 b,0.16076,,5.883430004,0.0,Kepler-1954,1.07,1.01,5891.0,1373.83,298.00293,43.35461,2017,Primary Transit,
kepler-1955 b,0.10402,,14.26519966,0.0,Kepler-1955,1.05,1.2789,5825.26,449.351,299.53479,40.477779,2017,Primary Transit,
kepler-1956 b,0.09715,,5.943719864,0.0,Kepler-1956,0.656,0.569,4191.0,360.468,294.62097,49.89415,2017,Primary Transit,
kepler-1957 ab,0.084192,,2.186619997,0.0,Kepler-1957 A,0.75,0.752,4709.51,460.899,293.71136,47.887539,2017,Primary Transit,
kepler-1958 ab,0.18298,,9.328619957,0.0,Kepler-1958 A,0.96,1.11,5474.0,1320.38,289.10422,41.69014,2017,Primary Transit,
kepler-1959 b,0.10197,,6.38669014,0.0,Kepler-1959,0.826,0.776,4989.0,479.263,296.02225,44.732658,2017,Primary Transit,
kepler-195 b,0.181,,8.307872,,Kepler-195,,0.78,5329.0,664.47,288.120962,47.966667,2014,Primary Transit,
kepler-195 c,0.138,,34.096863,,Kepler-195,,0.78,5329.0,664.47,288.120962,47.966667,2014,Primary Transit,
kepler-1960 b,0.1166,,2.297940016,0.0,Kepler-1960,1.083,1.035,5938.54,1527.56,294.69696,46.720188,2017,Primary Transit,
kepler-1961 b,0.14435,,5.604710102,0.0,Kepler-1961,0.88,0.907,5171.0,1042.45,286.33011,39.683182,2017,Primary Transit,
kepler-1962 b,0.10831,,7.991459846,0.0,Kepler-1962,1.03,0.87,5766.0,866.826,289.5484,40.1642,2017,Primary Transit,
kepler-1963 b,0.0664088,,1.962260008,0.0,Kepler-1963,0.96,0.826,5470.0,492.847,296.58755,47.207161,2017,Primary Transit,
kepler-1964 b,0.15889,,2.440829992,0.0,Kepler-1964,0.752,0.698,4803.0,977.2,297.05902,49.4785,2017,Primary Transit,
kepler-1965 ab,0.1208,,41.86869812,0.0,Kepler-1965 A,0.976,0.993,5542.49,521.791,292.51468,38.02206,2017,Primary Transit,
kepler-1966 ab,0.0985627,,8.617429733,0.0,Kepler-1966 A,0.77,0.7644,4764.58,484.601,292.46387,41.299068,2017,Primary Transit,
kepler-1967 b,0.0651464,,7.281690121,0.0,Kepler-1967,0.779,0.749,4813.0,249.102,299.13779,43.498638,2017,Primary Transit,
kepler-1968 b,0.134,,7.281099796,0.0,Kepler-1968,0.76,0.7,4748.0,750.93,291.50812,45.370159,2017,Primary Transit,
kepler-1969 ab,0.14997,,6.647520065,0.0,Kepler-1969 A,0.99,0.865,5591.0,1204.54,294.78433,49.4921,2017,Primary Transit,
kepler-196 b,0.17,,20.739886,,Kepler-196,,0.78,5128.0,457.26,284.968519,42.079205,2014,Primary Transit,
kepler-196 c,0.2,,47.427737,,Kepler-196,,0.78,5128.0,457.26,284.968519,42.079205,2014,Primary Transit,
kepler-196 d,0.2373,,122.0800018,,Kepler-196,,0.78,5128.0,457.26,284.968519,42.079205,2017,Primary Transit,
kepler-1970 b,,,3.294601,,Kepler-1970,1.456,2.233,5975.3,,298.9678,43.909389,2021,Other,
kepler-1971 b,0.0455,0.00107,0.412,0.0,Kepler-1971,0.41,0.4,3515.0,170.66,287.262500001,42.032222235,2017,Primary Transit,
kepler-1972 ab,0.07155,0.00636,7.54425,0.067,Kepler-1972 A,1.12,1.384,5818.0,287.339,288.39529,39.872627,2015,Primary Transit,
kepler-1972 ac,0.07744,0.00664,11.3295,0.043,Kepler-1972 A,1.12,1.384,5818.0,287.339,288.39529,39.872627,2015,Primary Transit,
kepler-1973 ab,0.384,0.0544,4.2881785,0.12,Kepler-1973 A,0.928,0.818,5295.0,252.667,291.050000004,36.840000022,2017,Primary Transit,
kepler-1973 ac,,0.6601,21.512,0.38,Kepler-1973 A,0.928,0.818,5295.0,252.667,291.050000004,36.840000022,2021,TTV,
kepler-1974 b,0.1981,,6.8430341,,Kepler-1974,0.883,0.827,5225.0,,293.94763,48.065254,2017,Primary Transit,
kepler-1975 ab,0.2088,,24.278571,,Kepler-1975 A,0.76,0.79,4324.0,273.24,286.75,45.158611121,2022,Primary Transit,
kepler-1976 b,1.09,,4.959319244,0.0,Kepler-1976,1.02,1.062,5734.0,1314.51,292.16705,48.727589,2017,"Primary Transit, TTV",
kepler-1977 bb,0.1624,,4.537000179,0.0,Kepler-1977 B,0.73,0.706,4606.75,592.711,290.61798,37.289089,2017,Primary Transit,
kepler-1978 b,0.27,,10.84969997,0.0,Kepler-1978,0.87,0.889,5155.0,865.512,286.00674,38.009541,2017,Primary Transit,
kepler-1979 ab,0.38559,,18.50849915,0.0,Kepler-1979 A,1.01,0.923,5690.05,1076.27,289.84286,38.309601,2017,Primary Transit,
kepler-197 ab,0.09921,,5.59931543,0.02,Kepler-197 A,1.093,1.2094,5963.52,330.575,295.226435,50.559006,2014,Primary Transit,
kepler-197 ac,0.11669,0.017,10.34973276,0.08,Kepler-197 A,1.093,1.2094,5963.52,330.575,295.226435,50.559006,2014,Primary Transit,
kepler-197 ad,0.10625,,15.67750191,0.03,Kepler-197 A,1.093,1.2094,5963.52,330.575,295.226435,50.559006,2014,Primary Transit,
kepler-197 ae,0.0827,,25.2100146,0.38,Kepler-197 A,1.093,1.2094,5963.52,330.575,295.226435,50.559006,2014,Primary Transit,
kepler-1980 b,0.1972,,33.0257179,0.0,Kepler-1980,1.01,1.34,5671.0,1709.4,295.16721,38.637081,2017,Primary Transit,
kepler-1981 ab,0.83968,,453.5429993,0.0,Kepler-1981 A,1.07,1.274,5883.45,659.395,287.97546,38.74028,2017,Primary Transit,
kepler-1982 b,0.077313,,3.823159933,0.0,Kepler-1982,1.31,1.227,6451.0,558.855,287.41006,39.65868,2017,Primary Transit,
kepler-1983 b,0.14658,,7.328519821,0.0,Kepler-1983,0.835,0.759,5022.0,424.428,297.04208,39.912231,2017,Primary Transit,
kepler-1984 ab,0.071871,,1.99285996,,Kepler-1984 A,0.45,0.42,3638.0,203.05,291.285,40.730049,2017,Primary Transit,
kepler-1985 b,0.1981,,3.420650005,0.0,Kepler-1985,0.877,0.966,5370.0,1015.27,293.56635,42.13258,2017,Primary Transit,
kepler-1986 ab,0.2632,,19.54929924,0.0,Kepler-1986,0.91,0.7403,5293.51,912.085,292.95819,42.854889,2017,Primary Transit,
kepler-1987 bb,0.1347,,2.345860004,0.0,Kepler-1987 B,0.75,0.738,4711.0,595.683,295.8255,42.94339,2017,Primary Transit,
kepler-1987 bc,0.1187,,3.64830183,0.0,Kepler-1987 B,0.75,0.738,4711.0,595.683,295.8255,42.94339,2017,Primary Transit,
kepler-1987 bd,0.29129,,5.644889832,0.0,Kepler-1987 B,0.75,0.738,4711.0,595.683,295.8255,42.94339,2017,Primary Transit,
kepler-1987 be,0.21884,,8.742970467,0.0,Kepler-1987 B,0.75,0.738,4711.0,595.683,295.8255,42.94339,2017,Primary Transit,
kepler-1988 ab,0.1383,,11.49499989,0.0,Kepler-1988 A,1.127,1.788,5801.01,513.426,298.67377,43.795479,2017,Primary Transit,
kepler-1989 ab,0.42475,,10.16100025,0.0,Kepler-1989 A,1.09,1.296,5953.0,1252.13,290.73517,44.09132,2017,Primary Transit,
kepler-198 b,0.252,,17.790037,,Kepler-198,0.93,0.94,5574.0,502.52,290.67313,38.691011,2014,Primary Transit,
kepler-198 c,0.22,,49.567416,,Kepler-198,0.93,0.94,5574.0,502.52,290.67313,38.691011,2014,Primary Transit,
kepler-198 d,0.136,,1.31184443,,Kepler-198,0.93,0.94,5574.0,502.52,290.67313,38.691011,2016,Primary Transit,
kepler-1990 b,0.34919,,1.735129952,0.0,Kepler-1990,1.08,1.0804,5940.0,392.739,299.70475,44.43575,2017,Primary Transit,
kepler-1990 c,0.1059,,4.068429947,0.0,Kepler-1990,1.08,1.0804,5940.0,392.739,299.70475,44.43575,2023,Primary Transit,
kepler-1991 b,0.16469,,13.26080036,0.0,Kepler-1991,0.96,0.98,5477.0,855.82,285.0361,45.07106,2017,Primary Transit,
kepler-1991 c,0.25944,,22.79019928,0.0,Kepler-1991,0.96,0.98,5477.0,855.82,285.0361,45.07106,2017,Primary Transit,
kepler-1992 b,0.09162,,15.61120033,0.0,Kepler-1992,0.93,1.1425,5373.47,532.955,295.09025,45.081158333333335,2017,Primary Transit,
kepler-1993 b,0.39495,,26.65660095,0.0,Kepler-1993,1.373,3.14,4939.47,1031.91,293.79684,45.160728,2017,Primary Transit,
kepler-1994 b,0.05549,,4.612319946,0.0,Kepler-1994,0.921,1.1147,5337.39,241.991,297.14883,46.296951,2017,Primary Transit,
kepler-1995 b,0.4119,,73.75779724,0.0,Kepler-1995,0.75,0.798,4693.0,595.331,284.34274,46.316551,2017,Primary Transit,
kepler-1996 b,0.20466,,32.37609863,0.0,Kepler-1996,0.71,0.765,4519.0,440.561,285.25366,46.582191,2017,Primary Transit,
kepler-1996 c,0.25096,,92.72949982,0.0,Kepler-1996,0.71,0.765,4519.0,440.561,285.25366,46.582191,2017,Primary Transit,
kepler-1997 ab,0.21795,,26.75749969,0.0,Kepler-1997 A,1.12,1.06582,6031.0,1502.34,297.4809,46.589142,2017,Primary Transit,
kepler-1998 b,0.061933,,3.03263998,0.0,Kepler-1998,0.985,0.9914,5581.44,340.965,283.42911,47.59251,2017,Primary Transit,
kepler-1999 b,0.31698,,8.739450455,0.0,Kepler-1999,0.68,0.7143,4376.0,701.255,282.37042,48.259289,2017,Primary Transit,
kepler-199 bb,0.277,,23.637604,,Kepler-199 B,1.01,0.918,5698.3,521.054,295.559419,40.236271,2014,Primary Transit,
kepler-199 bc,0.29,,67.093408,,Kepler-199 B,1.01,0.918,5698.3,521.054,295.559419,40.236271,2014,Primary Transit,
kepler-19 b,0.198,0.02643,9.28716,0.12,Kepler-19,0.94,0.86,5544.0,219.95,290.420839,37.851786,2011,Primary Transit,
kepler-19 c,,0.04122,28.731,0.21,Kepler-19,0.94,0.86,5544.0,219.95,290.420839,37.851786,2011,TTV,
kepler-19 d,,0.07079,62.95,0.05,Kepler-19,0.94,0.86,5544.0,219.95,290.420839,37.851786,2017,Radial Velocity,
kepler-2000 b,0.2962,,6.383150101,0.0,Kepler-2000,0.632,0.656,3886.0,320.588,285.57433333333336,49.96228888888889,2017,Primary Transit,
kepler-2000 c,0.196,,20.6182003,0.0,Kepler-2000,0.632,0.656,3886.0,320.588,285.57433333333336,49.96228888888889,2023,Primary Transit,
kepler-2001 b,0.1062,,1.090039968,0.0,Kepler-2001,0.79,0.759,4838.0,776.55,291.65952,50.583881,2017,Primary Transit,
kepler-2001 c,0.364,,14.09449959,0.0,Kepler-2001,0.79,0.759,4838.0,776.55,291.65952,50.583881,2017,Primary Transit,
kepler-2003 b,0.062,,0.941967,,Kepler-2003,0.92,0.952,5544.0,936.341,286.59076,38.5583,2017,Primary Transit,
kepler-200 b,0.19,,8.594805,,Kepler-200,,0.94,5678.0,678.93,284.40992,41.237465,2014,Primary Transit,
kepler-200 c,0.142,,10.222157,,Kepler-200,,0.94,5678.0,678.93,284.40992,41.237465,2014,Primary Transit,
kepler-201 b,0.219,,25.672083,,Kepler-201,1.17,1.23,6065.0,648.18,293.62604,41.272827,2014,Primary Transit,
kepler-201 c,0.254,,151.884058,,Kepler-201,1.17,1.23,6065.0,648.18,293.62604,41.272827,2014,Primary Transit,
kepler-202 b,0.145,,4.069427,,Kepler-202,,0.67,4668.0,287.48,282.973419,41.322006,2014,Primary Transit,
kepler-202 c,0.165,,16.282493,,Kepler-202,,0.67,4668.0,287.48,282.973419,41.322006,2014,Primary Transit,
kepler-203 b,0.229,,3.162697,,Kepler-203,0.98,1.11,5821.0,717.73,297.089977,41.388039,2014,Primary Transit,
kepler-203 c,0.22,,5.370647,,Kepler-203,0.98,1.11,5821.0,717.73,297.089977,41.388039,2014,Primary Transit,
kepler-203 d,0.128,,11.32972,,Kepler-203,0.98,1.11,5821.0,717.73,297.089977,41.388039,2014,Primary Transit,
kepler-204 b,0.226,,14.400974,,Kepler-204,0.96,1.24,5812.0,700.59,285.347187,41.761925,2014,Primary Transit,
kepler-204 c,0.16,,25.660593,,Kepler-204,0.96,1.24,5812.0,700.59,285.347187,41.761925,2014,Primary Transit,
kepler-205 b,0.135,,2.75564,,Kepler-205,,0.55,4321.0,160.46,285.287111,41.861172,2014,Primary Transit,
kepler-205 c,0.146,,20.306546,,Kepler-205,,0.55,4321.0,160.46,285.287111,41.861172,2014,Primary Transit,
kepler-206 b,0.107,,7.781987,,Kepler-206,0.94,1.19,5764.0,604.81,291.634678,41.833866,2014,Primary Transit,
kepler-206 c,0.158,,13.137471,,Kepler-206,0.94,1.19,5764.0,604.81,291.634678,41.833866,2014,Primary Transit,
kepler-206 d,0.106,,23.44281,,Kepler-206,0.94,1.19,5764.0,604.81,291.634678,41.833866,2014,Primary Transit,
kepler-207 b,0.14,,1.611865,,Kepler-207,,1.59,5920.0,898.2,290.030517,42.16605,2014,Primary Transit,
kepler-207 c,0.134,,3.071571,,Kepler-207,,1.59,5920.0,898.2,290.030517,42.16605,2014,Primary Transit,
kepler-207 d,0.295,,5.868075,,Kepler-207,,1.59,5920.0,898.2,290.030517,42.16605,2014,Primary Transit,
kepler-208 b,0.145,,4.22864,,Kepler-208,1.03,1.31,6092.0,793.01,293.890206,42.528008,2014,Primary Transit,
kepler-208 c,0.124,,7.466623,,Kepler-208,1.03,1.31,6092.0,793.01,293.890206,42.528008,2014,Primary Transit,
kepler-208 d,0.107,,11.131786,,Kepler-208,1.03,1.31,6092.0,793.01,293.890206,42.528008,2014,Primary Transit,
kepler-208 e,0.132,,16.259458,,Kepler-208,1.03,1.31,6092.0,793.01,293.890206,42.528008,2014,Primary Transit,
kepler-209 b,0.202,,16.087845,,Kepler-209,,0.94,5513.0,586.68,291.169537,42.640812,2014,Primary Transit,
kepler-209 c,0.277,,41.749882,,Kepler-209,,0.94,5513.0,586.68,291.169537,42.640812,2014,Primary Transit,
kepler-20 ab,0.17905,0.029963,3.6961049,0.03,Kepler-20 A,0.929,0.9164,5495.0,282.563,287.698004,42.338726,2011,Primary Transit,
kepler-20 ac,0.2569,0.0349,10.8540774,0.16,Kepler-20 A,0.929,0.9164,5495.0,282.563,287.698004,42.338726,2011,Primary Transit,
kepler-20 ad,0.22232,0.040733,77.611455,0.0,Kepler-20 A,0.929,0.9164,5495.0,282.563,287.698004,42.338726,2011,Primary Transit,
kepler-20 ae,0.06994,0.0097,6.0984882,,Kepler-20 A,0.929,0.9164,5495.0,282.563,287.698004,42.338726,2011,Primary Transit,
kepler-20 af,0.08404,0.045,19.578328,0.0,Kepler-20 A,0.929,0.9164,5495.0,282.563,287.698004,42.338726,2011,Primary Transit,
kepler-20 ag,,,34.951009,0.15,Kepler-20 A,0.929,0.9164,5495.0,282.563,287.698004,42.338726,2016,Radial Velocity,
kepler-210 b,0.262,,2.453234,0.44,Kepler-210,0.63,0.65,4559.0,234.33,292.503389,43.083149,2014,Primary Transit,
kepler-210 c,0.323,,7.972513,0.5,Kepler-210,0.63,0.65,4559.0,234.33,292.503389,43.083149,2014,Primary Transit,
kepler-211 b,0.112,,4.138575,,Kepler-211,0.97,0.82,5123.0,312.14,285.439151,43.168484,2014,Primary Transit,
kepler-211 c,0.115,,6.04045,,Kepler-211,0.97,0.82,5123.0,312.14,285.439151,43.168484,2014,Primary Transit,
kepler-212 b,0.097,,16.257582,,Kepler-212,1.16,1.46,5852.0,701.04,287.620834,43.141678,2014,Primary Transit,
kepler-212 c,0.244,,31.805174,,Kepler-212,1.16,1.46,5852.0,701.04,287.620834,43.141678,2014,Primary Transit,
kepler-213 b,0.145,,2.46236,,Kepler-213,0.94,1.2,5696.0,646.74,290.824182,44.647186,2014,Primary Transit,
kepler-213 c,0.209,,4.822962,,Kepler-213,0.94,1.2,5696.0,646.74,290.824182,44.647186,2014,Primary Transit,
kepler-214 b,0.233,,15.660544,,Kepler-214,,1.35,6169.0,1252.07,284.754851,44.956032,2014,Primary Transit,
kepler-214 c,0.19,,28.7798,,Kepler-214,,1.35,6169.0,1252.07,284.754851,44.956032,2014,Primary Transit,
kepler-215 b,0.145,,9.360672,,Kepler-215,0.77,1.03,5739.0,492.9,294.973509,45.213688,2014,Primary Transit,
kepler-215 c,0.158,,14.667108,,Kepler-215,0.77,1.03,5739.0,492.9,294.973509,45.213688,2014,Primary Transit,
kepler-215 d,0.213,,30.864423,,Kepler-215,0.77,1.03,5739.0,492.9,294.973509,45.213688,2014,Primary Transit,
kepler-215 e,0.156,,68.16101,,Kepler-215,0.77,1.03,5739.0,492.9,294.973509,45.213688,2014,Primary Transit,
kepler-216 b,0.21,,7.693641,,Kepler-216,,1.26,6091.0,1229.44,293.728072,46.129154,2014,Primary Transit,
kepler-216 c,0.271,,17.406669,,Kepler-216,,1.26,6091.0,1229.44,293.728072,46.129154,2014,Primary Transit,
kepler-217 b,0.199,,5.374943,,Kepler-217,,1.8,6171.0,1140.95,293.037744,46.277508,2014,Primary Transit,
kepler-217 c,0.165,,8.586004,,Kepler-217,,1.8,6171.0,1140.95,293.037744,46.277508,2014,Primary Transit,
kepler-217 d,0.118,,3.88689525,,Kepler-217,,1.8,6171.0,1140.95,293.037744,46.277508,2016,Primary Transit,
kepler-218 b,0.132,,3.619337,,Kepler-218,,1.06,5502.0,669.02,295.412811,46.266472,2014,Primary Transit,
kepler-218 c,0.28,,44.699576,,Kepler-218,,1.06,5502.0,669.02,295.412811,46.266472,2014,Primary Transit,
kepler-218 d,0.237,,124.5244647,,Kepler-218,,1.06,5502.0,669.02,295.412811,46.266472,2016,Primary Transit,
kepler-219 b,0.263,,4.585512,,Kepler-219,,1.49,5786.0,805.3,288.73898,46.762558,2014,Primary Transit,
kepler-219 c,0.319,,22.714613,,Kepler-219,,1.49,5786.0,805.3,288.73898,46.762558,2014,Primary Transit,
kepler-219 d,0.251,,47.903645,,Kepler-219,,1.49,5786.0,805.3,288.73898,46.762558,2014,Primary Transit,
kepler-21 ab,0.1472,0.02102,2.785823,0.02,Kepler-21 A,1.408,1.902,6305.0,108.522,287.361816,38.714016,2012,Primary Transit,
kepler-220 b,0.072,,4.159807,,Kepler-220,,0.67,4632.0,171.96,291.506237,46.895779,2014,Primary Transit,
kepler-220 c,0.14,,9.034199,,Kepler-220,,0.67,4632.0,171.96,291.506237,46.895779,2014,Primary Transit,
kepler-220 d,0.087,,28.122397,,Kepler-220,,0.67,4632.0,171.96,291.506237,46.895779,2014,Primary Transit,
kepler-220 e,0.119,,45.902733,,Kepler-220,,0.67,4632.0,171.96,291.506237,46.895779,2014,Primary Transit,
kepler-221 b,0.153,,2.795906,,Kepler-221,0.72,0.82,5243.0,389.55,296.654765,46.83527,2014,Primary Transit,
kepler-221 c,0.261,,5.690586,,Kepler-221,0.72,0.82,5243.0,389.55,296.654765,46.83527,2014,Primary Transit,
kepler-221 d,0.244,,10.04156,,Kepler-221,0.72,0.82,5243.0,389.55,296.654765,46.83527,2014,Primary Transit,
kepler-221 e,0.235,,18.369917,,Kepler-221,0.72,0.82,5243.0,389.55,296.654765,46.83527,2014,Primary Transit,
kepler-222 b,0.282,,3.936981,,Kepler-222,,0.87,5433.0,775.61,287.9061,46.937767,2014,Primary Transit,
kepler-222 c,0.414,,10.08881,,Kepler-222,,0.87,5433.0,775.61,287.9061,46.937767,2014,Primary Transit,
kepler-222 d,0.329,,28.081912,,Kepler-222,,0.87,5433.0,775.61,287.9061,46.937767,2014,Primary Transit,
kepler-223 b,0.267,0.02328,7.38449,0.078,Kepler-223,1.12,1.72,5829.0,1960.49,298.318356,47.279495,2014,Primary Transit,
kepler-223 c,0.307,0.01605,9.84564,0.15,Kepler-223,1.12,1.72,5829.0,1960.49,298.318356,47.279495,2014,Primary Transit,
kepler-223 d,0.467,0.02517,14.78869,0.037,Kepler-223,1.12,1.72,5829.0,1960.49,298.318356,47.279495,2014,Primary Transit,
kepler-223 e,0.41,0.0151,19.72567,0.051,Kepler-223,1.12,1.72,5829.0,1960.49,298.318356,47.279495,2014,Primary Transit,
kepler-224 b,0.124,,3.132924,,Kepler-224,0.74,0.68,5018.0,799.75,290.934287,47.357601,2014,Primary Transit,
kepler-224 c,0.278,,5.925003,,Kepler-224,0.74,0.68,5018.0,799.75,290.934287,47.357601,2014,Primary Transit,
kepler-224 d,0.205,,11.349393,,Kepler-224,0.74,0.68,5018.0,799.75,290.934287,47.357601,2014,Primary Transit,
kepler-224 e,0.176,,18.643577,,Kepler-224,0.74,0.68,5018.0,799.75,290.934287,47.357601,2014,Primary Transit,
kepler-225 b,0.107,,6.738975,,Kepler-225,,0.48,3682.0,569.99,292.193984,47.457096,2014,Primary Transit,
kepler-225 c,0.164,,18.794234,,Kepler-225,,0.48,3682.0,569.99,292.193984,47.457096,2014,Primary Transit,
kepler-226 b,0.138,,3.940997,,Kepler-226,0.86,0.8,5571.0,1008.14,292.376129,47.880989,2014,Primary Transit,
kepler-226 c,0.203,,5.349555,,Kepler-226,0.86,0.8,5571.0,1008.14,292.376129,47.880989,2014,Primary Transit,
kepler-226 d,0.109,,8.109044,,Kepler-226,0.86,0.8,5571.0,1008.14,292.376129,47.880989,2014,Primary Transit,
kepler-227 b,0.277,,9.488015,,Kepler-227,,1.09,5854.0,1117.5,291.934236,48.141651,2014,Primary Transit,
kepler-227 c,0.271,,54.418694,,Kepler-227,,1.09,5854.0,1117.5,291.934236,48.141651,2014,Primary Transit,
kepler-228 b,0.136,,2.566546,,Kepler-228,,1.01,6043.0,1724.6,296.286142,48.224667,2014,Primary Transit,
kepler-228 c,0.241,,4.134444,,Kepler-228,,1.01,6043.0,1724.6,296.286142,48.224667,2014,Primary Transit,
kepler-228 d,0.36,,11.094286,,Kepler-228,,1.01,6043.0,1724.6,296.286142,48.224667,2014,Primary Transit,
kepler-229 b,0.196,,6.252972,,Kepler-229,,0.73,5120.0,845.88,286.999471,48.375797,2014,Primary Transit,
kepler-229 c,0.439,,16.068638,,Kepler-229,,0.73,5120.0,845.88,286.999471,48.375797,2014,Primary Transit,
kepler-229 d,0.343,,41.194912,,Kepler-229,,0.73,5120.0,845.88,286.999471,48.375797,2014,Primary Transit,
kepler-22 b,0.187,0.0286,289.863876,0.0,Kepler-22,0.857,0.869,5596.0,194.642,289.217484,47.884464,2011,Primary Transit,
kepler-230 b,0.38,,32.625555,,Kepler-230,,0.82,5588.0,756.73,285.718538,48.505859,2014,Primary Transit,
kepler-230 c,0.182,,91.773242,,Kepler-230,,0.82,5588.0,756.73,285.718538,48.505859,2014,Primary Transit,
kepler-231 b,0.154,,10.065275,,Kepler-231,0.58,0.49,3767.0,319.49,293.973353,50.531914,2014,Primary Transit,
kepler-231 c,0.172,,19.271566,,Kepler-231,0.58,0.49,3767.0,319.49,293.973353,50.531914,2014,Primary Transit,
kepler-232 b,0.275,,4.431222,,Kepler-232,,0.97,5847.0,1402.96,295.816158,51.121742,2014,Primary Transit,
kepler-232 c,0.342,,11.379349,,Kepler-232,,0.97,5847.0,1402.96,295.816158,51.121742,2014,Primary Transit,
kepler-233 b,0.217,,8.472382,,Kepler-233,,0.76,5360.0,877.73,296.366522,51.319523,2014,Primary Transit,
kepler-233 c,0.242,,60.418955,,Kepler-233,,0.76,5360.0,877.73,296.366522,51.319523,2014,Primary Transit,
kepler-234 b,0.33,,2.711506,,Kepler-234,,1.11,6224.0,1821.01,291.653519,38.494659,2014,Primary Transit,
kepler-234 c,0.313,,7.21205,,Kepler-234,,1.11,6224.0,1821.01,291.653519,38.494659,2014,Primary Transit,
kepler-235 b,0.199,,3.340222,,Kepler-235,0.59,0.55,4255.0,433.24,286.079103,39.278313,2014,Primary Transit,
kepler-235 c,0.114,,7.824904,,Kepler-235,0.59,0.55,4255.0,433.24,286.079103,39.278313,2014,Primary Transit,
kepler-235 d,0.183,,20.060548,,Kepler-235,0.59,0.55,4255.0,433.24,286.079103,39.278313,2014,Primary Transit,
kepler-235 e,0.198,,46.183669,,Kepler-235,0.59,0.55,4255.0,433.24,286.079103,39.278313,2014,Primary Transit,
kepler-236 b,0.14,,8.295611,,Kepler-236,0.56,0.51,3750.0,291.17,283.866378,39.898092,2014,Primary Transit,
kepler-236 c,0.178,,23.968127,,Kepler-236,0.56,0.51,3750.0,291.17,283.866378,39.898092,2014,Primary Transit,
kepler-237 b,0.126,,4.715106,,Kepler-237,0.7,0.72,4861.0,670.41,283.221387,40.421834,2014,Primary Transit,
kepler-237 c,0.186,,8.103636,,Kepler-237,0.7,0.72,4861.0,670.41,283.221387,40.421834,2014,Primary Transit,
kepler-238 b,0.154,,2.090876,,Kepler-238,1.43,1.43,5751.0,1897.73,287.897113,40.637815,2014,Primary Transit,
kepler-238 c,0.213,,6.155557,,Kepler-238,1.43,1.43,5751.0,1897.73,287.897113,40.637815,2014,Primary Transit,
kepler-238 d,0.274,,13.233549,,Kepler-238,1.43,1.43,5751.0,1897.73,287.897113,40.637815,2014,Primary Transit,
kepler-238 e,0.5,0.534,23.654,,Kepler-238,1.43,1.43,5751.0,1897.73,287.897113,40.637815,2013,Primary Transit,
kepler-238 f,0.178,0.042,50.447,,Kepler-238,1.43,1.43,5751.0,1897.73,287.897113,40.637815,2013,Primary Transit,
kepler-239 b,0.208,,11.763051,,Kepler-239,0.74,0.76,4914.0,660.07,294.202137,40.663406,2014,Primary Transit,
kepler-239 c,0.224,,56.228098,,Kepler-239,0.74,0.76,4914.0,660.07,294.202137,40.663406,2014,Primary Transit,
kepler-23 b,0.17,0.8,7.1073,0.06,Kepler-23,1.11,1.55,5828.0,856.34,294.218924,49.479225,2011,Primary Transit,
kepler-23 c,0.285,2.7,10.7421,0.02,Kepler-23,1.11,1.55,5828.0,856.34,294.218924,49.479225,2011,Primary Transit,
kepler-23 d,0.196,0.055,15.274299,0.08,Kepler-23,1.11,1.55,5828.0,856.34,294.218924,49.479225,2014,Primary Transit,
kepler-240 b,0.122,,4.144495,,Kepler-240,,0.74,4985.0,762.74,291.158774,40.750263,2014,Primary Transit,
kepler-240 c,0.196,,7.953528,,Kepler-240,,0.74,4985.0,762.74,291.158774,40.750263,2014,Primary Transit,
kepler-241 ab,0.208,,12.718092,,Kepler-241 A,,0.67,4699.0,609.86,292.913118,41.060921,2014,Primary Transit,
kepler-241 ac,0.229,,36.065978,,Kepler-241 A,,0.67,4699.0,609.86,292.913118,41.060921,2014,Primary Transit,
kepler-242 b,0.233,,8.20395,,Kepler-242,,0.85,5020.0,610.6,286.565695,41.808403,2014,Primary Transit,
kepler-242 c,0.178,,14.496481,,Kepler-242,,0.85,5020.0,610.6,286.565695,41.808403,2014,Primary Transit,
kepler-243 b,0.219,,5.715442,,Kepler-243,0.89,0.84,5228.0,707.94,285.11047,42.033958,2014,Primary Transit,
kepler-243 c,0.178,,20.026218,,Kepler-243,0.89,0.84,5228.0,707.94,285.11047,42.033958,2014,Primary Transit,
kepler-244 b,0.246,,4.311792,,Kepler-244,,0.8,5554.0,1067.62,287.24268,42.301369,2014,Primary Transit,
kepler-244 c,0.183,,9.767292,,Kepler-244,,0.8,5554.0,1067.62,287.24268,42.301369,2014,Primary Transit,
kepler-244 d,0.206,,20.050401,,Kepler-244,,0.8,5554.0,1067.62,287.24268,42.301369,2014,Primary Transit,
kepler-245 b,0.229,,7.49019,,Kepler-245,0.8,0.8,5100.0,882.65,291.638965,42.436317,2014,Primary Transit,
kepler-245 c,0.194,,17.460812,,Kepler-245,0.8,0.8,5100.0,882.65,291.638965,42.436317,2014,Primary Transit,
kepler-245 d,0.27,,36.277108,,Kepler-245,0.8,0.8,5100.0,882.65,291.638965,42.436317,2014,Primary Transit,
kepler-245 e,0.156,,3.21982106,,Kepler-245,0.8,0.8,5100.0,882.65,291.638965,42.436317,2016,Primary Transit,
kepler-246 b,0.209,,4.60182,,Kepler-246,0.86,0.83,5206.0,637.44,296.483427,42.663429,2014,Primary Transit,
kepler-246 c,0.134,,11.187161,,Kepler-246,0.86,0.83,5206.0,637.44,296.483427,42.663429,2014,Primary Transit,
kepler-247 b,0.146,,3.33616,,Kepler-247,0.884,0.77,5100.0,676.38,288.642531,43.039291,2014,Primary Transit,
kepler-247 c,0.365,,9.439452,,Kepler-247,0.884,0.77,5100.0,676.38,288.642531,43.039291,2014,Primary Transit,
kepler-247 d,0.352,,20.477912,,Kepler-247,0.884,0.77,5100.0,676.38,288.642531,43.039291,2014,Primary Transit,
kepler-247 e,,0.20787989,31.101659,0.0131,Kepler-247,0.884,0.77,5100.0,676.38,288.642531,43.039291,2026,TTV,
kepler-248 b,0.269,,6.308205,,Kepler-248,,0.83,5190.0,754.65,293.061384,43.581356,2014,Primary Transit,
kepler-248 c,0.363,,16.239494,,Kepler-248,,0.83,5190.0,754.65,293.061384,43.581356,2014,Primary Transit,
kepler-249 b,0.097,,3.306539,,Kepler-249,,0.48,3568.0,191.44,296.985068,43.658524,2014,Primary Transit,
kepler-249 c,0.135,,7.113702,,Kepler-249,,0.48,3568.0,191.44,296.985068,43.658524,2014,Primary Transit,
kepler-249 d,0.14,,15.368459,,Kepler-249,,0.48,3568.0,191.44,296.985068,43.658524,2014,Primary Transit,
kepler-24 b,0.214,1.6,8.1453,,Kepler-24,1.03,1.29,5897.0,1195.99,290.413267,38.343754,2011,Primary Transit,
kepler-24 c,0.25,1.6,12.3335,,Kepler-24,1.03,1.29,5897.0,1195.99,290.413267,38.343754,2011,Primary Transit,
kepler-24 d,0.149,,4.244384,,Kepler-24,1.03,1.29,5897.0,1195.99,290.413267,38.343754,2014,Primary Transit,
kepler-24 e,0.248,,18.998355,,Kepler-24,1.03,1.29,5897.0,1195.99,290.413267,38.343754,2014,Primary Transit,
kepler-250 b,0.101,,4.148141,,Kepler-250,0.8,0.81,5160.0,777.31,289.594765,44.141953,2014,Primary Transit,
kepler-250 c,0.203,,7.156804,,Kepler-250,0.8,0.81,5160.0,777.31,289.594765,44.141953,2014,Primary Transit,
kepler-250 d,0.194,,17.648312,,Kepler-250,0.8,0.81,5160.0,777.31,289.594765,44.141953,2014,Primary Transit,
kepler-251 b,0.119,,4.790936,,Kepler-251,0.91,0.89,5526.0,948.98,296.566237,44.105865,2014,Primary Transit,
kepler-251 c,0.247,,16.514043,,Kepler-251,0.91,0.89,5526.0,948.98,296.566237,44.105865,2014,Primary Transit,
kepler-251 d,0.247,,30.133001,,Kepler-251,0.91,0.89,5526.0,948.98,296.566237,44.105865,2014,Primary Transit,
kepler-251 e,0.247,,99.640161,,Kepler-251,0.91,0.89,5526.0,948.98,296.566237,44.105865,2014,Primary Transit,
kepler-252 b,0.11,,6.668391,,Kepler-252,0.52,0.55,4208.0,383.59,295.579345,44.545963,2014,Primary Transit,
kepler-252 c,0.192,,10.848463,,Kepler-252,0.52,0.55,4208.0,383.59,295.579345,44.545963,2014,Primary Transit,
kepler-253 b,0.145,,3.783986,,Kepler-253,,0.79,5208.0,858.93,291.841992,44.858089,2014,Primary Transit,
kepler-253 c,0.236,,10.281951,,Kepler-253,,0.79,5208.0,858.93,291.841992,44.858089,2014,Primary Transit,
kepler-253 d,0.283,,18.119869,,Kepler-253,,0.79,5208.0,858.93,291.841992,44.858089,2014,Primary Transit,
kepler-254 b,0.345,,5.826662,,Kepler-254,,0.91,5957.0,1446.45,288.164701,45.816504,2014,Primary Transit,
kepler-254 c,0.192,,12.412183,,Kepler-254,,0.91,5957.0,1446.45,288.164701,45.816504,2014,Primary Transit,
kepler-254 d,0.223,,18.746477,,Kepler-254,,0.91,5957.0,1446.45,288.164701,45.816504,2014,Primary Transit,
kepler-255 b,0.138,,5.714606,,Kepler-255,0.97,0.93,5573.0,1084.5,296.064233,45.976841,2014,Primary Transit,
kepler-255 c,0.267,,9.946047,,Kepler-255,0.97,0.93,5573.0,1084.5,296.064233,45.976841,2014,Primary Transit,
kepler-255 d,0.118,,1.04562266,,Kepler-255,0.97,0.93,5573.0,1084.5,296.064233,45.976841,2016,Primary Transit,
kepler-256 b,0.142,,1.620493,,Kepler-256,1.02,1.3,5551.0,1057.36,292.580445,46.097389,2014,Primary Transit,
kepler-256 c,0.192,,3.38802,,Kepler-256,1.02,1.3,5551.0,1057.36,292.580445,46.097389,2014,Primary Transit,
kepler-256 d,0.221,,5.839172,,Kepler-256,1.02,1.3,5551.0,1057.36,292.580445,46.097389,2014,Primary Transit,
kepler-256 e,0.21,,10.681572,,Kepler-256,1.02,1.3,5551.0,1057.36,292.580445,46.097389,2014,Primary Transit,
kepler-257 b,0.233,,2.382667,,Kepler-257,,1.04,5180.0,797.75,297.315994,46.023269,2014,Primary Transit,
kepler-257 c,0.483,,6.581484,,Kepler-257,,1.04,5180.0,797.75,297.315994,46.023269,2014,Primary Transit,
kepler-257 d,0.442,,24.664551,,Kepler-257,,1.04,5180.0,797.75,297.315994,46.023269,2014,Primary Transit,
kepler-258 b,0.362,,13.19722,,Kepler-258,0.8,0.92,4942.0,585.6,294.06849,46.57933,2014,Primary Transit,
kepler-258 c,0.322,,33.653079,,Kepler-258,0.8,0.92,4942.0,585.6,294.06849,46.57933,2014,Primary Transit,
kepler-259 b,0.25,,8.115317,,Kepler-259,,0.9,5938.0,1031.58,288.211929,46.615005,2014,Primary Transit,
kepler-259 c,0.241,,36.924931,,Kepler-259,,0.9,5938.0,1031.58,288.211929,46.615005,2014,Primary Transit,
kepler-25 ab,0.24124,0.034013,6.238297,0.0029,Kepler-25 A,1.19,1.477,6212.0,244.96,286.638393,39.487894,2011,Primary Transit,
kepler-25 ac,0.4128,0.075805,12.7207,0.0061,Kepler-25 A,1.19,1.477,6212.0,244.96,286.638393,39.487894,2011,Primary Transit,
kepler-25 ad,,,91.605187,0.0,Kepler-25 A,1.19,1.477,6212.0,244.96,286.638393,39.487894,2014,Radial Velocity,
kepler-260 b,0.179,,8.187399,,Kepler-260,0.88,0.86,5250.0,638.85,291.925972,38.014122,2014,Primary Transit,
kepler-260 c,0.155,,76.050178,,Kepler-260,0.88,0.86,5250.0,638.85,291.925972,38.014122,2014,Primary Transit,
kepler-261 b,0.194,,10.381227,,Kepler-261,0.87,0.79,5098.0,320.43,291.364773,37.609184,2014,Primary Transit,
kepler-261 c,0.178,,24.570858,,Kepler-261,0.87,0.79,5098.0,320.43,291.364773,37.609184,2014,Primary Transit,
kepler-262 b,0.121,,13.060855,,Kepler-262,,0.88,5841.0,624.08,290.728675,37.252649,2014,Primary Transit,
kepler-262 c,0.146,,21.853722,,Kepler-262,,0.88,5841.0,624.08,290.728675,37.252649,2014,Primary Transit,
kepler-263 b,0.238,,16.568087,,Kepler-263,,0.79,5265.0,771.09,292.469762,37.567794,2014,Primary Transit,
kepler-263 c,0.22,,47.332773,,Kepler-263,,0.79,5265.0,771.09,292.469762,37.567794,2014,Primary Transit,
kepler-264 b,0.297,,40.806231,,Kepler-264,1.32,1.55,6158.0,968.15,292.044615,37.376246,2014,Primary Transit,
kepler-264 c,0.252,,140.101261,,Kepler-264,1.32,1.55,6158.0,968.15,292.044615,37.376246,2014,Primary Transit,
kepler-265 b,0.166,,6.846262,,Kepler-265,1.03,1.1,5835.0,1328.21,290.510478,41.24482,2014,Primary Transit,
kepler-265 c,0.235,,17.028937,,Kepler-265,1.03,1.1,5835.0,1328.21,290.510478,41.24482,2014,Primary Transit,
kepler-265 d,0.222,,43.130617,,Kepler-265,1.03,1.1,5835.0,1328.21,290.510478,41.24482,2014,Primary Transit,
kepler-265 e,0.231,,67.831024,,Kepler-265,1.03,1.1,5835.0,1328.21,290.510478,41.24482,2014,Primary Transit,
kepler-266 b,0.221,,6.61833,,Kepler-266,0.99,1.03,5885.0,1425.27,294.484378,44.166916,2014,Primary Transit,
kepler-266 c,0.347,,107.723601,,Kepler-266,0.99,1.03,5885.0,1425.27,294.484378,44.166916,2014,Primary Transit,
kepler-267 b,0.177,,3.353728,,Kepler-267,0.56,0.56,4258.0,267.0,299.830387,47.157461,2014,Primary Transit,
kepler-267 c,0.19,,6.87745,,Kepler-267,0.56,0.56,4258.0,267.0,299.830387,47.157461,2014,Primary Transit,
kepler-267 d,0.203,,28.464515,,Kepler-267,0.56,0.56,4258.0,267.0,299.830387,47.157461,2014,Primary Transit,
kepler-268 b,0.227,,25.934138,,Kepler-268,,1.27,6081.0,873.21,291.976175,38.055075,2014,Primary Transit,
kepler-268 c,0.302,,83.446393,,Kepler-268,,1.27,6081.0,873.21,291.976175,38.055075,2014,Primary Transit,
kepler-269 b,0.22,,5.326718,,Kepler-269,0.98,0.96,5847.0,2418.83,290.215171,41.775967,2014,Primary Transit,
kepler-269 c,0.151,,8.127899,,Kepler-269,0.98,0.96,5847.0,2418.83,290.215171,41.775967,2014,Primary Transit,
kepler-26 b,0.248,0.01611,12.28,,Kepler-26,0.54,0.51,3914.0,338.55,284.940997,46.56654,2011,Primary Transit,
kepler-26 c,0.243,0.01951,17.2559,,Kepler-26,0.54,0.51,3914.0,338.55,284.940997,46.56654,2011,Primary Transit,
kepler-26 d,0.095,,3.543919,,Kepler-26,0.54,0.51,3914.0,338.55,284.940997,46.56654,2014,Primary Transit,
kepler-26 e,0.215,,46.827915,,Kepler-26,0.54,0.51,3914.0,338.55,284.940997,46.56654,2014,Primary Transit,
kepler-270 b,0.179,,11.476094,,Kepler-270,,1.46,6067.0,975.46,282.2001,44.422302,2014,Primary Transit,
kepler-270 c,0.158,,25.262887,,Kepler-270,,1.46,6067.0,975.46,282.2001,44.422302,2014,Primary Transit,
kepler-271 ab,0.1088,,10.43547031,0.0,Kepler-271 A,1.0,0.78,5645.65,404.542,283.00298,44.284233,2014,Primary Transit,
kepler-271 ac,0.0839,,7.41084314,0.0,Kepler-271 A,1.0,0.78,5645.65,404.542,283.00298,44.284233,2014,Primary Transit,
kepler-271 ad,0.0598,,5.24970432,0.0,Kepler-271 A,1.0,0.78,5645.65,404.542,283.00298,44.284233,2016,Primary Transit,
kepler-272 b,0.128,,2.971353,,Kepler-272,0.79,0.93,5297.0,912.85,299.127524,47.59383,2014,Primary Transit,
kepler-272 c,0.16,,6.057342,,Kepler-272,0.79,0.93,5297.0,912.85,299.127524,47.59383,2014,Primary Transit,
kepler-272 d,0.201,,10.937304,,Kepler-272,0.79,0.93,5297.0,912.85,299.127524,47.59383,2014,Primary Transit,
kepler-273 b,0.134,,2.936532,,Kepler-273,,0.81,5626.0,728.85,291.302209,47.697758,2014,Primary Transit,
kepler-273 c,0.177,,8.014927,,Kepler-273,,0.81,5626.0,728.85,291.302209,47.697758,2014,Primary Transit,
kepler-274 b,0.137,,11.634788,,Kepler-274,,1.01,6023.0,1385.51,292.922774,38.477274,2014,Primary Transit,
kepler-274 c,0.164,,33.197861,,Kepler-274,,1.01,6023.0,1385.51,292.922774,38.477274,2014,Primary Transit,
kepler-275 b,0.209,,10.300682,,Kepler-275,1.24,1.38,6165.0,2155.2,292.479713,38.514927,2014,Primary Transit,
kepler-275 c,0.302,,16.088134,,Kepler-275,1.24,1.38,6165.0,2155.2,292.479713,38.514927,2014,Primary Transit,
kepler-275 d,0.297,,35.676062,,Kepler-275,1.24,1.38,6165.0,2155.2,292.479713,38.514927,2014,Primary Transit,
kepler-276 b,0.256,,14.12841,,Kepler-276,0.96,1.05,6105.0,1181.73,293.56815,39.036326,2014,Primary Transit,
kepler-276 c,0.259,0.052,31.884,,Kepler-276,0.96,1.05,6105.0,1181.73,293.56815,39.036326,2013,Primary Transit,
kepler-276 d,0.25,0.051,48.648,,Kepler-276,0.96,1.05,6105.0,1181.73,293.56815,39.036326,2013,Primary Transit,
kepler-277 b,0.261,0.275,17.324,,Kepler-277,1.19,1.65,5946.0,1004.88,286.583175,39.077209,2013,Primary Transit,
kepler-277 c,0.3,0.202,33.006,,Kepler-277,1.19,1.65,5946.0,1004.88,286.583175,39.077209,2013,Primary Transit,
kepler-278 b,0.363,0.176,30.160546,0.696,Kepler-278,,2.94,4991.0,448.65,290.107193,38.702235,2014,Primary Transit,
kepler-278 c,0.32,0.1098,51.078775,0.616,Kepler-278,,2.94,4991.0,448.65,290.107193,38.702235,2014,Primary Transit,
kepler-279 b,0.323,,12.309681,,Kepler-279,1.23,1.75,6363.0,1069.2,287.391224,42.194836,2014,Primary Transit,
kepler-279 c,0.384,0.155,35.736,,Kepler-279,1.23,1.75,6363.0,1069.2,287.391224,42.194836,2013,Primary Transit,
kepler-279 d,0.277,0.118,54.414,,Kepler-279,1.23,1.75,6363.0,1069.2,287.391224,42.194836,2013,Primary Transit,
kepler-279 e,,0.176,98.3531,,Kepler-279,1.23,1.75,6363.0,1069.2,287.391224,42.194836,2025,Primary Transit,
kepler-27 ab,0.357,0.132,15.3348,,Kepler-27 A,0.65,0.59,5400.0,1075.1,292.236769,41.085876,2011,Primary Transit,
kepler-27 ac,0.437,0.067,31.3309,,Kepler-27 A,0.65,0.59,5400.0,1075.1,292.236769,41.085876,2011,Primary Transit,
kepler-27 ad,0.45,0.025,,,Kepler-27 A,0.65,0.59,5400.0,1075.1,292.236769,41.085876,2023,Primary Transit,
kepler-280 b,0.129,,2.139542,,Kepler-280,0.91,0.89,5744.0,798.21,291.39051,42.180588,2014,Primary Transit,
kepler-280 c,0.179,,4.807091,,Kepler-280,0.91,0.89,5744.0,798.21,291.39051,42.180588,2014,Primary Transit,
kepler-281 b,0.252,,14.646008,,Kepler-281,0.98,0.9,5723.0,1835.0,294.108191,44.770699,2014,Primary Transit,
kepler-281 c,0.474,,36.337373,,Kepler-281,0.98,0.9,5723.0,1835.0,294.108191,44.770699,2014,Primary Transit,
kepler-281 d,0.52967,,148.2720032,0.0,Kepler-281,0.98,0.9,5723.0,1835.0,294.108191,44.770699,2017,Primary Transit,
kepler-282 b,0.09,,9.220524,,Kepler-282,1.09,0.9,5602.0,1390.97,284.677277,44.797684,2014,Primary Transit,
kepler-282 c,0.107,,13.638723,,Kepler-282,1.09,0.9,5602.0,1390.97,284.677277,44.797684,2014,Primary Transit,
kepler-282 d,0.219,0.192,24.806,,Kepler-282,1.09,0.9,5602.0,1390.97,284.677277,44.797684,2013,Primary Transit,
kepler-282 e,0.277,0.177,44.347,,Kepler-282,1.09,0.9,5602.0,1390.97,284.677277,44.797684,2013,Primary Transit,
kepler-283 ab,0.19,,11.008151,,Kepler-283 A,,0.57,4351.0,474.33,293.613726,47.838998,2014,Primary Transit,
kepler-283 ac,0.162,,92.743711,,Kepler-283 A,,0.57,4351.0,474.33,293.613726,47.838998,2014,Primary Transit,
kepler-284 b,0.2,,12.699149,,Kepler-284,,0.81,5615.0,1062.79,293.146491,47.729649,2014,Primary Transit,
kepler-284 c,0.233,,37.514456,,Kepler-284,,0.81,5615.0,1062.79,293.146491,47.729649,2014,Primary Transit,
kepler-285 b,0.12,,2.633867,,Kepler-285,0.85,0.81,5411.0,844.17,291.390905,48.065609,2014,Primary Transit,
kepler-285 c,0.1,,6.186676,,Kepler-285,0.85,0.81,5411.0,844.17,291.390905,48.065609,2014,Primary Transit,
kepler-286 b,0.111,,1.796302,,Kepler-286,,0.86,5580.0,1266.68,290.676145,48.294289,2014,Primary Transit,
kepler-286 c,0.122,,3.468095,,Kepler-286,,0.86,5580.0,1266.68,290.676145,48.294289,2014,Primary Transit,
kepler-286 d,0.119,,5.914323,,Kepler-286,,0.86,5580.0,1266.68,290.676145,48.294289,2014,Primary Transit,
kepler-286 e,0.158,,29.221289,,Kepler-286,,0.86,5580.0,1266.68,290.676145,48.294289,2014,Primary Transit,
kepler-287 b,0.208,,20.342199,,Kepler-287,,1.03,5806.0,856.33,290.927458,48.44355,2014,Primary Transit,
kepler-287 c,0.291,,44.851896,,Kepler-287,,1.03,5806.0,856.33,290.927458,48.44355,2014,Primary Transit,
kepler-288 b,0.149,,6.097326,,Kepler-288,0.89,1.09,5918.0,1236.21,288.916426,39.594717,2014,Primary Transit,
kepler-288 c,0.254,,19.305772,,Kepler-288,0.89,1.09,5918.0,1236.21,288.916426,39.594717,2014,Primary Transit,
kepler-288 d,0.238,,56.633742,,Kepler-288,0.89,1.09,5918.0,1236.21,288.916426,39.594717,2014,Primary Transit,
kepler-289 b,0.192,0.023,34.545,0.024,Kepler-289,1.08,1.0,5990.0,700.0,297.465344,42.88285,2014,Primary Transit,
kepler-289 c,1.034,0.42,125.8518,0.0115,Kepler-289,1.08,1.0,5990.0,700.0,297.465344,42.88285,2014,Primary Transit,
kepler-289 d,0.239,0.013,66.0634,0.0033,Kepler-289,1.08,1.0,5990.0,700.0,297.465344,42.88285,2014,Primary Transit,
kepler-289 e,,0.0547,330.0716,,Kepler-289,1.08,1.0,5990.0,700.0,297.465344,42.88285,2025,Primary Transit,
kepler-28 b,0.321,1.51,5.9123,,Kepler-28,0.75,0.7,4590.0,443.92,292.137029,42.42942,2011,Primary Transit,
kepler-28 c,0.303,1.36,8.9858,,Kepler-28,0.75,0.7,4590.0,443.92,292.137029,42.42942,2011,Primary Transit,
kepler-290 b,0.201,,14.589347,,Kepler-290,,0.74,5147.0,708.55,286.409984,42.681553,2014,Primary Transit,
kepler-290 c,0.241,,36.77031,,Kepler-290,,0.74,5147.0,708.55,286.409984,42.681553,2014,Primary Transit,
kepler-290 d,0.0767,0.022,0.764017553,0.0,Kepler-290,,0.74,5147.0,708.55,286.409984,42.681553,2014,Primary Transit,
kepler-291 b,0.193,,3.546511,,Kepler-291,1.03,1.02,6002.0,1884.37,287.916357,42.437302,2014,Primary Transit,
kepler-291 c,0.168,,5.700786,,Kepler-291,1.03,1.02,6002.0,1884.37,287.916357,42.437302,2014,Primary Transit,
kepler-292 b,0.118,,2.580827,,Kepler-292,0.88,0.83,5299.0,1087.23,295.766145,42.424288,2014,Primary Transit,
kepler-292 c,0.131,,3.715335,,Kepler-292,0.88,0.83,5299.0,1087.23,295.766145,42.424288,2014,Primary Transit,
kepler-292 d,0.199,,7.055679,,Kepler-292,0.88,0.83,5299.0,1087.23,295.766145,42.424288,2014,Primary Transit,
kepler-292 e,0.238,,11.97901,,Kepler-292,0.88,0.83,5299.0,1087.23,295.766145,42.424288,2014,Primary Transit,
kepler-292 f,0.21,,20.834237,,Kepler-292,0.88,0.83,5299.0,1087.23,295.766145,42.424288,2014,Primary Transit,
kepler-293 b,0.274,,19.254196,,Kepler-293,1.01,0.96,5804.0,1002.51,286.358057,42.406509,2014,Primary Transit,
kepler-293 c,0.342,,54.155743,,Kepler-293,1.01,0.96,5804.0,1002.51,286.358057,42.406509,2014,Primary Transit,
kepler-294 b,0.158,,3.701212,,Kepler-294,,0.98,5913.0,1411.62,287.392009,46.059312,2014,Primary Transit,
kepler-294 c,0.242,,6.6264,,Kepler-294,,0.98,5913.0,1411.62,287.392009,46.059312,2014,Primary Transit,
kepler-295 b,0.109,,12.645164,,Kepler-295,,0.9,5603.0,1787.33,285.345843,45.367786,2014,Primary Transit,
kepler-295 c,0.104,,21.526258,,Kepler-295,,0.9,5603.0,1787.33,285.345843,45.367786,2014,Primary Transit,
kepler-295 d,0.121,,33.884054,,Kepler-295,,0.9,5603.0,1787.33,285.345843,45.367786,2014,Primary Transit,
kepler-296 ab,0.144,,10.864384,0.33,Kepler-296 A,0.38,0.37,3544.33,172.3,286.540008,49.437326,2014,Primary Transit,
kepler-296 ac,0.178,,5.8416366,0.33,Kepler-296 A,0.38,0.37,3544.33,172.3,286.540008,49.437326,2014,Primary Transit,
kepler-296 ad,0.186,,19.850291,0.33,Kepler-296 A,0.38,0.37,3544.33,172.3,286.540008,49.437326,2014,Primary Transit,
kepler-296 ae,0.136,,34.14211,0.33,Kepler-296 A,0.38,0.37,3544.33,172.3,286.540008,49.437326,2014,Primary Transit,
kepler-296 af,0.161,,63.33627,0.33,Kepler-296 A,0.38,0.37,3544.33,172.3,286.540008,49.437326,2014,Primary Transit,
kepler-297 b,0.2507,,38.86848956,0.0,Kepler-297,1.04,0.89,5783.0,692.14,283.209159,48.777645,2014,Primary Transit,
kepler-297 c,0.57,0.132,74.92768653,0.0,Kepler-297,1.04,0.89,5783.0,692.14,283.209159,48.777645,2014,Primary Transit,
kepler-297 d,0.635,,150.0189511,0.0,Kepler-297,1.04,0.89,5783.0,692.14,283.209159,48.777645,2016,Primary Transit,
kepler-298 b,0.175,,10.475464,,Kepler-298,0.65,0.58,4465.0,525.98,283.039792,48.825359,2014,Primary Transit,
kepler-298 c,0.172,,22.92881,,Kepler-298,0.65,0.58,4465.0,525.98,283.039792,48.825359,2014,Primary Transit,
kepler-298 d,0.223,,77.473633,,Kepler-298,0.65,0.58,4465.0,525.98,283.039792,48.825359,2014,Primary Transit,
kepler-299 b,0.118,,2.927128,,Kepler-299,0.97,1.03,5617.0,1084.89,283.206964,48.580502,2014,Primary Transit,
kepler-299 c,0.236,,6.885875,,Kepler-299,0.97,1.03,5617.0,1084.89,283.206964,48.580502,2014,Primary Transit,
kepler-299 d,0.166,,15.054786,,Kepler-299,0.97,1.03,5617.0,1084.89,283.206964,48.580502,2014,Primary Transit,
kepler-299 e,0.167,,38.285489,,Kepler-299,0.97,1.03,5617.0,1084.89,283.206964,48.580502,2014,Primary Transit,
kepler-29 b,0.227,0.01573,10.33974,0.0,Kepler-29,0.76,0.73,5378.0,851.9,298.348324,47.491226,2011,Primary Transit,
kepler-29 c,0.209,0.01416,13.28613,0.0,Kepler-29,0.76,0.73,5378.0,851.9,298.348324,47.491226,2011,Primary Transit,
kepler-300 b,0.149,,10.446347,,Kepler-300,0.94,0.9,5986.0,1134.23,295.288694,48.59972,2014,Primary Transit,
kepler-300 c,0.201,,40.714955,,Kepler-300,0.94,0.9,5986.0,1134.23,295.288694,48.59972,2014,Primary Transit,
kepler-301 ab,0.12,,2.508553,,Kepler-301 A,0.91,0.9,5815.0,734.31,283.982968,49.23299,2014,Primary Transit,
kepler-301 ac,0.12,,5.419026,,Kepler-301 A,0.91,0.9,5815.0,734.31,283.982968,49.23299,2014,Primary Transit,
kepler-301 ad,0.156,,13.751243,,Kepler-301 A,0.91,0.9,5815.0,734.31,283.982968,49.23299,2014,Primary Transit,
kepler-302 b,0.362,,30.184104,,Kepler-302,,1.22,5740.0,1459.64,294.316985,43.629345,2014,Primary Transit,
kepler-302 c,1.111,,127.282184,,Kepler-302,,1.22,5740.0,1459.64,294.316985,43.629345,2014,Primary Transit,
kepler-303 b,0.079,,1.937055,,Kepler-303,0.59,0.48,3944.0,211.01,283.135465,43.657055,2014,Primary Transit,
kepler-303 c,0.102,,7.061149,,Kepler-303,0.59,0.48,3944.0,211.01,283.135465,43.657055,2014,Primary Transit,
kepler-304 b,0.255,,3.295709,,Kepler-304,0.8,0.69,4731.0,440.12,294.441763,40.557587,2014,Primary Transit,
kepler-304 c,0.194,,5.315946,,Kepler-304,0.8,0.69,4731.0,440.12,294.441763,40.557587,2014,Primary Transit,
kepler-304 d,0.245,,9.653471,,Kepler-304,0.8,0.69,4731.0,440.12,294.441763,40.557587,2014,Primary Transit,
kepler-304 e,0.107,,1.49914695,,Kepler-304,0.8,0.69,4731.0,440.12,294.441763,40.557587,2016,Primary Transit,
kepler-305 b,0.321,0.033,5.487,,Kepler-305,0.83,0.79,5100.0,889.64,299.224311,40.343182,2013,Primary Transit,
kepler-305 c,0.294,0.019,8.291,,Kepler-305,0.83,0.79,5100.0,889.64,299.224311,40.343182,2013,Primary Transit,
kepler-305 d,0.242,,16.738661,,Kepler-305,0.83,0.79,5100.0,889.64,299.224311,40.343182,2014,Primary Transit,
kepler-305 e,0.16,,3.20538,,Kepler-305,0.83,0.79,5100.0,889.64,299.224311,40.343182,2020,Primary Transit,
kepler-306 b,0.136,,4.646186,,Kepler-306,0.82,0.72,4954.0,793.0,288.538671,40.61614,2014,Primary Transit,
kepler-306 c,0.21,,7.240193,,Kepler-306,0.82,0.72,4954.0,793.0,288.538671,40.61614,2014,Primary Transit,
kepler-306 d,0.22,,17.326644,,Kepler-306,0.82,0.72,4954.0,793.0,288.538671,40.61614,2014,Primary Transit,
kepler-306 e,0.203,,44.840975,,Kepler-306,0.82,0.72,4954.0,793.0,288.538671,40.61614,2014,Primary Transit,
kepler-307 b,0.217,0.02341,10.4208,,Kepler-307,0.91,0.81,5367.0,585.27,297.795132,40.417703,2013,Primary Transit,
kepler-307 c,0.196,0.01145,13.0729,,Kepler-307,0.91,0.81,5367.0,585.27,297.795132,40.417703,2013,Primary Transit,
kepler-308 b,0.189,,9.694928,,Kepler-308,,0.94,5895.0,1384.3,295.785154,40.43955,2014,Primary Transit,
kepler-308 c,0.193,,15.38231,,Kepler-308,,0.94,5895.0,1384.3,295.785154,40.43955,2014,Primary Transit,
kepler-309 b,0.139,,5.923653,,Kepler-309,,0.72,4713.0,553.2,297.509851,46.961281,2014,Primary Transit,
kepler-309 c,0.224,,105.356383,,Kepler-309,,0.72,4713.0,553.2,297.509851,46.961281,2014,Primary Transit,
kepler-30 b,0.348,0.036,29.33434,0.042,Kepler-30,0.99,0.95,5498.0,938.33,285.283636,38.947281,2012,Primary Transit,
kepler-30 c,1.097,2.01,60.323105,0.0111,Kepler-30,0.99,0.95,5498.0,938.33,285.283636,38.947281,2012,Primary Transit,
kepler-30 d,0.785,0.073,143.34394,0.022,Kepler-30,0.99,0.95,5498.0,938.33,285.283636,38.947281,2012,Primary Transit,
kepler-310 b,0.106,,13.930698,,Kepler-310,0.85,0.88,5797.0,612.87,288.839363,46.986744,2014,Primary Transit,
kepler-310 c,0.302,,56.47542,,Kepler-310,0.85,0.88,5797.0,612.87,288.839363,46.986744,2014,Primary Transit,
kepler-310 d,0.22,,92.876125,,Kepler-310,0.85,0.88,5797.0,612.87,288.839363,46.986744,2014,Primary Transit,
kepler-311 b,0.1481,,9.17617167,0.0,Kepler-311,1.05,1.22,5841.2,778.654,282.06129,47.085491,2014,Primary Transit,
kepler-311 c,0.1436,,19.7383992,0.0,Kepler-311,1.05,1.22,5841.2,778.654,282.06129,47.085491,2014,Primary Transit,
kepler-311 d,0.18494,,232.040326,0.0,Kepler-311,1.05,1.22,5841.2,778.654,282.06129,47.085491,2017,Primary Transit,
kepler-312 b,0.115,,1.772419,,Kepler-312,1.23,1.47,6115.0,816.22,298.395772,42.459756,2014,Primary Transit,
kepler-312 c,0.281,,19.747412,,Kepler-312,1.23,1.47,6115.0,816.22,298.395772,42.459756,2014,Primary Transit,
kepler-313 b,0.226,,14.970418,,Kepler-313,0.9,1.54,5727.0,1079.4,298.294935,48.775459,2014,Primary Transit,
kepler-313 c,0.229,,32.273273,,Kepler-313,0.9,1.54,5727.0,1079.4,298.294935,48.775459,2014,Primary Transit,
kepler-314 b,0.074,,2.461069,,Kepler-314,0.889,0.943,5378.0,268.881,294.674114,42.075588,2014,Primary Transit,
kepler-314 c,0.259,,5.960392,,Kepler-314,0.889,0.943,5378.0,268.881,294.674114,42.075588,2014,Primary Transit,
kepler-315 b,0.336,,96.101141,,Kepler-315,0.78,1.04,5796.0,1199.5,298.023104,43.363522,2014,Primary Transit,
kepler-315 c,0.37,,265.469335,,Kepler-315,0.78,1.04,5796.0,1199.5,298.023104,43.363522,2014,Primary Transit,
kepler-316 b,0.095,,2.240508,,Kepler-316,0.53,0.52,4204.0,389.22,290.826023,44.184109,2014,Primary Transit,
kepler-316 c,0.103,,6.827766,,Kepler-316,0.53,0.52,4204.0,389.22,290.826023,44.184109,2014,Primary Transit,
kepler-317 b,0.186,,5.524242,,Kepler-317,0.95,0.94,5497.0,965.85,294.943885,39.032062,2014,Primary Transit,
kepler-317 c,0.153,,8.77501,,Kepler-317,0.95,0.94,5497.0,965.85,294.943885,39.032062,2014,Primary Transit,
kepler-318 b,0.42,,4.662715,,Kepler-318,1.05,1.19,5746.0,496.14,298.482828,46.793617,2014,Primary Transit,
kepler-318 c,0.328,,11.815007,,Kepler-318,1.05,1.19,5746.0,496.14,298.482828,46.793617,2014,Primary Transit,
kepler-319 b,0.145,,4.362705,,Kepler-319,1.29,0.9,5526.0,510.83,288.811943,39.770658,2014,Primary Transit,
kepler-319 c,0.235,,6.941357,,Kepler-319,1.29,0.9,5526.0,510.83,288.811943,39.770658,2014,Primary Transit,
kepler-319 d,0.204,,31.781925,,Kepler-319,1.29,0.9,5526.0,510.83,288.811943,39.770658,2014,Primary Transit,
kepler-31 b,0.491,,20.8613,,Kepler-31,1.21,1.22,6340.0,1747.58,294.023014,45.853081,2011,Primary Transit,
kepler-31 c,0.473,4.7,42.6318,,Kepler-31,1.21,1.22,6340.0,1747.58,294.023014,45.853081,2011,Primary Transit,
kepler-31 d,0.348,6.8,87.6451,,Kepler-31,1.21,1.22,6340.0,1747.58,294.023014,45.853081,2014,Primary Transit,
kepler-320 b,0.102,,8.371554,,Kepler-320,,1.11,6435.0,846.74,293.213548,46.175125,2014,Primary Transit,
kepler-320 c,0.122,,17.934937,,Kepler-320,,1.11,6435.0,846.74,293.213548,46.175125,2014,Primary Transit,
kepler-321 b,0.158,,4.915379,,Kepler-321,1.01,1.19,5740.0,388.83,294.453674,44.145756,2014,Primary Transit,
kepler-321 c,0.207,,13.093921,,Kepler-321,1.01,1.19,5740.0,388.83,294.453674,44.145756,2014,Primary Transit,
kepler-322 b,0.09,,1.653888,,Kepler-322,0.91,0.89,5388.0,405.16,281.348824,44.295242,2014,Primary Transit,
kepler-322 c,0.149,,4.337234,,Kepler-322,0.91,0.89,5388.0,405.16,281.348824,44.295242,2014,Primary Transit,
kepler-323 b,0.128,,1.678327,,Kepler-323,1.09,1.18,5987.0,460.8,291.38224,38.127473,2014,Primary Transit,
kepler-323 c,0.145,,3.553822,,Kepler-323,1.09,1.18,5987.0,460.8,291.38224,38.127473,2014,Primary Transit,
kepler-324 b,0.102,,4.385315,,Kepler-324,0.86,0.84,5194.0,508.94,286.471473,49.649021,2014,Primary Transit,
kepler-324 c,0.281,,51.805612,,Kepler-324,0.86,0.84,5194.0,508.94,286.471473,49.649021,2014,Primary Transit,
kepler-324 d,0.1008,0.00702,34.169,0.0,Kepler-324,0.86,0.84,5194.0,508.94,286.471473,49.649021,2017,Primary Transit,
kepler-324 e,0.18182,,13.97939968,0.0,Kepler-324,0.86,0.84,5194.0,508.94,286.471473,49.649021,2017,Primary Transit,
kepler-325 b,0.26,,4.544439,,Kepler-325,0.87,1.0,5752.0,843.12,289.835434,49.825626,2014,Primary Transit,
kepler-325 c,0.227,,12.762172,,Kepler-325,0.87,1.0,5752.0,843.12,289.835434,49.825626,2014,Primary Transit,
kepler-325 d,0.249,,38.715185,,Kepler-325,0.87,1.0,5752.0,843.12,289.835434,49.825626,2014,Primary Transit,
kepler-326 ab,0.136,,2.248329,,Kepler-326 A,0.98,0.8,5105.0,494.3,294.325546,46.002254,2014,Primary Transit,
kepler-326 ac,0.125,,4.580358,,Kepler-326 A,0.98,0.8,5105.0,494.3,294.325546,46.002254,2014,Primary Transit,
kepler-326 ad,0.108,,6.766888,,Kepler-326 A,0.98,0.8,5105.0,494.3,294.325546,46.002254,2014,Primary Transit,
kepler-327 b,0.099,,2.549575,,Kepler-327,0.55,0.49,3799.0,243.68,292.642372,44.087673,2014,Primary Transit,
kepler-327 c,0.092,,5.212333,,Kepler-327,0.55,0.49,3799.0,243.68,292.642372,44.087673,2014,Primary Transit,
kepler-327 d,0.154,,13.969457,,Kepler-327,0.55,0.49,3799.0,243.68,292.642372,44.087673,2014,Primary Transit,
kepler-328 b,0.205,0.09,34.921,,Kepler-328,1.1,1.0,5914.0,2354.42,295.809289,40.008503,2013,Primary Transit,
kepler-328 c,0.482,0.124,71.312,,Kepler-328,1.1,1.0,5914.0,2354.42,295.809289,40.008503,2013,Primary Transit,
kepler-329 b,0.125,,7.416397,,Kepler-329,0.53,0.52,4257.0,445.2,299.268042,45.227428,2014,Primary Transit,
kepler-329 c,0.172,,18.684737,,Kepler-329,0.53,0.52,4257.0,445.2,299.268042,45.227428,2014,Primary Transit,
kepler-32 b,0.196,4.1,5.90124,,Kepler-32,0.58,0.53,3900.0,326.85,297.842398,46.574281,2011,Primary Transit,
kepler-32 c,0.178,0.5,8.7522,,Kepler-32,0.58,0.53,3900.0,326.85,297.842398,46.574281,2011,Primary Transit,
kepler-32 d,0.241,,22.7802,,Kepler-32,0.58,0.53,3900.0,326.85,297.842398,46.574281,2012,Primary Transit,
kepler-32 e,0.134,,2.896,,Kepler-32,0.58,0.53,3900.0,326.85,297.842398,46.574281,2012,Primary Transit,
kepler-32 f,0.073,,0.74296,,Kepler-32,0.58,0.53,3900.0,326.85,297.842398,46.574281,2012,Primary Transit,
kepler-330 b,0.12,,8.25978,,Kepler-330,0.78,0.72,5117.0,732.46,288.447375,44.801685,2014,Primary Transit,
kepler-330 c,0.174,,15.955387,,Kepler-330,0.78,0.72,5117.0,732.46,288.447375,44.801685,2014,Primary Transit,
kepler-331 b,0.162,,8.457496,,Kepler-331,0.51,0.49,4347.0,589.63,291.834328,39.307358,2014,Primary Transit,
kepler-331 c,0.164,,17.28111,,Kepler-331,0.51,0.49,4347.0,589.63,291.834328,39.307358,2014,Primary Transit,
kepler-331 d,0.146,,32.134328,,Kepler-331,0.51,0.49,4347.0,589.63,291.834328,39.307358,2014,Primary Transit,
kepler-332 b,0.104,,7.626324,,Kepler-332,0.8,0.72,4955.0,347.65,286.662964,47.4137,2014,Primary Transit,
kepler-332 c,0.097,,15.995622,,Kepler-332,0.8,0.72,4955.0,347.65,286.662964,47.4137,2014,Primary Transit,
kepler-332 d,0.105,,34.21154,,Kepler-332,0.8,0.72,4955.0,347.65,286.662964,47.4137,2014,Primary Transit,
kepler-333 ab,0.1195,,12.55111099,0.0,Kepler-333 A,0.701,0.621,4470.56,324.413,292.286069,40.913584,2014,Primary Transit,
kepler-333 ac,0.1035,,24.0884178,0.0,Kepler-333 A,0.701,0.621,4470.56,324.413,292.286069,40.913584,2014,Primary Transit,
kepler-334 b,0.1,,5.470319,,Kepler-334,1.0,1.07,5828.0,431.86,287.140668,47.115196,2014,Primary Transit,
kepler-334 c,0.128,,12.758005,,Kepler-334,1.0,1.07,5828.0,431.86,287.140668,47.115196,2014,Primary Transit,
kepler-334 d,0.126,,25.09849,,Kepler-334,1.0,1.07,5828.0,431.86,287.140668,47.115196,2014,Primary Transit,
kepler-335 b,0.302,,6.562331,,Kepler-335,0.99,1.85,5877.0,1327.48,296.064311,45.428623,2014,Primary Transit,
kepler-335 c,0.274,,67.844469,,Kepler-335,0.99,1.85,5877.0,1327.48,296.064311,45.428623,2014,Primary Transit,
kepler-336 ab,0.091,,2.024823,,Kepler-336 A,0.89,1.3,5867.0,2331.54,290.237643,41.33137,2014,Primary Transit,
kepler-336 ac,0.187,,9.600001,,Kepler-336 A,0.89,1.3,5867.0,2331.54,290.237643,41.33137,2014,Primary Transit,
kepler-336 ad,0.211,,20.678772,,Kepler-336 A,0.89,1.3,5867.0,2331.54,290.237643,41.33137,2014,Primary Transit,
kepler-337 b,0.137,,3.292781,,Kepler-337,0.96,1.76,5684.0,691.41,290.06049,47.163956,2014,Primary Transit,
kepler-337 c,0.183,,9.693201,,Kepler-337,0.96,1.76,5684.0,691.41,290.06049,47.163956,2014,Primary Transit,
kepler-338 b,0.218,0.0963,13.726976,0.04,Kepler-338,1.1,1.74,5923.0,561.69,282.978956,40.784347,2014,Primary Transit,
kepler-338 c,0.209,,24.310856,0.03,Kepler-338,1.1,1.74,5923.0,561.69,282.978956,40.784347,2014,Primary Transit,
kepler-338 d,0.268,,44.431014,0.03,Kepler-338,1.1,1.74,5923.0,561.69,282.978956,40.784347,2014,Primary Transit,
kepler-338 e,0.139,0.027,9.341,0.05,Kepler-338,1.1,1.74,5923.0,561.69,282.978956,40.784347,2014,TTV,
kepler-339 b,0.127,,4.977656,,Kepler-339,0.84,0.8,5631.0,627.67,293.351712,48.444641,2014,Primary Transit,
kepler-339 c,0.103,,6.988055,,Kepler-339,0.84,0.8,5631.0,627.67,293.351712,48.444641,2014,Primary Transit,
kepler-339 d,0.104,,10.558345,,Kepler-339,0.84,0.8,5631.0,627.67,293.351712,48.444641,2014,Primary Transit,
kepler-33 b,0.155,,5.66793,0.0,Kepler-33,1.29,1.82,5904.0,1252.84,289.077548,46.005222,2011,Primary Transit,
kepler-33 c,0.285,,13.17562,0.0,Kepler-33,1.29,1.82,5904.0,1252.84,289.077548,46.005222,2011,Primary Transit,
kepler-33 d,0.477,,21.77596,0.0,Kepler-33,1.29,1.82,5904.0,1252.84,289.077548,46.005222,2011,Primary Transit,
kepler-33 e,0.359,,31.7844,0.0,Kepler-33,1.29,1.82,5904.0,1252.84,289.077548,46.005222,2011,Primary Transit,
kepler-33 f,0.398,,41.02902,0.0,Kepler-33,1.29,1.82,5904.0,1252.84,289.077548,46.005222,2011,Primary Transit,
kepler-340 b,0.226,,14.844387,,Kepler-340,2.11,1.85,6620.0,827.41,295.933477,40.30057,2014,Primary Transit,
kepler-340 c,0.301,,22.824669,,Kepler-340,2.11,1.85,6620.0,827.41,295.933477,40.30057,2014,Primary Transit,
kepler-341 b,0.105,,5.195528,,Kepler-341,0.94,1.02,6012.0,1079.46,289.861576,43.472775,2014,Primary Transit,
kepler-341 c,0.152,,8.01041,,Kepler-341,0.94,1.02,6012.0,1079.46,289.861576,43.472775,2014,Primary Transit,
kepler-341 d,0.165,,27.666313,,Kepler-341,0.94,1.02,6012.0,1079.46,289.861576,43.472775,2014,Primary Transit,
kepler-341 e,0.178,,42.473269,,Kepler-341,0.94,1.02,6012.0,1079.46,289.861576,43.472775,2014,Primary Transit,
kepler-342 b,0.201,,15.170318,,Kepler-342,1.13,1.47,6175.0,799.59,292.678083,46.726715,2014,Primary Transit,
kepler-342 c,0.175,,26.234138,,Kepler-342,1.13,1.47,6175.0,799.59,292.678083,46.726715,2014,Primary Transit,
kepler-342 d,0.222,,39.459357,,Kepler-342,1.13,1.47,6175.0,799.59,292.678083,46.726715,2014,Primary Transit,
kepler-342 e,0.079,,1.64422461,,Kepler-342,1.13,1.47,6175.0,799.59,292.678083,46.726715,2016,Primary Transit,
kepler-343 b,0.215,,8.96855,,Kepler-343,1.04,1.43,5807.0,952.34,291.960684,42.433006,2014,Primary Transit,
kepler-343 c,0.18,,23.22182,,Kepler-343,1.04,1.43,5807.0,952.34,291.960684,42.433006,2014,Primary Transit,
kepler-344 b,0.233,,21.963945,,Kepler-344,0.9,0.98,5774.0,1032.08,292.499645,46.324406,2014,Primary Transit,
kepler-344 c,0.263,,125.596809,,Kepler-344,0.9,0.98,5774.0,1032.08,292.499645,46.324406,2014,Primary Transit,
kepler-345 ab,0.066,,7.415563,,Kepler-345 A,0.59,0.62,4504.0,362.46,295.228802,45.97102,2014,Primary Transit,
kepler-345 ac,0.107,,9.387427,,Kepler-345 A,0.59,0.62,4504.0,362.46,295.228802,45.97102,2014,Primary Transit,
kepler-346 b,0.237,,6.511127,,Kepler-346,0.97,1.02,6033.0,1012.42,288.011911,46.117607,2014,Primary Transit,
kepler-346 c,0.274,,23.851549,,Kepler-346,0.97,1.02,6033.0,1012.42,288.011911,46.117607,2014,Primary Transit,
kepler-347 b,0.176,,12.79836,,Kepler-347,1.04,1.0,6088.0,1349.45,289.199596,49.305717,2014,Primary Transit,
kepler-347 c,0.156,,27.320871,,Kepler-347,1.04,1.0,6088.0,1349.45,289.199596,49.305717,2014,Primary Transit,
kepler-348 ab,0.136,,7.05677,,Kepler-348 A,1.33,1.297,6503.59,570.783,297.25505,40.548373,2014,Primary Transit,
kepler-348 ac,0.119,,17.265427,,Kepler-348 A,1.33,1.297,6503.59,570.783,297.25505,40.548373,2014,Primary Transit,
kepler-349 b,0.17,,5.929778,,Kepler-349,0.97,0.93,5956.0,966.63,293.67648,44.615578,2014,Primary Transit,
kepler-349 c,0.175,,12.247629,,Kepler-349,0.97,0.93,5956.0,966.63,293.67648,44.615578,2014,Primary Transit,
kepler-34 (ab)b,0.7637,0.22,288.822,0.182,Kepler-34 (AB),2.0687,1.1,5913.0,1499.0,296.4375,44.6416667,2012,Primary Transit,
kepler-350 b,0.165,,11.189562,,Kepler-350,1.03,1.53,6186.0,983.79,285.419606,39.706107,2014,Primary Transit,
kepler-350 c,0.277,0.019,17.849,,Kepler-350,1.03,1.53,6186.0,983.79,285.419606,39.706107,2013,Primary Transit,
kepler-350 d,0.25,0.047,26.136,,Kepler-350,1.03,1.53,6186.0,983.79,285.419606,39.706107,2013,Primary Transit,
kepler-351 b,0.273,,37.054919,,Kepler-351,0.89,0.85,5643.0,1117.85,286.452706,42.657879,2014,Primary Transit,
kepler-351 c,0.285,,57.24809,,Kepler-351,0.89,0.85,5643.0,1117.85,286.452706,42.657879,2014,Primary Transit,
kepler-351 d,0.243,,142.544247,,Kepler-351,0.89,0.85,5643.0,1117.85,286.452706,42.657879,2016,Primary Transit,
kepler-352 b,0.077,,10.05537,,Kepler-352,0.901,0.7314,5262.0,252.733,299.896521,46.051975,2014,Primary Transit,
kepler-352 c,0.111,,16.332995,,Kepler-352,0.901,0.7314,5262.0,252.733,299.896521,46.051975,2014,Primary Transit,
kepler-352 d,0.071925,,6.887279987,0.0,Kepler-352,0.901,0.7314,5262.0,252.733,299.896521,46.051975,2017,Primary Transit,
kepler-353 ab,0.0937,,5.79529495,0.0,Kepler-353 A,0.6145,0.6333,3915.0,384.694,296.856633,41.75818,2014,Primary Transit,
kepler-353 ac,0.161,,8.41100305,0.0,Kepler-353 A,0.6145,0.6333,3915.0,384.694,296.856633,41.75818,2014,Primary Transit,
kepler-354 b,0.164,,5.47666,,Kepler-354,0.65,0.67,4648.0,562.96,285.751452,41.33564,2014,Primary Transit,
kepler-354 c,0.117,,16.934402,,Kepler-354,0.65,0.67,4648.0,562.96,285.751452,41.33564,2014,Primary Transit,
kepler-354 d,0.111,,24.209842,,Kepler-354,0.65,0.67,4648.0,562.96,285.751452,41.33564,2014,Primary Transit,
kepler-355 b,0.13,,11.03189,,Kepler-355,1.05,1.07,6184.0,1493.7,285.799457,42.811783,2014,Primary Transit,
kepler-355 c,0.242,,25.762294,,Kepler-355,1.05,1.07,6184.0,1493.7,285.799457,42.811783,2014,Primary Transit,
kepler-356 b,0.14,,4.612696,,Kepler-356,0.97,1.33,6133.0,722.14,292.421077,37.682819,2014,Primary Transit,
kepler-356 c,0.161,,13.121632,,Kepler-356,0.97,1.33,6133.0,722.14,292.421077,37.682819,2014,Primary Transit,
kepler-357 b,0.164,,6.475434,,Kepler-357,0.78,0.83,5036.0,702.21,291.243104,44.00872,2014,Primary Transit,
kepler-357 c,0.238,,16.85837,,Kepler-357,0.78,0.83,5036.0,702.21,291.243104,44.00872,2014,Primary Transit,
kepler-357 d,0.306,,49.499875,,Kepler-357,0.78,0.83,5036.0,702.21,291.243104,44.00872,2014,Primary Transit,
kepler-358 b,0.243,,34.060467,,Kepler-358,0.95,0.95,5908.0,1136.1,293.230225,48.281376,2014,Primary Transit,
kepler-358 c,0.254,,83.488369,,Kepler-358,0.95,0.95,5908.0,1136.1,293.230225,48.281376,2014,Primary Transit,
kepler-359 b,0.315,,25.563222,,Kepler-359,1.07,1.09,6248.0,1502.22,293.293635,42.196354,2014,Primary Transit,
kepler-359 c,0.384,,57.68802,,Kepler-359,1.07,1.09,6248.0,1502.22,293.293635,42.196354,2014,Primary Transit,
kepler-359 d,0.358,,77.095691,,Kepler-359,1.07,1.09,6248.0,1502.22,293.293635,42.196354,2014,Primary Transit,
kepler-35 (ab)b,0.728,0.1268,131.458,0.042,Kepler-35 (AB),1.6971,1.0,5606.0,1645.0,294.4958333,46.69,2012,Primary Transit,
kepler-360 b,0.147,,3.289672,,Kepler-360,0.95,1.06,6053.0,898.61,286.284731,44.781555,2014,Primary Transit,
kepler-360 c,0.187,,7.186434,,Kepler-360,0.95,1.06,6053.0,898.61,286.284731,44.781555,2014,Primary Transit,
kepler-361 b,0.129,,8.486616,,Kepler-361,1.07,1.34,6169.0,955.76,296.803453,46.741154,2014,Primary Transit,
kepler-361 c,0.225,,55.188023,,Kepler-361,1.07,1.34,6169.0,955.76,296.803453,46.741154,2014,Primary Transit,
kepler-362 ab,0.079,,10.327186,,Kepler-362 A,1.03,1.2835,5745.22,1090.51,291.771639,47.529903,2014,Primary Transit,
kepler-362 ac,0.129,,37.866281,,Kepler-362 A,1.03,1.2835,5745.22,1090.51,291.771639,47.529903,2014,Primary Transit,
kepler-363 b,0.103,,3.614568,,Kepler-363,1.23,1.49,5593.0,779.76,283.192081,41.305393,2014,Primary Transit,
kepler-363 c,0.151,,7.542427,,Kepler-363,1.23,1.49,5593.0,779.76,283.192081,41.305393,2014,Primary Transit,
kepler-363 d,0.183,,11.932125,,Kepler-363,1.23,1.49,5593.0,779.76,283.192081,41.305393,2014,Primary Transit,
kepler-364 b,0.138,,25.745718,,Kepler-364,1.2,1.28,6108.0,915.02,281.569933,47.398697,2014,Primary Transit,
kepler-364 c,0.192,,59.980627,,Kepler-364,1.2,1.28,6108.0,915.02,281.569933,47.398697,2014,Primary Transit,
kepler-365 ab,0.182,,10.664903,,Kepler-365 A,0.99,1.05,6012.0,950.0,295.626598,49.130436,2014,Primary Transit,
kepler-365 ac,0.146,,17.784129,,Kepler-365 A,0.99,1.05,6012.0,950.0,295.626598,49.130436,2014,Primary Transit,
kepler-366 b,0.13,,3.281959,,Kepler-366,1.05,1.05,6209.0,1959.31,296.852042,49.084446,2014,Primary Transit,
kepler-366 c,0.16,,12.51616,,Kepler-366,1.05,1.05,6209.0,1959.31,296.852042,49.084446,2014,Primary Transit,
kepler-367 b,0.116,,37.815724,,Kepler-367,0.75,0.69,4710.0,189.05,297.292418,49.981632,2014,Primary Transit,
kepler-367 c,0.107,,53.578637,,Kepler-367,0.75,0.69,4710.0,189.05,297.292418,49.981632,2014,Primary Transit,
kepler-368 b,0.291,,26.84768,,Kepler-368,0.71,2.02,5502.0,788.3,291.880046,45.387936,2014,Primary Transit,
kepler-368 c,0.346,,72.379334,,Kepler-368,0.71,2.02,5502.0,788.3,291.880046,45.387936,2014,Primary Transit,
kepler-369 ab,0.101,,2.732756,,Kepler-369 A,0.54,0.47,3591.0,260.32,293.674235,47.908467,2014,Primary Transit,
kepler-369 ac,0.126,,14.871572,,Kepler-369 A,0.54,0.47,3591.0,260.32,293.674235,47.908467,2014,Primary Transit,
kepler-36 b,0.134,0.01205,13.86825,0.0,Kepler-36,1.03,1.63,5979.0,470.0,291.250191,49.231827,2012,Primary Transit,
kepler-36 c,0.328,0.02243,16.21865,0.0,Kepler-36,1.03,1.63,5979.0,470.0,291.250191,49.231827,2012,Primary Transit,
kepler-370 b,0.142,,4.57953,,Kepler-370,0.94,0.9,5852.0,1207.64,292.171121,40.916306,2014,Primary Transit,
kepler-370 c,0.17,,19.02293,,Kepler-370,0.94,0.9,5852.0,1207.64,292.171121,40.916306,2014,Primary Transit,
kepler-371 b,0.169,,34.763278,,Kepler-371,1.04,1.31,5794.0,813.192,292.326464,38.657588,2014,Primary Transit,
kepler-371 c,0.159,,67.968015,,Kepler-371,1.04,1.31,5794.0,813.192,292.326464,38.657588,2014,Primary Transit,
kepler-372 b,0.121,,6.849692,,Kepler-372,1.15,1.14,6509.0,1561.17,291.256195,49.258953,2014,Primary Transit,
kepler-372 c,0.186,,20.053763,,Kepler-372,1.15,1.14,6509.0,1561.17,291.256195,49.258953,2014,Primary Transit,
kepler-372 d,0.151,,30.092568,,Kepler-372,1.15,1.14,6509.0,1561.17,291.256195,49.258953,2014,Primary Transit,
kepler-373 b,0.121,,5.535309,,Kepler-373,0.87,0.84,5787.0,1125.74,289.387993,50.59705,2014,Primary Transit,
kepler-373 c,0.111,,16.725948,,Kepler-373,0.87,0.84,5787.0,1125.74,289.387993,50.59705,2014,Primary Transit,
kepler-374 b,0.092,,1.897806,,Kepler-374,0.84,0.91,5977.0,1312.67,294.13793,42.370502,2014,Primary Transit,
kepler-374 c,0.098,,3.282807,,Kepler-374,0.84,0.91,5977.0,1312.67,294.13793,42.370502,2014,Primary Transit,
kepler-374 d,0.117,,5.028219,,Kepler-374,0.84,0.91,5977.0,1312.67,294.13793,42.370502,2014,Primary Transit,
kepler-375 b,0.129,,12.125934,,Kepler-375,0.89,0.84,5826.0,1283.8,288.617907,48.098416,2014,Primary Transit,
kepler-375 c,0.236,,19.986326,,Kepler-375,0.89,0.84,5826.0,1283.8,288.617907,48.098416,2014,Primary Transit,
kepler-376 b,0.095,,4.920199,,Kepler-376,1.05,1.18,5900.0,948.06,291.607165,38.410386,2014,Primary Transit,
kepler-376 c,0.16,,14.172327,,Kepler-376,1.05,1.18,5900.0,948.06,291.607165,38.410386,2014,Primary Transit,
kepler-377 b,0.124,,12.509529,,Kepler-377,0.88,1.22,5949.0,843.65,295.422002,38.735691,2014,Primary Transit,
kepler-377 c,0.184,,27.014976,,Kepler-377,0.88,1.22,5949.0,843.65,295.422002,38.735691,2014,Primary Transit,
kepler-378 b,0.067,,16.092361,,Kepler-378,0.96,0.67,4661.0,152.77,294.948588,46.438641,2014,Primary Transit,
kepler-378 c,0.062,,28.906009,,Kepler-378,0.96,0.67,4661.0,152.77,294.948588,46.438641,2014,Primary Transit,
kepler-379 ab,0.148,,20.09838,,Kepler-379 A,1.08,1.31,6054.0,747.0,295.701103,38.945831,2014,Primary Transit,
kepler-379 ac,0.204,,62.784697,,Kepler-379 A,1.08,1.31,6054.0,747.0,295.701103,38.945831,2014,Primary Transit,
kepler-37 b,0.026,0.01,13.36731,0.0,Kepler-37,0.87,0.79,5417.0,64.04,284.05966,44.518131,2013,Primary Transit,
kepler-37 c,0.067,0.03776,21.302,,Kepler-37,0.87,0.79,5417.0,64.04,284.05966,44.518131,2013,Primary Transit,
kepler-37 d,0.173,0.017,39.7922,0.142,Kepler-37,0.87,0.79,5417.0,64.04,284.05966,44.518131,2013,Primary Transit,
kepler-37 e,,,51.196,,Kepler-37,0.87,0.79,5417.0,64.04,284.05966,44.518131,2014,TTV,
kepler-380 ab,0.106,,3.930821,,Kepler-380 A,1.05,1.22,6045.0,833.12,282.394616,48.75914,2014,Primary Transit,
kepler-380 ac,0.113,,7.630004,,Kepler-380 A,1.05,1.22,6045.0,833.12,282.394616,48.75914,2014,Primary Transit,
kepler-381 b,0.088,,5.629021,,Kepler-381,1.34,1.57,6152.0,269.39,285.182787,43.831089,2014,Primary Transit,
kepler-381 c,0.1,,13.391635,,Kepler-381,1.34,1.57,6152.0,269.39,285.182787,43.831089,2014,Primary Transit,
kepler-381 d,0.095165,,8.256299973,0.0,Kepler-381,1.34,1.57,6152.0,269.39,285.182787,43.831089,2017,Primary Transit,
kepler-382 b,0.118,,5.262155,,Kepler-382,0.8,0.94,5600.0,960.89,299.136166,45.869934,2014,Primary Transit,
kepler-382 c,0.142,,12.162701,,Kepler-382,0.8,0.94,5600.0,960.89,299.136166,45.869934,2014,Primary Transit,
kepler-383 ab,0.118,,12.904532,,Kepler-383 A,0.67,0.67,4710.0,470.0,291.342584,38.363134,2014,Primary Transit,
kepler-383 ac,0.111,,31.200751,,Kepler-383 A,0.67,0.67,4710.0,470.0,291.342584,38.363134,2014,Primary Transit,
kepler-384 b,0.1,,22.597053,,Kepler-384,0.76,0.88,5577.0,919.44,286.026112,44.782871,2014,Primary Transit,
kepler-384 c,0.101,,45.348269,,Kepler-384,0.76,0.88,5577.0,919.44,286.026112,44.782871,2014,Primary Transit,
kepler-385 b,0.20635,,10.04380879,,Kepler-385,1.09,1.13,6326.0,1493.94,294.338483,50.336544,2014,Primary Transit,
kepler-385 c,0.21064,,15.16213142,,Kepler-385,1.09,1.13,6326.0,1493.94,294.338483,50.336544,2014,Primary Transit,
kepler-385 d,0.21617,,56.41581418,,Kepler-385,1.09,1.13,6326.0,1493.94,294.338483,50.336544,2020,Primary Transit,
kepler-386 b,0.13338,,12.31043,,Kepler-386,0.74,0.77,5178.0,904.74,289.858871,48.693855,2014,Primary Transit,
kepler-386 c,0.17183,,25.193458,,Kepler-386,0.74,0.77,5178.0,904.74,289.858871,48.693855,2014,Primary Transit,
kepler-387 b,0.092,,6.791636,,Kepler-387,1.03,1.05,5774.0,819.95,287.798184,45.656715,2014,Primary Transit,
kepler-387 c,0.079,,11.837549,,Kepler-387,1.03,1.05,5774.0,819.95,287.798184,45.656715,2014,Primary Transit,
kepler-388 ab,0.072,,3.173315,,Kepler-388 A,0.59,0.59,4498.0,611.32,284.828038,44.60873,2014,Primary Transit,
kepler-388 ac,0.077,,13.297004,,Kepler-388 A,0.59,0.59,4498.0,611.32,284.828038,44.60873,2014,Primary Transit,
kepler-389 b,0.135,,3.244107,,Kepler-389,0.78,0.79,5376.0,835.65,291.960005,44.900024,2014,Primary Transit,
kepler-389 c,0.13,,14.51143,,Kepler-389,0.78,0.79,5376.0,835.65,291.960005,44.900024,2014,Primary Transit,
kepler-38 (ab)b,0.39,0.38,105.595,,Kepler-38 A,0.949,1.757,5640.0,,286.8292,42.2792,2012,Primary Transit,
kepler-390 ab,0.0651,,6.73808701,0.0,Kepler-390 A,0.877,0.829,5174.86,435.277,291.628777,41.208603,2014,Primary Transit,
kepler-390 ac,0.071,,13.0600399,0.0,Kepler-390 A,0.877,0.829,5174.86,435.277,291.628777,41.208603,2014,Primary Transit,
kepler-391 b,0.02543,,7.416755,0.46,Kepler-391,1.22,3.57,4940.0,891.53,290.621815,51.057304,2014,Primary Transit,
kepler-391 c,0.316,1.416,20.485435,0.27,Kepler-391,1.22,3.57,4940.0,891.53,290.621815,51.057304,2014,Primary Transit,
kepler-392 b,0.089,,5.341853,,Kepler-392,1.13,1.13,5938.0,695.06,288.660765,43.368084,2014,Primary Transit,
kepler-392 c,0.098,,10.423118,,Kepler-392,1.13,1.13,5938.0,695.06,288.660765,43.368084,2014,Primary Transit,
kepler-393 ab,0.115,,9.182417,,Kepler-393 A,1.32,1.38,6189.0,904.28,290.995257,45.192215,2014,Primary Transit,
kepler-393 ac,0.119,,14.613612,,Kepler-393 A,1.32,1.38,6189.0,904.28,290.995257,45.192215,2014,Primary Transit,
kepler-394 b,0.143,,8.005013,,Kepler-394,1.11,1.13,6402.0,1091.69,296.301953,50.672318,2014,Primary Transit,
kepler-394 c,0.148,,12.130686,,Kepler-394,1.11,1.13,6402.0,1091.69,296.301953,50.672318,2014,Primary Transit,
kepler-394 d,0.134,,5.613580227,0.0,Kepler-394,1.11,1.13,6402.0,1091.69,296.301953,50.672318,2017,Primary Transit,
kepler-395 b,0.092,,7.054346,,Kepler-395,0.53,0.56,4262.0,426.34,293.511099,45.136598,2014,Primary Transit,
kepler-395 c,0.118,,34.989262,,Kepler-395,0.53,0.56,4262.0,426.34,293.511099,45.136598,2014,Primary Transit,
kepler-396 b,0.312,0.238,42.994,,Kepler-396,0.81,1.17,5384.0,225.19,296.132818,48.977402,2013,Primary Transit,
kepler-396 c,0.473,0.056,88.505,,Kepler-396,0.81,1.17,5384.0,225.19,296.132818,48.977402,2013,Primary Transit,
kepler-397 ab,0.219,,22.250949,,Kepler-397 A,,0.77,5307.0,969.0,295.894109,42.380451,2014,Primary Transit,
kepler-397 ac,0.551,,135.498527,,Kepler-397 A,,0.77,5307.0,969.0,295.894109,42.380451,2014,Primary Transit,
kepler-398 b,0.083,,4.081423,,Kepler-398,,0.61,4493.0,178.27,291.468662,40.343853,2014,Primary Transit,
kepler-398 c,0.09,,11.419412,,Kepler-398,,0.61,4493.0,178.27,291.468662,40.343853,2014,Primary Transit,
kepler-398 d,0.079,,6.83437001,,Kepler-398,,0.61,4493.0,178.27,291.468662,40.343853,2016,Primary Transit,
kepler-399 b,0.086,,14.425281,,Kepler-399,,0.68,5502.0,1362.18,299.501738,40.670806,2014,Primary Transit,
kepler-399 c,0.128,,26.67569,,Kepler-399,,0.68,5502.0,1362.18,299.501738,40.670806,2014,Primary Transit,
kepler-399 d,0.169,,58.034616,,Kepler-399,,0.68,5502.0,1362.18,299.501738,40.670806,2014,Primary Transit,
kepler-400 ab,0.147,,9.024389,,Kepler-400 A,,1.15,6258.0,709.0,290.944481,40.480035,2014,Primary Transit,
kepler-400 ac,0.133,,17.340824,,Kepler-400 A,,1.15,6258.0,709.0,290.944481,40.480035,2014,Primary Transit,
kepler-401 b,0.153,,14.383035,,Kepler-401,,1.33,6117.0,993.14,290.082749,50.863483,2014,Primary Transit,
kepler-401 c,0.192,,47.318218,,Kepler-401,,1.33,6117.0,993.14,290.082749,50.863483,2014,Primary Transit,
kepler-401 d,0.203,,184.256405,,Kepler-401,,1.33,6117.0,993.14,290.082749,50.863483,2016,Primary Transit,
kepler-402 b,0.109,,4.028751,,Kepler-402,,1.26,6090.0,636.78,288.370225,43.35461,2014,Primary Transit,
kepler-402 c,0.139,,6.124821,,Kepler-402,,1.26,6090.0,636.78,288.370225,43.35461,2014,Primary Transit,
kepler-402 d,0.123,,8.921099,,Kepler-402,,1.26,6090.0,636.78,288.370225,43.35461,2014,Primary Transit,
kepler-402 e,0.13,,11.242861,,Kepler-402,,1.26,6090.0,636.78,288.370225,43.35461,2014,Primary Transit,
kepler-403 b,0.112,,7.031462,,Kepler-403,,1.33,6090.0,860.93,289.921461,46.74456,2014,Primary Transit,
kepler-403 c,0.156,,54.280749,,Kepler-403,,1.33,6090.0,860.93,289.921461,46.74456,2014,Primary Transit,
kepler-403 d,0.127,,13.61159129,,Kepler-403,,1.33,6090.0,860.93,289.921461,46.74456,2016,Primary Transit,
kepler-404 b,0.113,,11.829851,,Kepler-404,,0.88,5654.0,831.86,286.398631,45.343533,2014,Primary Transit,
kepler-404 c,0.153,,14.751166,,Kepler-404,,0.88,5654.0,831.86,286.398631,45.343533,2014,Primary Transit,
kepler-405 b,0.186,,10.613839,,Kepler-405,,0.89,5818.0,1096.92,291.409458,38.34003,2014,Primary Transit,
kepler-405 c,0.416,,29.726682,,Kepler-405,,0.89,5818.0,1096.92,291.409458,38.34003,2014,Primary Transit,
kepler-406 b,0.128,0.02,2.42629,,Kepler-406,1.07,1.07,5538.0,367.86,291.848044,44.968224,2014,Primary Transit,
kepler-406 c,0.076,0.009,4.62332,,Kepler-406,1.07,1.07,5538.0,367.86,291.848044,44.968224,2014,Primary Transit,
kepler-407 ab,0.10358,0.005251,0.669310092,0.0,Kepler-407 A,0.96,1.057,5476.0,341.69,286.036347,49.614506,2014,Primary Transit,
kepler-407 ac,,,2091.7494,0.221,Kepler-407 A,0.96,1.057,5476.0,341.69,286.036347,49.614506,2014,Radial Velocity,
kepler-408 b,0.073,0.01573,2.46502,,Kepler-408,1.08,1.23,6104.0,89.01,284.786175,48.423233,2014,Primary Transit,
kepler-409 b,0.106,0.06922,68.9584,,Kepler-409,0.92,0.89,5460.0,68.31,293.67919,46.852764,2014,Primary Transit,
kepler-40 b,1.17,2.2,6.87349,0.0,Kepler-40,1.48,2.13,6510.0,2700.0,296.81369,47.526608,2010,Primary Transit,
kepler-410 ab,0.253,,17.833648,0.17,Kepler-410 A,1.21,1.35,6273.0,132.0,283.150698,45.139832,2013,Primary Transit,
kepler-411 ab,0.16647,0.0805,3.005156,0.146,Kepler-411 A,0.87,0.82,4837.0,153.676,287.605582,49.523262,2013,Primary Transit,
kepler-411 ac,0.28888,0.0831,7.834435,0.108,Kepler-411 A,0.87,0.82,4837.0,153.676,287.605582,49.523262,2016,Primary Transit,
kepler-411 ad,0.30119,0.04782,58.02035,0.128,Kepler-411 A,0.87,0.82,4837.0,153.676,287.605582,49.523262,2018,Primary Transit,
kepler-411 ae,,0.03398,31.509728,0.016,Kepler-411 A,0.87,0.82,4837.0,153.676,287.605582,49.523262,2018,TTV,
kepler-412 b,1.341,0.941,1.7208604,0.0038,Kepler-412,1.17,1.29,5750.0,1121.32,286.110327,43.680958,2014,Primary Transit,
kepler-413 (ab)b,0.3881,0.211,66.262,0.1181,Kepler-413 (AB),1.3623,0.7761,4700.0,,288.5125,51.1625,2013,Primary Transit,
kepler-414 b,0.153,0.011,4.7,,Kepler-414,0.89,0.95,5567.0,418.44,297.961566,48.244362,2014,TTV,
kepler-414 c,0.269,0.094,7.171,,Kepler-414,0.89,0.95,5567.0,418.44,297.961566,48.244362,2014,TTV,
kepler-415 b,0.108,0.377,4.176,,Kepler-415,0.67,0.64,,538.39,293.804434,38.639131,2014,TTV,
kepler-415 c,0.2507,,8.708,,Kepler-415,0.67,0.64,,538.39,293.804434,38.639131,2014,TTV,
kepler-416 b,0.2418,0.183,6.31943553,0.0,Kepler-416,1.0,1.089,5620.27,690.819,291.556965,39.227287,2014,"Primary Transit, TTV",
kepler-416 c,0.2186,,12.20951755,0.0,Kepler-416,1.0,1.089,5620.27,690.819,291.556965,39.227287,2014,Primary Transit,
kepler-416 d,0.1436,,3.07644709,0.0,Kepler-416,1.0,1.089,5620.27,690.819,291.556965,39.227287,2014,Primary Transit,
kepler-417 b,0.206,0.035,12.331,,Kepler-417,0.9,0.81,,999.47,293.824314,42.779705,2014,TTV,
kepler-417 c,0.24,,15.943,,Kepler-417,0.9,0.81,,999.47,293.824314,42.779705,2014,TTV,
kepler-418 b,1.2,1.1,86.67856,0.2,Kepler-418,0.98,1.09,5895.0,1002.53,294.433512,38.35545,2014,Primary Transit,
kepler-418 c,0.46579,,12.21829987,0.0,Kepler-418,0.98,1.09,5895.0,1002.53,294.433512,38.35545,2017,Primary Transit,
kepler-419 b,0.96,2.5,69.7546,0.833,Kepler-419,1.39,1.74,6430.0,1041.31,295.417899,51.184765,2014,Primary Transit,
kepler-419 c,,7.3,675.47,0.184,Kepler-419,1.39,1.74,6430.0,1041.31,295.417899,51.184765,2014,TTV,
kepler-41 b,1.29,0.56,1.8555582,0.0,Kepler-41,1.15,1.29,5750.0,1128.11,294.513229,45.981644,2011,Primary Transit,
kepler-420 ab,0.94,1.45,86.647661,0.772,Kepler-420 A,0.99,1.13,5520.0,900.0,291.22518,44.927383,2014,Primary Transit,
kepler-421 ab,0.371,,704.1984,0.041,Kepler-421 A,0.902,0.8117,5265.34,348.558,283.256822,45.087776,2014,Primary Transit,
kepler-422 b,1.15,0.43,7.8914483,,Kepler-422,1.15,1.24,5972.0,738.2,282.629656,46.323357,2014,Primary Transit,
kepler-423 b,1.192,0.595,2.6843285,0.019,Kepler-423,0.85,0.95,5560.0,725.0,292.855742,46.391178,2014,Primary Transit,
kepler-424 b,0.89,1.03,3.3118644,,Kepler-424,1.01,0.94,5460.0,712.87,298.62489,48.577454,2014,Primary Transit,
kepler-424 c,,,223.3,,Kepler-424,1.01,0.94,5460.0,712.87,298.62489,48.577454,2014,Radial Velocity,
kepler-425 b,0.978,0.25,3.79701816,0.33,Kepler-425,0.93,0.86,5170.0,650.0,290.358009,40.567738,2014,Primary Transit,
kepler-426 b,1.09,0.34,3.21751883,0.18,Kepler-426,0.91,0.92,5725.0,880.0,289.434628,49.4734,2014,Primary Transit,
kepler-427 b,1.23,0.29,10.290994,0.57,Kepler-427,0.96,1.35,5800.0,1100.0,288.25458,43.704868,2014,Primary Transit,
kepler-428 b,1.08,1.27,3.52563254,0.22,Kepler-428,0.87,0.8,5150.0,720.0,290.581722,40.5774,2014,Primary Transit,
kepler-42 b,0.07,0.009,1.2137672,,Kepler-42,0.13,0.17,3068.0,38.7,292.219033,44.61916,2011,Primary Transit,
kepler-42 c,0.065,0.006,0.45328509,,Kepler-42,0.13,0.17,3068.0,38.7,292.219033,44.61916,2011,Primary Transit,
kepler-42 d,0.051,0.003,1.865169,,Kepler-42,0.13,0.17,3068.0,38.7,292.219033,44.61916,2011,Primary Transit,
kepler-430 b,0.29,,35.968,,Kepler-430,1.17,1.49,5884.0,942.26,292.808636,49.579445,2015,Primary Transit,
kepler-430 c,0.16,,110.979,,Kepler-430,1.17,1.49,5884.0,942.26,292.808636,49.579445,2015,Primary Transit,
kepler-431 b,0.068,,6.803,,Kepler-431,1.07,1.09,6004.0,493.44,281.112335,43.227789,2015,Primary Transit,
kepler-431 c,0.06,,8.703,,Kepler-431,1.07,1.09,6004.0,493.44,281.112335,43.227789,2015,Primary Transit,
kepler-431 d,0.1,,11.922,,Kepler-431,1.07,1.09,6004.0,493.44,281.112335,43.227789,2015,Primary Transit,
kepler-432 b,1.145,5.41,52.501129,0.5134,Kepler-432,1.32,4.06,4995.0,870.0,293.282206,48.2859,2015,Primary Transit,
kepler-432 c,,,406.2,0.498,Kepler-432,1.32,4.06,4995.0,870.0,293.282206,48.2859,2015,Radial Velocity,
kepler-433 b,1.45,2.82,5.33408384,0.119,Kepler-433,1.46,2.26,6360.0,1870.0,297.593651,40.977268,2015,Primary Transit,
kepler-434 b,1.13,2.86,12.8747099,0.131,Kepler-434,1.2,1.38,5977.0,1240.0,293.586381,42.928913,2015,Primary Transit,
kepler-435 b,1.99,0.84,8.6001536,0.114,Kepler-435,1.54,3.21,6161.0,2070.0,292.287328,43.197281,2015,Primary Transit,
kepler-436 b,0.24,,64.00205,0.19,Kepler-436,0.73,0.7,4651.0,618.0,301.720753,44.412063,2015,Primary Transit,
kepler-436 c,0.208,,16.79713874,,Kepler-436,0.73,0.7,4651.0,618.0,301.720753,44.412063,2016,Primary Transit,
kepler-437 ab,0.19,,66.65062,0.02,Kepler-437 A,0.713,0.679,4550.0,298.12,297.347393,44.026947,2015,Primary Transit,
kepler-438 b,0.1,,35.23319,0.03,Kepler-438,0.54,0.52,3748.0,145.0,281.645806,41.951092,2015,Primary Transit,
kepler-439 b,0.2,,178.1396,0.03,Kepler-439,0.88,0.87,5431.0,693.0,280.801566,44.033994,2015,Primary Transit,
kepler-43 b,1.219,3.23,3.0240949,0.025,Kepler-43,1.32,1.42,6041.0,1035.9,285.240856,46.668255,2011,Primary Transit,
kepler-440 b,0.17,,101.11141,0.34,Kepler-440,0.57,0.56,4134.0,261.0,285.349952,41.452206,2015,Primary Transit,
kepler-441 b,0.15,,207.2482,0.1,Kepler-441,0.57,0.55,4340.0,284.0,284.566904,49.012546,2015,Primary Transit,
kepler-442 b,0.12,,112.3053,0.04,Kepler-442,0.61,0.6,4402.0,342.0,285.366589,39.280081,2015,Primary Transit,
kepler-443 b,0.21,,177.6693,0.11,Kepler-443,0.74,0.71,4723.0,779.0,288.610544,49.968632,2015,Primary Transit,
kepler-444 ab,0.03595,,3.6001053,0.16,Kepler-444 A,0.76,0.75,5046.0,36.48,289.752289,41.634605,2015,Primary Transit,
kepler-444 ac,0.044,,4.5458841,0.31,Kepler-444 A,0.76,0.75,5046.0,36.48,289.752289,41.634605,2015,Primary Transit,
kepler-444 ad,0.047,,6.189392,0.18,Kepler-444 A,0.76,0.75,5046.0,36.48,289.752289,41.634605,2015,Primary Transit,
kepler-444 ae,0.049,,7.743493,0.1,Kepler-444 A,0.76,0.75,5046.0,36.48,289.752289,41.634605,2015,Primary Transit,
kepler-444 af,0.066,,9.740486,0.29,Kepler-444 A,0.76,0.75,5046.0,36.48,289.752289,41.634605,2015,Primary Transit,
kepler-445 b,0.14,0.02,2.984151,0.0,Kepler-445,0.18,0.21,3157.0,90.0,298.736067,46.498552,2015,Primary Transit,
kepler-445 c,0.22,0.027,4.871229,0.0,Kepler-445,0.18,0.21,3157.0,90.0,298.736067,46.498552,2015,Primary Transit,
kepler-445 d,0.11,0.011,8.15275,0.0,Kepler-445,0.18,0.21,3157.0,90.0,298.736067,46.498552,2015,Primary Transit,
kepler-446 b,0.13,0.014,1.565409,0.0,Kepler-446,0.22,0.24,3359.0,120.0,282.250207,44.921102,2015,Primary Transit,
kepler-446 c,0.1,0.009,3.036179,0.0,Kepler-446,0.22,0.24,3359.0,120.0,282.250207,44.921102,2015,Primary Transit,
kepler-446 d,0.12,0.01,5.148921,0.0,Kepler-446,0.22,0.24,3359.0,120.0,282.250207,44.921102,2015,Primary Transit,
kepler-447 b,1.65,1.37,7.79430132,0.123,Kepler-447,1.0,1.05,5493.0,270.12,285.268586,48.560013,2015,Primary Transit,
kepler-448 b,1.23,1.1,17.855182,0.34,Kepler-448,1.454,1.491,6779.23,399.398,297.453731,41.010991,2015,Primary Transit,
kepler-449 ab,0.183,,12.58242,0.03,Kepler-449 A,1.02,1.51,5654.0,241.949,293.732821,41.900829,2015,Primary Transit,
kepler-449 ac,0.247,,33.6727,0.05,Kepler-449 A,1.02,1.51,5654.0,241.949,293.732821,41.900829,2015,Primary Transit,
kepler-44 b,1.09,1.0,3.2467293,0.066,Kepler-44,1.12,1.35,5800.0,1229.15,300.102352,45.762142,2011,Primary Transit,
kepler-450 ab,0.5424,,28.45489091,0.02,Kepler-450 A,1.191,1.641,6152.0,455.982,295.486509,51.0135,2015,Primary Transit,
kepler-450 ac,2.59,,15.4130812,0.02,Kepler-450 A,1.191,1.641,6152.0,455.982,295.486509,51.0135,2015,Primary Transit,
kepler-450 ad,0.0856,,7.5143967,0.14,Kepler-450 A,1.191,1.641,6152.0,455.982,295.486509,51.0135,2015,Primary Transit,
kepler-451 (ab)b,,,406.0,0.33,Kepler-451 (AB),0.6,,,,294.637500011,46.066388903,2015,Timing,
kepler-451 (ab)c,,,1460.0,0.29,Kepler-451 (AB),0.6,,,,294.637500011,46.066388903,2022,Timing,
kepler-451 (ab)d,,,43.0,0.0,Kepler-451 (AB),0.6,,,,294.637500011,46.066388903,2022,Timing,
kepler-452 b,0.145,,384.843,0.035,Kepler-452,1.04,1.11,5757.0,560.62,296.003688,44.277561,2015,Primary Transit,
kepler-453 (ab)b,0.55,0.03,240.503,,Kepler-453 A,0.934,0.833,5527.0,,283.241295853,46.378472239,2014,Primary Transit,
kepler-454 ab,0.2114,0.017,10.5737534,0.0,Kepler-454 A,1.03,1.066,5687.0,230.869,287.478529,38.228866,2015,Primary Transit,
kepler-454 ac,,,525.157337,0.0122,Kepler-454 A,1.03,1.066,5687.0,230.869,287.478529,38.228866,2015,Radial Velocity,
kepler-454 ad,,,4806.833852,0.255,Kepler-454 A,1.03,1.066,5687.0,230.869,287.478529,38.228866,2015,Radial Velocity,
kepler-455 b,0.62,,1322.3,,Kepler 455,0.98,1.005,6175.0,,294.949829183,38.605188905,2015,Primary Transit,
kepler-457 b,0.37,,31.8099,,Kepler-457,1.15,1.256,6116.46,1072.3,282.37753751,44.6945889116,2015,Primary Transit,
kepler-457 c,0.21,,75.2,,Kepler-457,1.15,1.256,6116.46,1072.3,282.37753751,44.6945889116,2015,Primary Transit,
kepler-457 d,0.26627,,10.6906004,0.0,Kepler-457,1.15,1.256,6116.46,1072.3,282.37753751,44.6945889116,2022,Primary Transit,
kepler-458 b,0.41,,572.3847,,Kepler-458,0.98,1.03,6117.2,1594.74,297.045421,46.328701,2015,Primary Transit,
kepler-458 c,0.375,,20.74028413,,Kepler-458,0.98,1.03,6117.2,1594.74,297.045421,46.328701,2016,Primary Transit,
kepler-459 b,0.49,,854.083,,Kepler-459,1.01,1.01,6091.0,,287.378070844,47.7711666856,2015,Primary Transit,
kepler-45 b,0.96,0.505,2.455239,0.11,Kepler-45,0.59,0.55,3820.0,333.0,292.8729,41.064261,2011,Primary Transit,
kepler-460 b,0.57,,440.7813,,Kepler-460,1.1,1.952,5976.2,1274.01,288.474857,40.651357,2015,Primary Transit,
kepler-460 c,0.492,,220.1303357,,Kepler-460,1.1,1.952,5976.2,1274.01,288.474857,40.651357,2016,Primary Transit,
kepler-461 b,0.23,,8.31378306,,Kepler-461,0.98,0.91,5634.0,468.0,292.249069,46.164867,2016,Primary Transit,
kepler-462 b,0.268,0.16959,84.6866,0.042,Kepler-462,1.59,1.57,7500.0,598.0,299.821155,43.814274,2016,Primary Transit,
kepler-462 c,0.357,0.01888,207.62,0.11,Kepler-462,1.59,1.57,7500.0,598.0,299.821155,43.814274,2020,Primary Transit,
kepler-463 b,0.272,,8.98101683,,Kepler-463,0.87,0.9,5661.0,336.0,298.937046,44.85791,2016,Primary Transit,
kepler-464 b,0.294,,7.25696522,,Kepler-464,1.21,1.59,5933.0,653.0,294.835173,48.982361,2016,Primary Transit,
kepler-465 b,0.263,,9.94067247,,Kepler-465,1.23,1.29,6310.0,587.0,284.55572,46.063828,2016,Primary Transit,
kepler-466 b,0.254,,51.07926307,,Kepler-466,1.04,1.05,5927.0,436.0,295.648711,48.495564,2016,Primary Transit,
kepler-466 c,0.112,,3.70921385,,Kepler-466,1.04,1.05,5927.0,436.0,295.648711,48.495564,2016,Primary Transit,
kepler-467 b,0.201,,24.99324193,,Kepler-467,1.05,1.37,5809.0,458.0,287.362816,38.649619,2016,Primary Transit,
kepler-468 b,1.19,,38.47875707,,Kepler-468,0.96,0.87,5498.0,474.0,288.90224,49.370487,2016,Primary Transit,
kepler-469 b,0.0651,,0.875197345,0.0,Kepler-469,1.06,2.19,5846.0,926.29,297.475000018,41.11416668,2017,Primary Transit,
kepler-46 b,0.808,6.0,33.60134,0.01,Kepler-46,0.902,0.79,5309.0,794.54,289.268744,42.604176,2012,Primary Transit,
kepler-46 c,,0.376,57.011,0.0146,Kepler-46,0.902,0.79,5309.0,794.54,289.268744,42.604176,2012,TTV,
kepler-46 d,0.146,,6.766589,0.0,Kepler-46,0.902,0.79,5309.0,794.54,289.268744,42.604176,2014,Primary Transit,
kepler-471 b,1.335,,5.01423457,,Kepler-471,1.49,1.8,6733.0,1373.0,299.09754,43.497593,2016,Primary Transit,
kepler-472 b,0.287,,4.17625551,,Kepler-472,0.85,0.78,4996.0,302.0,296.524306,39.249776,2016,Primary Transit,
kepler-473 b,0.364,,14.55731705,,Kepler-473,1.06,1.34,5816.0,641.0,286.630094,38.945605,2016,Primary Transit,
kepler-474 b,0.273,,5.66067294,,Kepler-474,0.99,1.08,5785.0,568.0,292.321516,43.881168,2016,Primary Transit,
kepler-475 b,0.222,,3.10550819,,Kepler-475,0.86,0.79,5009.0,280.0,287.051707,40.211542,2016,Primary Transit,
kepler-476 ab,0.275,,14.00640607,,Kepler-476 A,1.03,1.09,5837.0,687.0,295.163817,43.963047,2016,Primary Transit,
kepler-477 ab,0.1856,,11.1199028,0.0,Kepler-477 A,0.87,0.6877,5122.63,571.904,288.067594,42.355367,2016,Primary Transit,
kepler-478 ab,0.242,,13.2217576,,Kepler-478 A,0.85,0.8,5210.0,420.0,292.486944,46.196213,2016,Primary Transit,
kepler-479 b,0.189,,12.49341307,,Kepler-479,0.86,0.81,5247.0,371.0,291.021852,37.769803,2016,Primary Transit,
kepler-47 (ab)b,0.27,,49.514,,Kepler-47 A,1.043,0.964,5636.0,,295.2979,46.92,2012,Primary Transit,
kepler-47 (ab)c,0.41,,303.148,,Kepler-47 A,1.043,0.964,5636.0,,295.2979,46.92,2012,Primary Transit,
kepler-47 (ab)d,0.6281,0.05984,187.35,0.024,Kepler-47 A,1.043,0.964,5636.0,,295.2979,46.92,2013,Timing,
kepler-480 b,0.248,,4.9195838,,Kepler-480,1.25,1.34,6322.0,806.0,294.4639,49.765047,2016,Primary Transit,
kepler-481 b,0.223,,10.06082567,,Kepler-481,1.01,1.09,5802.0,713.0,291.907032,49.262054,2016,Primary Transit,
kepler-482 ab,0.2105,,56.35407916,0.0,Kepler-482 A,0.755,0.806,4715.0,313.068,296.822898,48.107555,2016,Primary Transit,
kepler-483 b,0.286,,30.229104,,Kepler-483,1.28,1.47,6346.0,953.0,291.646758,41.884663,2016,Primary Transit,
kepler-484 b,0.203,,10.04556931,,Kepler-484,0.96,0.87,5668.0,377.0,284.394304,46.249081,2016,Primary Transit,
kepler-485 b,1.286,,3.2432598,,Kepler-485,1.07,1.09,5958.0,1173.0,294.996313,50.470066,2016,Primary Transit,
kepler-487 ab,1.019,,15.3587684,,Kepler-487 A,0.91,0.88,5444.0,835.0,295.287222,41.22197,2016,Primary Transit,
kepler-487 ac,0.239,,38.6519976,,Kepler-487 A,0.91,0.88,5444.0,835.0,295.287222,41.22197,2016,Primary Transit,
kepler-487 ad,0.24757,,2.418390036,0.0,Kepler-487 A,0.91,0.88,5444.0,835.0,295.287222,41.22197,2017,Primary Transit,
kepler-489 b,0.689,,17.27629612,,Kepler-489,0.82,0.76,5014.0,379.0,290.833158,38.184334,2016,Primary Transit,
kepler-48 b,0.168,0.0124,4.778,,Kepler-48,0.88,0.89,5194.0,309.47,299.139212,40.94902,2012,Primary Transit,
kepler-48 c,0.242,0.04597,9.67395,,Kepler-48,0.88,0.89,5194.0,309.47,299.139212,40.94902,2012,Primary Transit,
kepler-48 d,0.182,0.025,42.8961,,Kepler-48,0.88,0.89,5194.0,309.47,299.139212,40.94902,2014,Primary Transit,
kepler-48 e,,2.067,982.0,,Kepler-48,0.88,0.89,5194.0,309.47,299.139212,40.94902,2014,Radial Velocity,
kepler-48 f,,,5220.0,0.015,Kepler-48,0.88,0.89,5194.0,309.47,299.139212,40.94902,2023,Radial Velocity,
kepler-490 b,1.039,,3.26869515,,Kepler-490,1.08,1.12,6045.0,1249.0,295.025677,46.956005,2016,Primary Transit,
kepler-491 b,0.796,,4.22538451,,Kepler-491,1.04,1.03,5582.0,657.0,287.130575,42.350155,2016,Primary Transit,
kepler-493 b,1.35,,3.00387658,,Kepler-493,1.36,1.54,6457.0,1942.0,295.30754,38.881639,2016,Primary Transit,
kepler-495 b,0.467,,3.41303622,,Kepler-495,0.94,0.866,5410.0,658.924,285.930707,39.098134,2016,Primary Transit,
kepler-495 c,0.10875,,5.896609783,,Kepler-495,0.94,0.866,5410.0,658.924,285.930707,39.098134,2017,Primary Transit,
kepler-496 b,0.207,,8.30864937,,Kepler-496,0.86,0.82,5293.0,655.0,291.640896,41.241049,2016,Primary Transit,
kepler-497 b,0.5183,,3.573202801,0.0,Kepler-497,1.09,1.609,5644.0,1291.98,290.765882,38.927952,2016,Primary Transit,
kepler-498 b,0.27,,9.61375356,,Kepler-498,0.98,0.96,5744.0,746.0,290.358128,44.518753,2016,Primary Transit,
kepler-499 b,0.194,,5.63252845,,Kepler-499,0.87,0.83,5312.0,523.0,295.109945,43.915207,2016,Primary Transit,
kepler-49 b,0.243,0.98,7.2037945,,Kepler-49,0.55,0.56,4252.0,314.02,292.294579,40.591801,2012,Primary Transit,
kepler-49 c,0.227,0.72,10.9129343,,Kepler-49,0.55,0.56,4252.0,314.02,292.294579,40.591801,2012,Primary Transit,
kepler-49 d,0.143,,2.576549,,Kepler-49,0.55,0.56,4252.0,314.02,292.294579,40.591801,2014,Primary Transit,
kepler-49 e,0.139,,18.596108,,Kepler-49,0.55,0.56,4252.0,314.02,292.294579,40.591801,2014,Primary Transit,
kepler-4 b,0.357,0.077,3.21346,0.0,Kepler-4,1.22,1.595,5772.0,487.91,285.615322,50.135754,2009,Primary Transit,
kepler-500 b,0.23,,8.5083244,,Kepler-500,1.02,1.03,5813.0,747.0,295.951366,43.852051,2016,Primary Transit,
kepler-501 b,0.384,,5.64067757,,Kepler-501,1.03,1.04,5904.0,1044.0,297.201554,41.730206,2016,Primary Transit,
kepler-501 c,0.149979,,3.622760057,0.0,Kepler-501,1.03,1.04,5904.0,1044.0,297.201554,41.730206,2017,Primary Transit,
kepler-502 b,0.426,,4.28686431,,Kepler-502,1.15,1.22,6125.0,1433.0,291.08013,43.860203,2016,Primary Transit,
kepler-504 ab,0.1401,,9.549277089,0.0,Kepler-504 A,0.412,0.418,3600.0,99.0688,284.921843,45.972398,2016,Primary Transit,
kepler-505 b,0.232,,27.52197994,,Kepler-505,0.55,0.53,3931.0,222.0,287.858119,42.542629,2016,Primary Transit,
kepler-506 b,0.244,,6.8834055,,Kepler-506,1.19,1.19,6236.0,231.0,284.635187,40.719832,2016,Primary Transit,
kepler-507 b,0.116,,3.56809693,,Kepler-507,1.16,1.32,6113.0,410.0,297.018834,50.408981,2016,Primary Transit,
kepler-508 b,0.146,,25.30889748,,Kepler-508,1.16,1.25,6025.0,325.0,295.40435,42.981423,2016,Primary Transit,
kepler-509 b,0.222,,41.74600392,,Kepler-509,1.1,1.2,6060.0,339.0,289.664398,48.706207,2016,Primary Transit,
kepler-50 b,0.153,0.1,7.81254,,Kepler-50,1.24,1.58,6225.0,251.91,288.100873,50.033718,2012,Primary Transit,
kepler-50 c,0.194,0.11,9.37647,,Kepler-50,1.24,1.58,6225.0,251.91,288.100873,50.033718,2012,Primary Transit,
kepler-510 b,0.22,,19.55659418,,Kepler-510,0.91,1.41,5746.0,378.0,287.655008,39.24428,2016,Primary Transit,
kepler-511 b,0.567,,296.637865,,Kepler-511,1.0,1.2,5770.0,448.0,282.945693,47.574875,2016,Primary Transit,
kepler-511 c,0.3755,,26.62949944,0.0,Kepler-511,1.0,1.2,5770.0,448.0,282.945693,47.574875,2017,Primary Transit,
kepler-512 b,0.24,,34.43587975,,Kepler-512,1.17,1.3,5997.0,531.0,298.26896,48.91674,2016,Primary Transit,
kepler-513 b,0.196,,28.86235584,,Kepler-513,1.02,1.06,5849.0,467.0,285.041686,50.075375,2016,Primary Transit,
kepler-514 ab,0.1811,,5.65178922,0.0,Kepler-514 A,1.28,1.44,6106.0,489.0,286.247188,50.242409,2016,Primary Transit,
kepler-515 ab,0.134,,19.96367208,0.0,Kepler-515 A,0.9,0.83,5293.0,255.0,290.493913,52.055611,2016,Primary Transit,
kepler-516 b,0.512,,24.85462415,,Kepler-516,1.62,2.02,7099.0,777.0,295.608779,38.735736,2016,Primary Transit,
kepler-517 ab,0.248,,60.92818866,0.0,Kepler-517 A,0.991,1.0384,5604.05,289.907,293.675335,41.295348,2016,Primary Transit,
kepler-518 b,0.188,,8.51203588,,Kepler-518,0.96,0.88,5842.0,324.0,287.089972,41.373873,2016,Primary Transit,
kepler-519 ab,0.1909,,24.30784323,0.0,Kepler-519 A,0.89,0.8,5260.0,234.0,299.319538,41.384647,2016,Primary Transit,
kepler-51 b,0.633,0.007,45.154,0.04,Kepler-51,0.985,0.881,5670.0,783.831,296.479776,49.937683,2012,Primary Transit,
kepler-51 c,0.803,0.013,85.312,0.014,Kepler-51,0.985,0.881,5670.0,783.831,296.479776,49.937683,2012,Primary Transit,
kepler-51 d,0.865,0.024,130.194,0.008,Kepler-51,0.985,0.881,5670.0,783.831,296.479776,49.937683,2014,Primary Transit,
kepler-51 e,,0.017,264.3,0.02,Kepler-51,0.985,0.881,5670.0,783.831,296.479776,49.937683,2024,TTV,
kepler-520 ab,0.148,,19.67416124,,Kepler-520 A,1.1,1.65,6028.0,623.901,293.180322,41.617763,2016,Primary Transit,
kepler-520 ac,0.095,,5.21104261,,Kepler-520 A,1.1,1.65,6028.0,623.901,293.180322,41.617763,2016,Primary Transit,
kepler-521 b,0.284,,22.20813214,,Kepler-521,1.34,1.46,6406.0,737.0,298.816376,43.998039,2016,Primary Transit,
kepler-522 b,0.616,,38.58422849,,Kepler-522,1.54,1.98,6392.0,749.0,288.153996,44.068821,2016,Primary Transit,
kepler-523 b,0.175,,5.83598311,,Kepler-523,0.93,0.86,5515.0,270.0,284.06113,45.506855,2016,Primary Transit,
kepler-524 b,0.17,,7.97419807,,Kepler-524,1.09,1.1,6014.0,730.0,296.859217,49.162048,2016,Primary Transit,
kepler-524 c,0.086,,1.88897906,,Kepler-524,1.09,1.1,6014.0,730.0,296.859217,49.162048,2016,Primary Transit,
kepler-525 b,0.235,,18.68404933,,Kepler-525,0.95,1.15,5573.0,566.0,296.183433,47.358761,2016,Primary Transit,
kepler-526 ab,0.178,,5.45849832,,Kepler-526 A,1.15,1.14,5894.0,504.0,297.650933,47.396294,2016,Primary Transit,
kepler-527 b,0.253,,13.28535633,,Kepler-527,1.28,1.45,6388.0,901.0,290.957911,47.406284,2016,Primary Transit,
kepler-528 b,0.186,,19.78297415,,Kepler-528,1.01,1.06,5807.0,711.0,295.684814,47.748081,2016,Primary Transit,
kepler-529 b,0.166,,1.98035766,,Kepler-529,1.07,1.14,6087.0,787.0,285.888369,47.880386,2016,Primary Transit,
kepler-529 c,0.178,,12.8345022,,Kepler-529,1.07,1.14,6087.0,787.0,285.888369,47.880386,2016,Primary Transit,
kepler-529 d,0.24936,,35.86619949,0.0,Kepler-529,1.07,1.14,6087.0,787.0,285.888369,47.880386,2023,Primary Transit,
kepler-52 ab,0.187,0.25,7.8773565,,Kepler-52 A,0.624,0.63,4163.9,321.542,286.738033,49.97575,2012,Primary Transit,
kepler-52 ac,0.164,0.198,16.3850021,,Kepler-52 A,0.624,0.63,4163.9,321.542,286.738033,49.97575,2012,Primary Transit,
kepler-52 d,0.174,,36.445171,,Kepler-52 A,0.624,0.63,4163.9,321.542,286.738033,49.97575,2014,Primary Transit,
kepler-530 ab,0.256,,39.30944096,0.0,Kepler-530 A,0.97,0.89,5697.0,464.0,283.340288,48.549046,2016,Primary Transit,
kepler-531 b,0.248,,29.88485741,,Kepler-531,0.78,0.75,4893.0,254.0,286.524812,48.683601,2016,Primary Transit,
kepler-532 b,0.229,,12.92491623,,Kepler-532,0.87,0.79,5192.0,325.0,298.660915,48.606373,2016,Primary Transit,
kepler-533 b,0.302,,28.51120525,,Kepler-533,0.78,0.72,4758.0,305.0,293.685736,48.825146,2016,Primary Transit,
kepler-534 ab,0.2,,15.95994513,,Kepler-534 A,1.05,0.98,5884.0,473.0,296.418559,49.540104,2016,Primary Transit,
kepler-534 ac,0.10947,,7.378689766,0.0,Kepler-534 A,1.05,0.98,5884.0,473.0,296.418559,49.540104,2017,Primary Transit,
kepler-535 b,0.211,,4.90332155,,Kepler-535,1.18,1.27,6123.0,678.0,296.566641,49.696251,2016,Primary Transit,
kepler-536 ab,0.27469,,1.82708193,0.0,Kepler-536 A,0.965,0.86,5500.86,462.322,297.73638,49.637154,2016,Primary Transit,
kepler-537 b,0.126,,3.24755522,,Kepler-537,1.07,0.99,5763.0,465.0,289.880634,51.277081,2016,Primary Transit,
kepler-538 ab,0.198,0.03335,81.73778,0.041,Kepler-538 A,0.892,0.8717,5534.0,155.956,297.486901,49.623455,2016,Primary Transit,
kepler-538 ac,0.0562,,118.0,,Kepler-538 A,0.892,0.8717,5534.0,155.956,297.486901,49.623455,2019,Primary Transit,
kepler-539 b,0.747,0.97,125.63243,0.39,Kepler-539,1.05,0.95,5820.0,310.01,299.122454,41.86676,2016,Primary Transit,
kepler-539 c,,2.4,1000.0,0.5,Kepler-539,1.05,0.95,5820.0,310.01,299.122454,41.86676,2016,TTV,
kepler-53 c,0.283,0.11,38.5583038,,Kepler-53,0.98,0.89,5858.0,1420.1,290.461775,40.562462,2012,Primary Transit,
kepler-53 d,0.189,,9.751962,,Kepler-53,0.98,0.89,5858.0,1420.1,290.461775,40.562462,2014,Primary Transit,
kepler-540 b,0.242,,172.7049784,,Kepler-540,1.02,1.08,5946.0,350.0,290.625252,44.873962,2016,Primary Transit,
kepler-541 b,0.3,,5.08005848,,Kepler-541,1.41,2.06,6166.0,1020.0,294.149669,38.458259,2016,Primary Transit,
kepler-542 b,0.14,,13.14497566,,Kepler-542,0.93,0.9,5526.0,439.0,292.215089,38.548588,2016,Primary Transit,
kepler-543 ab,0.2195,,13.89963233,0.0,Kepler-543 A,0.751,0.719,4702.0,221.802,287.218727,38.862513,2016,Primary Transit,
kepler-544 b,0.189,,21.41616926,,Kepler-544,1.16,1.22,6206.0,797.0,294.029098,39.051846,2016,Primary Transit,
kepler-545 b,0.24,,13.24934059,,Kepler-545,1.04,1.07,5882.0,831.0,290.566303,40.692045,2016,Primary Transit,
kepler-546 b,0.624,,4.14702026,,Kepler-546,1.11,1.15,5967.0,896.0,283.257599,40.990498,2016,Primary Transit,
kepler-547 ab,0.357,,6.01038429,,Kepler-547 A,0.78,0.73,4828.0,361.0,286.118673,44.34528,2016,Primary Transit,
kepler-548 b,1.07,,4.45419434,,Kepler-548,0.93,0.9,5535.0,776.0,299.90591,45.439678,2016,Primary Transit,
kepler-549 bb,0.2659,,42.949522,0.0,Kepler-549 B,0.9,0.846,5259.0,635.145,283.022789,47.261135,2016,Primary Transit,
kepler-549 bc,0.2391,,117.033521,0.0,Kepler-549 B,0.9,0.846,5259.0,635.145,283.022789,47.261135,2016,Primary Transit,
kepler-549 bd,0.40557,,24.6147995,0.0,Kepler-549 B,0.9,0.846,5259.0,635.145,283.022789,47.261135,2017,Primary Transit,
kepler-54 ab,0.187,0.92,8.0109434,,Kepler-54 A,0.524,0.527,3768.0,271.7,294.773939,43.056295,2012,Primary Transit,
kepler-54 ac,0.11,0.37,12.0717249,,Kepler-54 A,0.524,0.527,3768.0,271.7,294.773939,43.056295,2012,Primary Transit,
kepler-54 ad,0.136,,20.995694,,Kepler-54 A,0.524,0.527,3768.0,271.7,294.773939,43.056295,2014,Primary Transit,
kepler-550 b,0.394,,8.60010411,,Kepler-550,0.87,0.83,5322.0,563.0,297.70024,47.86375,2016,Primary Transit,
kepler-551 b,0.244,,12.3764661,,Kepler-551,0.65,0.63,4286.0,312.0,285.485043,48.054325,2016,Primary Transit,
kepler-552 b,0.352,,5.26341577,,Kepler-552,1.03,1.04,5863.0,834.0,290.747687,48.242012,2016,Primary Transit,
kepler-553 b,0.413,,4.03046804,,Kepler-553,0.92,0.85,5266.0,725.0,298.550829,48.332455,2016,Primary Transit,
kepler-553 c,0.999,,328.2399546,,Kepler-553,0.92,0.85,5266.0,725.0,298.550829,48.332455,2016,Primary Transit,
kepler-554 b,0.383,,1.90220856,,Kepler-554,0.93,0.92,5447.0,642.0,296.406853,51.358154,2016,Primary Transit,
kepler-555 ab,0.252,,16.21775407,,Kepler-555 A,1.03,1.04,5894.0,772.0,285.516852,38.932408,2016,Primary Transit,
kepler-556 b,0.2,,11.72292176,,Kepler-556,1.0,0.98,5740.0,729.0,290.529444,38.942671,2016,Primary Transit,
kepler-557 b,0.238,,3.70598955,,Kepler-557,1.11,1.16,6068.0,1126.0,293.708458,41.615135,2016,Primary Transit,
kepler-558 b,0.211,,29.00790538,,Kepler-558,0.85,0.81,5242.0,652.0,284.657888,42.652676,2016,Primary Transit,
kepler-559 b,0.322,,17.58752333,,Kepler-559,0.96,0.95,5630.0,793.0,296.636834,43.802792,2016,Primary Transit,
kepler-55 ab,0.17,0.1353,27.9541337,,Kepler-55 A,0.69,0.715,4398.0,578.796,285.168338,44.026466,2012,Primary Transit,
kepler-55 ac,0.165,0.2196,42.1406089,0.0,Kepler-55 A,0.69,0.715,4398.0,578.796,285.168338,44.026466,2012,Primary Transit,
kepler-55 ad,0.165,,2.211116989,0.0,Kepler-55 A,0.69,0.715,4398.0,578.796,285.168338,44.026466,2014,Primary Transit,
kepler-55 ae,0.1445,,4.617490562,0.0,Kepler-55 A,0.69,0.715,4398.0,578.796,285.168338,44.026466,2014,Primary Transit,
kepler-55 af,0.1561,,10.19849255,0.0,Kepler-55 A,0.69,0.715,4398.0,578.796,285.168338,44.026466,2014,Primary Transit,
kepler-560 bb,0.1383,,18.47762694,0.0,Kepler-560 B,0.398,0.406,3569.0,109.308,300.206095,45.018147,2016,Primary Transit,
kepler-561 b,0.621,,58.3620495,,Kepler-561,0.96,0.94,5646.0,667.0,293.747096,45.10722,2016,Primary Transit,
kepler-561 c,0.239,,5.35016198,,Kepler-561,0.96,0.94,5646.0,667.0,293.747096,45.10722,2016,Primary Transit,
kepler-562 b,0.465,,18.00931444,,Kepler-562,0.93,0.9,5575.0,822.0,290.119627,46.273811,2016,Primary Transit,
kepler-563 b,0.276,,22.18432708,,Kepler-563,0.8,0.77,5066.0,557.0,292.446272,46.289776,2016,Primary Transit,
kepler-564 b,0.413,,3.75083228,,Kepler-564,0.95,0.92,5626.0,830.0,296.838379,46.626404,2016,Primary Transit,
kepler-565 ab,0.325,,4.24374723,,Kepler-565 A,0.98,0.95,5735.0,1041.0,283.617946,47.196686,2016,Primary Transit,
kepler-566 b,0.192,,18.42794624,,Kepler-566,0.83,0.79,5132.0,628.0,291.554496,47.81448,2016,Primary Transit,
kepler-567 b,0.201,,16.54297375,,Kepler-567,0.84,0.79,5148.0,568.0,297.672615,48.302315,2016,Primary Transit,
kepler-568 b,0.202,,11.02347475,,Kepler-568,0.55,0.53,3768.0,126.0,298.105708,48.40115,2016,Primary Transit,
kepler-569 b,0.282,,34.18890521,,Kepler-569,0.95,0.93,5616.0,645.0,283.507278,48.552605,2016,Primary Transit,
kepler-56 b,0.581,0.07,10.5016,0.04,Kepler-56,1.32,4.23,4840.0,936.96,293.758347,41.871869,2012,Primary Transit,
kepler-56 c,0.874,0.57,21.40239,0.0,Kepler-56,1.32,4.23,4840.0,936.96,293.758347,41.871869,2012,Primary Transit,
kepler-56 d,,,1002.0,0.2,Kepler-56,1.32,4.23,4840.0,936.96,293.758347,41.871869,2016,Radial Velocity,
kepler-570 b,0.219,,4.301662,,Kepler-570,0.93,0.9,5496.0,642.0,290.437586,48.791885,2016,Primary Transit,
kepler-571 b,0.236,,4.79859939,,Kepler-571,0.93,0.9,5527.0,756.0,286.55102,49.418743,2016,Primary Transit,
kepler-572 b,0.23,,17.20523483,,Kepler-572,0.83,0.79,5212.0,532.0,291.221081,50.581303,2016,Primary Transit,
kepler-573 b,0.249,,22.18329658,,Kepler-573,0.99,1.02,5746.0,758.0,289.521162,51.237316,2016,Primary Transit,
kepler-574 b,0.213,,7.65880414,,Kepler-574,0.95,0.91,5612.0,747.0,290.247043,52.149136,2016,Primary Transit,
kepler-575 b,0.213,,9.37891944,,Kepler-575,0.97,0.95,5710.0,852.0,286.963889,37.8297,2016,Primary Transit,
kepler-576 b,0.292,,29.91136794,,Kepler-576,0.99,0.97,5672.0,698.0,295.18292,38.654231,2016,Primary Transit,
kepler-577 b,0.227,,25.69578251,,Kepler-577,0.78,0.73,4984.0,549.0,294.711927,39.073762,2016,Primary Transit,
kepler-578 b,0.178,,1.6168837,,Kepler-578,0.87,0.83,5334.0,568.0,288.75495,39.563656,2016,Primary Transit,
kepler-579 b,0.178,,9.66857723,,Kepler-579,0.99,0.96,5636.0,663.0,295.002039,39.952923,2016,Primary Transit,
kepler-57 b,0.21,0.372,5.7293196,,Kepler-57,0.83,0.73,5145.0,656.23,293.641285,44.65704,2012,Primary Transit,
kepler-57 c,0.15,0.0233,11.6092567,,Kepler-57,0.83,0.73,5145.0,656.23,293.641285,44.65704,2012,Primary Transit,
kepler-580 b,0.229,,8.22241966,,Kepler-580,0.67,0.64,4298.0,333.0,283.499815,40.552805,2016,Primary Transit,
kepler-581 b,0.235,,40.6069821,,Kepler-581,1.0,1.0,5772.0,833.0,295.432782,40.648247,2016,Primary Transit,
kepler-582 b,0.328,,18.49235668,,Kepler-582,0.93,0.91,5564.0,751.0,297.503687,41.057021,2016,Primary Transit,
kepler-583 b,0.203,,6.5100253,,Kepler-583,0.94,0.91,5523.0,805.0,282.11133,42.354504,2016,Primary Transit,
kepler-584 b,0.376,,35.1810304,,Kepler-584,1.17,1.24,6195.0,1445.0,288.230593,42.413624,2016,Primary Transit,
kepler-585 b,0.252,,2.75235975,,Kepler-585,0.96,0.93,5593.0,604.0,286.528499,43.873405,2016,Primary Transit,
kepler-586 b,0.249,,2.10472218,,Kepler-586,0.94,0.92,5575.0,707.0,293.05722,45.551193,2016,Primary Transit,
kepler-587 b,0.199,,10.94027841,,Kepler-587,0.92,0.89,5549.0,852.0,288.67069,47.399143,2016,Primary Transit,
kepler-588 b,0.235,,4.22162536,,Kepler-588,1.01,1.0,5835.0,972.0,284.25721,47.688953,2016,Primary Transit,
kepler-589 ab,0.2632,,16.54967098,0.0,Kepler-589 A,0.9,0.807,5262.0,612.803,280.641367,47.751954,2016,Primary Transit,
kepler-589 ac,0.09965,,3.52466011,0.0,Kepler-589 A,0.9,0.807,5262.0,612.803,280.641367,47.751954,2017,Primary Transit,
kepler-58 b,0.2079,,10.2184954,0.0,Kepler-58,0.972,0.982,5747.0,969.252,296.358649,39.115194,2012,Primary Transit,
kepler-58 c,0.2623,,15.573637,0.0,Kepler-58,0.972,0.982,5747.0,969.252,296.358649,39.115194,2012,Primary Transit,
kepler-58 d,0.2605,,40.1015561,0.0,Kepler-58,0.972,0.982,5747.0,969.252,296.358649,39.115194,2014,Primary Transit,
kepler-58 e,0.15095,,4.458149,0.0,Kepler-58,0.972,0.982,5747.0,969.252,296.358649,39.115194,2014,Primary Transit,
kepler-590 b,0.359,,5.85296257,,Kepler-590,1.1,1.15,6000.0,986.0,296.385544,48.233448,2016,Primary Transit,
kepler-591 b,0.302,,81.1694299,,Kepler-591,0.97,0.94,5677.0,793.0,286.024025,48.43177,2016,Primary Transit,
kepler-592 b,0.213,,2.82019241,,Kepler-592,1.04,1.04,5913.0,1034.0,285.790685,48.683262,2016,Primary Transit,
kepler-593 b,0.256,,21.21708973,,Kepler-593,1.08,1.1,5967.0,1016.0,294.951451,48.651188,2016,Primary Transit,
kepler-594 b,0.194,,13.64618192,,Kepler-594,0.91,0.87,5485.0,742.0,288.921586,49.762035,2016,Primary Transit,
kepler-595 b,0.331,0.05475,25.3029092,,Kepler-595,0.93,0.82,5247.0,639.0,294.570393,50.673023,2016,Primary Transit,
kepler-595 c,0.09,0.01038,12.38602,,Kepler-595,0.93,0.82,5247.0,639.0,294.570393,50.673023,2020,Primary Transit,
kepler-596 b,0.309,,21.30022655,,Kepler-596,1.21,1.32,6267.0,1083.0,289.500676,51.68573,2016,Primary Transit,
kepler-597 b,0.211,,13.02365861,,Kepler-597,0.97,0.95,5683.0,660.0,293.470106,39.252808,2016,Primary Transit,
kepler-598 b,0.134,,3.70175428,,Kepler-598,0.87,0.86,5307.0,686.0,293.123423,40.934766,2016,Primary Transit,
kepler-598 c,0.27,,86.4945,,Kepler-598,0.87,0.86,5307.0,686.0,293.123423,40.934766,2020,Primary Transit,
kepler-599 b,0.253,,15.65562652,,Kepler-599,0.83,0.79,5127.0,627.0,285.911509,41.069443,2016,Primary Transit,
kepler-59 b,0.098,2.05,11.8681707,0.09,Kepler-59,1.04,0.94,6074.0,1203.57,287.039503,46.640129,2012,Primary Transit,
kepler-59 c,0.177,1.37,17.9801235,0.09,Kepler-59,1.04,0.94,6074.0,1203.57,287.039503,46.640129,2012,Primary Transit,
kepler-5 b,1.426,2.111,3.5484657,0.0,Kepler-5,1.37,1.79,6297.0,923.41,299.407009,44.035046,2009,Primary Transit,
kepler-600 b,0.259,,23.67517607,,Kepler-600,0.84,0.81,5279.0,624.0,283.833059,41.978649,2016,Primary Transit,
kepler-601 b,0.17,,5.37886844,,Kepler-601,0.85,0.79,5160.0,429.0,282.004612,42.176533,2016,Primary Transit,
kepler-602 b,0.186,,15.28469497,,Kepler-602,1.08,1.13,6062.0,971.0,296.031983,42.141949,2016,Primary Transit,
kepler-603 ab,0.236,,21.05358596,,Kepler-603 A,1.01,1.01,5808.0,967.0,294.280982,42.29097,2016,Primary Transit,
kepler-603 ac,0.58,,127.9075774,,Kepler-603 A,1.01,1.01,5808.0,967.0,294.280982,42.29097,2016,Primary Transit,
kepler-603 ad,0.118,,6.2171292,,Kepler-603 A,1.01,1.01,5808.0,967.0,294.280982,42.29097,2016,Primary Transit,
kepler-604 b,0.231,,25.85501786,,Kepler-604,1.02,1.03,5890.0,981.0,292.316017,42.626255,2016,Primary Transit,
kepler-605 ab,0.128,,3.383540239,0.0,Kepler-605 A,0.91,0.88,5462.0,570.0,287.295436,43.279873,2016,Primary Transit,
kepler-605 ac,0.0856,,2.358952404,0.0,Kepler-605 A,0.91,0.88,5462.0,570.0,287.295436,43.279873,2016,Primary Transit,
kepler-606 b,0.295,,24.31575992,,Kepler-606,1.13,1.22,6161.0,1208.0,292.427378,44.381268,2016,Primary Transit,
kepler-607 b,0.078,,0.6381632,,Kepler-607,0.84,0.8,5196.0,500.0,291.057206,44.632381,2016,Primary Transit,
kepler-607 c,0.2462,,39.67679977,,Kepler-607,0.84,0.8,5196.0,500.0,291.057206,44.632381,2017,Primary Transit,
kepler-608 b,0.325,,6.41251504,,Kepler-608,1.0,1.01,5820.0,926.0,293.882931,44.638096,2016,Primary Transit,
kepler-609 b,0.299,,6.52121067,,Kepler-609,1.09,1.14,5971.0,1143.0,292.220313,44.700031,2016,Primary Transit,
kepler-60 b,0.153,0.01318,7.1334,,Kepler-60,1.04,1.26,5905.0,1056.17,288.961242,42.265011,2012,Primary Transit,
kepler-60 c,0.17,0.01211,8.9187,,Kepler-60,1.04,1.26,5905.0,1056.17,288.961242,42.265011,2012,Primary Transit,
kepler-60 d,0.178,0.01309,11.8981,,Kepler-60,1.04,1.26,5905.0,1056.17,288.961242,42.265011,2012,Primary Transit,
kepler-610 b,0.374,,6.99692655,,Kepler-610,1.1,1.13,5943.0,1113.0,293.171343,45.065605,2016,Primary Transit,
kepler-610 c,0.294,,151.86392,,Kepler-610,1.1,1.13,5943.0,1113.0,293.171343,45.065605,2016,Primary Transit,
kepler-611 b,0.147,,2.4370333,,Kepler-611,1.01,1.01,5761.0,906.0,286.004962,45.480392,2016,Primary Transit,
kepler-612 b,0.253,,3.72215641,,Kepler-612,0.98,0.96,5693.0,932.0,291.354639,45.747898,2016,Primary Transit,
kepler-613 b,0.204,,15.77979614,,Kepler-613,0.98,0.96,5723.0,864.0,282.786824,46.244992,2016,Primary Transit,
kepler-614 ab,0.215,,14.03490255,0.0,Kepler-614 A,0.9,0.743,5262.93,527.995,298.384823,46.276043,2016,Primary Transit,
kepler-615 ab,0.155,,10.35584657,,Kepler-615 A,0.73,0.69,4655.0,330.0,282.450603,46.321404,2016,Primary Transit,
kepler-616 b,0.217,,9.99761851,,Kepler-616,0.98,0.949,5556.24,945.775,294.989131,46.838329,2016,Primary Transit,
kepler-616 c,0.304,,90.4113556,,Kepler-616,0.98,0.949,5556.24,945.775,294.989131,46.838329,2016,Primary Transit,
kepler-616 d,0.23669,,51.06740189,0.0,Kepler-616,0.98,0.949,5556.24,945.775,294.989131,46.838329,2017,Primary Transit,
kepler-617 b,0.118,,1.68269615,,Kepler-617,0.51,0.48,3712.0,150.0,283.74071,47.516293,2016,Primary Transit,
kepler-618 b,0.232,,3.59576964,,Kepler-618,1.05,1.08,5860.0,1115.0,286.249817,48.06094,2016,Primary Transit,
kepler-619 b,0.2543,,5.40426917,0.0,Kepler-619,1.04,0.943,900.678,1111.0,290.849058,48.416016,2016,Primary Transit,
kepler-619 c,0.1463,,1.208462378,0.0,Kepler-619,1.04,0.943,900.678,1111.0,290.849058,48.416016,2016,Primary Transit,
kepler-619 d,0.39112,,11.67894236,,Kepler-619,1.04,0.943,900.678,1111.0,290.849058,48.416016,2016,Primary Transit,
kepler-61 ab,0.192,,59.87756,0.25,Kepler-61 A,0.64,0.62,4017.0,338.24,295.304508,42.47529,2013,Primary Transit,
kepler-620 b,0.296,,12.91375431,,Kepler-620,1.15,1.22,6155.0,1241.0,291.159391,51.334866,2016,Primary Transit,
kepler-621 ab,0.205,,2.62811375,,Kepler-621 A,0.72,0.68,4521.0,389.0,290.927286,39.914145,2016,Primary Transit,
kepler-622 b,0.19,,14.28226676,,Kepler-622,0.64,0.61,4201.0,259.0,284.478472,40.93311,2016,Primary Transit,
kepler-623 b,0.269,,9.07097734,,Kepler-623,0.9,0.86,5443.0,811.0,296.986721,47.47739,2016,Primary Transit,
kepler-624 b,0.206,,14.58649607,,Kepler-624,1.18,1.22,6176.34,748.188,295.193389,39.539677,2016,Primary Transit,
kepler-625 b,0.178,,7.75192492,,Kepler-625,1.04,0.96,5789.0,502.0,292.150459,39.637581,2016,Primary Transit,
kepler-625 c,0.094,,4.1653651,,Kepler-625,1.04,0.96,5789.0,502.0,292.150459,39.637581,2016,Primary Transit,
kepler-626 ab,0.2569,,14.48584765,0.0,Kepler-626 A,0.986,1.018,5583.62,635.643,288.698651,39.708288,2016,Primary Transit,
kepler-627 b,0.333,,40.6994443,,Kepler-627,1.3,1.49,6424.0,1143.0,292.104279,39.767914,2016,Primary Transit,
kepler-629 b,0.123,,7.2385854,,Kepler-629,0.93,0.84,5444.0,383.0,289.417832,39.945013,2016,Primary Transit,
kepler-62 b,0.117,0.03,5.714932,,Kepler-62,0.69,0.64,4925.0,368.0,283.212747,45.349865,2013,Primary Transit,
kepler-62 c,0.048,0.013,12.4417,,Kepler-62,0.69,0.64,4925.0,368.0,283.212747,45.349865,2013,Primary Transit,
kepler-62 d,0.174,0.044,18.16406,,Kepler-62,0.69,0.64,4925.0,368.0,283.212747,45.349865,2013,Primary Transit,
kepler-62 e,0.144,0.113,122.3874,,Kepler-62,0.69,0.64,4925.0,368.0,283.212747,45.349865,2013,Primary Transit,
kepler-62 f,0.126,0.11,267.291,,Kepler-62,0.69,0.64,4925.0,368.0,283.212747,45.349865,2013,Primary Transit,
kepler-630 b,0.284,,161.4743937,,Kepler-630,1.02,1.04,5829.0,657.0,293.427043,39.942437,2016,Primary Transit,
kepler-631 b,0.259,,17.97979059,,Kepler-631,1.24,1.33,6185.0,843.0,296.885757,40.228233,2016,Primary Transit,
kepler-632 ab,0.197,,30.99660733,,Kepler-632 A,0.928,0.853,5324.0,354.22,297.252613,40.288605,2016,Primary Transit,
kepler-633 b,0.145,,8.50340718,,Kepler-633,1.02,1.15,5899.0,680.54,295.217437,40.592251,2016,Primary Transit,
kepler-633 c,0.20484,,23.78319931,,Kepler-633,1.02,1.15,5899.0,680.54,295.217437,40.592251,2017,Primary Transit,
kepler-634 b,0.169,,5.16950177,,Kepler-634,1.03,1.24,6075.0,757.0,291.195065,40.702706,2016,Primary Transit,
kepler-635 b,0.236,,23.44971004,,Kepler-635,1.33,1.51,6174.0,826.0,289.773247,40.800724,2016,Primary Transit,
kepler-636 ab,0.3952,,16.080657264,0.0,Kepler-636 A,0.85,0.8,5203.0,341.0,293.591889,41.095161,2016,Primary Transit,
kepler-637 b,0.424,,23.20584623,,Kepler-637,1.64,2.56,6096.0,1575.0,292.417233,41.416882,2016,Primary Transit,
kepler-638 b,0.163,,6.07972888,,Kepler-638,0.88,0.93,5382.0,426.0,284.919429,41.617195,2016,Primary Transit,
kepler-639 b,0.212,,10.21420496,,Kepler-639,1.14,1.29,5896.0,680.0,292.186888,41.727039,2016,Primary Transit,
kepler-63 b,0.545,0.378,9.4341505,0.45,Kepler-63,0.98,0.9,5576.0,200.0,289.226179,49.548203,2013,Primary Transit,
kepler-640 b,0.228,,22.24813967,,Kepler-640,1.01,0.94,5653.0,538.0,296.032191,42.13168,2016,Primary Transit,
kepler-641 b,0.165,,9.48961571,,Kepler-641,1.02,1.13,5713.0,673.0,291.823482,42.516216,2016,Primary Transit,
kepler-642 b,0.259,,4.41745855,,Kepler-642,1.4,1.66,6570.0,1022.0,293.834559,42.624962,2016,Primary Transit,
kepler-643 b,0.906,,16.33889626,,Kepler-643,1.0,2.52,4908.0,1029.0,290.327325,42.898281,2016,Primary Transit,
kepler-644 b,0.281,,3.1739171,,Kepler-644,1.49,1.81,6747.0,1413.0,295.475743,43.493137,2016,Primary Transit,
kepler-645 ab,0.187,,3.27582262,,Kepler-645 A,1.13,1.21,6170.0,901.0,290.322766,44.035809,2016,Primary Transit,
kepler-646 b,0.178,,15.87364565,,Kepler-646,0.93,0.91,5634.0,513.0,290.471339,44.387085,2016,Primary Transit,
kepler-647 b,0.104,,16.2254649,,Kepler-647,1.03,1.07,6020.0,789.0,284.788295,44.591675,2016,Primary Transit,
kepler-647 c,0.357,,29.6663,,Kepler-647,1.03,1.07,6020.0,789.0,284.788295,44.591675,2020,Primary Transit,
kepler-648 b,0.287,,17.4211749,,Kepler-648,1.05,0.98,5741.0,665.0,283.899655,45.016888,2016,Primary Transit,
kepler-649 ab,0.202,,29.90722674,,Kepler-649 A,0.97,0.94,5871.0,525.0,285.655936,45.079556,2016,Primary Transit,
kepler-64 (ab)b,0.553,0.53,138.506,0.0539,Kepler-64 (AB),1.93,1.7,,,298.2167,39.955,2013,Primary Transit,
kepler-650 ab,0.264,,3.03214559,,Kepler-650 A,1.08,1.35,5849.0,805.0,289.000875,45.15427,2016,Primary Transit,
kepler-651 b,0.211,,21.38521506,,Kepler-651,0.92,0.87,5522.0,537.0,287.33279,46.2035,2016,Primary Transit,
kepler-652 b,0.222,,4.18200253,,Kepler-652,0.97,0.88,5490.0,423.0,288.00811,46.473557,2016,Primary Transit,
kepler-653 b,0.174,,14.70748976,,Kepler-653,1.02,1.19,5665.0,593.0,282.21293,46.717819,2016,Primary Transit,
kepler-653 c,0.07,,0.90037648,,Kepler-653,1.02,1.19,5665.0,593.0,282.21293,46.717819,2016,Primary Transit,
kepler-654 ab,0.185,,13.72465129,,Kepler-654 A,1.04,1.11,5865.0,661.0,297.068412,46.834278,2016,Primary Transit,
kepler-655 b,0.242,,46.4063358,,Kepler-655,1.15,1.24,6170.0,783.0,297.259092,46.843193,2016,Primary Transit,
kepler-656 b,0.3185,,1.260258822,0.0,Kepler-656,0.87,0.894,5139.72,890.352,288.327899,47.381592,2016,Primary Transit,
kepler-656 c,0.13605,,5.25449393,,Kepler-656,0.87,0.894,5139.72,890.352,288.327899,47.381592,2017,Primary Transit,
kepler-657 b,0.314,,24.54350418,,Kepler-657,1.01,1.01,5808.0,1244.0,291.197299,47.3078,2016,Primary Transit,
kepler-658 b,0.145,,1.28707676,,Kepler-658,0.63,0.6,4103.0,341.0,282.98379,47.57859,2016,Primary Transit,
kepler-659 b,0.223,,17.671796,,Kepler-659,0.79,0.74,4870.0,688.0,287.608202,47.509686,2016,Primary Transit,
kepler-65 b,0.127,,2.15491,0.02,Kepler-65,1.25,1.41,6211.0,306.39,288.6887,41.151173,2012,Primary Transit,
kepler-65 c,0.23,,5.859944,0.08,Kepler-65,1.25,1.41,6211.0,306.39,288.6887,41.151173,2012,Primary Transit,
kepler-65 d,0.136,0.034,8.13123,0.1,Kepler-65,1.25,1.41,6211.0,306.39,288.6887,41.151173,2012,Primary Transit,
kepler-65 e,,0.82,258.8,0.283,Kepler-65,1.25,1.41,6211.0,306.39,288.6887,41.151173,2019,Radial Velocity,
kepler-660 b,0.229,,9.27358194,,Kepler-660,0.75,0.71,4779.0,564.0,288.138262,47.724453,2016,Primary Transit,
kepler-661 b,0.274,,6.02930132,,Kepler-661,0.7,0.67,4483.0,558.0,283.710881,47.86327,2016,Primary Transit,
kepler-662 ab,0.194,,21.67697486,,Kepler-662 A,0.79,0.74,4897.0,641.0,290.465134,47.92918,2016,Primary Transit,
kepler-663 b,0.232,,4.99678284,,Kepler-663,0.86,0.82,5264.0,1030.0,297.808262,47.946671,2016,Primary Transit,
kepler-664 b,0.237,,2.52559332,,Kepler-664,1.01,1.02,5754.0,1386.0,288.754887,48.2262,2016,Primary Transit,
kepler-665 b,0.232,,16.01310205,,Kepler-665,0.79,0.74,4913.0,651.0,297.02563,48.478596,2016,Primary Transit,
kepler-666 b,0.214,,4.49876092,,Kepler-666,1.03,1.05,5887.0,1330.0,298.45684,48.791592,2016,Primary Transit,
kepler-667 b,0.422,,41.43962808,,Kepler-667,0.91,0.87,5327.0,907.0,295.555049,49.017342,2016,Primary Transit,
kepler-668 b,0.241,,8.35390639,,Kepler-668,0.87,0.82,5352.0,877.0,285.49925,49.277348,2016,Primary Transit,
kepler-669 b,0.431,,4.12554687,,Kepler-669,1.15,1.2,6038.0,1778.0,291.936173,49.253986,2016,Primary Transit,
kepler-66 b,0.25,0.047,17.815815,,Kepler-66,1.04,0.97,5962.0,1107.0,293.981569,46.687748,2013,Primary Transit,
kepler-670 b,1.176,,2.81650485,,Kepler-670,0.99,0.99,5709.0,980.0,297.015468,49.225292,2016,Primary Transit,
kepler-671 b,0.24,,4.28095859,,Kepler-671,0.97,0.95,5624.0,1139.0,294.265808,49.314091,2016,Primary Transit,
kepler-672 b,0.223,,38.3774623,,Kepler-672,0.95,0.92,5627.0,1011.0,291.722008,49.480877,2016,Primary Transit,
kepler-673 b,0.583,,3.72873109,,Kepler-673,0.88,0.84,5355.0,978.0,290.785759,50.054119,2016,Primary Transit,
kepler-674 b,0.151,,2.24338185,,Kepler-674,0.6,0.57,4192.0,302.0,285.176211,50.149818,2016,Primary Transit,
kepler-675 b,0.218,,2.33743801,,Kepler-675,0.79,0.75,4945.0,651.0,293.833326,50.230354,2016,Primary Transit,
kepler-676 b,0.271,,11.59822172,,Kepler-676,0.51,0.49,3701.0,243.0,296.22197,50.287237,2016,Primary Transit,
kepler-677 b,0.48,,6.57531678,,Kepler-677,1.0,0.99,5723.0,1180.0,290.098067,50.321609,2016,Primary Transit,
kepler-678 b,0.459,,7.27503724,,Kepler-678,0.94,0.91,5520.0,875.0,295.455293,50.49456,2016,Primary Transit,
kepler-679 b,0.269,,12.39358604,,Kepler-679,0.87,0.84,5403.0,968.0,296.021342,50.567783,2016,Primary Transit,
kepler-67 b,0.262,0.047,15.7259,,Kepler-67,0.86,0.78,5331.0,1107.0,294.153336,46.166438,2013,Primary Transit,
kepler-680 b,0.216,,3.68992629,,Kepler-680,1.08,1.11,5890.0,1342.0,291.62241,50.618237,2016,Primary Transit,
kepler-681 b,0.275,,26.39435646,,Kepler-681,0.8,0.76,5021.0,666.0,289.399721,51.250324,2016,Primary Transit,
kepler-682 b,0.658,,12.61190667,,Kepler-682,0.92,0.89,5559.0,951.0,289.112222,51.737381,2016,Primary Transit,
kepler-683 b,0.176,,2.53918318,,Kepler-683,0.96,0.95,5703.0,976.0,291.439982,37.905656,2016,Primary Transit,
kepler-684 b,0.3,,6.77030201,,Kepler-684,0.89,0.86,5493.0,1066.0,290.870517,38.273635,2016,Primary Transit,
kepler-685 b,0.944,,1.6255222,,Kepler-685,1.11,1.16,5963.0,1145.0,293.87193,38.422949,2016,Primary Transit,
kepler-686 b,1.084,,1.59474546,,Kepler-686,0.94,0.92,5649.0,1203.0,285.213807,39.027485,2016,Primary Transit,
kepler-687 b,0.314,,20.50586978,,Kepler-687,0.77,0.73,4841.0,628.0,289.315452,39.153285,2016,Primary Transit,
kepler-688 b,0.871,,3.89593684,,Kepler-688,0.98,0.96,5715.0,1247.0,294.655242,39.308366,2016,Primary Transit,
kepler-689 b,0.258,,22.36656079,,Kepler-689,0.91,0.88,5518.0,1044.0,294.710624,39.521744,2016,Primary Transit,
kepler-68 b,0.206,0.02407,5.3988,0.0,Kepler-68,1.064,1.259,5793.0,144.166,291.032305,49.040272,2013,Primary Transit,
kepler-68 c,0.0827,0.00642,9.6051,0.0,Kepler-68,1.064,1.259,5793.0,144.166,291.032305,49.040272,2013,Primary Transit,
kepler-68 d,,,634.6,0.112,Kepler-68,1.064,1.259,5793.0,144.166,291.032305,49.040272,2013,Radial Velocity,
kepler-68 e,,,4464.4241,0.2936,Kepler-68,1.064,1.259,5793.0,144.166,291.032305,49.040272,2023,Radial Velocity,
kepler-690 b,0.531,,7.74809437,,Kepler-690,1.11,1.16,5913.0,1653.0,294.489906,39.771446,2016,Primary Transit,
kepler-691 b,0.186,,8.114379,,Kepler-691,0.53,0.5,3715.0,239.0,288.812003,40.033398,2016,Primary Transit,
kepler-692 b,0.277,,21.81293494,,Kepler-692,0.9,0.86,5440.0,1000.0,294.77684,40.153738,2016,Primary Transit,
kepler-693 ab,0.908,,15.37563332,,Kepler-693 A,0.78,0.8763,4822.0,1151.51,283.253557,40.358196,2016,Primary Transit,
kepler-694 b,0.25,,6.36584161,,Kepler-694,0.97,0.95,5700.0,1023.0,291.149507,40.420518,2016,Primary Transit,
kepler-695 b,0.802,,3.04033046,,Kepler-695,0.8,1.15,4903.0,842.947,299.316097,40.822362,2016,Primary Transit,
kepler-696 b,0.548,,4.19042557,,Kepler-696,1.06,1.08,5903.0,1285.0,293.49661,41.137592,2016,Primary Transit,
kepler-697 b,0.368,,3.70987065,,Kepler-697,0.92,0.88,5513.0,1091.0,283.86439,41.346458,2016,Primary Transit,
kepler-698 b,0.328,,16.32976218,,Kepler-698,0.94,0.91,5612.0,1135.0,288.509997,41.301769,2016,Primary Transit,
kepler-69 b,0.2,,13.722341,0.16,Kepler-69,0.81,0.93,5638.0,746.33,293.260938,44.868896,2013,Primary Transit,
kepler-69 c,0.153,,242.4613,0.14,Kepler-69,0.81,0.93,5638.0,746.33,293.260938,44.868896,2013,Primary Transit,
kepler-6 b,1.304,0.668,3.2346996,0.0,Kepler-6,1.21,1.39,5647.0,597.14,296.837254,48.239964,2009,Primary Transit,
kepler-700 b,0.534,,80.8720639,,Kepler-700,0.98,0.96,5692.0,1061.0,287.1543,41.565788,2016,Primary Transit,
kepler-701 b,0.253,,10.35533177,,Kepler-701,0.88,0.84,5343.0,755.0,288.994182,41.633278,2016,Primary Transit,
kepler-702 b,0.818,,10.52629406,,Kepler-702,0.9,0.86,5419.0,892.0,293.878112,41.66177,2016,Primary Transit,
kepler-703 b,0.732,,4.58352176,,Kepler-703,1.18,1.27,6185.0,1482.0,299.186861,41.742682,2016,Primary Transit,
kepler-704 b,0.233,,3.76182115,,Kepler-704,0.97,0.96,5616.0,1054.0,283.316391,41.83712,2016,Primary Transit,
kepler-705 b,0.188,,56.0560538,,Kepler-705,0.53,0.51,3722.0,251.0,289.508502,41.812107,2016,Primary Transit,
kepler-707 b,0.119,,2.23749275,,Kepler-707,0.8,0.76,5099.0,626.0,290.00757,42.116459,2016,Primary Transit,
kepler-708 b,0.261,,3.16789194,,Kepler-708,0.97,0.96,5692.0,1241.0,293.816466,42.212498,2016,Primary Transit,
kepler-709 b,0.261,,16.08524954,,Kepler-709,0.8,0.77,5071.0,668.0,292.105207,42.380318,2016,Primary Transit,
kepler-70 b,0.068,0.0014,0.240104,,Kepler-70,0.5,0.2,27730.0,1180.0,296.356105,41.092755,2011,Other,
kepler-70 c,0.077,0.0021,0.342887,,Kepler-70,0.5,0.2,27730.0,1180.0,296.356105,41.092755,2011,Other,
kepler-710 b,0.168,,4.34728553,,Kepler-710,0.94,0.91,5611.0,919.0,291.964161,42.696144,2016,Primary Transit,
kepler-711 b,0.304,,23.58914398,,Kepler-711,0.84,0.8,5222.0,664.0,297.460015,42.839924,2016,Primary Transit,
kepler-712 b,0.304,,21.02247699,,Kepler-712,0.84,0.78,5148.0,944.0,294.909734,42.935261,2016,Primary Transit,
kepler-712 c,0.433,,226.89047,,Kepler-712,0.84,0.78,5148.0,944.0,294.909734,42.935261,2016,Primary Transit,
kepler-713 b,0.221,,7.411141,,Kepler-713,0.98,0.99,5785.0,1003.0,295.651502,43.029831,2016,Primary Transit,
kepler-714 b,0.863,,8.09888799,,Kepler-714,1.09,1.12,5995.0,1460.0,282.699531,43.272743,2016,Primary Transit,
kepler-715 b,0.335,,10.00652995,,Kepler-715,1.04,1.04,5871.0,1214.0,283.630767,43.379398,2016,Primary Transit,
kepler-716 b,0.259,,10.37168453,,Kepler-716,0.83,0.78,5099.0,675.0,290.393214,43.363899,2016,Primary Transit,
kepler-716 c,0.124,,3.96999,,Kepler-716,0.83,0.78,5099.0,675.0,290.393214,43.363899,2020,Primary Transit,
kepler-717 b,0.216,,4.40840023,,Kepler-717,0.88,0.85,5485.0,1126.0,292.965535,43.34639,2016,Primary Transit,
kepler-718 b,1.477,,2.0523499,,Kepler-718,1.18,1.3,6191.0,1520.0,299.561877,43.503559,2016,Primary Transit,
kepler-719 b,0.76,,5.00731778,,Kepler-719,1.01,1.72,5691.0,2340.6,295.536136,43.884453,2016,Primary Transit,
kepler-71 b,1.11001,,3.90512,0.0,KOI-217,0.95,0.86,5545.0,800.0,294.865505,46.285854,2010,Primary Transit,
kepler-720 b,0.75,,4.70832654,,Kepler-720,0.95,0.92,5618.0,880.0,298.635649,44.170944,2016,Primary Transit,
kepler-721 b,0.236,,5.39202539,,Kepler-721,0.82,0.78,5075.0,848.0,284.430506,44.480534,2016,Primary Transit,
kepler-722 b,0.235,,4.09357325,,Kepler-722,1.03,1.05,5863.0,1375.0,290.263285,44.55645,2016,Primary Transit,
kepler-722 c,0.252,,105.144749,,Kepler-722,1.03,1.05,5863.0,1375.0,290.263285,44.55645,2016,Primary Transit,
kepler-723 b,1.088,,4.08227507,,Kepler-723,0.92,0.89,5539.0,965.0,284.830468,44.658142,2016,Primary Transit,
kepler-724 b,0.294,,3.31494634,,Kepler-724,0.9,0.86,5437.0,862.0,293.454838,44.792797,2016,Primary Transit,
kepler-725 b,0.948,,39.64317811,,Kepler-725,0.91,0.829,5293.0,758.47,283.977492,44.811562,2016,Primary Transit,
kepler-725 c,,,207.5,0.44,Kepler-725,0.91,0.829,5293.0,758.47,283.977492,44.811562,2025,Radial Velocity,
kepler-726 b,0.291,,21.80451088,,Kepler-726,0.88,0.85,5452.0,838.0,291.717311,44.887306,2016,Primary Transit,
kepler-727 b,0.226,,5.15448442,,Kepler-727,0.89,0.86,5441.0,892.0,294.846908,45.034416,2016,Primary Transit,
kepler-728 b,0.298,,5.74347727,,Kepler-728,0.95,0.93,5660.0,1236.0,291.092356,45.115528,2016,Primary Transit,
kepler-729 b,0.319,,3.16635371,,Kepler-729,0.94,0.91,5633.0,1271.0,286.360112,45.414295,2016,Primary Transit,
kepler-730 b,1.1,,6.49168281,,Kepler-730,1.05,1.41,5620.0,2020.2,285.554804,45.578857,2016,Primary Transit,
kepler-730 c,0.14,,2.85188338,,Kepler-730,1.05,1.41,5620.0,2020.2,285.554804,45.578857,2018,Primary Transit,
kepler-731 b,1.238,,3.85560355,,Kepler-731,1.03,1.06,5849.0,1311.0,296.393174,45.568558,2016,Primary Transit,
kepler-732 b,0.194,,9.46781405,,Kepler-732,0.49,0.46,3631.0,150.0,283.732021,45.958771,2016,Primary Transit,
kepler-732 c,0.113,,0.89304124,,Kepler-732,0.49,0.46,3631.0,150.0,283.732021,45.958771,2016,Primary Transit,
kepler-733 b,0.252,,20.83424726,,Kepler-733,0.9,0.86,5418.0,980.0,293.018285,45.914692,2016,Primary Transit,
kepler-734 b,0.318,,6.10485286,,Kepler-734,0.85,0.78,5326.0,553.0,297.045638,46.027363,2016,Primary Transit,
kepler-735 b,0.263,,11.51516988,,Kepler-735,0.85,0.8,5107.0,790.0,284.688884,46.172249,2016,Primary Transit,
kepler-736 b,0.261,,3.60147201,,Kepler-736,0.86,0.81,5217.0,1007.0,285.391321,46.180939,2016,Primary Transit,
kepler-737 b,0.175,,28.59915399,,Kepler-737,0.51,0.48,3813.0,195.0,291.862847,46.429256,2016,Primary Transit,
kepler-738 b,0.223,,24.58721573,,Kepler-738,0.86,0.82,5327.0,992.0,287.569664,46.567859,2016,Primary Transit,
kepler-739 b,0.296,,12.53248465,,Kepler-739,0.93,0.9,5601.0,1128.0,290.067985,46.57914,2016,Primary Transit,
kepler-740 b,0.408,,3.58410122,,Kepler-740,0.91,0.87,5438.0,1262.0,286.482254,46.692451,2016,Primary Transit,
kepler-741 b,0.265,,7.03902374,,Kepler-741,1.16,1.24,6129.0,1530.0,289.431703,46.617531,2016,Primary Transit,
kepler-742 b,0.289,,8.36086824,,Kepler-742,0.76,0.71,4642.0,499.0,283.866019,46.789589,2016,Primary Transit,
kepler-743 ab,0.1079,,3.179267286,0.0,Kepler-743 A,0.94,0.85,5486.0,258.0,295.574168,42.806436,2016,Primary Transit,
kepler-744 ab,0.145,,12.06222443,,Kepler-744 A,0.94,0.93,5594.0,486.0,296.496136,47.182865,2016,Primary Transit,
kepler-745 b,0.193,,9.93143556,,Kepler-745,1.04,1.04,5849.0,1199.0,291.49943,37.059283,2016,Primary Transit,
kepler-746 ab,0.099,,3.48159251,,Kepler-746 A,0.91,0.93,5418.0,450.0,290.682243,37.355117,2016,Primary Transit,
kepler-748 b,0.225,,7.40742793,,Kepler-748,1.07,1.1,5934.0,1271.0,292.262899,37.236992,2016,Primary Transit,
kepler-749 b,0.277,,17.31716585,,Kepler-749,0.79,0.75,5009.0,753.0,299.89723,43.903908,2016,Primary Transit,
kepler-74 b,0.96,0.63,7.340711,0.0,Kepler-74,1.18,1.12,6000.0,1218.33,293.092525,41.355523,2013,Primary Transit,
kepler-750 b,0.274,,9.42887179,,Kepler-750,1.15,1.23,6160.0,1181.0,289.096874,44.004379,2016,Primary Transit,
kepler-750 c,0.145,,4.08899022,,Kepler-750,1.15,1.23,6160.0,1181.0,289.096874,44.004379,2016,Primary Transit,
kepler-751 b,0.219,,17.44490636,,Kepler-751,0.87,0.84,5387.0,748.0,294.843831,44.077686,2016,Primary Transit,
kepler-752 b,0.251,,18.82747265,,Kepler-752,0.87,0.83,5373.0,1075.0,292.268128,37.955654,2016,Primary Transit,
kepler-753 b,0.17,,5.74772501,,Kepler-753,0.68,0.65,4346.0,278.0,291.903273,37.902288,2016,Primary Transit,
kepler-754 b,0.179,,14.5596237,,Kepler-754,1.06,1.08,5935.0,1192.0,293.254104,37.846192,2016,Primary Transit,
kepler-755 ab,0.1258,,1.269091415,0.0,Kepler-755 A,0.87,0.743,5146.47,399.034,296.860998,41.097338,2016,Primary Transit,
kepler-755 ac,0.1213,,2.853133997,0.0,Kepler-755 A,0.87,0.743,5146.47,399.034,296.860998,41.097338,2016,Primary Transit,
kepler-756 b,0.1,,1.22486632,,Kepler-756,0.82,0.79,5282.0,852.0,290.607939,41.201093,2016,Primary Transit,
kepler-757 b,0.121,,1.02267882,,Kepler-757,1.08,1.13,6014.0,1016.0,296.680438,41.386515,2016,Primary Transit,
kepler-758 b,0.221,,12.1097104,,Kepler-758,1.16,1.42,6228.0,1353.0,293.084606,41.135436,2016,Primary Transit,
kepler-758 c,0.151,,4.75793986,,Kepler-758,1.16,1.42,6228.0,1353.0,293.084606,41.135436,2016,Primary Transit,
kepler-758 d,0.189,,20.4966197,,Kepler-758,1.16,1.42,6228.0,1353.0,293.084606,41.135436,2016,Primary Transit,
kepler-758 e,0.136,,8.1934719,,Kepler-758,1.16,1.42,6228.0,1353.0,293.084606,41.135436,2016,Primary Transit,
kepler-759 ab,0.203,,41.805985,,Kepler-759 A,1.04,1.04,5860.0,892.0,290.131501,41.381498,2016,Primary Transit,
kepler-75 b,1.05,10.1,8.8849116,0.57,Kepler-75,0.91,0.89,5200.0,855.5,291.137593,36.577386,2013,Primary Transit,
kepler-760 b,0.273,,8.70419416,,Kepler-760,0.89,0.85,5322.0,782.0,287.593209,44.179417,2016,Primary Transit,
kepler-760 c,0.132,,2.46697439,,Kepler-760,0.89,0.85,5322.0,782.0,287.593209,44.179417,2016,Primary Transit,
kepler-761 b,0.181,,10.12804789,,Kepler-761,0.95,0.93,5706.0,867.0,290.503604,44.143581,2016,Primary Transit,
kepler-762 b,1.131,,3.7705521,,Kepler-762,1.06,1.08,5944.0,1465.0,291.275634,47.329491,2016,Primary Transit,
kepler-763 b,0.112,,1.196548464,0.0,Kepler-763,0.85,0.878,5080.0,962.46,292.144477,47.157352,2016,Primary Transit,
kepler-763 c,0.1267,,4.09667624,0.0,Kepler-763,0.85,0.878,5080.0,962.46,292.144477,47.157352,2017,Primary Transit,
kepler-763 d,0.149,,6.50327035,0.0,Kepler-763,0.85,0.878,5080.0,962.46,292.144477,47.157352,2017,Primary Transit,
kepler-764 b,0.146,,7.33683936,,Kepler-764,0.92,0.89,5557.0,1013.0,297.393183,47.164627,2016,Primary Transit,
kepler-765 b,0.217,,27.6655226,,Kepler-765,1.05,1.06,5901.0,1000.0,283.184612,47.15567,2016,Primary Transit,
kepler-766 b,0.302,,6.10027804,,Kepler-766,1.1,1.15,5992.0,1614.0,293.184531,37.969851,2016,Primary Transit,
kepler-767 b,0.592,,161.5280101,,Kepler-767,0.96,0.94,5694.0,1185.0,291.579173,38.035828,2016,Primary Transit,
kepler-768 ab,0.16,,11.3910025,,Kepler-768 A,0.82,0.78,5108.0,795.0,294.115656,38.393485,2016,Primary Transit,
kepler-769 b,0.261,,7.42608998,,Kepler-769,1.19,1.28,6186.0,1362.0,292.713101,38.358213,2016,Primary Transit,
kepler-769 c,0.16,,15.9870174,,Kepler-769,1.19,1.28,6186.0,1362.0,292.713101,38.358213,2016,Primary Transit,
kepler-76 b,1.36,2.01,1.5449298,,Kepler-76,1.2,1.32,6409.0,842.87,294.192118,39.619003,2013,Other,
kepler-770 b,0.205,,18.92540274,,Kepler-770,0.94,0.92,5598.0,761.0,286.490428,38.374907,2016,Primary Transit,
kepler-770 c,0.107,,1.47532231,,Kepler-770,0.94,0.92,5598.0,761.0,286.490428,38.374907,2016,Primary Transit,
kepler-770 d,0.125,,4.15244722,,Kepler-770,0.94,0.92,5598.0,761.0,286.490428,38.374907,2016,Primary Transit,
kepler-771 b,0.162,,8.73485836,,Kepler-771,1.03,1.05,5906.0,1000.0,287.44409,38.088431,2016,Primary Transit,
kepler-772 b,0.162,,12.99207337,,Kepler-772,0.98,1.11,5714.0,689.0,291.423583,38.216591,2016,Primary Transit,
kepler-773 ab,0.1499,,3.749105745,0.0,Kepler-773 A,1.0,1.16,5665.91,547.026,290.884667,38.057567,2016,Primary Transit,
kepler-774 b,0.283,,11.0895723,,Kepler-774,1.57,2.42,6403.0,1190.0,291.03193,38.211956,2016,Primary Transit,
kepler-775 b,0.106,,0.97486893,,Kepler-775,0.92,0.84,5468.0,400.0,291.433297,41.703438,2016,Primary Transit,
kepler-776 b,0.114,,4.89718784,,Kepler-776,0.83,0.78,5071.0,727.0,287.27264,41.635559,2016,Primary Transit,
kepler-777 b,0.131,,5.72812599,,Kepler-777,0.58,0.56,4043.0,383.0,282.724059,44.346478,2016,Primary Transit,
kepler-778 b,0.15,,3.75574426,,Kepler-778,0.81,0.77,5102.0,899.0,287.477437,44.237514,2016,Primary Transit,
kepler-779 ab,0.066,,7.09712124,0.0,Kepler-779 A,0.46,0.44,3804.0,224.0,285.628532,44.310889,2016,Primary Transit,
kepler-77 b,0.96,0.43,3.57878087,0.0,Kepler-77,0.95,0.99,5520.0,570.0,289.607956,44.345425,2013,Primary Transit,
kepler-780 ab,0.079,,0.67737516,,Kepler-780 A,1.01,1.02,5769.0,520.0,281.766389,44.292549,2016,Primary Transit,
kepler-781 b,0.258,,13.2140732,,Kepler-781,0.81,0.78,5162.0,1036.0,287.653619,47.414811,2016,Primary Transit,
kepler-782 ab,0.2748,,158.6850022,0.0,Kepler-782 A,1.01,1.171,5681.6,446.844,288.868231,47.759434,2016,Primary Transit,
kepler-783 ab,0.0607,,4.29263699,0.0,Kepler-783 A,0.94,0.872,5411.49,516.09,291.062936,47.484803,2016,Primary Transit,
kepler-783 ac,0.2105,,7.053934488,0.0,Kepler-783 A,0.94,0.872,5411.49,516.09,291.062936,47.484803,2020,Primary Transit,
kepler-784 b,0.159,,31.5925809,0.0,Kepler-784,0.98,2.87,5576.0,1303.72,295.920663,47.448616,2016,Primary Transit,
kepler-784 c,0.15836,,17.157236,,Kepler-784,0.98,2.87,5576.0,1303.72,295.920663,47.448616,2017,Primary Transit,
kepler-785 b,1.162,,1.97376093,,Kepler-785,0.77,0.71,4739.0,666.0,292.068304,38.842261,2016,Primary Transit,
kepler-786 b,0.217,,53.5293487,,Kepler-786,0.81,0.74,4838.0,512.0,293.743938,38.939276,2016,Primary Transit,
kepler-787 b,0.114,,0.9283105,,Kepler-787,0.65,0.62,4248.0,468.0,291.692465,38.572907,2016,Primary Transit,
kepler-788 b,0.227,,8.39846269,,Kepler-788,1.16,1.23,6159.0,1649.0,290.000414,38.539892,2016,Primary Transit,
kepler-789 b,0.189,,8.63847725,,Kepler-789,1.01,1.02,5870.0,915.0,295.975153,38.946652,2016,Primary Transit,
kepler-78 ab,0.1,0.00619,0.35500744,,Kepler-78 A,0.779,0.7475,5058.0,124.376,293.74169,44.44833,2013,Primary Transit,
kepler-790 b,0.194,,13.73469807,,Kepler-790,0.84,0.8,5208.0,727.0,286.917117,38.872221,2016,Primary Transit,
kepler-791 b,0.272,,14.5539759,,Kepler-791,1.3,1.47,6383.0,1447.0,293.595841,39.029477,2016,Primary Transit,
kepler-792 b,0.175,,11.30119217,,Kepler-792,1.09,1.12,5971.0,1205.0,292.006813,38.820733,2016,Primary Transit,
kepler-793 b,0.122,,4.24153639,,Kepler-793,0.98,0.97,5745.0,794.0,295.21664,38.774343,2016,Primary Transit,
kepler-794 b,0.188,,11.13125132,,Kepler-794,1.19,1.38,5839.0,763.0,288.133701,38.996881,2016,Primary Transit,
kepler-795 ab,0.1552,,29.6193891,0.0,Kepler-795 A,0.989,1.0378,5595.29,492.122,291.019046,38.54558,2016,Primary Transit,
kepler-796 b,0.116,,6.40087618,,Kepler-796,0.93,1.09,5475.0,377.0,287.307857,39.144731,2016,Primary Transit,
kepler-797 b,0.194,,27.07237711,,Kepler-797,0.96,0.95,5680.0,752.0,297.208965,41.781708,2016,Primary Transit,
kepler-798 b,0.213,,13.71933369,,Kepler-798,1.19,1.29,6224.0,1085.0,292.478209,42.142291,2016,Primary Transit,
kepler-799 ab,0.614,,133.4605235,,Kepler-799 A,0.95,0.93,5681.0,1029.0,287.174894,44.878571,2016,Primary Transit,
kepler-799 ac,0.248,,15.19419956,,Kepler-799 A,0.95,0.93,5681.0,1029.0,287.174894,44.878571,2017,Primary Transit,
kepler-79 b,0.31,0.0343,13.4845,0.015,Kepler-79,1.17,1.3,6174.0,1051.43,300.517131,44.38158,2012,Primary Transit,
kepler-79 c,0.332,0.019,27.4029,0.03,Kepler-79,1.17,1.3,6174.0,1051.43,300.517131,44.38158,2012,Primary Transit,
kepler-79 d,0.639,0.019,52.0902,0.025,Kepler-79,1.17,1.3,6174.0,1051.43,300.517131,44.38158,2014,Primary Transit,
kepler-79 e,0.311,0.013,81.0659,0.012,Kepler-79,1.17,1.3,6174.0,1051.43,300.517131,44.38158,2014,Primary Transit,
kepler-7 b,1.622,0.441,4.8854892,0.1,Kepler-7,1.36,1.97,5933.0,947.46,288.581516,41.0898,2009,Primary Transit,
kepler-800 b,0.254,,14.13176026,,Kepler-800,0.85,0.82,5315.0,1049.0,286.574823,44.795204,2016,Primary Transit,
kepler-801 b,0.178,,11.41928253,,Kepler-801,0.67,0.63,4435.0,419.0,286.075243,44.664639,2016,Primary Transit,
kepler-802 b,0.316,,40.0587473,,Kepler-802,0.93,0.9,5507.0,828.0,286.015855,45.007767,2016,Primary Transit,
kepler-803 b,0.338,,50.28638192,,Kepler-803,1.05,1.12,5919.0,615.0,299.221605,44.693874,2016,Primary Transit,
kepler-804 b,0.173,,14.37457351,,Kepler-804,1.01,1.05,5817.0,648.0,293.37227,44.785137,2016,Primary Transit,
kepler-804 c,0.102,,9.65185017,,Kepler-804,1.01,1.05,5817.0,648.0,293.37227,44.785137,2016,Primary Transit,
kepler-805 b,0.258,,30.8638931,,Kepler-805,1.19,1.65,6112.0,657.0,293.229945,45.053314,2016,Primary Transit,
kepler-806 b,0.102,,8.09219642,,Kepler-806,0.99,1.16,5770.0,260.0,296.007043,44.853443,2016,Primary Transit,
kepler-808 ab,0.107,,0.63133171,0.0,Kepler-808 A,0.526,0.53,4441.0,221.75,291.59409,48.445614,2016,Primary Transit,
kepler-809 b,0.269,,55.63934,,Kepler-809,0.99,0.98,5734.0,933.0,289.083643,48.018131,2016,Primary Transit,
kepler-80 b,0.238,0.0218,7.05246,,Kepler-80,0.73,0.68,4540.0,357.0,296.112564,39.978779,2012,Primary Transit,
kepler-80 c,0.244,0.02121,9.52355,,Kepler-80,0.73,0.68,4540.0,357.0,296.112564,39.978779,2012,Primary Transit,
kepler-80 d,0.136,0.02124,3.07222,,Kepler-80,0.73,0.68,4540.0,357.0,296.112564,39.978779,2014,Primary Transit,
kepler-80 e,0.143,0.01299,4.64489,,Kepler-80,0.73,0.68,4540.0,357.0,296.112564,39.978779,2014,Primary Transit,
kepler-80 f,0.108,,0.9867873,,Kepler-80,0.73,0.68,4540.0,357.0,296.112564,39.978779,2016,Primary Transit,
kepler-80 g,0.101,,14.64558,,Kepler-80,0.73,0.68,4540.0,357.0,296.112564,39.978779,2017,Primary Transit,
kepler-810 b,0.172,,4.59725385,,Kepler-810,1.03,1.04,5803.0,1554.0,296.614859,48.082645,2016,Primary Transit,
kepler-811 b,0.241,,23.58447697,,Kepler-811,1.01,1.24,5747.0,847.0,285.424273,47.834614,2016,Primary Transit,
kepler-812 b,0.317,,10.11716531,,Kepler-812,1.45,1.71,6761.0,1482.0,288.85529,48.208538,2016,Primary Transit,
kepler-813 b,0.191,,19.12947337,,Kepler-813,0.95,0.93,5743.0,840.0,285.662694,48.435371,2016,Primary Transit,
kepler-814 b,0.189,,6.1469851,,Kepler-814,1.15,1.22,6162.0,1327.0,284.910486,48.431644,2016,Primary Transit,
kepler-815 b,0.367,,8.57503552,,Kepler-815,1.25,3.42,5028.0,1199.0,285.22111,47.881382,2016,Primary Transit,
kepler-816 b,0.914,,10.50682565,,Kepler-816,0.9,0.85,5286.0,1059.0,293.362842,39.212452,2016,Primary Transit,
kepler-817 b,0.806,,3.99010623,,Kepler-817,1.03,1.03,5861.0,1401.0,296.081856,39.161617,2016,Primary Transit,
kepler-818 b,0.456,,10.03538581,,Kepler-818,0.94,0.92,5638.0,967.0,296.235105,39.370343,2016,Primary Transit,
kepler-819 b,0.246,,33.1995648,,Kepler-819,0.86,0.81,5279.0,722.0,295.370797,39.177218,2016,Primary Transit,
kepler-81 b,0.216,,5.955,0.0,Kepler-81,0.648,0.59,4500.0,351.79,293.63695,42.82497,2012,Primary Transit,
kepler-81 c,0.211,,12.04,0.0,Kepler-81,0.648,0.59,4500.0,351.79,293.63695,42.82497,2012,Primary Transit,
kepler-81 d,0.108,,20.837846,,Kepler-81,0.648,0.59,4500.0,351.79,293.63695,42.82497,2014,Primary Transit,
kepler-820 b,0.543,,127.8338098,,Kepler-820,1.23,1.36,6260.0,989.0,291.020145,39.220678,2016,Primary Transit,
kepler-821 b,0.117,,1.92279873,,Kepler-821,0.84,0.8,5191.0,619.0,285.617437,39.37953,2016,Primary Transit,
kepler-822 b,0.158,,3.22296927,,Kepler-822,1.06,1.08,5928.0,956.0,292.276118,39.550179,2016,Primary Transit,
kepler-823 b,0.14,,4.16809082,,Kepler-823,0.98,0.96,5643.0,896.0,284.582577,39.220204,2016,Primary Transit,
kepler-824 b,0.167,,4.51436633,,Kepler-824,1.15,1.22,6035.0,1352.0,290.477412,39.732009,2016,Primary Transit,
kepler-825 b,0.136,,3.77360059,,Kepler-825,1.03,1.08,5976.0,820.0,294.769908,39.398514,2016,Primary Transit,
kepler-825 c,0.164,,8.1818246,,Kepler-825,1.03,1.08,5976.0,820.0,294.769908,39.398514,2016,Primary Transit,
kepler-826 b,0.112,,4.48758907,,Kepler-826,1.05,1.15,6079.0,649.0,284.860139,39.240548,2016,Primary Transit,
kepler-827 b,0.502,,51.92927591,,Kepler-827,0.93,0.91,5602.0,1352.0,294.966046,42.708569,2016,Primary Transit,
kepler-828 b,0.135,,0.56785714,,Kepler-828,0.81,0.77,5039.0,625.0,286.887275,42.471256,2016,Primary Transit,
kepler-829 b,0.188,,6.88337562,,Kepler-829,0.98,0.97,5698.0,954.0,282.332793,42.463825,2016,Primary Transit,
kepler-82 b,0.363,0.03823,26.44,0.0033,Kepler-82,0.91,0.9,5428.0,927.97,292.87339,42.966137,2012,Primary Transit,
kepler-82 c,0.476,0.04373,51.54,0.007,Kepler-82,0.91,0.9,5428.0,927.97,292.87339,42.966137,2012,Primary Transit,
kepler-82 d,0.158,,2.382961,,Kepler-82,0.91,0.9,5428.0,927.97,292.87339,42.966137,2014,Primary Transit,
kepler-82 e,0.22,,5.902206,,Kepler-82,0.91,0.9,5428.0,927.97,292.87339,42.966137,2014,Primary Transit,
kepler-82 f,,0.06576,75.732,0.0014,Kepler-82,0.91,0.9,5428.0,927.97,292.87339,42.966137,2019,TTV,
kepler-830 b,0.152,,11.29695137,,Kepler-830,1.07,1.11,6037.0,1122.0,295.054286,42.756847,2016,Primary Transit,
kepler-831 b,0.113,,5.62153941,,Kepler-831,0.99,0.97,5732.0,577.0,294.985491,42.727669,2016,Primary Transit,
kepler-832 b,0.184,,7.1396941,,Kepler-832,0.92,0.9,5596.0,1346.0,295.926094,45.383862,2016,Primary Transit,
kepler-833 b,0.18,,18.7546998,,Kepler-833,0.64,0.62,4339.0,421.0,290.479954,45.6007,2016,Primary Transit,
kepler-834 b,0.18,,13.32388301,,Kepler-834,0.7,0.66,4554.0,620.0,287.054516,45.180374,2016,Primary Transit,
kepler-835 b,0.249,,11.41909375,,Kepler-835,1.08,1.11,5954.0,2011.0,283.574233,45.734802,2016,Primary Transit,
kepler-836 b,0.244,,11.36112327,,Kepler-836,1.03,1.04,5895.0,1003.0,287.452778,45.704399,2016,Primary Transit,
kepler-837 b,0.228,,16.56059504,,Kepler-837,0.85,0.81,5403.0,846.0,285.24667,45.950195,2016,Primary Transit,
kepler-838 b,0.244,,15.74957994,,Kepler-838,0.98,0.96,5770.0,1210.0,285.435512,45.976021,2016,Primary Transit,
kepler-839 b,0.229,,37.8144514,,Kepler-839,1.22,1.31,6058.0,833.0,291.074676,45.242584,2016,Primary Transit,
kepler-83 ab,0.1989,,9.7704486,0.0,Kepler-83 A,0.58,0.56,4082.0,400.409,282.232525,43.665627,2012,Primary Transit,
kepler-83 ac,0.2007,,20.09017037,0.0,Kepler-83 A,0.58,0.56,4082.0,400.409,282.232525,43.665627,2012,Primary Transit,
kepler-83 ad,0.1481,,5.169804269,0.0,Kepler-83 A,0.58,0.56,4082.0,400.409,282.232525,43.665627,2014,Primary Transit,
kepler-841 b,0.467,,124.4198398,,Kepler-841,0.85,0.81,5324.0,1052.0,284.251306,48.809612,2016,Primary Transit,
kepler-842 b,0.143,,1.21956827,,Kepler-842,0.78,0.73,4848.0,552.0,292.328581,49.653538,2016,Primary Transit,
kepler-843 b,0.231,,2.05387982,,Kepler-843,1.02,1.03,5830.0,1247.0,296.321994,48.971478,2016,Primary Transit,
kepler-844 b,0.15,,2.61302086,,Kepler-844,0.59,0.57,4128.0,394.0,287.857729,48.774113,2016,Primary Transit,
kepler-845 b,0.182,,0.92785982,,Kepler-845,0.79,0.75,4913.0,471.0,290.957565,49.203812,2016,Primary Transit,
kepler-846 b,0.221,,19.80792185,,Kepler-846,0.94,0.91,5579.0,1233.0,287.057016,49.046021,2016,Primary Transit,
kepler-847 ab,0.1053,,2.3432319,0.0,Kepler-847 A,0.76,0.825,4746.0,529.0,283.504798,49.451015,2016,Primary Transit,
kepler-848 b,0.152,,6.91134416,,Kepler-848,1.01,1.2,5695.0,797.0,293.288273,48.811619,2016,Primary Transit,
kepler-849 b,0.637,,394.6244904,,Kepler-849,1.23,1.64,6059.0,747.0,290.851779,48.521339,2016,Primary Transit,
kepler-84 ab,0.2552,,8.72585478,0.0,Kepler-84 A,0.987,1.131,6036.0,1053.44,298.252049,40.496077,2012,Primary Transit,
kepler-84 ac,0.281,0.0636,12.88291395,0.0,Kepler-84 A,0.987,1.131,6036.0,1053.44,298.252049,40.496077,2012,"Primary Transit, TTV",
kepler-84 ad,0.143,,4.22453631,0.0,Kepler-84 A,0.987,1.131,6036.0,1053.44,298.252049,40.496077,2014,Primary Transit,
kepler-84 ae,0.2284,,27.4345973,0.0,Kepler-84 A,0.987,1.131,6036.0,1053.44,298.252049,40.496077,2014,Primary Transit,
kepler-84 af,0.2043,,44.5520266,0.0,Kepler-84 A,0.987,1.131,6036.0,1053.44,298.252049,40.496077,2014,Primary Transit,
kepler-850 b,0.159,,7.19303878,,Kepler-850,1.06,1.09,5932.0,1535.0,293.084462,48.57539,2016,Primary Transit,
kepler-851 b,0.15,,8.50699658,,Kepler-851,0.89,0.85,5455.0,869.0,294.680286,49.14016,2016,Primary Transit,
kepler-852 b,0.227,,44.9309804,,Kepler-852,1.19,1.16,6100.0,854.0,297.391593,48.560692,2016,Primary Transit,
kepler-853 b,0.151,,7.16892463,,Kepler-853,1.3,1.55,6350.0,610.0,283.936824,49.110325,2016,Primary Transit,
kepler-855 b,0.745,,7.8866311,,Kepler-855,1.03,1.03,5835.0,1043.0,295.09499,43.537586,2016,Primary Transit,
kepler-856 b,0.83,,8.02768059,,Kepler-856,0.96,0.93,5535.0,1175.0,289.603836,46.314953,2016,Primary Transit,
kepler-857 b,0.607,,85.35129427,,Kepler-857,0.99,0.99,5773.0,1039.0,294.632389,43.400467,2016,Primary Transit,
kepler-858 b,0.434,,76.13602028,,Kepler-858,0.96,0.91,5653.0,296.0,288.848631,51.209049,2016,Primary Transit,
kepler-859 b,0.276,,20.38177573,,Kepler-859,0.81,0.77,5020.0,915.0,286.741873,43.190108,2016,Primary Transit,
kepler-85 b,0.176,0.0465,8.306,,Kepler-85,0.95,0.89,5436.0,782.09,290.973429,45.290318,2012,Primary Transit,
kepler-85 c,0.194,0.059,12.513,,Kepler-85,0.95,0.89,5436.0,782.09,290.973429,45.290318,2012,Primary Transit,
kepler-85 d,0.107,,17.91323,,Kepler-85,0.95,0.89,5436.0,782.09,290.973429,45.290318,2014,Primary Transit,
kepler-85 e,0.113,,25.216751,,Kepler-85,0.95,0.89,5436.0,782.09,290.973429,45.290318,2014,Primary Transit,
kepler-860 b,0.289,,5.10137945,,Kepler-860,1.04,1.06,5836.0,1295.0,295.577265,46.254742,2016,Primary Transit,
kepler-861 b,0.203,,3.94963138,,Kepler-861,0.82,0.78,5047.0,806.0,292.353929,46.22628,2016,Primary Transit,
kepler-862 ab,0.197,,3.14866453,,Kepler-862 A,0.88,0.84,5333.0,806.0,297.779266,46.492741,2016,Primary Transit,
kepler-863 b,0.259,,15.59461874,,Kepler-863,0.96,0.95,5678.0,1145.0,297.664523,43.248962,2016,Primary Transit,
kepler-864 b,0.2659,,5.83376197,0.0,Kepler-864,1.0,1.34,5621.0,2022.9,285.057092,46.320675,2016,Primary Transit,
kepler-864 c,0.15764,,2.42150341,0.0,Kepler-864,1.0,1.34,5621.0,2022.9,285.057092,46.320675,2017,Primary Transit,
kepler-865 b,0.222,,14.16400071,0.0,Kepler-865,0.91,0.847,5284.0,586.137,297.724283,43.527435,2016,Primary Transit,
kepler-865 c,0.0946,,6.20920207,0.0,Kepler-865,0.91,0.847,5284.0,586.137,297.724283,43.527435,2014,Primary Transit,
kepler-866 b,0.145,,2.61703254,,Kepler-866,0.75,0.71,4751.0,690.0,290.122337,43.08556,2016,Primary Transit,
kepler-867 ab,0.414,,150.242127,,Kepler-867 A,0.92,0.91,5541.0,824.0,287.285313,51.249981,2016,Primary Transit,
kepler-868 b,0.183,,5.03251791,,Kepler-868,0.93,0.89,5614.0,1269.0,282.363512,46.67524,2016,Primary Transit,
kepler-869 ab,0.322,,40.4287755,,Kepler-869 A,0.97,0.95,5664.0,957.0,289.424591,50.994122,2016,Primary Transit,
kepler-86 b,0.8466,0.34235,282.5254,0.28,Kepler-86,0.94,1.0,5629.0,,289.7625,51.9625,2013,Primary Transit,
kepler-870 b,0.248,,21.3587621,,Kepler-870,1.01,1.02,5857.0,1231.0,295.402544,50.478634,2016,Primary Transit,
kepler-871 b,0.334,,22.0459018,,Kepler-871,1.11,1.14,5993.0,1695.0,294.52711,43.36816,2016,Primary Transit,
kepler-872 b,0.178,,2.57885507,,Kepler-872,1.05,1.08,5902.0,1114.0,295.417461,43.60564,2016,Primary Transit,
kepler-873 b,0.335,,20.5533844,,Kepler-873,1.18,1.27,6163.0,1397.0,296.403212,51.271339,2016,Primary Transit,
kepler-874 b,0.352,,40.0686727,,Kepler-874,1.09,1.13,6020.0,1072.0,294.95686,43.014328,2016,Primary Transit,
kepler-875 b,0.259,,27.5073799,,Kepler-875,1.06,1.11,5958.0,1244.0,297.3013,43.141888,2016,Primary Transit,
kepler-876 b,0.128,,5.14438011,,Kepler-876,0.81,0.77,5060.0,735.0,283.478199,43.383781,2016,Primary Transit,
kepler-877 b,0.189,,18.45847097,,Kepler-877,0.85,0.81,5261.0,572.0,289.859129,46.522667,2016,Primary Transit,
kepler-878 ab,0.172,,25.9422033,,Kepler-878 A,0.81,0.77,5044.0,567.0,285.296197,46.603439,2016,Primary Transit,
kepler-879 b,0.229,,33.3855938,,Kepler-879,1.0,1.087,5644.0,802.672,295.806573,50.909798,2016,Primary Transit,
kepler-87 b,1.204,1.02,114.73635,0.036,Kepler-87,1.1,1.82,5600.0,1277.88,297.916877,46.96513,2013,Primary Transit,
kepler-87 c,0.548,0.02,191.2318,0.039,Kepler-87,1.1,1.82,5600.0,1277.88,297.916877,46.96513,2013,Primary Transit,
kepler-880 ab,0.4148,,7.71467686,0.0,Kepler-880 A,1.47,1.542,6819.0,601.324,281.971245,43.672771,2016,Primary Transit,
kepler-880 ac,0.256,,11.8061737,0.0,Kepler-880 A,1.47,1.542,6819.0,601.324,281.971245,43.672771,2017,Primary Transit,
kepler-881 b,0.159,,4.44448017,,Kepler-881,1.06,1.09,5961.0,1364.0,288.992588,46.670753,2016,Primary Transit,
kepler-882 b,0.11,,3.98953967,,Kepler-882,0.9,0.87,5476.0,525.0,294.649885,43.335587,2016,Primary Transit,
kepler-883 b,0.159,,12.98495573,,Kepler-883,1.06,1.09,6116.0,549.0,286.433673,50.300327,2016,Primary Transit,
kepler-884 ab,0.1035,,5.69919592,0.0,Kepler-884 A,1.0,0.9576,5821.17,476.733,292.584443,49.923161,2016,Primary Transit,
kepler-885 b,0.223,,18.11472949,,Kepler-885,1.21,1.35,6187.0,632.0,288.661559,49.737206,2016,Primary Transit,
kepler-886 b,0.136,,6.24146367,,Kepler-886,1.1,1.16,6098.0,857.0,286.271745,43.595234,2016,Primary Transit,
kepler-887 b,0.164,,20.42228798,,Kepler-887,1.19,1.29,6194.0,831.0,290.090807,39.816989,2016,Primary Transit,
kepler-887 c,0.101,,7.63846023,,Kepler-887,1.19,1.29,6194.0,831.0,290.090807,39.816989,2016,Primary Transit,
kepler-888 b,0.157,,70.6979061,,Kepler-888,0.97,0.9,5875.0,413.0,295.521206,49.738632,2016,Primary Transit,
kepler-889 b,0.097,,3.744439,,Kepler-889,1.14,1.25,5961.0,513.0,291.467319,50.759489,2016,Primary Transit,
kepler-88 b,0.307,0.03,10.91647,0.05561,Kepler-88,0.99,0.9,5466.0,339.0,291.148088,40.669407,2013,Primary Transit,
kepler-88 c,,0.674,22.26492,0.05724,Kepler-88,0.99,0.9,5466.0,339.0,291.148088,40.669407,2013,Primary Transit,
kepler-88 d,,3.05,1403.0,0.41,Kepler-88,0.99,0.9,5466.0,339.0,291.148088,40.669407,2020,Radial Velocity,
kepler-890 b,0.793,,52.75875577,,Kepler-890,1.09,1.13,5954.0,1387.0,288.435745,43.763496,2016,Primary Transit,
kepler-891 b,0.572,,53.44945593,,Kepler-891,1.06,1.07,5887.0,1372.0,291.083797,40.355255,2016,Primary Transit,
kepler-892 b,0.251,,13.7521072,,Kepler-892,0.75,0.72,4747.0,640.0,283.129641,43.888241,2016,Primary Transit,
kepler-893 b,0.27,,6.33855761,,Kepler-893,1.0,0.99,5820.0,1216.0,284.963031,43.913006,2016,Primary Transit,
kepler-894 b,0.248,,9.803224,,Kepler-894,0.87,0.85,5603.0,1090.0,288.734088,46.939396,2016,Primary Transit,
kepler-895 b,0.137,,2.80624233,,Kepler-895,0.65,0.61,4315.0,516.0,289.290653,51.408891,2016,Primary Transit,
kepler-896 b,0.226,,144.547396,,Kepler-896,0.92,2.043,5328.0,2334.93,282.439182,43.734486,2016,Primary Transit,
kepler-897 b,0.213,,8.0472642,,Kepler-897,1.03,1.04,5839.0,1147.0,290.586837,51.69582,2016,Primary Transit,
kepler-898 b,0.133,,5.8706191,,Kepler-898,0.65,0.62,4223.0,479.0,286.585389,46.87093,2016,Primary Transit,
kepler-899 b,0.239,,19.17891293,,Kepler-899,0.93,0.91,5595.0,1038.0,297.48258,40.68078,2016,Primary Transit,
kepler-89 ab,0.14613,0.018115,3.743208,0.25,Kepler-89 A,1.183,1.4286,6184.0,477.052,297.333057,41.891117,2013,Primary Transit,
kepler-89 ac,0.34473,0.019528,10.423648,0.43,Kepler-89 A,1.183,1.4286,6184.0,477.052,297.333057,41.891117,2013,Primary Transit,
kepler-89 ad,0.91989,0.2504561,22.342989,0.022,Kepler-89 A,1.183,1.4286,6184.0,477.052,297.333057,41.891117,2013,Primary Transit,
kepler-89 ae,0.54564,0.0254662,54.32031,0.019,Kepler-89 A,1.183,1.4286,6184.0,477.052,297.333057,41.891117,2013,Primary Transit,
kepler-8 b,1.416,0.59,3.5224991,0.0,Kepler-8,1.21,1.49,6213.0,1052.9,281.288118,42.45108,2010,Primary Transit,
kepler-900 ab,0.174,,6.99130452,0.0,Kepler-900 A,0.74,0.761,4660.0,487.525,296.177297,46.99902,2016,Primary Transit,
kepler-901 b,0.122,,3.51749439,,Kepler-901,0.59,0.57,4184.0,241.0,291.152951,40.887497,2016,Primary Transit,
kepler-902 b,0.227,,40.1099547,,Kepler-902,0.95,0.93,5647.0,904.0,289.731692,46.953823,2016,Primary Transit,
kepler-903 b,0.179,,10.3507721,,Kepler-903,0.98,0.97,5682.0,829.0,288.771018,40.664176,2016,Primary Transit,
kepler-903 c,0.226,,62.9228557,,Kepler-903,0.98,0.97,5682.0,829.0,288.771018,40.664176,2016,Primary Transit,
kepler-904 b,0.158,,3.02166863,,Kepler-904,1.16,1.25,6160.0,1151.0,288.822916,40.389049,2016,Primary Transit,
kepler-905 b,0.126,,5.08274652,,Kepler-905,0.95,0.86,5461.0,521.0,290.051123,46.713375,2016,Primary Transit,
kepler-906 b,0.188,,41.6979976,,Kepler-906,1.06,1.02,6035.0,758.0,291.405561,40.125487,2016,Primary Transit,
kepler-907 ab,0.107,,15.86621821,,Kepler-907 A,1.08,1.38,6106.0,352.0,285.476589,41.63274,2016,Primary Transit,
kepler-908 ab,0.1035,,1.340596782,0.0,Kepler-908 A,0.919,1.59,5327.99,290.843,295.322517,39.376484,2016,Primary Transit,
kepler-909 b,0.131,,13.93290318,,Kepler-909,1.17,1.23,6154.0,318.0,289.506358,45.370998,2016,Primary Transit,
kepler-90 b,0.117,,7.008151,,Kepler-90,1.2,1.2,6080.0,780.0,284.433492,49.305161,2013,Primary Transit,
kepler-90 c,0.106,,8.719375,,Kepler-90,1.2,1.2,6080.0,780.0,284.433492,49.305161,2013,Primary Transit,
kepler-90 d,0.256,,59.73667,,Kepler-90,1.2,1.2,6080.0,780.0,284.433492,49.305161,2013,Primary Transit,
kepler-90 e,0.237,,91.93913,,Kepler-90,1.2,1.2,6080.0,780.0,284.433492,49.305161,2013,Primary Transit,
kepler-90 f,0.257,,124.9144,0.01,Kepler-90,1.2,1.2,6080.0,780.0,284.433492,49.305161,2013,Primary Transit,
kepler-90 g,0.723,0.047,210.60697,,Kepler-90,1.2,1.2,6080.0,780.0,284.433492,49.305161,2013,"Primary Transit, TTV",
kepler-90 h,1.008,0.639,331.60059,,Kepler-90,1.2,1.2,6080.0,780.0,284.433492,49.305161,2013,"Primary Transit, TTV",
kepler-90 i,0.118,,14.44912,,Kepler-90,1.2,1.2,6080.0,780.0,284.433492,49.305161,2017,Primary Transit,
kepler-910 b,0.073,,2.36436901,,Kepler-910,1.26,1.5,6230.0,402.0,296.047358,42.743006,2016,Primary Transit,
kepler-911 b,0.232,,20.310501,,Kepler-911,1.34,1.99,6112.0,567.0,298.589186,40.750689,2016,Primary Transit,
kepler-912 b,0.25,,2.53475627,,Kepler-912,1.07,1.11,5998.0,1265.0,298.111206,41.758333,2016,Primary Transit,
kepler-913 b,0.184,,10.29672521,,Kepler-913,0.95,0.814,5440.0,991.618,297.583122,41.952431,2016,Primary Transit,
kepler-913 c,0.34419,,5.939119816,0.0,Kepler-913,0.95,0.814,5440.0,991.618,297.583122,41.952431,2017,Primary Transit,
kepler-914 b,0.123,,4.40966548,,Kepler-914,1.1,1.15,5877.0,678.0,290.412001,44.89933,2016,Primary Transit,
kepler-915 b,0.134,,4.59489604,,Kepler-915,1.21,1.38,6173.0,806.0,290.592077,45.737137,2016,Primary Transit,
kepler-916 b,0.157,,32.2968798,,Kepler-916,0.85,0.81,5248.0,769.0,290.983322,45.973301,2016,Primary Transit,
kepler-917 b,0.17,,2.97041437,,Kepler-917,0.8,0.76,5418.0,1027.0,299.05126,47.949284,2016,Primary Transit,
kepler-918 b,0.155,,4.85386933,,Kepler-918,1.11,1.14,6028.0,1245.0,298.200719,48.267838,2016,Primary Transit,
kepler-919 b,0.201,,11.04603384,,Kepler-919,1.15,1.21,6113.0,1219.0,298.114772,48.494404,2016,Primary Transit,
kepler-91 b,1.367,0.81,6.24658,0.066,Kepler-91,1.31,6.3,4550.0,1344.56,285.672872,44.116734,2013,Primary Transit,
kepler-920 b,0.216,,6.53192704,,Kepler-920,0.89,0.85,5403.0,926.0,284.296949,49.158676,2016,Primary Transit,
kepler-920 c,0.339,,100.8274113,,Kepler-920,0.89,0.85,5403.0,926.0,284.296949,49.158676,2016,Primary Transit,
kepler-921 b,0.256,,51.300634,,Kepler-921,0.93,0.91,5663.0,847.0,284.616205,49.190811,2016,Primary Transit,
kepler-922 b,0.127,,0.93846683,,Kepler-922,0.95,0.93,5671.0,558.0,284.731462,49.533195,2016,Primary Transit,
kepler-923 b,0.123,,6.93366476,,Kepler-923,1.11,1.26,5988.0,966.0,294.171085,40.055165,2016,Primary Transit,
kepler-924 b,0.274,,61.0370117,,Kepler-924,1.14,1.23,6167.0,995.0,290.668512,40.397718,2016,Primary Transit,
kepler-925 b,0.209,,33.8678531,,Kepler-925,0.77,0.72,4673.0,623.0,290.106539,40.490657,2016,Primary Transit,
kepler-926 ab,0.206,,52.0688601,,Kepler-926,1.01,1.01,5806.0,771.0,289.679343,40.700466,2016,Primary Transit,
kepler-927 b,0.153,,9.1149903,,Kepler-927,0.99,0.99,5743.0,879.0,289.38351,41.392695,2016,Primary Transit,
kepler-928 ab,0.1472,,3.93246069,0.0,Kepler-928 A,0.733,0.682,4621.0,508.809,289.920717,41.542828,2016,Primary Transit,
kepler-929 b,0.099,,0.92103214,,Kepler-929,1.01,1.02,5869.0,820.0,298.481124,41.615332,2016,Primary Transit,
kepler-92 ab,0.313,0.202,13.749,0.17,Kepler-92 A,1.209,1.53,5883.0,484.62,289.086058,41.562941,2013,Primary Transit,
kepler-92 ac,0.232,0.019,26.723,0.04,Kepler-92 A,1.209,1.53,5883.0,484.62,289.086058,41.562941,2013,Primary Transit,
kepler-92 ad,0.184,,49.3568,0.07,Kepler-92 A,1.209,1.53,5883.0,484.62,289.086058,41.562941,2015,Primary Transit,
kepler-930 ab,0.19,,71.4517775,,Kepler-930 A,1.25,1.4,6335.0,905.0,298.314444,42.247434,2016,Primary Transit,
kepler-931 ab,0.119,,8.03755877,,Kepler-931 A,0.86,0.81,5241.0,490.0,297.132641,42.768253,2016,Primary Transit,
kepler-932 b,0.122,,1.9214374,,Kepler-932,0.87,0.84,5331.0,478.0,296.952062,43.271969,2016,Primary Transit,
kepler-933 b,0.219,,14.20443009,,Kepler-933,0.87,0.84,5346.0,922.0,289.568659,43.538612,2016,Primary Transit,
kepler-934 b,0.186,,55.6738309,,Kepler-934,0.81,0.77,5001.0,603.0,290.288467,43.755322,2016,Primary Transit,
kepler-935 b,0.12,,4.88083852,,Kepler-935,0.78,0.73,4830.0,482.0,295.021668,46.619217,2016,Primary Transit,
kepler-936 ab,0.129,,10.56134221,,Kepler-936 A,0.92,0.89,5482.0,687.0,293.577759,46.736347,2016,Primary Transit,
kepler-937 b,0.332,,67.668827,,Kepler-937,1.15,1.22,6095.0,1482.0,294.168805,46.714611,2016,Primary Transit,
kepler-937 c,0.238,,153.343364,,Kepler-937,1.15,1.22,6095.0,1482.0,294.168805,46.714611,2016,Primary Transit,
kepler-938 b,0.198,,52.6298417,,Kepler-938,0.92,0.89,5533.0,861.0,294.789143,46.98399,2016,Primary Transit,
kepler-939 b,0.156,,14.878296,,Kepler-939,0.88,0.85,5471.0,1029.0,293.865613,47.026829,2016,Primary Transit,
kepler-93 b,0.14,0.0143,4.72674,0.0,Kepler-93,1.09,0.98,5669.0,96.18,291.418281,38.672354,2014,Primary Transit,
kepler-93 c,,8.5,3650.0,,Kepler-93,1.09,0.98,5669.0,96.18,291.418281,38.672354,2014,Radial Velocity,
kepler-940 b,0.298,,59.6225257,,Kepler-940,0.97,0.96,5769.0,1317.0,294.241293,47.275982,2016,Primary Transit,
kepler-941 b,0.275,,17.42395198,,Kepler-941,0.89,0.86,5539.0,1105.0,294.326356,47.217613,2016,Primary Transit,
kepler-942 b,0.19,,44.96417488,,Kepler-942,0.81,0.75,4861.0,218.0,294.955114,44.149818,2016,Primary Transit,
kepler-943 b,0.529,,49.7701438,,Kepler-943,0.93,0.91,5612.0,1239.0,284.273965,41.535023,2016,Primary Transit,
kepler-944 b,0.235,,43.3167737,,Kepler-944,0.86,0.83,5409.0,1035.0,293.601262,42.379761,2016,Primary Transit,
kepler-945 b,0.235,,31.0033814,,Kepler-945,0.97,0.97,5718.0,1543.0,291.269748,42.096046,2016,Primary Transit,
kepler-946 b,0.172,,11.79162572,,Kepler-946,0.94,0.93,5665.0,918.0,300.929606,44.02879,2016,Primary Transit,
kepler-947 b,0.203,,26.9644317,,Kepler-947,0.9,0.87,5508.0,1188.0,294.366727,42.252678,2016,Primary Transit,
kepler-948 b,0.165,,7.76846622,,Kepler-948,0.96,0.97,5501.23,868.017,293.300231,41.523338,2016,Primary Transit,
kepler-949 b,0.26,,8.689301216,0.0,Kepler-949,0.853,0.774,5088.18,486.105,298.607876,46.453682,2016,Primary Transit,
kepler-949 c,0.46079,,20.99757968,0.0,Kepler-949,0.853,0.774,5088.18,486.105,298.607876,46.453682,2017,Primary Transit,
kepler-94 b,0.313,0.034,2.50806,,Kepler-94,0.81,0.76,4781.0,192.97,281.194747,47.497148,2014,Primary Transit,
kepler-94 c,,9.836,820.3,,Kepler-94,0.81,0.76,4781.0,192.97,281.194747,47.497148,2014,Radial Velocity,
kepler-950 b,0.801,,98.7180406,,Kepler-950,1.02,1.02,5857.0,1489.0,287.956566,41.130329,2016,Primary Transit,
kepler-951 ab,0.5139,,71.52543938,0.0,Kepler-951 A,0.77,0.73,4834.0,382.509,287.73756,38.114567,2016,Primary Transit,
kepler-952 b,0.682,,130.3546919,,Kepler-952,1.0,0.99,5730.0,1167.0,285.371949,41.993912,2016,Primary Transit,
kepler-953 ab,0.376,,88.40655258,,Kepler-953 A,0.95,0.99,5416.0,240.0,288.971662,44.624531,2016,Primary Transit,
kepler-953 ac,0.106,,9.10967112,,Kepler-953 A,0.95,0.99,5416.0,240.0,288.971662,44.624531,2016,Primary Transit,
kepler-954 b,0.207,,16.78176602,,Kepler-954,0.82,0.76,4990.0,224.0,295.859378,47.93951,2016,Primary Transit,
kepler-955 b,0.279,,14.53244172,,Kepler-955,0.89,0.84,5350.0,637.0,288.471458,40.269795,2016,Primary Transit,
kepler-956 b,0.268,,5.24867263,,Kepler-956,1.1,1.15,6040.0,631.0,292.530806,49.061707,2016,Primary Transit,
kepler-957 b,0.491,,5.90741354,,Kepler-957,0.81,0.75,4963.0,749.0,290.156346,48.818996,2016,Primary Transit,
kepler-958 b,0.184,,9.7678805,,Kepler-958,0.91,0.86,5421.0,467.0,287.256685,46.066769,2016,Primary Transit,
kepler-959 b,0.3908,,14.80074836,0.0,Kepler-959,1.48,1.66,6848.93,807.73,292.171168,40.811382,2016,Primary Transit,
kepler-95 ab,0.2779,0.041,11.5231,0.0,Kepler-95 A,1.0,1.451,5699.0,445.656,284.482459,44.398037,2014,Primary Transit,
kepler-960 b,0.204,,3.12686223,,Kepler-960,0.77,0.72,4755.0,298.0,281.457163,46.746468,2016,Primary Transit,
kepler-961 b,0.227,,16.87727414,,Kepler-961,0.96,0.9,5582.0,607.0,282.035496,43.631268,2016,Primary Transit,
kepler-962 b,0.176,,12.05707239,,Kepler-962,0.93,0.86,5478.0,439.0,295.313145,46.237488,2016,Primary Transit,
kepler-963 b,0.237,,9.97683705,,Kepler-963,0.93,0.898,5352.0,771.494,296.752973,45.0411,2016,Primary Transit,
kepler-963 c,0.05781,,0.919786,,Kepler-963,0.93,0.898,5352.0,771.494,296.752973,45.0411,2023,Primary Transit,
kepler-964 b,0.189,,13.5225106,,Kepler-964,0.93,0.84,5427.0,478.0,295.30009,40.556591,2016,Primary Transit,
kepler-965 b,0.302,,134.2527298,,Kepler-965,1.05,1.15,5886.0,618.0,298.515338,41.891205,2016,Primary Transit,
kepler-966 b,0.368,,99.747622,,Kepler-966,1.02,1.02,5840.0,773.0,297.270578,50.121811,2016,Primary Transit,
kepler-967 b,0.2097,,13.22713379,0.0,Kepler-967,0.825,0.8,5178.0,501.87,286.558075,38.40536,2016,Primary Transit,
kepler-967 c,0.3256,,198.7112502,,Kepler-967,0.825,0.8,5178.0,501.87,286.558075,38.40536,2016,Primary Transit,
kepler-968 ab,0.178,,3.69298373,,Kepler-968 A,0.76,0.7,4598.0,312.0,285.602528,50.112038,2016,Primary Transit,
kepler-968 ac,0.151,,5.70940492,,Kepler-968 A,0.76,0.7,4598.0,312.0,285.602528,50.112038,2016,Primary Transit,
kepler-968 ad,0.2302,,7.68433346,0.0,Kepler-968 A,0.76,0.7,4598.0,312.0,285.602528,50.112038,2017,Primary Transit,
kepler-969 b,0.185,,34.1731714,,Kepler-969,0.92,0.82,5214.0,411.0,288.372508,47.933556,2016,Primary Transit,
kepler-969 c,0.088,,1.6829346,,Kepler-969,0.92,0.82,5214.0,411.0,288.372508,47.933556,2016,Primary Transit,
kepler-96 b,0.238,0.027,16.2385,,Kepler-96,1.0,1.02,5690.0,123.32,297.069643,40.525141,2014,Primary Transit,
kepler-970 bb,0.23276,,16.736525,0.34,Kepler-970 B,0.67,0.71,4290.0,331.545,289.62523,40.708726,2016,Primary Transit,
kepler-971 ab,0.19,,9.59070716,,Kepler-971 A,0.97,0.777,5513.7,338.522,284.094587,41.182821,2016,Primary Transit,
kepler-972 b,0.415,,7.03932553,,Kepler-972,1.15,1.22,6146.0,1304.0,295.828703,43.425495,2016,Primary Transit,
kepler-973 ab,0.175,,49.6077331,,Kepler-973 A,0.86,0.78,5213.0,297.0,290.165258,49.923862,2016,Primary Transit,
kepler-974 b,0.1401,,4.194496514,0.0,Kepler-974,0.534,0.538,3609.0,134.311,285.013102,40.220753,2016,Primary Transit,
kepler-974 c,0.0544,0.00217,0.1768913,,Kepler-974,0.534,0.538,3609.0,134.311,285.013102,40.220753,2013,Primary Transit,
kepler-975 ab,0.14105,,1.970342457,0.0,Kepler-975 A,0.77,0.807,4783.72,426.088,290.54855,38.495275,2016,Primary Transit,
kepler-975 ac,0.50353,,5.05821338,0.0,Kepler-975 A,0.77,0.807,4783.72,426.088,290.54855,38.495275,2017,Primary Transit,
kepler-976 b,0.353,,105.9564148,,Kepler-976,0.87,0.83,5232.0,1020.0,289.869641,46.729706,2016,Primary Transit,
kepler-977 b,0.234,,26.85328322,,Kepler-977,0.87,0.83,5315.0,664.0,291.51621,42.248196,2016,Primary Transit,
kepler-978 b,0.267,,49.6221509,,Kepler-978,1.07,1.09,6002.0,624.0,286.710723,43.043453,2016,Primary Transit,
kepler-979 b,0.243,,8.0880135,,Kepler-979,0.87,0.83,5310.0,606.0,300.371281,46.408276,2016,Primary Transit,
kepler-97 ab,0.132,0.011,2.58664,,Kepler-97 A,0.94,0.98,5779.0,405.58,287.326624,48.673431,2014,Primary Transit,
kepler-97 ac,,1.08,789.0,,Kepler-97 A,0.94,0.98,5779.0,405.58,287.326624,48.673431,2014,Radial Velocity,
kepler-980 b,0.238,,11.55102504,,Kepler-980,1.05,1.06,5935.0,804.0,294.613008,45.060169,2016,Primary Transit,
kepler-981 b,0.206,,4.46975774,,Kepler-981,0.98,0.96,5718.0,913.0,289.248907,47.650101,2016,Primary Transit,
kepler-982 b,0.201,,15.7738221,,Kepler-982,1.16,1.29,6139.0,702.0,288.41768,46.590427,2016,Primary Transit,
kepler-983 ab,0.211,,60.0855082,,Kepler-983 A,1.13,1.08,6052.0,655.0,285.10406,45.008167,2016,Primary Transit,
kepler-984 b,0.189,,43.0342272,,Kepler-984,0.96,0.93,5610.0,461.0,296.958868,46.394127,2016,Primary Transit,
kepler-985 b,0.266,,116.331901,,Kepler-985,0.91,0.85,5434.0,741.0,290.144308,44.049953,2016,Primary Transit,
kepler-986 b,0.211,,56.4349938,,Kepler-986,0.96,0.98,5642.0,563.0,293.094007,42.896431,2016,Primary Transit,
kepler-987 b,0.291,,105.3033148,,Kepler-987,0.97,0.91,5637.0,936.0,289.41107,46.130848,2016,Primary Transit,
kepler-988 b,0.185,,17.76080053,,Kepler-988,0.55,0.53,4005.0,248.0,290.708386,42.237251,2016,Primary Transit,
kepler-989 b,0.197,,7.96431535,,Kepler-989,0.82,0.78,5074.0,484.0,281.582909,47.233631,2016,Primary Transit,
kepler-98 b,0.178,0.011,1.54168,,Kepler-98,0.99,1.11,5539.0,353.87,285.661662,37.964506,2014,Primary Transit,
kepler-990 b,0.2543,,9.91724268,0.0,Kepler-990,0.97,1.031,5521.54,802.163,297.938209,46.881393,2016,Primary Transit,
kepler-990 c,0.149,,0.53835407,0.0,Kepler-990,0.97,1.031,5521.54,802.163,297.938209,46.881393,2016,Primary Transit,
kepler-991 b,0.227,,82.5342519,,Kepler-991,0.64,0.61,4392.0,370.0,297.090655,49.626572,2016,Primary Transit,
kepler-992 b,0.145,,20.16034462,,Kepler-992,0.8,0.74,4944.0,268.0,284.43028,47.641785,2016,Primary Transit,
kepler-993 b,0.265,,22.08557563,,Kepler-993,0.57,0.54,3843.0,298.0,292.614101,44.394661,2016,Primary Transit,
kepler-994 b,0.143,,1.15116651,,Kepler-994,0.56,0.54,3934.0,170.0,289.072225,47.40707,2016,Primary Transit,
kepler-995 b,0.241,,28.26731672,,Kepler-995,0.83,0.8,5206.0,659.0,284.615727,39.131038,2016,Primary Transit,
kepler-996 b,0.177,,3.77059058,,Kepler-996,1.09,1.14,6014.0,1098.0,291.912789,41.533611,2016,Primary Transit,
kepler-997 b,0.121,,2.70730672,,Kepler-997,1.22,1.56,6150.0,470.0,289.233369,49.938934,2016,Primary Transit,
kepler-998 b,0.207,,5.65377733,,Kepler-998,1.12,1.18,6058.0,996.0,296.754151,49.208744,2016,Primary Transit,
kepler-999 ab,0.2453,,5.99185827,0.0,Kepler-999 A,1.29,1.65,6237.0,568.0,299.660466,46.198418,2016,Primary Transit,
kepler-99 bb,0.16166,0.0119971,4.60358,0.0,Kepler-99 B,0.769,0.745,4774.0,208.369,297.354004,41.300049,2014,Primary Transit,
kepler-9 b,0.74,0.13655,19.23891,0.0609,Kepler-9,1.02,0.96,5774.0,614.0,285.573981,38.400892,2010,Primary Transit,
kepler-9 c,0.721,0.09408,38.9853,0.06691,Kepler-9,1.02,0.96,5774.0,614.0,285.573981,38.400892,2010,Primary Transit,
kepler-9 d,0.146,0.016518264481,1.592851,,Kepler-9,1.02,0.96,5774.0,614.0,285.573981,38.400892,2010,Primary Transit,
kic 10255705 b,0.65,,707.3793,0.0,KIC 10255705,1.1,2.12,5030.0,,282.854166675,47.377500016,2013,Primary Transit,
kic 11152511 b,0.36,,287.363,0.67,KIC 11152511,1.01,2.08,5273.0,,298.062500005,48.725000021,2013,Primary Transit,
kic 12454613 b,0.228,,736.3819,0.16,KIC 12454613,0.87,0.82,5420.0,,288.170833347,51.382222242,2013,Primary Transit,
kic 3853259 (ab)b,,,325.7,0.6,KIC 3853259 (AB),0.736,,4861.0,452.176,292.24470842469,38.92316723507,2014,Timing,
kic 5010054 b,0.62,,904.24,0.0,KIC 5010054,1.08,1.66732,5930.0,1148.765,291.5,40.1828,2013,Primary Transit,
kic 5094412 b,0.51,,276.88,0.0,KIC 5094412,0.82,0.8,5313.0,,290.3,40.2878,2013,Primary Transit,
kic 5522786 b,0.11,,757.1639,0.56,KIC 5522786,1.79,1.3,8719.0,,288.3417,40.7314,2013,Primary Transit,
kic 5732155 b,1.14,,644.1685,0.0,KIC 5732155,1.13,1.99,5755.0,,298.425,40.9067,2013,Primary Transit,
kic 6372194 b,0.74,,281.5848,0.65,KIC 6372194,0.8,0.75,5233.0,,294.3375,41.7475,2013,Primary Transit,
kic 7177553 (ab)b,,,529.0,0.46,KIC 7177553 (AB),1.043,0.94,5911.0,195.108,283.0121198,42.7212587,2014,Timing,
kic 7821010 (ab)b,,,991.0,0.372,KIC 7821010 (AB),1.309,1.825,6451.75,356.837,291.320833339,43.595555577,2014,Timing,
kic 9413313 b,1.124,,440.3984,,KIC 9413313,0.95,1.45,5359.0,,295.41666668,45.903611132,2015,Primary Transit,
kic 9662267 b,0.34,,466.202,0.11,KIC 9662267,0.86,0.89,5602.0,,296.79166667,46.350000007,2013,Primary Transit,
kic 9704149 b,0.4,,697.0159,0.29,KIC 9704149,0.86,0.78,5640.0,,289.162500013,46.421666679,2013,Primary Transit,
kmt-2016-blg-0625 b,,0.051,,,KMT-2016-BLG-0625,,,,,271.41666668,-27.226944457,2023,Microlensing,
kmt-2016-blg-1105 b,,0.0073,,,KMT-2016-BLG-1105,0.41,,,5080.0,266.445833349,-26.266388907,2022,Microlensing,
kmt-2016-blg-1107 b,,3.283,,,KMT-2016-BLG-1107,0.087,,,6651.0,266.41666668,-26.031666679,2018,Microlensing,
kmt-2016-blg-1337 b,,6.92,,,KMT-2016-BLG-1337,0.54,,,7000.0,269.13004166666667,-33.03418888888889,2026,Microlensing,
kmt-2016-blg-1397 b,,7.0,,,KMT-2016-BLG-1397,0.45,,,6600.0,272.66666668,-24.857777801,2018,Microlensing,
kmt-2016-blg-1751,,1.2,,,KMT-2016-BLG-1751,,,,,268.366666676,-32.151944449,2023,Microlensing,
kmt-2016-blg-1836l b,,2.2,,,KMT-2016-BLG-1836L,0.49,,,7100.0,268.25,-30.04083334,2019,Microlensing,
kmt-2016-blg-2321 b,,3.58,,,KMTNet-2016-BLG-2321,0.73,,,3580.0,264.05833333333334,-25.525,2024,Microlensing,
kmt-2016-blg-2364 b,,3.93,,,KMT-2016-BLG-2364,0.5,,,6440.0,265.716666684,-27.435555566,2020,Microlensing,
kmt-2016-blg-2397 b,,2.42,,,KMT-2016-BLG-2397,0.62,,,5009.0,266.212500017,-23.201388894,2020,Microlensing,
kmt-2016-blg-2605 b,,0.771,,,KMT-2016-BLG-2605,0.064,,,6421.0,269.825000006,-26.981944476,2021,Microlensing,
kmt-2017-blg-0165l b,,0.107,,,KMT-2017-BLG-0165L,0.76,,,4530.0,269.650000012,-28.133611114,2018,Microlensing,
kmt-2017-blg-0428 b,,0.01114,,,KMT-2017-BLG-0428,0.34,,,5400.0,271.383333344,-28.490277793,2022,Microlensing,
kmt-2017-blg-0673l b,,3.67,,,KMT-2017-BLG-0673L,0.63,,,5080.0,264.758333334,-33.808055578,2022,Microlensing,
kmt-2017-blg-0849 b,,0.02011,,,KMT-2017-BLG-0849,0.19,,,7220.0,265.3594583333333,-25.28121944444444,2024,Microlensing,
kmt-2017-blg-1003 b,,0.01633,,,KMT-2017-BLG-1003,0.32,,,7090.0,265.412500013,-24.373888902,2022,Microlensing,
kmt-2017-blg-1038 b,,2.4,,,KMT-2017-BLG-1038,0.43,,,6100.0,266.170833347,-25.143055566,2018,Microlensing,
kmt-2017-blg-1057 b,,0.0739,,,KMT-2017-BLG-1057,0.57,,,6500.0,265.486,-22.33511111111111,2024,Microlensing,
kmt-2017-blg-1146 b,,0.85,,,KMT-2017-BLG-1146,0.4,,,6600.0,269.104166675,-33.14250001,2018,Microlensing,
kmt-2017-blg-1194 b,,3.54,,,KMT-2017-BLG-1194,0.41,,,4240.0,274.320833339,-25.323888901,2022,Microlensing,
kmt-2017-blg-2197 b,,8.84,,,KMT-2017-BLG-2197,0.36,,,7800.0,262.61133333333333,-30.159311111111112,2025,Microlensing,
kmt-2017-blg-2331 b,,0.538,,,KMT-2017-BLG-2331,0.4,,,8030.0,264.40720833333336,-29.461211111111112,2024,Microlensing,
kmt-2017-blg-2509 b,,2.09,,,KMT-2017-BLG-2509,0.46,,,7040.0,265.591666674,-26.317222229,2021,Microlensing,
kmt-2018-blg-0029l b,,0.0132,,,KMT-2018-BLG-0029,0.7,,,2190.0,264.470833351,-27.984722243,2019,Microlensing,
kmt-2018-blg-0030 b,,1.45,,,KMT-2018-BLG-0030,0.51,,,640.0,264.516666668,-28.041666674,2022,Microlensing,
kmt-2018-blg-0087 b,,0.23,,,KMT-2018-BLG-0087,0.1,,,7020.0,264.325000006,-27.831944473,2022,Microlensing,
kmt-2018-blg-0247 b,,2.11,,,KMT-2018-BLG-0247,0.29,,,6760.0,264.558333338,-27.150277781,2022,Microlensing,
kmt-2018-blg-0748 b,,0.19,,,KMT-2018-BLG-0748,0.087,,,7300.0,267.87500001,-30.646388912,2020,Microlensing,
kmt-2018-blg-1025l b,,0.019064,,,KMT-2018-BLG-1025L,0.22,,,6700.0,269.862500009,-27.878055582,2021,Microlensing,
kmt-2018-blg-1292l b,,4.9,,,KMT-2018-BLG-1292L,1.6,,,2920.0,263.179166681,-33.520555569,2019,Microlensing,
kmt-2018-blg-1743 b,,0.925,,,KMT-2018-BLG-1743,0.3,,,6200.0,274.283333336,-26.359722237,2021,Microlensing,
kmt-2018-blg-1976l b,,1.96,,,KMT-2018-BLG-1976L,0.65,,,5840.0,266.354166675,-35.700277792,2021,Microlensing,
kmt-2018-blg-1988l b,,0.0214,,,KMT-2018-BLG-1988L,0.47,,,4200.0,265.283333336,-35.594722243,2021,Microlensing,
kmt-2018-blg-1990l b,,0.57,,,KMT-2018-BLG-1990L,0.14,,,1239.0,268.433333348,-22.152500005,2019,Microlensing,
kmt-2018-blg-1996l b,,1.22,,,KMT-2018-BLG-1996L,0.69,,,5910.0,268.679166681,-22.820277797,2021,Microlensing,
kmt-2018-blg-2004 b,,0.27,,,KMT-2018-BLG-2004,0.69,,,6980.0,268.429166681,-30.34027779,2022,Microlensing,
kmt-2018-blg-2119 b,,12.0,,,KMT-2018-BLG-2119,0.21,,,7420.0,269.200000016,-28.683333347,2022,Microlensing,
kmt-2018-blg-2602 b,,1.15,,,KMT-2018-BLG-2602,0.66,,,4310.0,267.395833345,-21.976111138,2022,Microlensing,
kmt-2019-blg-0253 b,,0.02983,,,KMT-2019-BLG-0253,0.65,,,2640.0,267.883333344,-29.565555579,2021,Microlensing,
kmt-2019-blg-0298 b,,1.81,,,KMT-2019-BLG-0298,,,,,264.87800001024,-27.6381389054,2023,Microlensing,
kmt-2019-blg-0414l b,,4.42,,,KMT-2019-BLG-0414,0.74,,,4410.0,268.854166675,-21.895555583,2022,Microlensing,
kmt-2019-blg-0578 b,,1.2,,,KMT-2019-BLG-0578,0.28,,,8500.0,269.48466666666667,-27.78930555555556,2025,Microlensing,
kmt-2019-blg-0842 b,,10.28,,,KMT-2019-BLG-0842,0.76,,,3320.0,268.45833335,-29.877500026,2019,Microlensing,
kmt-2019-blg-1042 b,,0.19,,,KMT-2019-BLG-1042,0.3,,,6600.0,270.545833337,-27.580555578,2022,Microlensing,
kmt-2019-blg-1216 b,,0.094,,,KMT-2019-BLG-1216,0.39,,,2740.0,268.479166685,-35.136666672,2023,Microlensing,
kmt-2019-blg-1339 b,,12.2,,,KMT-2019-BLG-1339,0.27,,,7150.0,265.741666686,-25.573888906,2020,Microlensing,
kmt-2019-blg-1367 b,,0.01284,,,KMT-2019-BLG-1367,0.25,,,4670.0,272.470833351,-29.762222247,2022,Microlensing,
kmt-2019-blg-1552 b,,4.05,,,KMT-2019-BLG-1552,0.79,,,,269.595833341,-27.566944456,2022,Microlensing,
kmt-2019-blg-1715 b,,2.56,,,KMT-2019-BLG-1715,0.76,,,3860.0,270.370833343,-28.777222246,2021,Microlensing,
kmt-2019-blg-1806 b,,0.01469,,,KMT-2019-BLG-1806,0.74,,,6640.0,270.537500003,-29.41500002,2022,Primary Transit,
kmt-2019-blg-1953l b,,0.59,,,KMT-2019-BLG-1953,0.31,,,7040.0,269.116666676,-28.201111116,2020,Microlensing,
kmt-2019-blg-1953l c,,0.28,,,KMT-2019-BLG-1953,0.31,,,7040.0,269.116666676,-28.201111116,2020,Microlensing,
kmt-2019-blg-2783 b,,1.16,,,KMT-219:BLG-2783,,,,,269.29166667,-33.788611131,2023,Microlensing,
kmt-2019-blg-2974 b,,0.28,,,KMT-2019-BLG-2974,0.47,,,6100.0,267.854166675,-29.423055569,2022,Microlensing,
kmt-2020-blg-0202 b,,12.3,,,KMT-2020-BLG-0202,0.81,,,3840.0,267.04045833333333,-24.47445,2026,Microlensing,
kmt-2020-blg-0414l b,,0.00588,,,KMT-2020-BLG-0414L,0.49,0.01,,1330.0,271.91666668,-28.485277789,2021,Microlensing,
kmt-2020-blg-0757 b,,10.7,,,KMT-2020-BLG-0757,0.58,,,6670.0,271.135,-27.922666666666668,2024,Microlensing,
kmt-2021-blg-0119 b,,5.7,,,KMT-2021-BLG-0119,,,,,274.0,-29.743888912,2022,Microlensing,
kmt-2021-blg-0171l b,,0.0352,,,KMT-2021-BLG-0171L,0.78,,,4600.0,269.241666686,-30.093055565,2022,Microlensing,
kmt-2021-blg-0192 b,,0.15,,,KMT-2021-BLG-0192,0.4,,,3000.0,268.104166675,-30.008611118,2022,Microlensing,
kmt-2021-blg-0240 b,,0.4,,,KMT-2021-BLG-0240,0.47,,,7000.0,267.579166673,-30.005000004,2022,Microlensing,
kmt-2021-blg-0240 c,,0.7,,,KMT-2021-BLG-0240,0.47,,,7000.0,267.579166673,-30.005000004,2022,Microlensing,
kmt-2021-blg-0320 b,,0.1,,,KMT-2021-BLG-0320,0.32,,,6950.0,269.387500011,-30.503888902,2022,Microlensing,
kmt-2021-blg-0322 b,,6.4,,,KMT-2021-BLG-0322,,,,6600.0,270.912500013,-29.60444446,2021,Microlensing,
kmt-2021-blg-0424 b,,0.78,,,KMT-2021-BLG-0424,0.232,,,2550.0,271.02683333333334,-27.47,2026,Microlensing,
kmt-2021-blg-0457 b,,1.12,,,KMT-2021-BLG-0457,0.23,,,6870.0,268.412,-28.62755,2026,Microlensing,
kmt-2021-blg-0690 b,,11.6,,,KMT-2021-BLG-0690,0.476,,,8839.0,269.91045833333334,-29.010919444444443,2026,Microlensing,
kmt-2021-blg-0712 b,,0.12016,,,KMT-2021-BLG-0712,0.22,,,3090.0,269.287500003,-31.184444449,2022,Microlensing,
kmt-2021-blg-0736 b,,0.066,,,KMT-2021-BLG-0736,0.6,,,8900.0,268.32258333333334,-29.712419444444443,2025,Microlensing,
kmt-2021-blg-0748 b,,0.45,,,KMT-2021-BLG-0748,0.36,,,6090.0,272.420833347,-25.746666692,2022,Microlensing,
kmt-2021-blg-0852 b,,0.49,,,KMT-2021-BLG-0852,0.75,,,7230.0,265.83116666666666,-33.89183888888889,2026,Primary Transit,
kmt-2021-blg-0909 b,,1.26,,,KMT-2021-BLG-0909,0.38,,,6480.0,265.620833343,-27.639166684,2022,Microlensing,
kmt-2021-blg-0912 b,,6.92,,,KMT-2021-BLG-0912,0.75,,,6710.0,269.820833339,-31.997777809,2021,Microlensing,
kmt-2021-blg-1063 b,,0.29,,,KMT-2021-BLG-1063,0.416,,,6707.0,267.409,-29.54665,2026,Microlensing,
kmt-2021-blg-1077l b,,0.22,,,KMT-2021-BLG-1077L,0.14,,,8240.0,266.487500019,-33.842777802,2022,Microlensing,
kmt-2021-blg-1077l c,,0.25,,,KMT-2021-BLG-1077L,0.14,,,8240.0,266.487500019,-33.842777802,2022,Microlensing,
kmt-2021-blg-1105 b,,1.3,,,KMT-2021-BLG-1105,0.63,,,4540.0,265.733333352,-25.508888906,2022,Microlensing,
kmt-2021-blg-1150l b,,0.88,,,KMT-2021-BLG-1150L,0.73,,,3800.0,268.79166667,-31.31333335,2023,Microlensing,
kmt-2021-blg-1253 b,,0.05994,,,KMT-2021-BLG-1253,0.24,,,6649.0,267.616666676,-29.279166682,2022,Microlensing,
kmt-2021-blg-1303 b,,0.38,,,KMT-2021-BLG-1303,0.57,,,6280.0,271.862500009,-29.281666684,2022,Microlensing,
kmt-2021-blg-1372 b,,0.19278,,,KMT-2021-BLG-1372,0.42,,,5970.0,264.487500019,-28.148333348,2022,Microlensing,
kmt-2021-blg-1391 b,,0.01432,,,KMT-2021-BLG-1391,0.37,,,5720.0,270.683333348,-23.060555565,2022,Microlensing,
kmt-2021-blg-1547l b,,1.47,,,KMT-2021-BLG-1547L,0.72,,,5070.0,272.150000012,-29.083888891,2023,Microlensing,
kmt-2021-blg-1554 b,,0.12,,,KMT-2021-BLG-1554,0.08,,,7680.0,267.804166671,-31.864444473,2022,Microlensing,
kmt-2021-blg-1689l b,,0.145,,,KMT-2021-BLG-1689L,0.58,,,7200.0,269.579166673,-30.14527779,2022,Microlensing,
kmt-2021-blg-1898 b,,0.76,,,KMT-2021-BLG-1898,0.48,,,6900.0,265.691666682,-27.375833348,2022,Microlensing,
kmt-2021-blg-2010 b,,1.07,,,KMT-2021-BLG-2010,0.37,,,7090.0,268.016666668,-32.26972223,2023,Microlensing,
kmt-2021-blg-2213 b,,1.09,,,KMT-2021-BLG-2213,0.228,,,6964.0,269.38125,-28.84856111111111,2026,Microlensing,
kmt-2021-blg-2294 b,,0.07,,,KMT-2021-BLG-2294,0.125,,,6830.0,270.062500005,-28.612500022,2022,Microlensing,
kmt-2021-blg-2478 b,,0.8,,,KMT-2021-BLG-2478,0.12,,,2500.0,269.30920833807,-29.10196944802,2022,Microlensing,
kmt-2021-blg-2609 b,,0.032,,,KMT-2021-BLG-2609,0.2,,,7480.0,263.518875,-27.59691666666667,2024,Microlensing,
kmt-2021-blg-3290 b,,1.86,,,KMT-2021-BLG-3290,0.542,,,6488.0,268.5902083333333,-31.771669444444445,2026,Microlensing,
kmt-2022-blg-0303 b,,0.513,,,KMT-2022-BLG-0303,0.368,,,6570.0,268.033125,-22.68908055555556,2024,Microlensing,
kmt-2022-blg-0371 b,,0.26,,,KMT-2022-BLG-0371,0.63,,,7140.0,265.362500009,-34.698611137,2023,Microlensing,
kmt-2022-blg-0440l b,,0.0485,,,KMT-2022-BLG-0440L,0.53,,,3500.0,269.58333334,-32.295277793,2023,Microlensing,
kmt-2022-blg-0475 b,,0.079,,,KMT-2022-BLG-0475,0.43,,,6580.0,271.337500007,-27.037777782,2023,Microlensing,
kmt-2022-blg-0732 b,,1.12,,,KMT-2022-BLG-0732,0.53,,,6660.0,265.11404166666665,-35.85776944444444,2024,Microlensing,
kmt-2022-blg-1013 b,,0.31,,,KMT-2022-BLG-1013,,,,,264.70833335,-28.355555567,2023,Microlensing,
kmt-2022-blg-1480 b,,0.083,,,KMT-2022-BLG-1480,0.18,,,7790.0,269.729166685,-29.473333348,2023,Microlensing,
kmt-2022-blg-1551 b,,2.96,,,KMT-2022-BLG-1551,0.54,,,6900.0,265.25375,-27.55188055555556,2026,Microlensing,
kmt-2022-blg-1787 b,,6.64,,,KMT-2022-BLG-1787,0.42,,,6640.0,267.59291666666667,-30.39966666666667,2024,Microlensing,
kmt-2022-blg-1790 b,,1.73,,,KMT-2022-BLG-1790,0.58,,,6480.0,271.05625,-27.03475,2025,Microlensing,
kmt-2022-blg-1818l b,,1.5,,,KMT-2022-BLG-1818L,0.3,,,2900.0,270.798625,-27.48111111111111,2025,Microlensing,
kmt-2022-blg-1818l c,,0.35,,,KMT-2022-BLG-1818L,0.3,,,2900.0,270.798625,-27.48111111111111,2025,Microlensing,
kmt-2022-blg-1852 b,,5.0,,,KMT-2022-BLG-1852,0.32,,,6270.0,274.79541666666665,-24.271361111111112,2024,Microlensing,
kmt-2022-blg-2076 b,,0.88,,,KMT-2022-BLG-2076,0.67,,,5570.0,268.051125,-29.02793055555556,2025,Microlensing,
kmt-2023-blg-0084 b,,2.5,,,KMT-2023-BLG-0084,0.23,,,4000.0,273.94191666666666,-25.2295,2026,Microlensing,
kmt-2023-blg-0119 b,,0.2633,,,KMT-2023-BLG-0119,0.71,,,5410.0,266.8150416666667,-34.57218888888889,2025,Microlensing,
kmt-2023-blg-0164 b,,0.04704,,,KMT-2023-BLG-0164,0.32,,,1040.0,269.79991666666666,-31.770669444444444,2026,Microlensing,
kmt-2023-blg-0416 b,,6.15,,,KMT-2023-BLG-0416,0.61,,,6330.0,266.325,25.079444444444444,2024,Microlensing,
kmt-2023-blg-0466 b,,3.25,,,KMT-2023-BLG-0466,0.44,,,6800.0,270.61,-33.002969444444446,2026,Microlensing,
kmt-2023-blg-0469 b,,0.124,,,KMT-2023-BLG-0469,0.47,,,7070.0,269.40679166666666,-28.715061111111112,2024,Microlensing,
kmt-2023-blg-0548 b,,0.6,,,KMT-2023-BLG-0548,0.123,,,4320.0,270.347625,-27.10675,2025,Microlensing,
kmt-2023-blg-0735 b,,0.12,,,KMT-2023-BLG-0735,0.61,,,6390.0,267.57595833333335,29.202919444444444,2024,Microlensing,
kmt-2023-blg-0830 b,,0.0575,,,KMT-2023-BLG-0830,0.22,,,7250.0,271.65795833333334,-28.33231111111111,2025,Microlensing,
kmt-2023-blg-0949,,5.98,,,KMT-2023-BLG-0949,0.48,,,6060.0,263.4194166666667,-28.091461111111112,2025,Microlensing,
kmt-2023-blg-1118 b,,2.86,,,KMT-2023-BLG-1118,0.5,,,6400.0,272.6143333333333,-26.272669444444443,2026,Microlensing,
kmt-2023-blg-1286 b,,0.0623,,,KMT-2023-BLG-1286,0.31,,,6150.0,271.36858333333333,-27.86981111111111,2026,Microlensing,
kmt-2023-blg-1454 b,,0.63,,,KMT-2023-BLG-1454,,,,,267.6200833333333,29.62275,2024,Microlensing,
kmt-2023-blg-1642 b,,1.18,,,KMT-2023-BLG-1642,0.15,,,,261.366,-29.058469444444444,2024,Microlensing,
kmt-2023-blg-1746 b,,0.00702,,,KMT-2023-BLG-1746,0.11,,,7780.0,267.16083333333336,-35.29808055555556,2026,Microlensing,
kmt-2023-blg-1810 b,,7.24,,,KMT-2023-BLG-1810,0.56,,,7000.0,270.61470833333334,-30.27761111111111,2026,Microlensing,
kmt-2023-blg-1866l b,,0.0104,,,KMT-2023-BLG-1866L,0.5,,,6340.0,273.48225,-28.447388888888888,2024,Microlensing,
kmt-2023-blg-1896 b,,0.05144,,,KMT-2023-BLG-1896,0.72,,,5490.0,271.03175,-26.958919444444444,2025,Microlensing,
kmt-2023-blg-2209 b,,0.8,,,KMT-2023-BLG-2209,0.73,,,5570.0,268.99420833333335,-29.305669444444444,2025,Microlensing,
kmt-2024-blg-0176 b,,0.76,,,KMT-2024-BLG-0176,0.103,,,8340.0,266.5324583333333,-34.21055555555556,2025,Microlensing,
kmt-2024-blg-0349 b,,11.8,,,KMT-2024-BLG-0349,0.68,,,5750.0,261.37154166666664,-30.247019444444444,2025,Microlensing,
kmt-2024-blg-0404l b,,0.0544,,,KMT-2024-BLG-0404L,0.09,,,7210.0,271.14708333333334,-27.9535,2025,Microlensing,
kmt-2024-blg-1044 b,,0.0431,,,KMT-2024-BLG-1044,0.13,,,6710.0,271.564,-27.59258055555556,2024,Microlensing,
kmt-2024-blg-1209l b,,2.64,,,KMT-2024-BLG-1209,0.77,,,3930.0,261.6129583333333,-28.120561111111112,2025,Microlensing,
kmt-2024-blg-1281 b,,0.06,,,KMT-2024-BLG-1281,0.32,,,7180.0,165.169375,-32.71425,2025,Microlensing,
kmt-2024-blg-1870 b,,1.06,,,KMT-2024-BLG-1870,0.67,,,5480.0,272.4653333333333,-26.88288888888889,2025,Microlensing,
kmt-2024-blg-2005 b,,0.16,,,KMT-2024-BLG-2005,0.12,,,7720.0,268.4080833333333,-28.90098055555556,2026,Microlensing,
kmt-2024-blg-2059,,0.022,,,KMT-2024-BLG-2059,0.51,,,6070.0,270.92975,-28.56818888888889,2025,Microlensing,
kmt-2024-blg-2087 b,,4.4,,,KMT-2024-BLG-2087,0.48,,,7190.0,268.45004166666666,-29.263188888888887,2025,Microlensing,
kmt-2024-blg-2242,,0.055,,,KMT-2024-BLG-2242,0.069,,,7620.0,268.415,-29.560311111111112,2025,Microlensing,
kmt-2025-blg-0121 b,,7.8,,,KMT-2025-BLG-0121,0.61,,,6200.0,267.158375,-23.9988,2026,Microlensing,
kmt-2025-blg-0481 b,,0.59,,,KMT-2025-BLG-0481,0.22,,,7980.0,265.356,-34.37175,2026,Primary Transit,
kmt-2025-blg-0811 b,,0.02199,,,KMT-2025-BLG-0811,0.49,,,6990.0,265.7327916666667,-24.48588888888889,2026,Microlensing,
kmt-2025-blg-0912 b,,0.02511,,,KMT-2025-BLG-0912,0.092,,,7720.0,269.84720833333336,-28.811969444444443,2026,Microlensing,
kmt-2025-blg-1616 b,,0.13315,,,KMT-2025-BLG-1616,0.26,,,7500.0,267.778875,-30.13911111111111,2026,Microlensing,
kobe-1 b,,,8.5399,0.0,KOBE-1,0.629,0.619,4135.0,23.88,19.163993228000415,25.33147783790889,2025,Radial Velocity,
kobe-1 c,,,29.671,0.0,KOBE-1,0.629,0.619,4135.0,23.88,19.163993228000415,25.33147783790889,2025,Radial Velocity,
koi-1066 b,0.83,,5.71,,KOI-1066,1.04,1.365,5786.53,1489.54,299.78632,44.16954,2013,Primary Transit,
koi-134 b,1.08,1.0,67.701,0.05,KOI-134,1.17,1.8,6154.0,1159.0,295.5865833333333,45.364916666666666,2025,Primary Transit,
koi-134 c,,0.23,33.95,0.24,KOI-134,1.17,1.8,6154.0,1159.0,295.5865833333333,45.364916666666666,2025,TTV,
koi-212 b,0.589,,5.7,,KOI-212,1.07,1.1,5898.0,1097.21,296.1398,41.60318,2017,Primary Transit,
koi-2700 b,0.0946,0.00271,0.910022,,KOI-2700,0.632,0.574,4433.0,,297.004166667,44.775000022,2013,Primary Transit,
koi-4427 ab,0.164,,147.6606,0.02,KOI-4427 A,0.553,0.559,3748.0,276.226,295.116666676,39.274166678,2015,Primary Transit,
koi-4644 b,0.09707,,3.439,0.0,KOI-4644,0.85,0.71,5065.27,607.424,291.45734,37.206841,2015,Primary Transit,
koi-4878 b,0.0928,,449.01499,0.0,KOI-4878,0.972,1.068,6031.0,,286.22812,50.01358,2017,Primary Transit,
koi-4896 b,0.1169,,19.5960013,0.0,2MASS J19233610+4844461,0.996,1.024,6120.0,,290.90042,48.74614,2017,Primary Transit,
koi-4896 c,0.132,,49.537365,0.0,2MASS J19233610+4844461,0.996,1.024,6120.0,,290.90042,48.74614,2017,Primary Transit,
koi-5372 b,0.146,,212.60398,,2MASS J19334766+4244416,1.022,1.207,5834.0,,293.44861,42.744911,2017,Primary Transit,
koi-5 b,0.0589,,7.05186,0.0,KOI-5,,1.747,5753.0,,289.741666686,44.647500024,2013,Primary Transit,
koi-6256 b,0.14221,,14.093,,KOI-6256,0.75,0.882,4692.0,796.975,292.13239,37.388481,2016,Primary Transit,
koi-6532 b,0.131,,0.813998777,,LPI-7913,0.945,0.989,5705.0,,286.74857,40.36544,2017,Primary Transit,
koi-6538 b,0.136,,129.839927,,2MASS J19344243+4020026,1.035,1.032,6133.0,,293.67682,40.334068,2017,Primary Transit,
koi-6653 b,0.109,,28.2682167,,2MASS J19303502+4121109,0.939,0.838,5496.0,,292.64594,41.353039,2017,Primary Transit,
koi-6664 b,0.086,,14.7638878,,2MASS J19095216+4128178,0.798,0.742,5547.0,,287.46738,41.47163,2017,Primary Transit,
koi-6666 b,0.068,,1.118507672,,2MASS J19330703+4124132,0.953,0.863,5918.0,,293.2793,41.403679,2017,Primary Transit,
koi-6672 b,0.0928,,2.28494299,,2MASS J19012151+4132230,0.84,0.793,5393.0,,285.33963,41.539749,2017,Primary Transit,
koi-6793 b,0.075,,3.62658665,,2MASS J19255900+4228412,0.886,0.799,5411.0,,291.49585,42.47813,2017,Primary Transit,
koi-6798 b,0.3,,2.64182865,,2MASS J19361857+4224080,0.805,2.935,5195.0,,294.07739,42.402241,2017,Primary Transit,
koi-6921 b,0.11,,6.8777602,,2MASS J19200188+4330076,1.078,1.106,6276.0,,290.00784,43.502129,2017,Primary Transit,
koi-6925 b,0.084,,12.9489256,,2MASS J18452562+4339300,0.545,0.525,3867.0,,281.35678,43.658352,2017,Primary Transit,
koi-6931 b,0.106,,2.54029506,,2MASS J19420054+4336355,1.028,0.911,5778.0,,295.50229,43.609871,2017,Primary Transit,
koi-6934 b,0.198,,22.2546864,,2MASS J18504142+4347179,1.197,2.388,5349.0,,282.67258,43.788311,2017,Primary Transit,
koi-7051 b,0.106,,0.772807044,,2MASS J20052510+4431298,0.659,0.668,4535.0,,301.35458,44.524948,2017,Primary Transit,
koi-7057 b,0.529,,0.61932352,,2MASS J19264939+4437067,1.434,1.844,7105.0,,291.70581,44.618542,2017,Primary Transit,
koi-7069 b,0.136,,1.01486138,,2MASS J19073983+4442163,1.08,1.024,6158.0,,286.91599,44.704529,2017,Primary Transit,
koi-7073 b,2.6987,,279.012698,,2MASS J19280416+4442477,1.08,1.143,6338.0,,292.01733,44.713268,2017,Primary Transit,
koi-7076 b,0.12,,16.234743,,2MASS J19340728+4449579,1.2,1.178,6475.0,,293.53033,44.832771,2017,Primary Transit,
koi-7197 b,0.131,,1.74147417,,2MASS J19394814+4614317,0.855,0.763,5227.0,,294.95062,46.242149,2017,Primary Transit,
koi-7209,0.076,,8.2553601,,2MASS J19100257+4623238,1.066,1.113,6357.0,,287.51071,46.38995,2017,Primary Transit,
koi-7319 b,0.087,,17.1677675,,2MASS J18552341+4730563,0.535,0.526,3761.0,,283.84756,47.515659,2017,Primary Transit,
koi-7320 b,0.062,,8.502285,,2MASS J19131131+4733361,0.693,0.715,4889.0,,288.29715,47.56004,2017,Primary Transit,
koi-7327 b,0.174,,17.9908748,,2MASS J18483788+4741115,0.727,0.752,4918.0,,282.15787,47.686531,2017,Primary Transit,
koi-7449 b,1.252,,1.322475635,,2MASS J19013040+4927421,0.548,0.548,4668.0,,285.37671,49.461712,2017,Primary Transit,
koi-7455,0.218,,3.773744,,2MASS J19101799+4933042,1.44,2.069,7302.0,,287.57501,49.551167,2017,Primary Transit,
koi-7460 b,0.136,,5.70509845,,2MASS J19091658+4939251,0.88,0.927,5455.0,,287.31912,49.65699,2017,Primary Transit,
koi-901 b,0.437,,12.73,,KOI-901,0.67,0.725,4255.0,526.581,285.16748,43.876339,2013,Primary Transit,
koi-972 b,0.274,,13.118966756,,KOI-972,1.85,1.57,7800.0,227.0,282.0,48.54222224,2017,Primary Transit,
kointreau-1 b,,10.6,,,XEST 17-036,0.26,0.3,3551.0,159.0,68.35925,22.75813888888889,2025,Imaging,
kointreau-3 b,,3.4,,,ISO-Oph 96,0.35,1.27,3920.0,138.0,246.76883333333333,-24.71658333333333,2026,Imaging,
kointreau-4 b,,11.5,,,KOINTREAU-4,,,,142.0,246.6160833333333,-26.42088888888889,2026,Imaging,
kpno-tau 12,1.4,6.5,,,IRAS 04158+2805,0.376,0.386,2974.0,130.0,64.74220833333334,28.2065,2003,Imaging,
kps-1 b,1.03,1.09,1.706291,0.0,KPS-1,0.892,0.907,5165.0,,165.16666668,64.963888919,2018,Primary Transit,
ksi aql b,,,136.75,0.0,ksi Aql,2.2,12.0,4780.0,62.7,298.5625,8.4613889,2008,Radial Velocity,
l 168-9 b,0.1392,0.01265,1.40152634,0.022,L 168-9,0.614,0.604,3842.0,25.1496,350.033333336,-60.065277791,2020,Primary Transit,
l2 pup ab,,12.0,,,L2 Pup A,0.659,,3500.0,64.0,108.384658761,-44.63973974,2016,Imaging,
l 363-38 b,,,8.781,0.01,L 363-38,0.21,0.274,3129.0,10.232,10.855,-41.295,2023,Radial Velocity,
l 98-59 b,0.0758,0.0013,2.2531136,0.1,L 98-59,0.32,0.291,3415.0,10.623,124.53175600520424,-68.31300150684203,2018,Primary Transit,
l 98-59 c,0.12356,0.00698,3.6906777,0.103,L 98-59,0.32,0.291,3415.0,10.623,124.53175600520424,-68.31300150684203,2018,Primary Transit,
l 98-59 d,0.1357,0.0061,7.4507245,0.074,L 98-59,0.32,0.291,3415.0,10.623,124.53175600520424,-68.31300150684203,2018,Primary Transit,
l 98-59 e,,,12.796,0.128,L 98-59,0.32,0.291,3415.0,10.623,124.53175600520424,-68.31300150684203,2021,Radial Velocity,
l 98-59 f,,0.00935,23.064,0.073,L 98-59,0.32,0.291,3415.0,10.623,124.53175600520424,-68.31300150684203,2021,Radial Velocity,
l 98-59 g,,,1.73615,0.027,L 98-59,0.32,0.291,3415.0,10.623,124.53175600520424,-68.31300150684203,2025,Radial Velocity,
lalande 21185 b,,,12.94,0.063,Lalande 21185,0.46,0.393,3828.0,2.55,165.83333334,35.970000022,2017,Radial Velocity,
lalande 21185 c,,,2946.0,0.13,Lalande 21185,0.46,0.393,3828.0,2.55,165.83333334,35.970000022,2021,Radial Velocity,
lalande 21185 d,,,215.0,,Lalande 21185,0.46,0.393,3828.0,2.55,165.83333334,35.970000022,2022,Other,
lam2 for ab,,,17.24,0.2,lam2 For A,1.18,,5936.0,25.5,39.2458333,-34.5780556,2009,Radial Velocity,
lam ser b,,0.056,15.5083,0.16,lam Ser,1.275,,,11.8186,236.612500009,7.353055565,2021,Radial Velocity,
lhs 1140 b,0.15407,0.02196,24.736,0.06,LHS 1140,0.146,0.186,3131.0,12.47,11.245833353,-15.271388898,2017,Primary Transit,
lhs 1140 c,0.11437,0.00569,3.777931,0.31,LHS 1140,0.146,0.186,3131.0,12.47,11.245833353,-15.271388898,2018,Primary Transit,
lhs 1478 b,0.1106,0.00733,1.9495378,,LHS 1478,0.236,0.246,3381.0,18.21,44.325000006,76.553611125,2021,Primary Transit,
lhs 1678 b,0.06111,0.00019,0.8602325,0.033,LHS 1678,0.345,0.329,3490.0,19.89,68.1789866289,-39.7908744112,2021,Primary Transit,
lhs 1678 c,0.08395,0.00123,3.694284,0.039,LHS 1678,0.345,0.329,3490.0,19.89,68.1789866289,-39.7908744112,2021,Primary Transit,
lhs 1678 d,0.08752,0.00289,4.9652229,0.04,LHS 1678,0.345,0.329,3490.0,19.89,68.1789866289,-39.7908744112,2024,Primary Transit,
lhs 1815 b,0.09707,0.0132,3.81433,0.0,LHS 1815,0.502,0.501,3643.0,29.87,91.08333334,-55.313055572,2020,Primary Transit,
lhs 1903 b,0.12329,0.01032,2.1555098,0.015,LHS 1903,0.538,0.539,3664.0,35.6917,107.86641666666668,48.33038611111111,2026,Primary Transit,
lhs 1903 c,0.18253,0.01432,6.226185,0.089,LHS 1903,0.538,0.539,3664.0,35.6917,107.86641666666668,48.33038611111111,2026,Primary Transit,
lhs 1903 d,0.223,0.019,12.566287,0.1,LHS 1903,0.538,0.539,3664.0,35.6917,107.86641666666668,48.33038611111111,2026,Primary Transit,
lhs 1903 e,0.1543,0.0182,29.31773,0.014,LHS 1903,0.538,0.539,3664.0,35.6917,107.86641666666668,48.33038611111111,2026,Primary Transit,
lhs 3154 b,,,3.71776,0.076,LHS-3154,0.112,0.14,2861.0,15.7531,241.637500011,40.906944468,2023,Radial Velocity,
lhs 3844 b,0.1178,0.00746,0.46292792,,LHS 3844,0.154,0.189,3036.0,14.9,340.495833353,-69.17222223,2018,Primary Transit,
lhs 475 b,0.0883,0.00308,2.029088,,LHS 475,0.262,0.2789,3312.0,12.481,290.226567203614,-82.5544910961512,2023,Primary Transit,
lp 714-47 b,0.419,0.0969,4.052037,0.04,LP 714-47,0.59,0.584,3950.0,52.7,64.191666682,-12.085000003,2020,Primary Transit,
lp 791-18 b,0.0999,,0.948005,,LP 791-18,0.139,0.17,2960.0,26.493,165.691666682,-16.406111124,2019,Primary Transit,
lp 791-18 c,0.2061,0.0223,4.989963,,LP 791-18,0.139,0.17,2960.0,26.493,165.691666682,-16.406111124,2019,Primary Transit,
lp 791-18 d,0.0919,0.0028,2.75485,0.0011,LP 791-18,0.139,0.17,2960.0,26.493,165.691666682,-16.406111124,2023,Primary Transit,
lp 890-9 b,0.1178,0.0415,2.7299025,,LP 890-9,0.118,0.1556,2850.0,32.33,64.129166677,-28.31472224,2022,Primary Transit,
lp 890-9 c,0.12196,0.0796,8.457463,,LP 890-9,0.118,0.1556,2850.0,32.33,64.129166677,-28.31472224,2022,Primary Transit,
lspm j0220+3320 (ab)b,,,3923.0,0.4,LSPM J0220+3320 (AB),0.51,0.55,3735.0,59.0,35.211875,33.34654166666667,2024,TTV,
lspm j2116+0234 b,,,14.446,,LSPM J2116+0234,0.43,0.431,3475.0,17.64,319.112500009,2.580833356,2019,Radial Velocity,
ltt 1445 ab,0.116,0.009,5.358766,0.11,LTT 1445 A,0.256,0.27,3340.0,6.9,45.462500017,-16.593333353,2019,Primary Transit,
ltt 1445 ac,0.10233,0.00485,3.1239035,0.223,LTT 1445 A,0.256,0.27,3340.0,6.9,45.462500017,-16.593333353,2020,Primary Transit,
ltt 1445 ad,,,24.29,0.26,LTT 1445 A,0.256,0.27,3340.0,6.9,45.462500017,-16.593333353,2022,Radial Velocity,
ltt 3780 b,0.11821,0.00774,0.76837931,0.0,LTT 3780,0.38,0.38,3358.0,22.04,154.64485,-11.71784,2020,Primary Transit,
ltt 3780 c,0.2132,0.0253,12.252284,0.024,LTT 3780,0.38,0.38,3358.0,22.04,154.64485,-11.71784,2020,Primary Transit,
ltt 9779 b,0.4211,0.09225,0.7920641,0.0,LTT 9779,1.0,0.92,5445.0,80.6,358.66666668,-37.628055577,2019,Primary Transit,
lupus-tr-3 b,0.89,0.81,3.91405,0.0,Lupus-TR-3,0.87,0.82,5000.0,,232.5791667,-42.9794444,2007,Primary Transit,
luyten's star b,,0.00922,18.64,0.1,Luyten's Star,0.29,0.293,3382.0,3.8,111.852041675,5.2257777894,2017,Radial Velocity,
luyten's star c,,0.00374,4.72322,0.17,Luyten's Star,0.29,0.293,3382.0,3.8,111.852041675,5.2257777894,2017,Radial Velocity,
luyten's star d,,0.03448,413.9,0.0,Luyten's Star,0.29,0.293,3382.0,3.8,111.852041675,5.2257777894,2019,Radial Velocity,
luyten's star e,,0.0297,542.0,0.0,Luyten's Star,0.29,0.293,3382.0,3.8,111.852041675,5.2257777894,2019,Radial Velocity,
m62h b,,,0.132935028,,M62H,1.4,,,,255.3070833333333,-30.106694444444443,2024,Timing,
mascara-1 b,1.5,3.7,2.14878,0.0,MASCARA-1,1.72,2.1,7554.0,188.7,317.551551671,10.7388750191,2017,Primary Transit,
mascara-3 ab,1.272,5.18,5.5514926,0.085,MASCARA-3 A,1.309,1.513,6347.0,96.79,161.908333346,71.655833351,2019,Primary Transit,
mascara-4 ab,1.53,1.675,2.82406,0.0,MASCARA-4 A,1.75,1.92,7800.0,171.54,147.5800667,-66.113925,2019,Primary Transit,
maxi j1957+032 b,0.5,,0.0422806,0.014,MAXI J1957+032,1.4,,,5000.0,299.162500013,3.445277796,2022,Timing,
mayrit 260182 b,,4.0,,,Mayrit 260182,0.7,1.92,3981.0,397.35,84.68431057206,-2.67215879144,2009,Imaging,
moa-2007-blg-192l b,,0.0393,,,MOA-2007-BLG-192L,0.28,,,2160.0,272.0166667,-27.15,2008,Microlensing,
moa-2007-blg-400l b,,1.71,,,MOA-2007-BLG-400L,0.69,,,6890.0,272.425,-29.2241667,2008,Microlensing,
moa-2008-blg-310l b,,0.233,,,MOA-2008-BLG-310L,0.67,,,6000.0,268.5583333,-34.7780556,2010,Microlensing,
moa-2008-blg-379l b,,2.44,,,MOA-2008-BLG-379L,0.66,,,3600.0,269.704166683,-29.803055541,2013,Microlensing,
moa-2009-blg-266l b,,0.0327,2780.0,,MOA-2009-BLG-266L,0.56,,,3040.0,267.025,-35.0052778,2010,Microlensing,
moa-2009-blg-319l b,,0.208,,,MOA-2009-BLG-319,0.38,,,6100.0,271.7416667,-26.8197222,2010,Microlensing,
moa-2009-blg-387l b,,2.6,1970.0,,MOA-2009-BLG-387L,0.19,,,5700.0,268.4625,-33.9902778,2011,Microlensing,
moa-2010-blg-073l b,,11.0,,,MOA-2010-BLG-073L,0.16,,,2800.0,272.5458,-26.5231,2012,Other,
moa-2010-blg-117 b,,0.51,,,MOA-2010-BLG-117,0.58,,,3400.0,271.95695835,-25.3446389046,2017,Microlensing,
moa-2010-blg-328l b,,0.44405,,,MOA-2010-BLG-328L,0.11,,,810.0,269.4958,-30.7153,2013,Microlensing,
moa-2010-blg-353l b,,0.27,,,MOA-2010-BLG-353L,0.18,,,6430.0,271.304166671,-27.293333347,2015,Microlensing,
moa-2010-blg-477l b,,1.4,,,MOA-2010-BLG-477L,0.53,,,2300.0,271.5291667,-31.4544444,2012,Microlensing,
moa-2011-blg-028l b,,0.094,,,MOA-2011-BLGL-028L,0.75,,,7380.0,270.858333342,-29.213333348,2015,Microlensing,
moa-2011-blg-262l b,,0.09099,,,MOA-2011-BLG-262L,0.19,,,7490.0,270.095833341,-30.754722208,2013,Microlensing,
moa-2011-blg-274 b,,0.8,,,MOA-2011-BLG-274,,,,800.0,268.675000014,-28.91638892,2014,Microlensing,
moa-2011-blg-291 b,,0.085,,,MOA-2011-BLG-291,0.22,,,7000.0,268.866666676,-29.170555562,2018,Microlensing,
moa-2011-blg-293l b,,4.8,,,MOA-2011-BLG-293L,0.86,,,7700.0,268.9125,-28.4769444,2012,Microlensing,
moa-2011-blg-322l b,,7.8,,,MOA-2011-BLG-322,0.31,,,7740.0,271.225,-27.2208,2013,Microlensing,
moa-2012-blg-006 b,,8.4,,,MOA-2012-BLG-006,0.49,,,5300.0,270.441666682,-29.108888898,2017,Microlensing,
moa-2012-blg-505l b,,6.7,,,MOA-2012-BLG-505L,0.1,,,7210.0,268.141666678,-32.040000006,2017,Microlensing,
moa-2013-blg-220l b,,2.74,,,MOA-2013-BLG-220L,0.88,,,6720.0,270.987500019,-28.455277758,2014,Microlensing,
moa-2013-blg-605l b,,0.066,,,MOA-2013-BLG-605L,0.19,,,3600.0,269.679166681,-29.398333353,2015,Microlensing,
moa-2014-blg-472 b,,1.9,,,MOA-2014-BLG-472,0.31,,,7200.0,270.079166673,-28.148888904,2021,Microlensing,
moa-2016-blg-227l b,,2.3,,,MOA-2016-BLG-227L,0.24,,,6400.0,271.475000018,-27.714166692,2017,Microlensing,
moa-2016-blg-319l b,,0.62,,,MOA-2016-BLG-319L,0.15,,,6800.0,268.741666686,-29.750555571,2018,Microlensing,
moa-2016-blg-526 b,,6.93,,,MOA-2016-BLG-526,,,,,266.6682916666667,-34.38608055555556,2024,Microlensing,
moa-2016-blg-532 b,,0.41,,,MOA-2016-BLG-532,,,,,269.433333348,-29.10722223,2023,Microlensing,
moa-2019-blg-421 b,,0.54,,,MOA-2019-BLG-421,0.3,,,7000.0,271.545833337,-27.485555567,2023,Microlensing,
moa-2020-blg-135 b,,0.0356,,,MOA-2020-BLG-135,0.23,,,7900.0,268.425000014,-29.807500022,2022,Microlensing,
moa-2020-blg-208 b,,0.2168,,,MOA-2020-BLG-208,0.656,,,7490.0,268.433333348,-32.589444461,2022,Microlensing,
moa-2022-blg-033 b,,0.03823,,,MOA-2022-BLG-033L,0.51,,,1840.0,272.8756666666667,-25.05308055555556,2025,Microlensing,
moa-2022-blg-091l b,,3.59,,,MOA-2022-BLG-091,0.75,,,4250.0,268.9422083333333,-32.34143888888889,2025,Microlensing,
moa-2022-blg-249l b,,0.0152,,,MOA-2022-BLG-249L,0.18,,,2000.0,268.866666676,-28.306111122,2023,Microlensing,
moa-2022-blg-563 b,,0.4,,,MOA-2022-BLG-563,0.48,,,6530.0,270.30020833333333,-27.83583055555556,2024,Microlensing,
moa-bin-1l b,,3.7,,,MOA-bin-1L,0.75,,,5100.0,261.7925,-29.793972,2012,Microlensing,
mp mus b,,5.0,,,MP Mus,1.3,1.25,5000.0,97.9,200.53141666666667,-69.63333333333334,2025,Imaging,
mu2 oct ab,,,3638.0,0.66,mu2 Oct A,1.11,1.71,6013.69,44.3,310.4333333,-75.3508333,2011,Radial Velocity,
mu2 oct ac,,,4.60111,0.12,mu2 Oct A,1.11,1.71,6013.69,44.3,310.4333333,-75.3508333,2025,Radial Velocity,
mu ara b,,,643.25,0.128,mu Ara,1.08,1.245,5700.0,15.3,266.0333333,-51.8338889,2000,Radial Velocity,
mu ara c,,,9.6386,0.172,mu Ara,1.08,1.245,5700.0,15.3,266.0333333,-51.8338889,2004,Radial Velocity,
mu ara d,,,310.55,0.0666,mu Ara,1.08,1.245,5700.0,15.3,266.0333333,-51.8338889,2004,Radial Velocity,
mu ara e,,,4205.8,0.0985,mu Ara,1.08,1.245,5700.0,15.3,266.0333333,-51.8338889,2006,Radial Velocity,
mu leo b,,,357.8,0.09,mu Leo,1.5,11.4,4538.2,38.05,148.191666682,26.00694445,2014,Radial Velocity,
ngc 2423 3 b,,,714.3,0.21,NGC 2423 3,2.4,,,766.0,114.2875,-13.9066667,2007,Radial Velocity,
ngc 6440 x-2 b,,7.6,0.040021908,0.07,NGC 6440 X-2,1.4,,,8300.0,267.2166667,-20.3586111,2009,"Timing, Other",
ngts-10 ab,1.205,2.162,0.7668944,0.0,NGTS-10 A,0.696,0.697,4400.0,,91.870833343,-25.595000021,2020,Primary Transit,
ngts-11 b,0.81,0.189,35.455882,0.11,NGTS-11,0.862,0.832,5050.0,191.5,23.520833335,-14.419166677,2020,Primary Transit,
ngts-11 c,0.429,0.063,12.77264,0.0,NGTS-11,0.862,0.832,5050.0,191.5,23.520833335,-14.419166677,2022,Primary Transit,
ngts-12 b,1.048,0.208,7.532806,,NGTS-12,1.021,1.589,5690.0,452.0,176.25,-35.640555574,2020,Primary Transit,
ngts-13 b,1.142,4.84,4.119027,0.086,NGTS-13,1.3,1.788,5918.0,657.0,176.241666686,-38.13972223,2021,Primary Transit,
ngts-14 ab,0.44,0.092,3.5357173,0.0,NGTS-14 A,0.898,0.842,5187.0,325.1,328.516666668,-38.377500016,2021,Primary Transit,
ngts-15 b,1.1,0.751,3.27623,0.0,NGTS-15,0.995,0.954,5600.0,791.0,73.354166675,-32.800277794,2021,Primary Transit,
ngts-16 b,1.3,0.667,4.84532,0.0,NGTS-16,1.002,1.213,5550.0,892.0,58.262500001,-30.804722242,2021,Primary Transit,
ngts-17 b,1.24,0.764,3.24253,0.0,NGTS-17,1.025,1.337,5650.0,1047.0,72.900000012,-34.226111123,2021,Primary Transit,
ngts-18 b,1.21,0.409,3.05125,0.0,NGTS-18,1.003,1.392,5610.0,1108.0,180.545833337,-35.548611134,2021,Primary Transit,
ngts-1 b,1.33,0.812,2.647298,0.016,NGTS-1,0.617,0.573,3916.0,224.0,82.716666684,-36.630833357,2017,Primary Transit,
ngts-20 b,1.07,2.98,54.18915,0.432,NGTS-20,1.47,1.78,5980.0,366.2,46.29166667,-21.93361113,2022,Primary Transit,
ngts-21 b,1.33,2.36,1.5433897,0.0,NGTS-21,0.72,0.86,4660.0,641.0,311.258333334,-35.427777795,2022,Primary Transit,
ngts-23 b,1.267,0.613,4.076,0.0,NGTS-23,1.01,1.24,6057.0,991.0,70.433333348,-40.044722232,2022,Primary Transit,
ngts-24 b,1.214,0.52,3.4678796,0.0,NGTS-24,1.26,1.64,5820.0,723.0,168.554166671,-37.910277804,2022,Primary Transit,
ngts-25 b,1.023,0.639,2.823093,0.0,NGTS-25,0.91,0.86,5321.0,517.0,307.41666668,-39.032222235,2022,Primary Transit,
ngts-26 b,1.33,0.29,4.5199279,0.0,NGTS-26,0.96,1.16,5550.0,1107.0,217.68291666666667,-31.732444444444443,2024,Primary Transit,
ngts-27 b,1.396,0.593,3.3704181,0.0,NGTS-27,1.07,1.77,5700.0,977.0,206.02625,-32.52297222222222,2024,Primary Transit,
ngts-29 b,0.857,0.39,69.33684,0.17,NGTS-29,1.034,1.006,5730.0,149.4,70.9975,-39.906666666666666,2024,Primary Transit,
ngts-2 b,1.536,0.67,4.5111204,0.0,NGTS-2,1.64,1.702,6478.0,360.3,215.12500001,-31.20194445,2018,Primary Transit,
ngts-30 b,0.93,0.96,98.29838,0.29,NGTS-30,0.94,0.913,5455.0,233.9,173.714875,-24.605486111111112,2024,Primary Transit,
ngts-31 b,1.61,1.12,4.162734,0.0,NGTS-31,,,,,80.42129166666666,-38.65680833333333,2021,Primary Transit,
ngts-32 b,1.42,0.57,3.31211,0.0,NGTS-32,,,,,223.85766666666663,-18.432305555555555,2024,Primary Transit,
ngts-33 b,1.64,3.63,2.827972,0.0,NGTS-33,,,,,107.83333333333331,-35.850516666666664,2024,Primary Transit,
ngts-34 b,0.3256,0.0601,43.12655,0.0,NGTS-34,1.266,1.367,6134.0,120.34,162.49970833333333,-44.54785833333333,2024,Primary Transit,
ngts-35 b,0.972,0.478,25.241192,0.19,NGTS-35,0.789,0.753,4717.0,183.35,170.27633333333333,-26.06661666666667,2024,Primary Transit,
ngts-3 ab,1.48,2.38,1.6753728,0.0,NGTS-3 A,1.017,0.93,5570.0,1010.0,94.444801,-35.706394,2018,Primary Transit,
ngts-4 b,0.2837,0.0648,1.3373508,0.0,NGTS-4,0.75,0.84,5143.0,282.6,89.600000008,-30.81194447,2018,Primary Transit,
ngts-5 ab,1.136,0.229,3.3569866,0.0,NGTS-5 A,0.661,0.739,4987.0,309.5,221.058333338,5.605277794,2019,Primary Transit,
ngts-6 ab,1.271,1.33,0.882058,0.0,NGTS-6 A,0.7876,0.656,4410.0,311.0,75.795833337,-30.399444465,2019,Primary Transit,
ngts-8 b,1.09,0.93,2.4997,0.01,NGTS-8,0.89,0.98,5241.0,434.273,328.975000018,-14.068333336,2019,Primary Transit,
ngts-9 b,1.07,2.9,4.43527,0.06,NGTS-9,1.34,1.38,6330.0,619.732,141.920833347,-19.34722224,2019,Primary Transit,
nn ser (ab)c,,6.91,5660.0,0.0,NN Ser (AB),0.646,,,500.0,238.2333333,12.9130556,2010,Timing,
nn ser (ab)d,,2.28,2830.0,0.2,NN Ser (AB),0.646,,,500.0,238.2333333,12.9130556,2009,Timing,
nn ser (ab)e,,,7371.0,0.2,NN Ser (AB),0.646,,,500.0,238.2333333,12.9130556,2023,Timing,
nsvs 1425 (ab) b,,,2542.0,0.18,NSVS 1425 (AB),0.528,,42000.0,,305.0,4.6325,2012,Timing,
nsvs 1425 (ab) c,,8.0,5723.0,0.85,NSVS 1425 (AB),0.528,,42000.0,,305.0,4.6325,2012,Timing,
nu2 cma b,,,736.9,0.055,nu2 CMa,1.52,2.3,4792.0,19.75,99.1708333,-19.2558333,2011,Radial Velocity,
nu2 cma c,,,988.9,0.046,nu2 CMa,1.52,2.3,4792.0,19.75,99.1708333,-19.2558333,2019,Radial Velocity,
nu2 lup b,0.14658,0.01472,11.577794,0.079,nu2 Lup,,,,14.8,230.45,-48.3175,2011,Radial Velocity,
nu2 lup c,0.25489,0.0353,27.592076,0.037,nu2 Lup,,,,14.8,230.45,-48.3175,2011,Radial Velocity,
nu2 lup d,0.22366,0.02725,107.1363,0.075,nu2 Lup,,,,14.8,230.45,-48.3175,2011,Radial Velocity,
nu oct b,,2.13,409.3,0.118,nu Oct,1.61,5.81,4860.0,22.1,325.3708333,-77.39,2009,"Other, Radial Velocity",
ny vir (ab)b,,2.78,2987.745,,NY Vir (AB),0.6,,33000.0,,204.7,-2.0302778,2011,Timing,
ny vir (ab)c,,4.49,9861.75,,NY Vir (AB),0.6,,33000.0,,204.7,-2.0302778,2011,Timing,
ogle-2003-blg-235l b,,2.34,,,OGLE-2003-BLG-235L,0.56,,,5260.0,271.3166667,-28.895,2004,Microlensing,
ogle-2005-blg-071l b,,3.5,3600.0,,OGLE-2005-BLG-071L,0.46,,,3300.0,267.5375,-34.6730556,2005,Microlensing,
ogle-2005-blg-169l b,,0.0444,,,OGLE-2005-BLG-169L,0.69,,,4100.0,271.5208333,-30.7325,2005,Microlensing,
ogle-2005-blg-390l b,,0.017,3500.0,,OGLE-2005-BLG-390L,0.22,,,6500.0,268.5791667,-30.3772222,2005,Microlensing,
ogle-2006-109l b,,0.727,1790.0,,OGLE-2006-BLG-109L,0.51,,,1510.0,268.1458333,-30.0877778,2008,Microlensing,
ogle-2006-109l c,,0.271,4931.0,0.15,OGLE-2006-BLG-109L,0.51,,,1510.0,268.1458333,-30.0877778,2008,Microlensing,
ogle-2006-blg-284 b,,0.453,,,OGLE-2006-BLG-284,0.45,,,4000.0,269.658333346,-29.136666672,2020,Microlensing,
ogle-2007-blg-349l (ab)b,,0.25,,,OGLE-2007-BLG-349L (AB),0.71,,,2760.0,271.350000008,-26.421944457,2016,Microlensing,
ogle-2007-blg-368l b,,0.0694,,,OGLE-2007-BLG-368L,0.64,,,5900.0,269.1083333,-32.2375,2008,Microlensing,
ogle-2008-blg-092l ab,,0.18,,,OGLE-2008-BLG-092L A,0.71,,,7000.0,266.872583343,-34.7265555778,2014,Microlensing,
ogle-2008-blg-355l b,,4.6,,,OGLE-2008-BLG-355L,0.37,,,6800.0,269.786708336,-29.2405277552,2014,Microlensing,
ogle-2011-blg-0173l b,,0.19,,,OGLE-2011-BLG-0173L,0.4,,,6200.0,269.316666672,-28.683888903,2018,Microlensing,
ogle-2011-blg-0251l b,,0.96,,,OGLE-2011-BLG-0251L,0.47,,,4090.0,264.559083338,-27.1361388938,2012,Microlensing,
ogle-2011-blg-0265l b,,0.88,,,OGLE-2011-BLG-0265L,0.211,,,4380.0,269.450000016,-27.394444461,2015,Microlensing,
ogle-2012-blg-0026l b,,0.11,,,OGLE-2012-BLG-0026L,0.82,,,4080.0,263.5792,-27.1428,2012,Microlensing,
ogle-2012-blg-0026l c,,0.68,,,OGLE-2012-BLG-0026L,0.82,,,4080.0,263.5792,-27.1428,2012,Microlensing,
ogle-2012-blg-0406l b,,2.73,,,OGLE-2012-BLG-0406L,0.44,,,4970.0,268.325,-30.4711,2013,Microlensing,
ogle-2012-blg-0563l b,,1.116,,,OGLE-2012-BLG-0563L,0.801,,,5490.0,271.490500019,-27.7120000236,2015,Microlensing,
ogle-2012-blg-0724l b,,0.47,,,OGLE-2012-BLG-0724L,0.29,,,6700.0,268.966666684,-29.818611129,2016,Microlensing,
ogle-2012-blg-0838 b,,0.25,,,OGLE-2012-BLG-0838,0.54,,,6620.0,273.004166667,-25.71166669,2019,Microlensing,
ogle-2012-blg-0950l b,,0.11,,,OGLE-2012-BLG-0950L,0.56,,5500.0,3000.0,272.019250002,-29.7315833596,2016,Microlensing,
ogle-2013-blg-0132l b,,0.26,,,OGLE-2013-BLG-0132L,0.54,,,3900.0,269.764625001,-28.4210277896,2017,Microlensing,
ogle-2013-blg-0341l bb,,0.00522291791209,,,OGLE-2013-BLG-0341L B,0.1127,,,911.0,268.029166669,-29.846111138,2014,Microlensing,
ogle-2013-blg-0911l b,,10.08,,,OGLE-2013-BLG-0911L,0.29,,,3220.0,268.883333344,-29.253888897,2019,Microlensing,
ogle-2013-blg-1721l b,,0.64,,,OGLE-2013-BLG-1721L,0.46,,,6300.0,268.126541677,-30.2926944576,2017,Microlensing,
ogle-2013-blg-1761l b,,2.8,,,OGLE-2013-BLG-1761L,0.33,,,6900.0,268.408333346,-28.895277805,2017,Microlensing,
ogle-2014-blg-0124l b,,0.64,,,OGLE-2014-BLG-0124L,0.89,,,3600.0,270.620833343,-28.396388907,2014,Microlensing,
ogle-2014-blg-0221l b,,4.35,,,OGLE-2014-BLG-0221,0.69,,,4000.0,270.304166671,-27.426944461,2023,Microlensing,
ogle-2014-blg-0319 b,,0.57,,,OGLE-2014-BLG-0319,0.52,,,7730.0,266.962500017,-33.93500002,2022,Microlensing,
ogle-2014-blg-0676l b,,3.68,,,OGLE-2014-BLG-0676L,0.73,,,2670.0,268.104166675,-30.548333356,2016,Microlensing,
ogle-2014-blg-1186l b,,0.142,,,OGLE-2014-BLG-1186L,0.35,,,1700.0,265.5,-34.288333343,2018,Microlensing,
ogle-2014-blg-1722l b,,0.174,,,OGLE-2014-BLG-1722L,0.4,,,6400.0,268.754166667,-31.469166678,2018,Microlensing,
ogle-2014-blg-1722l c,,0.2633,,,OGLE-2014-BLG-1722L,0.4,,,6400.0,268.754166667,-31.469166678,2018,Microlensing,
ogle-2014-blg-1760l b,,0.931,,,OGLE-2014-BLG-1760L,0.51,,,6060.0,269.408333346,-28.963055585,2016,Microlensing,
ogle-2015-blg-0051l b,,0.72,,,OGLE-2015-BLG-0051L,0.1,,,8200.0,269.66254168,-28.0316944568,2016,Microlensing,
ogle-2015-blg-0954l b,,4.4,,,OGLE-2015-BLG-0954L,0.37,,,600.0,270.183333348,-28.660833355,2016,Microlensing,
ogle-2015-blg-0966l b,,0.066,,,OGLE-2015-BLG-0966L,0.38,,,2900.0,268.754166667,-29.047222234,2015,Microlensing,
ogle-2015-blg-1609l b,,0.24,,,OGLE-2015-BLG-1609L,0.17,,,3300.0,270.8237916666667,-26.90711111111111,2024,Microlensing,
ogle-2015-blg-1649 b,,2.54,,,OGLE-2015-BLG-1649,0.34,,,4230.0,271.204166683,-32.633055581,2019,Microlensing,
ogle-2015-blg-1670l b,,0.0563,,,OGLE-2015-BLG-1670L,0.55,,,6700.0,268.158791679,-28.5519166792,2018,Microlensing,
ogle-2015-blg-1771l b,,0.433,,,OGLE-2015-BLG-1771L,0.077,,,7070.0,268.800000004,-28.862777805,2019,Microlensing,
ogle-2016-blg-0007 b,,0.00415,,,OGLE-2016-BLG-0007,0.59,,,4300.0,268.35604166666667,-20.64225,2025,Microlensing,
ogle-2016-blg-0263l b,,4.1,,,OGLE-2016-BLG-0263L,0.13,,,6500.0,269.8954166783,-31.818611129,2017,Microlensing,
ogle-2016-blg-0596l b,,12.2,,,OGLE-2016-BLG-0596L,,,,,267.803375004,-30.8498333632,2016,Microlensing,
ogle-2016-blg-0613l (ab) b,,4.18,,,OGLE-2016-BLG-0613L (AB),1.0,,,3410.0,269.262500001,-28.116111126,2017,Microlensing,
ogle-2016-blg-1067l b,,0.43,,,OGLE-2016-BLG-1067L,0.3,,,3730.0,273.204500016,-27.012638899,2018,Microlensing,
ogle-2016-blg-1093l b,,0.71,,,OGLE-2016-BLG-1093L,0.48,,,8120.0,269.004166667,-32.713333358,2021,Microlensing,
ogle-2016-blg-1195l b,,0.03172,,,OGLE-2016-BLG-1195L,0.62,,,7450.0,268.850000008,-30.207222232,2017,Microlensing,
ogle-2016-blg-1227 b,,0.79,,,OGLE-2016-BLG-1227,0.1,,,1210.0,265.595833341,-33.759722245,2019,Microlensing,
ogle-2016-blg-1598 b,,5.91,,,OGLE-2016-BLG-1598,0.55,,,5910.0,270.1875,-29.175555555555555,2024,Microlensing,
ogle-2016-blg-1635 b,,11.49,,,OGLE-2016-BLG-1635,,,,,268.504166667,-30.777222246,2023,Microlensing,
ogle-2016-blg-1800 b,,2.59,,,OGLE-2016-BLG-1800,0.41,,,6480.0,269.9041666666667,-30.865277777777777,2024,Microlensing,
ogle-2016-blg-1850 b,,0.02936,,,OGLE-2016-BLG-1850,,,,,268.0,-32.210555568,2023,Microlensing,
ogle-2017-blg-0173l b,,9.08,,,OGLE-2017-BLG-0173L,0.417,,,4700.0,267.970833351,-29.271388898,2017,Microlensing,
ogle-2017-blg-0364 b,,0.2385,,,OGLE-2017-BLG-0364,0.49,,,7860.0,265.227875,-34.617583333333336,2024,Microlensing,
ogle-2017-blg-0406 b,,0.41,,,OGLE-2017-BLG-0406,0.56,,,5200.0,269.0,-29.863055583,2020,Microlensing,
ogle-2017-blg-0448 b,,7.3,,,OGLE-2017-BLG-0448,0.32,,,7790.0,268.66666668,-31.031944457,2023,Microlensing,
ogle-2017-blg-0482 b,,9.0,,,OGLE-2017-BLG-0482,0.2,,,5800.0,269.04887500391,-30.5283611308,2018,Microlensing,
ogle-2017-blg-0604 b,,0.51,,,OGLE-2017-BLG-0604,0.7,,,3950.0,267.891666678,-30.946666696,2020,Microlensing,
ogle-2017-blg-0640 b,,1.62,,,OGLE-2017-BLG-0640,0.32,,,6630.0,267.466666684,-29.461388907,2023,Microlensing,
ogle-2017-blg-1049 b,,5.53,,,OGLE-2017-BLG-1049,0.55,,,5670.0,269.533333336,-27.144166678,2020,Microlensing,
ogle-2017-blg-1099 b,,3.02,,,OGLE-2017-BLG-1099,0.45,,,7250.0,263.962500017,-29.585833347,2021,Microlensing,
ogle-2017-blg-1140l b,,1.63,,,OGLE-2017-BLG-1140L,0.214,,,7350.0,266.883333344,-24.522777793,2018,Microlensing,
ogle-2017-blg-1237 b,,3.8,,,OGLE-2017-BLG-1237,0.46,,,6030.0,271.650000012,-28.328888905,2023,Microlensing,
ogle-2017-blg-1275 b,,5.9,,,OGLE-2017-BLG-1275,0.63,,,7690.0,267.91666668,-29.498055577,2023,Microlensing,
ogle-2017-blg-1375l b,,10.33,,,OGLE-2017-BLG-1375L,0.77,,,3790.0,269.154166679,-30.311388904,2020,Microlensing,
ogle-2017-blg-1434l b,,0.014,,,OGLE-2017-BLG-1434L,0.23,,,860.0,268.280375002,-30.2457222368,2018,Microlensing,
ogle-2017-blg-1691l b,,0.046,,,OGLE-2017-BLG-1691L,0.45,,,7290.0,263.595833341,-29.284722229,2022,Microlensing,
ogle-2017-blg-1806 b,,0.01658,,,OGLE-2017-BLG-1806,0.38,,,6400.0,266.62500001,-24.272222232,2022,Microlensing,
ogle-2018-blg-0298 b,,0.14,,,OGLE-2018-BLG-0298,0.69,,,6540.0,264.283333336,-29.709166688,2022,Microlensing,
ogle-2018-blg-0383 b,,0.0201,,,OGLE-2018-BLG-0383,0.1,,,7700.0,268.679166681,-28.739166686,2021,Microlensing,
ogle-2018-blg-0506 b,,0.0513,,,OGLE-2018-BLG-0506,0.63,,,5600.0,267.629166677,-31.924166691,2021,Microlensing,
ogle-2018-blg-0516 b,,0.0632,,,OGLE-2018-BLG-0516,0.47,,,7000.0,269.641666678,-31.262500015,2021,Microlensing,
ogle-2018-blg-0532 b,,0.019636,,,OGLE-2018-BLG-0532,0.199,,,790.0,269.983333352,-28.997777809,2019,Microlensing,
ogle-2018-blg-0567l b,,0.32,,,OGLE-2018-BLG-0567L,0.24,,,7070.0,269.016666668,-27.987222245,2021,Microlensing,
ogle-2018-blg-0596 b,,0.0267,,,OGLE-2018-BLG-0596,0.2,,,5900.0,269.054166671,-29.199166683,2019,Microlensing,
ogle-2018-blg-0677l b,,0.01246,,,OGLE-2018-BLG-0677L,0.1,,,7700.0,268.75,-32.016666667,2020,Microlensing,
ogle-2018-blg-0740l b,,4.5,3100.0,,OGLE-2018-BLG-0740L,1.0,,,3200.0,152.17666666666668,-29.83580555555556,2019,Microlensing,
ogle-2018-blg-0799l b,,0.26,,,OGLE-2018-BLG-0799L,0.093,,,3710.0,273.45833335,-25.485833345,2020,Microlensing,
ogle-2018-blg-0932 b,,0.89,,,OGLE-2018-BLG-0932,0.72,,,6620.0,268.350000008,-29.021944449,2022,Microlensing,
ogle-2018-blg-0962,,1.37,,,OGLE-2018-BLG-0962L,0.55,,,6470.0,268.175000014,-32.30916668,2021,Microlensing,
ogle-2018-blg-0977 b,,0.0201,,,OGLE-2018-BLG-0977,0.47,,,6500.0,268.504166667,-30.604722238,2021,Microlensing,
ogle-2018-blg-1011l b,,1.8,,,OGLE-2018BLG-1011L,0.18,,,7100.0,269.012500001,-29.082777792,2019,Microlensing,
ogle-2018-blg-1011l c,,2.8,,,OGLE-2018BLG-1011L,0.18,,,7100.0,269.012500001,-29.082777792,2019,Microlensing,
ogle-2018-blg-1119 b,,0.91,,,OGLE-2018-BLG-1119,0.48,,,5760.0,270.029166669,-32.375277792,2022,Microlensing,
ogle-2018-blg-1126 b,,0.056,,,OGLE-2018-BLG-1126,0.69,,,5700.0,268.354166675,-31.724722243,2022,Microlensing,
ogle-2018-blg-1185 b,,0.0264,,,OGLE-2018-BLG-1185,0.37,,,7400.0,269.79166667,-27.835000018,2021,Microlensing,
ogle-2018-blg-1212 b,,0.2,,,OGLE-2018-BLG-1212,0.16,,,1550.0,271.079166673,-28.194166679,2022,Microlensing,
ogle-2018-blg-1269l b,,0.69,,,OGLE-2018-BLG-1269L,1.13,,,2560.0,269.691666682,-27.618055569,2020,Microlensing,
ogle-2018-blg-1367 b,,0.95,,,OGLE-2018-BLG-1367,0.28,,,5370.0,269.754166667,-29.168333338,2022,Microlensing,
ogle-2018-blg-1428l b,,0.77,,,OGLE-2018-BLG-1428L,0.43,,,6220.0,265.550000004,-26.137777784,2021,Microlensing,
ogle-2018-blg-1544 b,,11.2,,,OGLE-2018-BLG-1544,0.62,,,6300.0,269.129166677,-30.402777788,2022,Microlensing,
ogle-2018-blg-1647 b,,0.97,,,OGLE-2018-BLG-1647,0.092,,,7880.0,268.962500017,-31.816944461,2022,Microlensing,
ogle-2018-blg-1700l b,,4.4,,,OGLE-2018-BLG-1700L,0.54,,,7600.0,269.954166683,-28.528611131,2019,Microlensing,
ogle-2019-blg-0249 b,,7.12,,,OGLE-2019-BLG-0249,0.91,,,6370.0,265.404166679,-34.701666682,2019,Microlensing,
ogle-2019-blg-0299 b,,6.22,,,KMT-2017-BLG-2509,0.46,,,7040.0,265.591666674,-26.317222229,2021,Microlensing,
ogle-2019-blg-0304 b,,0.51,,,OGLE-2019-BLG-0304,0.27,,,6980.0,264.025000002,-26.146111124,2021,Microlensing,
ogle-2019-blg-0362 b,,3.3,,,OGLE-2019-BLG-0362,0.42,,,5830.0,263.466666684,-24.810277802,2022,Microlensing,
ogle-2019-blg-0468l b,,3.43,,,OGLE-2019-BLG-0468L,0.92,,,4400.0,266.404166679,-24.447222242,2021,Microlensing,
ogle-2019-blg-0468l c,,10.22,,,OGLE-2019-BLG-0468L,0.92,,,4400.0,266.404166679,-24.447222242,2021,Microlensing,
ogle-2019-blg-0679 b,,3.34,,,OGLE-2019-BLG-0679,,,,,265.741666686,-27.772777798,2019,Microlensing,
ogle-2019-blg-0960l b,,0.006,,,OGLE-2019-BLG-0960,0.4,,,920.0,274.012500001,-25.77250002,2021,Microlensing,
ogle-2019-blg-1053l b,,0.0078,,,OGLE-2019-BLG-1053L,0.61,,,6800.0,270.16666668,-27.34166668,2021,Microlensing,
ogle-2019-blg-1180l b,,1.75,,,OGLE-2019-BLG-1180L,0.545,,,6070.0,269.245833353,-27.975555582,2023,Microlensing,
ogle-2019-blg-1470l (ab)b,,2.2,,,OGLE-2019-BLG-1470L (AB),0.72,,,6100.0,271.950000016,-27.033611112,2022,Microlensing,
ogle-2019-blg-1492 b,,0.1167,,,OGLE-2019-BLG-1492,0.68,,,5600.0,270.095833341,-28.631111135,2021,Microlensing,
ogle-2023-blg-0836l (ab)b,,4.36,,,OGLE-2023-BLG-0836L,0.56,,,5120.0,267.186875,-23.74151944444444,2024,Microlensing,
ogle2-tr-l9 b,1.614,4.34,2.4855335,,OGLE2-TR-L9,1.42,1.503,6933.0,1537.0,166.9791667,-61.1461111,2007,Primary Transit,
ogle-gd-ecl-11388 (ab)b,,,3250.0,,OGLE-GD-ECL-11388 (AB),0.47,0.21,30000.0,1612.38,203.70833335,-64.142222232,2016,Timing,
ogle-tr-10 b,1.72,0.68,3.10129,0.0,OGLE-TR-10,1.14,1.242,6075.0,1248.0,267.8666667,-29.8761111,2004,Primary Transit,
ogle-tr-111 b,1.077,0.54,4.01451,0.0,OGLE-TR-111,0.78,0.979,4800.0,1068.33,163.325,-61.4055556,2004,Primary Transit,
ogle-tr-113 b,1.11,1.24,1.4324772,0.0,OGLE-TR-113,0.73,0.817,4588.0,566.459,163.1,-61.4466667,2004,Primary Transit,
ogle-tr-132 b,1.23,1.17,1.689868,0.0,OGLE-TR-132,1.19,1.234,6210.0,2012.62,162.6416667,-61.9569444,2004,Primary Transit,
ogle-tr-182 b,1.47,1.06,3.9791,0.0,OGLE-TR-182,1.08,1.25,5924.0,2501.75,167.3291667,-61.0952778,2007,Primary Transit,
ogle-tr-211 b,1.26,0.75,3.67724,0.0,OGLE-TR-211,1.25,1.532,6325.0,1515.26,160.0625,-62.4555556,2007,Primary Transit,
ogle-tr-56 b,1.2,1.3,1.211909,0.0,OGLE-TR-56,1.17,1.32,6050.0,2252.0,269.1458333,-29.5391667,2002,Primary Transit,
ome cen-h b,,,0.136,,ome Cen-H,1.4,,,4840.0,201.6833333333333,-47.48194444444445,2020,Timing,
ome ser ab,,,277.02,0.106,ome Ser A,2.17,12.3,4770.0,80.6,237.575,2.1964,2013,Radial Velocity,
omi crb b,,,187.3,0.191,omi CrB,2.13,10.4,4749.0,84.0,230.035661628,29.616208025,2012,Radial Velocity,
omi uma ab,,,1630.0,,omi UMa A,3.09,14.1,5242.0,56.3,127.5667,60.7181,2012,Radial Velocity,
oy car (ab)b,,,12194.65,,OY Car (AB),0.793,0.011,15000.0,90.58,151.591666674,-70.234722228,2006,Timing,
pds 70 b,,7.0,45108.0,,PDS 70,0.76,1.26,4237.0,113.43,212.042310462,-41.3979379638,2018,Imaging,
pds 70 c,,4.4,69945.0,,PDS 70,0.76,1.26,4237.0,113.43,212.042310462,-41.3979379638,2019,Imaging,
pi2 uma b,,,269.3,0.432,pi2 UMa,1.234,,4415.0,78.5,130.0541667,64.3280556,2007,Radial Velocity,
pi men b,,12.6,2088.33,0.645,pi Men,1.094,1.1,6037.0,18.37,84.2912083366,-80.4691111224,2001,Radial Velocity,
pi men c,0.16719,0.01142,6.267852,0.15,pi Men,1.094,1.1,6037.0,18.37,84.2912083366,-80.4691111224,2018,Primary Transit,
pi men d,,,124.64,0.22,pi Men,1.094,1.1,6037.0,18.37,84.2912083366,-80.4691111224,2022,Radial Velocity,
pollux b,,,589.64,0.02,Pollux,1.47,9.3,4666.0,10.34,116.325,28.0261111,2006,Radial Velocity,
pots-1 b,0.941,2.31,3.1606296,,POTS-1,0.695,,4400.0,,203.6083,-66.5811,2013,Primary Transit,
pr 0201 b,,,4.4264,,Pr 0201,1.234,1.167,6174.0,170.0,130.4333,20.2269,2012,Radial Velocity,
pr 0211 ab,,,2.14609,0.017,Pr 0211 A,0.935,0.827,,170.0,130.545833337,19.276944458,2012,Radial Velocity,
pr 0211 ac,,,5300.0,0.7,Pr 0211 A,0.935,0.827,,170.0,130.545833337,19.276944458,2016,Radial Velocity,
proxima centauri b,,,11.1881,0.02,Proxima Centauri,0.15,0.141,3050.0,1.295,217.428938029,-62.679444468,2016,Radial Velocity,
proxima centauri d,,,5.167,0.04,Proxima Centauri,0.15,0.141,3050.0,1.295,217.428938029,-62.679444468,2020,Radial Velocity,
psi1 aqr ab,,,181.4,0.027,psi1 Aqr A,1.4,11.0,4665.0,45.9,348.9708333,-9.0875,2003,Radial Velocity,
psi1 dra bb,,,3117.0,0.4,psi1 Dra B,1.19,,6212.0,22.16,265.491666686,72.156944453,2015,Radial Velocity,
psr 1719-14 b,0.4,1.0,0.090706293,0.06,PSR 1719-14,1.4,,,1200.0,259.7916667,-14.6336111,2011,Timing,
psr b0329+54 b,,,10139.34,0.236,PSR B0329+54,,,,,53.245833353,54.578611132,2017,Timing,
psr b0943+10 b,,,730.0,,PSR B0943+10,1.5,,,,146.530458336,9.8659166964,2014,Timing,
psr b0943+10 c,,,1460.0,,PSR B0943+10,1.5,,,,146.530458336,9.8659166964,2014,Timing,
psr b1257+12 c,,0.013,66.5419,0.0186,PSR B1257+12,,,,710.0,195.0166667,12.6822222,1992,Timing,
psr b1257+12 d,,0.012,98.2114,0.0252,PSR B1257+12,,,,710.0,195.0166667,12.6822222,1992,Timing,
psr b1620-26 (ab)b,,2.5,36525.0,,PSR B1620-26 (AB),1.35,,,3800.0,245.9083333,-26.5313889,2003,Timing,
psr b1802-07 b,,,0.071092,3e-07,PSR B1802-07,1.4,,,2700.0,271.2078975,-7.590191666666667,2009,Timing,
psr j0312-0921 b,,10.47,0.0975,,PSR J0312-0921,1.4,,,,48.025875,-9.365708333333334,2021,"Timing, Kinematic",
psr j0636+5129	b,0.74,8.5,0.0665513392,,PSR J0636+5129,1.4,,,500.0,99.0,51.483333343,2014,Timing,
psr j1211-0633 b,,,0.38634962,,PSR J1211-0633,1.4,1.43e-05,,1200.0,185.35316666666668,-6.564361111111111,2023,Timing,
psr j1311-3430 b,,12.0,0.065115,,PSR J1311-3430,,,,3010.0,197.950000016,-34.50972224,2012,Radial Velocity,
psr j1630+3550 b,,,0.315863166,0.00042,PSR J1630+3550,1.4,,,1350.0,247.650000012,35.845000026,2023,Timing,
psr j1748-2021h,,7.54,0.360787526,,PSR J1748-2021H,1.4,,,8300.0,267.22166458333334,-20.359808333333334,2022,Timing,
psr j1807-2459 a b,,9.4,0.07,0.0,PSR J1807-2459A,1.4,,,2790.0,271.83483334012,-24.9979444758,2000,Timing,
psr j1824-2452g b,,,0.1046,3e-07,PSR J1824-2452G,1.4,,,5600.0,276.13666666666666,-24.869722222222222,2009,Timing,
psr j1824-2452m b,,,0.242519219,,PSR J1824-2452M,1.4,,,5400.0,276.1382645833333,-24.868944444444445,2022,Timing,
psr j1928+1245 b,,,0.1366347269,,PSR J1928+1245,1.4,,,6100.0,292.1890936210708,12.76483075284,2019,Timing,
psr j2241-5236 b,,12.0,0.1456722395,0.0,PSR J2241-5236,1.35,,,500.0,340.425000014,-52.61000002,2011,Timing,
psr j2322-2650 b,,,0.322964004,0.00012,PSR J2322-2650,1.4,,,230.0,350.644348,-26.849533,2017,Timing,
qatar-10 b,1.534,0.736,1.645321,0.0,Qatar-10,1.156,1.254,6124.0,539.0,284.445833349,69.570833348,2019,Primary Transit,
qatar-1 ab,1.143,1.294,1.42002504,0.0,Qatar-1 A,0.838,0.803,5013.0,187.0,303.3833333,65.1619444,2010,Primary Transit,
qatar-2 b,1.254,2.494,1.33711647,0.0,Qatar-2,0.74,0.78,4645.0,182.32,207.655866,-6.804028,2011,Primary Transit,
qatar-3 ab,1.096,4.31,2.5079204,,Qatar-3 A,1.19,1.727,6207.39,735.601,359.150000012,36.21305557,2016,Primary Transit,
qatar-4 b,1.552,5.85,1.8053949,,Qatar-4,0.896,0.849,5215.0,,4.858333342,44.027500009,2016,Primary Transit,
qatar-5 b,1.107,4.32,2.8792319,,Qatar-5,1.128,1.076,5747.0,,7.054166671,42.061388899,2016,Primary Transit,
qatar-6 ab,1.062,0.668,3.506189,0.0,Qatar-6 A,0.822,0.722,5052.0,101.0,222.20833335,22.152500005,2017,Primary Transit,
qatar-7 b,1.7,1.88,2.032046,0.0,Qatar-7,1.409,1.564,6387.0,725.0,358.516666668,37.021944449,2018,Primary Transit,
qatar-8 b,1.285,0.371,3.71495,0.0,Qatar-8,1.029,1.315,5687.0,276.7,157.412500013,70.527222241,2019,Primary Transit,
qatar-9 b,1.009,1.19,1.540731,0.0,Qatar-9,0.719,0.696,4309.0,211.4,160.748083353,60.964166697,2019,Primary Transit,
qz ser b,,,1.04,,QZ Ser (AB),0.9,0.01,,321.5,239.226974483928,21.12196764398411,2022,Other,
rho crb b,,1.04,39.8438,0.038,rho CrB,0.99,1.284,5822.0,17.43,240.2625,33.3141667,1997,Radial Velocity,
rho crb c,,,102.19,0.096,rho CrB,0.99,1.284,5822.0,17.43,240.2625,33.3141667,2016,Radial Velocity,
rho crb e,,,12.949,0.126,rho CrB,0.99,1.284,5822.0,17.43,240.2625,33.3141667,2023,Radial Velocity,
rho ind b,,,1256.0,0.29,rho Ind,1.06,1.1,5636.0,26.5,343.6625,-70.0736111,2002,Radial Velocity,
ross 128 b,,,9.8658,0.116,Ross 128,0.168,0.1967,3192.0,3.3806,176.933333348,0.804444464,2017,Radial Velocity,
ross 176 b,0.1642,0.01438,5.0066338,0.25,Ross 176,0.58,0.57,4061.0,46.5,305.68829166666666,47.30773611111111,2025,Primary Transit,
ross 318 b,0.143,,39.5047,,Ross 318,0.461,0.464,3450.0,8.233,15.634291666666668,71.67981388888889,2026,Radial Velocity,
ross 458 (ab)b,1.07,11.3,,,Ross 458,0.6,,,11.7,195.1958333,12.3758333,2010,Imaging,
ross 508 b,,,10.77,0.35,Ross 508,0.177,0.211,3071.0,11.2183,230.962500017,17.465833355,2022,Radial Velocity,
rr cae (ab)b,,,5479.0,0.0,RR Cae (AB),0.622,,,,65.275,-48.6519444,2012,Timing,
s1429 b,,,77.51,0.15,S1429,1.26,2.13,6000.0,870.0,133.01483333333334,11.689975,2024,Radial Velocity,
sand 178 b,,,123.93,0.41,Sand 178,0.482,0.4842,3520.0,58.8285,194.5925000074,26.5044722358,2021,Radial Velocity,
sdss j1208+3550 b,,,0.0367777,,SDSS J1208+3550,0.952,0.0093,12000.0,207.615,182.17504075573,35.84038610042,2013,Timing,
sdss j1212+0136 b,0.95,,0.061407,,SDSS J1212+0136,0.61,0.012,10930.0,120.0,183.03878216453,1.60771423264,2005,"Timing, Other",
sdss j1730+5545 b,,6.0,0.024444,,SDSS J1730+5545,0.6,0.01,12700.0,1232.4,262.69827478802,55.75512612066,2014,Timing,
soi-1 b,1.5,,1.08,0.6,SOI-1,,0.4,,,2.62500001,50.461111129,2023,Primary Transit,
soi-2 b,2.22,,2.1,0.5,SOI-2,,0.55,,,3.129166677,50.455833347,2023,Primary Transit,
soi-7 b,1.96,,4.71,0.55,SOI-7,,0.52,,,4.137500011,50.686111127,2023,Primary Transit,
speculoos-3 b,0.08716,,0.71912603,,SPECULOOS-3,0.1,0.123,2800.0,17.75,312.3641666666667,33.61413888888889,2024,Primary Transit,
sweeps-04 b,0.81,3.8,4.2,,SWEEPS-04,1.24,1.18,,8500.0,269.725,-29.1891667,2006,Primary Transit,
sweeps-11 b,1.13,9.7,1.796,,SWEEPS-11,1.1,1.45,,8500.0,269.7625,-29.1983333,2006,Primary Transit,
swift j1756-2508 b,,,0.0379907,,SWIFT J1756-2508,1.8,,,8000.0,269.239291686,-25.1076111192,2007,Other,
tap 26 b,,,10.91,,TAP 26,1.04,1.36,,,64.716666684,17.388055567,2017,Radial Velocity,
tau1 gru b,,,1311.0,0.07,tau1 Gru,1.3,2.0,5767.0,33.3,343.4041667,-48.5980556,2002,Radial Velocity,
tau boo ab,1.06,4.5,3.31,0.08,tau Boo A,1.32,1.426,6466.27,15.6521,206.8208333,17.4561111,1996,Radial Velocity,
tau cet f,,,636.13,0.16,tau Cet,0.783,0.793,5344.0,3.65,26.0167,-15.9375,2012,Radial Velocity,
tau cet g,,,20.0,0.06,tau Cet,0.783,0.793,5344.0,3.65,26.0167,-15.9375,2017,Radial Velocity,
tau cet h,,,49.41,0.23,tau Cet,0.783,0.793,5344.0,3.65,26.0167,-15.9375,2017,Radial Velocity,
tcp j050742+244755 b,,0.063,,,TCP J050742+244755,0.581,,,505.0,76.9276666809,24.798750028,2018,Microlensing,
teegarden's b,,,4.90634,0.03,Teegarden's,0.089,0.107,,3.831,43.254166667,16.881388918,2019,Radial Velocity,
teegarden's c,,,11.416,0.04,Teegarden's,0.089,0.107,,3.831,43.254166667,16.881388918,2019,Radial Velocity,
teegarden's d,,,26.13,0.07,Teegarden's,0.089,0.107,,3.831,43.254166667,16.881388918,2024,Radial Velocity,
tic 117642575 b,0.25221,,4.9446,,TIC 117642575,1.06,1.08,5862.0,188.76,9.480083333333331,-37.066291666666665,2026,Primary Transit,
tic 139270665 b,0.645,0.463,23.624,0.1,TIC 139270665,1.035,1.02,5844.0,147.8,124.0338,33.2915,2024,Primary Transit,
tic 139270665 c,,,1010.0,0.57,TIC 139270665,1.035,1.02,5844.0,147.8,124.0338,33.2915,2024,Radial Velocity,
tic 139702105 b,0.21884,,6.836,,TIC 139702105,0.9,1.254,5265.0,91.8,66.49804166666667,-18.21454444444445,2026,Primary Transit,
tic 142589416 b,0.2382,,2.095183,,TIC 142589416,0.641,0.714,4098.0,168.933,168.24395833333332,73.83014444444444,2023,Primary Transit,
tic 147027702 b,0.975,1.09,44.405236,0.13,TIC 147027702,1.406,2.136,6410.0,456.8,161.77291666666667,-43.93182777777778,2026,Primary Transit,
tic 153919886 b,0.25944,,2.10512,,TIC 153919886,0.581,0.591,3828.0,132.33,171.84408333333332,68.18104444444444,2022,Primary Transit,
tic 154870955 b,0.27612,,7.9699,,TIC 154870955,0.828,0.724,5000.0,226.463,191.74566666666664,88.829875,2026,Primary Transit,
tic 160113658 b,0.3114,,6.7295,,TIC 160113658,0.76,0.789,4751.0,200.156,59.45554166666667,-41.63203333333333,2026,Primary Transit,
tic 161045582 b,0.20038,,8.8558,,TIC 161045582,1.04,1.08,5806.0,162.246,223.62613453531,49.09770479139,2026,Primary Transit,
tic 165227846 b,1.14,,2.096696,,TIC 165227846,,,,,178.819448968594,-40.1491860945041,2023,Primary Transit,
tic 178172313 b,0.25016,,4.3732,,TIC 178172313,0.91,0.843,5300.0,178.137,43.40625,-32.07704722222222,2026,Primary Transit,
tic 183374187 b,1.25,0.56,5.05907,0.5,TIC 183374187,1.05,1.287,5840.0,1208.75,357.616,-41.41242222222222,2026,Primary Transit,
tic 188624430 b,0.32546,,6.2186,,TIC 188624430,0.929,0.786,5366.0,300.743,258.55670833333335,53.70601944444444,2026,Primary Transit,
tic 18942729 b,0.18,,0.9982,,TIC 18942729,0.652,0.825,4169.0,115.17,119.21463737425876,16.6776010044375,2026,Primary Transit,
tic 18942729 c,0.3247,,23.1108,,TIC 18942729,0.652,0.825,4169.0,115.17,119.21463737425876,16.6776010044375,2026,Primary Transit,
tic 198190129 b,0.26077,,7.948,,TIC 198190129,0.638,0.64,4075.0,130.035,246.33229166666663,60.37714166666667,2026,Primary Transit,
tic 206466666 b,0.19163,,9.1049,,TIC 206466666,0.76,0.667,4727.0,127.837,56.7695,-52.36675,2026,Primary Transit,
tic 231080232 b,0.1989,,12.55434,,TIC 231080232,0.5439,0.5485,3812.0,124.016,68.018,-68.883,2024,Primary Transit,
tic 241249530 ab,1.19,4.98,165.7719,0.9412,TIC 241249530 A,1.271,1.397,6166.0,338.2,95.30875,53.295,2024,Primary Transit,
tic 245076932 b,0.97,0.51,21.61389,0.43,TIC 245076932,1.117,1.288,6130.0,314.7,198.06366666666668,-51.214441666666666,2026,Primary Transit,
tic 24750448 b,0.2177,,3.59,,TIC 24750448,0.69,0.713,4381.0,178.146,26.195875,-68.64475555555556,2026,Primary Transit,
tic 24750448 c,0.2757,,10.14,,TIC 24750448,0.69,0.713,4381.0,178.146,26.195875,-68.64475555555556,2026,Primary Transit,
tic 249022743 b,0.428,,2.26,,TIC 249022743,1.0,1.208,5639.0,396.46,78.5762548444825,-3.4466396411955555,2026,Primary Transit,
tic 260969020 b,0.19868,,8.4858,,TIC 260969020,0.75,0.6898,4685.0,121.222,74.94070833333333,-79.58595,2026,Primary Transit,
tic 262605715 b,0.6111,,1.161258,,TIC 262605715,0.5771,0.5867,3618.0,111.731,132.45,0.207,2024,Primary Transit,
tic 279401253 b,1.0,6.14,78.8,0.45,TIC 279401253,1.13,1.06,5951.0,287.1,57.65720833333333,-15.026225,2023,Primary Transit,
tic 279401253 c,,,155.3,0.25,TIC 279401253,1.13,1.06,5951.0,287.1,57.65720833333333,-15.026225,2023,Radial Velocity,
tic 290048573 b,0.2552,,1.483396,,TIC 290048573,0.318,0.336,3518.0,55.5784,319.189,-25.786,2024,Primary Transit,
tic 290487717 b,0.59221,,3.4008,,TIC 290487717,0.92,0.944,5344.0,395.574,139.08704166666666,2.550805555555556,2026,Primary Transit,
tic 291751499 (ab)b,,,,0.015,TIC 291751499,2.96,2.46,6227.0,781.7,359.125,36.481566666666666,2025,Timing,
tic 294329732 b,0.1853,,9.7566,,TIC 294329732,0.89,0.92,5215.0,189.333,109.11779166666668,-58.23715,2026,Primary Transit,
tic 303682623 b,0.8413,,0.6806129,,TIC 303682623,0.5583,0.5647,3469.0,116.827,75.769,14.356,2024,Primary Transit,
tic 311276853 b,0.4202,,5.16951,,TIC 311276853,0.396,0.4037,3583.0,89.784,247.739,26.107,2024,Primary Transit,
tic 32032563 b,0.3102,,13.8346,,TIC 32032563,1.05,1.0,5817.0,507.86,56.09054166666667,-68.85805555555555,2026,Primary Transit,
tic 320419023 b,0.24739,,5.2638,,TIC 320419023,1.056,0.952,5848.0,288.893,118.072625,11.82417777777778,2026,Primary Transit,
tic 34085383 b,0.375,,3.47827,,TIC 34085383,0.733,0.81,4623.0,149.12,59.235375,-7.375719444444444,2021,Primary Transit,
tic 349520724 b,0.25212,,7.9404,,TIC 349520724,0.89,0.818,5208.0,241.105,111.23141666666668,-64.63984444444445,2026,Primary Transit,
tic 356227008 b,0.2132,,2.9615,,TIC 356227008,1.02,0.96,5700.0,387.609,267.25083333333333,50.13080833333333,2026,Primary Transit,
tic 365102760 b,0.554,0.0604,4.21285367,0.406,TIC 365102760,1.21,3.23,4694.0,555.5,305.841666674,54.394444461,2023,Primary Transit,
tic 38825265 b,0.1954,,3.3134,,TIC 38825265,0.64,0.664,4120.0,165.64,68.24929166666666,-65.20396666666667,2026,Primary Transit,
tic 38828280 b,0.2346,,4.8556,,TIC 38828280,0.84,0.741,5037.0,286.415,68.392625,-62.169713888888886,2026,Primary Transit,
tic 390586021 b,0.2552,,2.747,,TIC 390586021,0.648,0.7265,4140.0,114.558,199.8225833333333,-31.46550833333333,2026,Primary Transit,
tic 423703298 b,0.2473,,4.0371,,TIC 423703298,0.691,0.73,4415.0,136.191,22.936041666666668,-17.013566666666666,2026,Primary Transit,
tic 434398831 b,0.3131,0.0208,3.685504,0.04,TIC 434398831,0.992,0.909,5638.0,214.1,93.95925,16.023847222222223,2024,Primary Transit,
tic 434398831 c,0.5023,0.0227,6.210291,0.013,TIC 434398831,0.992,0.909,5638.0,214.1,93.95925,16.023847222222223,2024,Primary Transit,
tic 437041147 b,0.19761,,3.823,,TIC 437041147,0.931,0.961,5374.0,246.6,132.948,6.764836111111111,2026,Primary Transit,
tic 445839811 b,0.22107,,11.1086,,TIC 445839811,0.95,0.85,5445.0,235.655,200.11883333333333,48.407269444444445,2026,Primary Transit,
tic 4672985,1.026,12.74,69.048,0.018,TIC 4672985,,,,,38.47083333333333,-10.657222222222222,2024,Primary Transit,
tic 51629874 b,,,6.46521,0.04652,TIC 51629874,1.12,1.596,6044.0,781.19,245.195,-9.402994444444444,2025,Timing,
tic 62895484 b,0.31172,,2.8399,,TIC 62895484,0.98,0.874,5575.0,294.86,116.63854166666668,22.59036111111111,2026,Primary Transit,
tic 65612701 b,0.4702,,10.181,,TIC 65612701,1.06,1.737,5861.0,151.624,310.47383333333335,36.33882777777778,2025,Primary Transit,
tic 65910228 b,1.09,4.55,180.52414,0.25,TIC 65910228,1.46,1.88,6310.0,265.0,108.71466666666667,-29.43053055555556,2026,Primary Transit,
tic 67686059 b,0.23116,,3.5216,,TIC 67686059,0.86,0.82,5102.0,249.2,19.88433333333333,-35.293013888888886,2026,Primary Transit,
tic 77319217 b,0.27737,,7.5483,,TIC 77319217,1.16,1.18,6126.0,267.62,71.04070833333333,-39.89760277777778,2026,Primary Transit,
tic 77552382 b,0.50781,,3.5103,,TIC 77552382,0.83,0.887,5002.0,373.415,152.513375,-4.903525,2026,Primary Transit,
tic 86380416 b,0.21519,,6.0409,,TIC 86380416,1.07,0.989,5889.0,244.7,145.160375,65.73279444444444,2026,Primary Transit,
tic 88692598 b,0.16175,,2.6491,,TIC 88692598,0.529,0.532,3615.0,73.526,149.21091666666666,47.77066944444445,2026,Primary Transit,
tic 88785435 b,0.4488,,10.508843,0.13,TIC 88785435,0.724,0.911,3998.0,122.08,224.283875,-30.880027777777777,2025,Primary Transit,
toi-1001 ab,0.6316,,1.932993,,TOI-1001 A,1.565,2.0,7070.0,295.862,122.58045833333333,-5.513852777777778,2026,Primary Transit,
toi-1007 b,1.2062,,6.998899,,TOI-1007,1.376,2.7,6596.0,283.291,112.752375,-4.463358333333333,2026,Primary Transit,
toi-1011 b,0.1294,0.01271,2.470498,0.0,TOI-1011,0.91,0.92,5475.0,52.62,113.98401684549,-32.84141896235,2024,Primary Transit,
toi-1019 b,2.0894,,5.227922,,TOI-1019,1.79,1.562,7645.0,399.544,120.148,-54.87855277777778,2026,Primary Transit,
toi-1032 ab,1.4176,,5.659265,,TOI-1032 A,2.68,2.338,10395.0,587.196,159.2215,-42.54163888888889,2026,Primary Transit,
toi-1036 ab,0.58,,3.78031,,TOI-1036 A,1.03,1.175,5771.0,184.015,157.86704761226,-42.24020062352,2019,Primary Transit,
toi-1052 ab,0.256,0.0532,9.139703,0.18,TOI-1052 A,1.204,1.264,6146.0,128.7,337.510239,-75.6466,2023,Primary Transit,
toi-1052 ac,,,35.806,0.237,TOI-1052 A,1.204,1.264,6146.0,128.7,337.510239,-75.6466,2023,Radial Velocity,
toi-1062 b,0.20198,0.032,4.11412,0.179,TOI-1062,0.94,0.84,5328.0,82.2,38.120833343,-78.023611117,2021,Primary Transit,
toi-1062 c,,,,0.137,TOI-1062,0.94,0.84,5328.0,82.2,38.120833343,-78.023611117,2021,Radial Velocity,
toi-1064 b,0.2308,0.0425,6.443868,0.047,TOI-1064,0.748,0.726,4734.0,68.81,296.004166667,-47.561666687,2022,Primary Transit,
toi-1064 c,0.23651,0.0079,12.226574,0.088,TOI-1064,0.748,0.726,4734.0,68.81,296.004166667,-47.561666687,2022,Primary Transit,
toi-1075 b,0.15978,0.03131,0.6047328,,TOI-1075,0.6,0.58,3921.0,61.5,309.970833351,-65.449444466,2022,Primary Transit,
toi-1080 b,0.107,,,,TOI-1080,0.167,0.2,3065.0,25.56,276.36833333333334,-52.21457222222222,2026,Primary Transit,
toi-1097 b,0.25765,,9.188526,0.18,TOI-1097,1.08,1.0,5881.0,79.56,189.775832,-74.574021,2022,Primary Transit,
toi-1097 c,0.2311,,13.900148,0.3,TOI-1097,1.08,1.0,5881.0,79.56,189.775832,-74.574021,2022,Primary Transit,
toi-1098 ab,0.285,,10.18271,0.2,TOI-1098 A,1.21,1.19,6200.0,105.1,192.595833341,-88.121111117,2021,Primary Transit,
toi-1105 b,0.25935,,10.8680523,,TOI-1105,0.74,0.756,4664.0,79.52,146.05395833333333,-89.4715138888889,2019,Primary Transit,
toi-1107 b,1.3,3.35,4.0782387,0.025,TOI-1107,1.35,1.81,6311.0,283.61,155.608333342,-82.218888895,2022,Primary Transit,
toi-1117 b,0.2195,0.028,2.22816,0.0,TOI-1117,0.97,1.05,5635.0,167.598,273.60204166666665,-66.419975,2024,Primary Transit,
toi-1117 c,,,4.579,0.0,TOI-1117,0.97,1.05,5635.0,167.598,273.60204166666665,-66.419975,2024,Radial Velocity,
toi-1117 d,,,8.665,0.0,TOI-1117,0.97,1.05,5635.0,167.598,273.60204166666665,-66.419975,2024,Radial Velocity,
toi-1130 b,0.3265,0.0623,4.074554,0.05216,TOI-1130,0.684,0.687,4250.0,58.26,286.37600001008,-41.43763612322,2020,Primary Transit,
toi-1130 c,1.16,1.057,8.3501898,0.0398,TOI-1130,0.684,0.687,4250.0,58.26,286.37600001008,-41.43763612322,2020,Primary Transit,
toi-1135 b,0.8,0.06428,8.027729,0.07,TOI-1135,1.125,1.16,6122.0,113.92,193.39625,85.1295,2024,Primary Transit,
toi-1136 b,0.17,0.011,4.17278,0.027,TOI-1136,1.022,0.968,5770.0,84.536,192.183333348,64.855277799,2022,Primary Transit,
toi-1136 c,0.25685,0.01988,6.2574,0.11,TOI-1136,1.022,0.968,5770.0,84.536,192.183333348,64.855277799,2022,Primary Transit,
toi-1136 d,0.4128,0.02627,12.5199,0.042,TOI-1136,1.022,0.968,5770.0,84.536,192.183333348,64.855277799,2022,Primary Transit,
toi-1136 e,0.23544,0.0191,18.802,0.055,TOI-1136,1.022,0.968,5770.0,84.536,192.183333348,64.855277799,2022,Primary Transit,
toi-1136 f,0.3462,0.02586,26.3213,0.003,TOI-1136,1.022,0.968,5770.0,84.536,192.183333348,64.855277799,2022,Primary Transit,
toi-1136 g,0.2257,0.038,39.544,0.04,TOI-1136,1.022,0.968,5770.0,84.536,192.183333348,64.855277799,2022,Primary Transit,
toi-1173 ab,0.723,0.0821,7.06387,0.03,TOI-1173 A,0.91,0.93,5350.0,132.35,197.68308333333331,70.76801111111111,2024,Primary Transit,
toi-1174 b,0.2105,0.101,8.953458,0.0,TOI-1174,0.85,0.76,5077.0,94.64,209.2170833333333,68.61827777777778,2024,Primary Transit,
toi-1180 b,,0.031,9.686753,0.0,TOI-1180,0.75,0.727,4700.0,72.024,219.55541666666667,82.19375,2024,Primary Transit,
toi-1181 b,1.3,1.18,2.103195,,TOI-1181,1.38,1.9,6260.0,,297.216666684,64.354444455,2022,Primary Transit,
toi-1184 b,0.215,0.0214,5.748432,0.0,TOI-1184,0.71,0.69,4534.0,58.59,272.20416666666665,60.678777777777775,2024,Primary Transit,
toi-1194 b,0.767,0.456,2.310644,0.076,TOI-1194,1.0,0.963,5340.0,148.5,167.820833339,69.964722253,2023,Primary Transit,
toi-1199 b,0.938,0.239,3.671463,0.03,TOI-1199,1.23,1.45,5710.0,247.0,166.880625,61.35256666666667,2024,Primary Transit,
toi-1201 ab,0.21545,0.01976,2.4919863,0.0,TOI-1201 A,0.512,0.508,3476.0,37.636,42.245833353,-14.537777792,2021,Primary Transit,
toi-1203 ab,0.1356,0.01104,4.1572888,0.067,TOI-1203 A,0.886,1.179,5737.0,64.96,168.22520833333334,-34.40675,2025,Primary Transit,
toi-1203 ac,,,13.0766,0.092,TOI-1203 A,0.886,1.179,5737.0,64.96,168.22520833333334,-34.40675,2025,Radial Velocity,
toi-1203 ad,0.26033,0.02325,25.502672,0.032,TOI-1203 A,0.886,1.179,5737.0,64.96,168.22520833333334,-34.40675,2025,Primary Transit,
toi-1203 ae,,,204.59,0.152,TOI-1203 A,0.886,1.179,5737.0,64.96,168.22520833333334,-34.40675,2025,Radial Velocity,
toi-1221 b,0.2596,3.5,91.68278,0.21,TOI-1221,1.03,0.993,5700.0,,107.920833347,-65.508888906,2022,Primary Transit,
toi-1224 b,0.187,,4.1782745,,TOI-1224,0.4,0.404,3326.0,37.28,37.1979766240281,-80.8991015322092,2024,Primary Transit,
toi-1224 c,0.2569,,17.945466,0.0,TOI-1224,0.4,0.404,3326.0,37.28,37.1979766240281,-80.8991015322092,2024,Primary Transit,
toi-1226 b,0.2079,,3.92878505676442,,TOI-1226,1.01,0.987,5668.0,257.93,103.75483333333332,-69.86713055555556,2019,Primary Transit,
toi-1227 bb,0.854,,27.36397,,TOI-1227 B,0.17,0.56,3072.0,100.96,186.767344,-72.451852,2021,Radial Velocity,
toi-122 b,0.2427,0.0277,5.0780375,,TOI-122,0.312,0.334,3403.0,62.23,332.945833349,-58.945000028,2020,Primary Transit,
toi-1230 b,0.29,,25.06,,TOI-1230,1.14,1.153,6083.0,143.138,118.12958333333331,-83.82506388888889,2021,Primary Transit,
toi-1231 b,0.3256,0.0485,24.245586,0.087,TOI-1231,0.485,0.476,3562.0,27.4932,156.745833353,-52.467777788,2021,Primary Transit,
toi-1232 b,0.975,0.964,14.256,0.065,TOI-1232,1.05,1.096,5818.0,328.6,116.50141666666669,-61.87990555555555,2026,Primary Transit,
toi-1232 c,,0.18,30.356,0.003,TOI-1232,1.05,1.096,5818.0,328.6,116.50141666666669,-61.87990555555555,2026,TTV,
toi-1235 b,0.15113,0.0186,3.444717,,TOI-1235,0.63,0.619,3997.0,39.68,152.216666684,69.27666668,2020,Primary Transit,
toi-1238 b,0.1079,0.01183,0.764597,0.25,TOI-1238,0.59,0.58,4089.0,70.6424,201.383333344,68.83611113,2021,Primary Transit,
toi-1238 c,0.1882,0.02618,3.294736,0.15,TOI-1238,0.59,0.58,4089.0,70.6424,201.383333344,68.83611113,2021,Primary Transit,
toi-1243 b,0.2079,0.0242,4.6594779,,TOI-1243,0.515,0.511,3515.0,43.126,135.73258333333334,71.63647222222222,2026,Primary Transit,
toi-1244 b,0.2025,0.0208,6.4003,0.0,TOI-1244,0.73,0.72,4600.0,102.55,256.2791666666667,69.51908333333333,2024,Primary Transit,
toi-1246 ab,0.2685,0.0255,4.30744,,TOI-1246 A,0.87,0.86,5141.0,170.7,251.116666676,70.430000019,2022,Primary Transit,
toi-1246 ac,0.2239,0.0277,5.904144,,TOI-1246 A,0.87,0.86,5141.0,170.7,251.116666676,70.430000019,2022,Primary Transit,
toi-1246 ad,0.3131,0.0167,18.6559,,TOI-1246 A,0.87,0.86,5141.0,170.7,251.116666676,70.430000019,2022,Primary Transit,
toi-1246 ae,0.3372,0.0466,37.9216,,TOI-1246 A,0.87,0.86,5141.0,170.7,251.116666676,70.430000019,2022,Primary Transit,
toi-1247 b,0.2239,0.0179,15.92346,0.42,TOI-1247,1.02,1.076,5712.0,73.8713,227.866666676,71.841111134,2019,Primary Transit,
toi-1248 ab,0.607,0.0862,4.3601561,0.0,TOI-1248 A,0.89,0.87,5227.0,168.735,259.0233333333333,63.105583333333335,2024,Primary Transit,
toi-1249 b,0.2899,0.0374,13.079151,0.0,TOI-1249,0.95,1.0,5453.0,139.49,200.56125,68.30852777777778,2024,Primary Transit,
toi-1259 ab,1.035,0.415,3.4779792,0.0,TOI-1259 A,0.744,0.711,4775.0,118.1,282.100000008,79.256111121,2021,Primary Transit,
toi-125 b,0.2432,0.0299,4.65382,0.194,TOI-125,0.859,0.848,5320.0,111.4,23.59345834081,-66.6763333544,2019,Primary Transit,
toi-125 c,0.24614,0.02086,9.15059,0.066,TOI-125,0.859,0.848,5320.0,111.4,23.59345834081,-66.6763333544,2019,Primary Transit,
toi-125 d,0.2614,0.0428,19.98,0.168,TOI-125,0.859,0.848,5320.0,111.4,23.59345834081,-66.6763333544,2019,Primary Transit,
toi-1260 b,0.215,0.02693,3.127463,0.0,TOI-1260,0.66,0.65,4227.0,73.41,157.145833345,65.854166687,2021,Primary Transit,
toi-1260 c,0.2462,0.0415,7.493134,0.0,TOI-1260,0.66,0.65,4227.0,73.41,157.145833345,65.854166687,2021,Primary Transit,
toi-1260 d,0.2783,0.03725,16.608,0.0,TOI-1260,0.66,0.65,4227.0,73.41,157.145833345,65.854166687,2022,Primary Transit,
toi-1266 b,0.2337,0.01381,10.894841,0.22,TOI-1266,0.45,0.42,3600.0,36.05,197.995833353,65.833611128,2020,Primary Transit,
toi-1266 c,0.19,0.00934,18.801611,0.34,TOI-1266,0.45,0.42,3600.0,36.05,197.995833353,65.833611128,2020,Primary Transit,
toi-1266 d,,,32.509,0.087,TOI-1266,0.45,0.42,3600.0,36.05,197.995833353,65.833611128,2023,Radial Velocity,
toi-1268 b,0.82,0.29,8.1577094,0.09,TOI-1268,0.96,0.92,5200.0,110.0,198.387500011,62.305555566,2022,Primary Transit,
toi-1269 b,0.2025,0.0201,4.2529913,0.0,TOI-1269,,,5517.0,172.14,249.69625,64.55916666666667,2024,Primary Transit,
toi-1269 c,0.1989,0.0214,9.237885,0.0,TOI-1269,,,5517.0,172.14,249.69625,64.55916666666667,2024,Primary Transit,
toi-1272 b,0.3693,0.0774,3.31599,0.338,TOI-1272,,,,,199.1966,49.86104,2022,Primary Transit,
toi-1272 c,,,8.689,0.35,TOI-1272,,,,,199.1966,49.86104,2022,Radial Velocity,
toi-1273 b,0.99,0.222,4.631296,0.055,TOI-1273,1.06,1.06,5690.0,176.0,214.120875,58.39024722222222,2024,Primary Transit,
toi-1279 b,0.2373,0.0334,9.614216,,TOI-1279,0.96,0.84,5477.0,107.055,185.062500005,56.201388894,2023,Primary Transit,
toi-1288 b,0.4675,0.132,2.6998,0.064,TOI-1288,0.89,1.01,5225.0,114.7,313.16666668,65.608888908,2019,Primary Transit,
toi-1288 c,,,443.0,0.13,TOI-1288,0.89,1.01,5225.0,114.7,313.16666668,65.608888908,2022,Radial Velocity,
toi-128 ab,0.1981,,4.9404764,,TOI-128 A,0.85,1.13,6060.0,68.47,79.52083333333333,-80.96436111111112,2024,Primary Transit,
toi-1291 b,0.45089,,7.16199,,TOI-1291,1.2,1.81,6230.0,428.123,245.818,62.92512222222222,2019,Primary Transit,
toi-1294 b,0.8199,0.1957,3.91529,0.07,TOI-1294,1.02,1.581,5714.0,332.648,223.0928863836,70.47656792682,2024,Primary Transit,
toi-1294 c,,0.4666,160.1,0.1,TOI-1294,1.02,1.581,5714.0,332.648,223.0928863836,70.47656792682,2024,Radial Velocity,
toi-1295 b,1.4,1.42,3.1968838,0.024,TOI-1295,1.32,1.74,6269.0,388.23,256.67225,67.87146388888888,2024,Primary Transit,
toi-1296 b,1.231,,3.9443715,0.055,TOI-1296,1.17,1.664,5603.0,313.7,256.770833335,70.23861112,2021,Primary Transit,
toi-1298 b,0.841,0.356,4.537164,0.032,TOI-1298,1.44,1.412,5889.0,319.0,241.325000006,70.189722231,2021,Primary Transit,
toi-132 ab,0.3051,0.0705,2.1097019,0.059,TOI-132 A,0.97,0.9,5397.0,164.47,338.400000012,-43.436666678,2019,Primary Transit,
toi-1333 ab,1.396,2.37,4.720219,0.073,TOI-1333 A,1.464,1.925,6274.0,200.4,325.016666668,48.406944458,2021,Primary Transit,
toi-1338 (ab)b,0.5986,0.069,95.174,0.088,TOI-1338,,3.1,5723.0,399.0,92.133333344,-59.541111128,2020,Primary Transit,
toi-1338 (ab)c,,,215.5,0.16,TOI-1338,,3.1,5723.0,399.0,92.133333344,-59.541111128,2023,Radial Velocity,
toi-1346 b,0.1989,,5.502558,,TOI-1346,0.82,0.78,5099.0,114.66,256.62266666666665,68.84330277777778,2025,Primary Transit,
toi-1346 c,0.2935,,1.7622538,,TOI-1346,0.82,0.78,5099.0,114.66,256.62266666666665,68.84330277777778,2025,Primary Transit,
toi-1347 b,0.161,0.0384,0.847423431,0.0,TOI-1347,0.913,0.83,5464.0,147.5,280.32666666666665,70.29005277777777,2024,Primary Transit,
toi-1347 c,0.143,0.0088,4.841962,0.0,TOI-1347,0.913,0.83,5464.0,147.5,280.32666666666665,70.29005277777777,2024,Primary Transit,
toi-1386 b,0.54,0.148,25.83839,0.06,TOI-1386,,,,,334.5040833333333,54.31888888888889,2024,Primary Transit,
toi-1386 c,,,227.6,0.27,TOI-1386,,,,,334.5040833333333,54.31888888888889,2024,Radial Velocity,
toi-139 b,0.2192,6.6119,11.07085,,TOI-139,0.69,0.7,4405.0,42.4061,336.404166679,-34.909722248,2023,Primary Transit,
toi-1408 b,2.23,1.866,4.42587,0.0023,TOI-1408,1.31,1.53,6117.0,139.13,313.512500001,72.580555578,2023,Primary Transit,
toi-1408 c,0.1981,0.0239,2.1664,0.1353,TOI-1408,1.31,1.53,6117.0,139.13,313.512500001,72.580555578,2024,Primary Transit,
toi-1410 ab,0.277,0.0393,1.21687,0.0,TOI-1410 A,0.71,0.78,4507.0,72.75,334.883333344,42.560277797,2024,Primary Transit,
toi-1410 ac,,,47.56,0.0,TOI-1410 A,0.71,0.78,4507.0,72.75,334.883333344,42.560277797,2024,Radial Velocity,
toi-1411 ab,0.1213,0.0063,1.4520358,,TOI-1411 A,0.59,0.66,4266.0,32.5,232.945833349,47.056944451,2022,Primary Transit,
toi-1416 b,0.1445,0.01095,1.0697564,0.0,TOI-1416,0.798,0.793,4884.0,55.044,216.925000014,41.953333355,2023,Primary Transit,
toi-1416 c,,0.068,29.5306,0.0,TOI-1416,0.798,0.793,4884.0,55.044,216.925000014,41.953333355,2023,Radial Velocity,
toi-1420 b,1.0608,0.079,6.9561063,0.17,TOI-1420,0.987,0.923,5493.0,201.84,322.941666682,66.348888908,2023,Primary Transit,
toi-1422 b,0.3417,0.0299,12.99894,0.04,TOI-1422,0.981,1.019,5840.0,154.56,354.240817,39.639275,2022,Primary Transit,
toi-1422 c,0.2329,0.044,34.5633,0.14,TOI-1422,0.981,1.019,5840.0,154.56,354.240817,39.639275,2022,Primary Transit,
toi-1430 b,0.1766,0.01306,7.4341325,0.0,TOI-1430,0.843,0.789,5037.0,41.24,300.616666676,53.377500016,2022,Primary Transit,
toi-1431 b,1.508,3.14,2.65022,0.01,TOI-1431,1.9,1.92,7690.0,149.6,316.204166683,55.588055571,2021,Primary Transit,
toi-1437 b,0.1998,0.0302,18.840942,0.17,TOI-1437,1.1,1.17,6008.0,103.44,256.138754099,56.8425461418,2024,Primary Transit,
toi-1439 b,0.3256,0.1211,27.644,0.16,TOI-1439,1.0,1.62,5873.0,230.3,241.76375,67.8776388888889,2024,Primary Transit,
toi-1442 b,0.1044,0.005,0.41,,TOI-1442,0.29,0.31,3330.0,41.2,287.29166667,74.17222223,2022,Primary Transit,
toi-1443 b,0.196,0.094,23.540678,0.0,TOI-1443,0.89,0.75,5236.0,85.8,297.3983333333333,76.13916666666667,2024,Primary Transit,
toi-1444 b,0.12463,0.01218,0.4702694,0.0,TOI-1444,0.934,0.907,5430.0,125.0,305.475000018,70.943611138,2021,Primary Transit,
toi-1444 c,,,16.086,0.0,TOI-1444,0.934,0.907,5430.0,125.0,305.475000018,70.943611138,2021,Radial Velocity,
toi-1448 b,0.2453,0.0614,8.112245,0.36,TOI-1448,0.37,0.38,3412.0,73.61,316.32375,57.77108333333333,2024,Primary Transit,
toi-1450 ab,0.1008,0.00396,2.0439276,,TOI-1450 A,0.47,0.474,3437.0,22.433,286.8533333333333,59.08591666666667,2024,Primary Transit,
toi-1450 ac,,,5.069,,TOI-1450 A,0.47,0.474,3437.0,22.433,286.8533333333333,59.08591666666667,2024,Radial Velocity,
toi-1451 b,0.2329,0.0478,16.537944,0.0,TOI-1451,1.04,1.028,5800.0,91.9362,186.52433222208,61.25904424191,2024,Primary Transit,
toi-1452 ab,0.14917,0.01517,11.06201,0.0,TOI-1452 A,0.249,0.275,3185.0,30.5043,290.175000014,73.195000013,2022,Primary Transit,
toi-1453 ab,0.1044,0.0039,4.3135225,0.0,TOI-1453 A,0.715,0.72,4975.0,78.885,258.22383333333335,57.19777777777778,2025,Primary Transit,
toi-1453 ac,0.1981,0.00928,6.5886982,0.0,TOI-1453 A,0.715,0.72,4975.0,78.885,258.22383333333335,57.19777777777778,2025,Primary Transit,
toi-1466 b,0.21474,,1.8718991,,TOI-1466,0.66,0.75,4201.0,86.58,307.3965416666667,61.550725,2019,Primary Transit,
toi-1467 b,0.1633,0.028,5.97199,0.0,TOI-1467,0.49,0.49,3834.0,34.44,19.116666676,49.233055573,2021,Primary Transit,
toi-1468 b,0.1142,0.0101,1.8805136,,TOI-1468,0.339,0.344,3496.0,24.72,16.654166679,19.225000011,2022,Primary Transit,
toi-1468 c,0.18414,0.02089,15.532482,,TOI-1468,0.339,0.344,3496.0,24.72,16.654166679,19.225000011,2022,Primary Transit,
toi-1470 b,0.1945,0.02303,2.527093,0.3,TOI-1470,0.471,0.469,3709.0,51.9503,10.087500007,61.213333348,2023,Primary Transit,
toi-1470 c,0.2204,0.02278,18.08816,0.5,TOI-1470,0.471,0.469,3709.0,51.9503,10.087500007,61.213333348,2023,Primary Transit,
toi-1471 b,0.348,0.031,20.772907,0.22,TOI-1471,1.022,0.9662,5609.0,62.29,30.904271,21.280864,2023,Primary Transit,
toi-1471 c,0.29824,0.0576,52.563491,0.23,TOI-1471,1.022,0.9662,5609.0,62.29,30.904271,21.280864,2023,Primary Transit,
toi-1472 b,0.3711,0.0519,6.36381,0.0,TOI-1472,0.86,0.86,5100.0,121.8,14.114166666666668,48.6375,2024,Primary Transit,
toi-1472 c,0.2971,0.06648,15.5381747,0.17,TOI-1472,0.86,0.86,5100.0,121.8,14.114166666666668,48.6375,2025,Primary Transit,
toi-1473 ab,0.2186,0.034,5.254467,0.0,TOI-1473 A,1.09,0.99,5958.0,67.6203,15.600000008,37.185555561,2019,Primary Transit,
toi-1478 b,1.06,0.847,10.180249,0.025,TOI-1478,0.946,1.05,5595.0,153.0,126.433333348,-13.559722241,2021,Primary Transit,
toi-150 b,1.255,2.51,5.857487,0.262,TOI-150,1.249,1.551,6029.0,336.0,112.9657,-73.60612,2019,Primary Transit,
toi-1516 ab,1.57,3.05,2.05601399,0.12,TOI-1516 A,1.1,1.35,6426.0,247.0,340.08333334,69.503611124,2022,Primary Transit,
toi-1518 b,1.878,1.83,1.90261131,0.01,TOI-1518,1.79,1.95,7300.0,,352.266666668,67.035000002,2021,Primary Transit,
toi-157 b,1.286,1.18,2.0845435,0.0,TOI-157,0.948,1.167,5404.0,362.1,73.700000016,-76.68055558,2020,Primary Transit,
toi-159 ab,1.622,3.49,3.7628396,0.24,TOI-159 A,1.66,1.62,7294.0,347.2,51.78201350659,-78.54983889508,2020,Primary Transit,
toi-1601 b,1.239,0.99,5.331751,0.036,TOI-1601,1.517,2.186,5948.0,336.0,38.362500009,41.013333344,2021,Primary Transit,
toi-1605 b,0.9225,0.6963,8.7099,0.28,TOI-1605,0.989,1.593,5597.0,159.748,54.48109758587,33.0798592596,2024,Primary Transit,
toi-1634 ab,0.1597,0.01545,0.989343,0.16,TOI-1634 A,0.502,0.45,3550.0,35.274,56.391666678,37.112222234,2021,Primary Transit,
toi-163 b,1.489,1.22,4.231306,0.0,TOI-163,1.4352,1.648,6495.0,416.7,79.766666668,-71.895555583,2019,Primary Transit,
toi-1648 b,0.2266,0.0233,7.331602,0.18,TOI-1648,0.82,0.83,4836.0,69.6704,45.40116666666667,69.22992222222223,2025,Primary Transit,
toi-1669 b,0.214,0.0132,2.68005,,TOI-1669,,,,111.75,45.954166683,83.587777793,2022,Primary Transit,
toi-1669 c,,,501.0,,TOI-1669,,,,111.75,45.954166683,83.587777793,2022,Radial Velocity,
toi-1670 b,0.1838,0.0434,10.98462,0.59,TOI-1670,1.21,1.316,6170.0,165.72,259.016666668,72.161111123,2022,Primary Transit,
toi-1670 c,0.97,0.58,40.7750145,0.067,TOI-1670,1.21,1.316,6170.0,165.72,259.016666668,72.161111123,2022,Primary Transit,
toi-1680 b,0.13079,0.01001,4.8026,,TOI-1680,0.18,0.213,3224.0,,292.312500005,65.97444447,2023,Primary Transit,
toi-1683 b,0.232,0.025,3.05752578,,TOI-1683,0.69,0.695,4402.0,51.1884,65.979166685,27.822500021,2022,Primary Transit,
toi-1685 b,0.1267,0.00966,0.66813923,0.0,TOI-1685,0.495,0.492,3434.0,37.609,68.595833341,43.036944448,2021,Primary Transit,
toi-1691 b,0.2614,0.0459,16.7369,0.0,TOI-1691,1.03,1.0,5760.0,111.445,272.40375,86.86033333333333,2024,Primary Transit,
toi-1693 b,0.1258,0.0088,1.7666957,,TOI-1693,0.49,0.46,3499.0,30.8,90.308333338,34.773055576,2022,Primary Transit,
toi-1694 b,0.48702,0.0809,3.77018,,TOI-1694,,,,124.2,97.75,66.360555571,2022,Primary Transit,
toi-1694 c,,,393.2,,TOI-1694,,,,124.2,97.75,66.360555571,2022,Radial Velocity,
toi-1695 b,0.17,0.0182,3.1342788,0.1,TOI-1695,0.54,0.53,3630.0,44.99,21.920833347,72.296388905,2022,Primary Transit,
toi-1696 ab,0.2891,0.1787,2.50031,0.0,TOI-1696 A,0.255,0.2775,3185.0,65.03,65.279166669,48.819722241,2022,Primary Transit,
toi-169 b,1.086,0.791,2.2554477,0.0,TOI-169,1.147,1.288,5880.0,412.5,16.779166669,-75.198888905,2020,Primary Transit,
toi-1710 ab,0.4595,0.0579,24.283385,0.185,TOI-1710 A,0.984,0.968,5665.0,81.1376,94.279166669,76.210833346,2022,Primary Transit,
toi-1716 b,0.2471,0.0151,8.0824,0.0,TOI-1716,,,5878.0,104.16,105.08333333333331,56.80752777777778,2024,Primary Transit,
toi-1718 b,0.37854,,5.5870396,,TOI-1718,0.93,0.94,5378.0,52.304,112.01804166666668,30.32173333333333,2020,Primary Transit,
toi-1722 b,0.34481,,9.605,,TOI-1722,1.162,1.094,6137.0,136.42,114.34520833333332,61.153925,2020,Primary Transit,
toi-1723 b,0.27,0.0327,13.72641,0.0,TOI-1723,1.03,1.09,,100.727,116.79708333333332,68.47666666666667,2024,Primary Transit,
toi-1728 b,0.4505,0.08426,3.49151,0.057,TOI-1728,0.646,0.6243,3980.0,60.8,120.612500009,64.796944471,2020,Primary Transit,
toi-172 ab,0.965,5.41,9.47721,0.3805,TOI-172 A,1.124,1.774,5644.0,336.47,316.633333344,-26.692777799,2019,Primary Transit,
toi-1732 b,0.19832,,4.11922311925856,,TOI-1732,0.614,0.632,3876.0,74.76,111.80145833333331,53.04526944444444,2020,Primary Transit,
toi-1736 ab,0.2837,0.0387,7.073091,0.0,TOI-1736 A,1.08,1.15,5807.0,88.9,43.433333348,69.101388892,2019,Primary Transit,
toi-1736 ac,,8.23,571.25,0.3685,TOI-1736 A,1.08,1.15,5807.0,88.9,43.433333348,69.101388892,2023,Radial Velocity,
toi-1739 b,0.15122,0.013,8.303342,,TOI-1739,0.79,0.751,4922.0,70.98,240.179166681,83.25861112300001,2023,Primary Transit,
toi-1742 b,0.2114,0.0305,21.269084,0.3,TOI-1742,1.02,1.16,5707.0,72.89,257.32875,71.87666666666667,2024,Primary Transit,
toi-1743 b,0.1633,0.0145,4.266046,,TOI-1743,0.339,0.338,3277.0,41.31,257.7473333333333,71.87220277777777,2025,Primary Transit,
toi-1744 ab,0.265,,22.341702927,0.69,TOI-1744 A,1.18,1.139,6179.0,114.39,294.29108427785,60.88138246568,2020,Primary Transit,
toi-1749 ab,0.124,0.06,2.38839,0.02,TOI-1749 A,0.58,0.55,3985.0,99.56,282.737500019,64.419444455,2021,Primary Transit,
toi-1749 ac,0.1891,0.0066,4.4929,0.007,TOI-1749 A,0.58,0.55,3985.0,99.56,282.737500019,64.419444455,2021,Primary Transit,
toi-1749 ad,0.2248,0.0135,9.0497,0.015,TOI-1749 A,0.58,0.55,3985.0,99.56,282.737500019,64.419444455,2021,Primary Transit,
toi-1750 b,0.23365,,11.3373613975694,,TOI-1750,0.767,0.768,4765.0,162.46,240.3019583333333,68.9373,2020,Primary Transit,
toi-1751 b,0.2489,0.0538,37.468489,0.26,TOI-1751,1.15,1.17,6116.0,113.6,243.48879166666663,63.534275,2024,Primary Transit,
toi-1752 b,0.1508,0.01284,0.9351861,,TOI-1752,0.524,0.53,3762.0,103.02,253.4615,60.70961944444444,2026,Primary Transit,
toi-1752 c,0.116,0.0164,32.71443,,TOI-1752,0.524,0.53,3762.0,103.02,253.4615,60.70961944444444,2026,Primary Transit,
toi-1753 b,0.2088,0.0522,5.3846104,0.0,TOI-1753,1.02,0.95,5700.0,226.7,252.46958333333333,61.17355555555556,2024,Primary Transit,
toi-1756 b,0.1526,,2.78301136608212,,TOI-1756,0.556,0.562,3756.0,86.716,306.3287916666667,77.63641111111112,2020,Primary Transit,
toi-1758 b,0.303,0.0217,20.705127,0.0,TOI-1758,0.88,0.8,5170.0,96.62,354.74125,75.68525,2024,Primary Transit,
toi-1759 ab,0.273,0.0214,18.849975,0.0,TOI-1759 A,0.61,0.6,4036.0,40.12,326.850000008,62.753888907,2022,Primary Transit,
toi-1775 b,0.776,0.302,10.2405549,0.0,TOI-1775,0.9,0.84,5251.0,149.23,150.115,39.45775,2024,Primary Transit,
toi-1776 b,0.125,0.0044,2.799868,0.0,TOI-1776,1.02,0.95,5724.0,44.65,164.77708333333334,40.983694444444446,2024,Primary Transit,
toi-1778 b,0.24133,0.02637,6.527282,0.23,TOI-1778,1.17,1.31,6046.0,99.0,136.77807447969,46.67259983931,2024,Primary Transit,
toi-1782 b,0.16407,,1.829024227,,TOI-1782,0.68,0.668,4336.0,95.265,213.07879166666663,74.41179166666667,2024,Primary Transit,
toi-1782 c,0.21126,,4.987641028,,TOI-1782,0.68,0.668,4336.0,95.265,213.07879166666663,74.41179166666667,2024,Primary Transit,
toi-1789 b,1.4,0.7,3.208666,,TOI-1789,1.499,2.172,5984.0,223.55,142.741666686,26.540000016,2021,Primary Transit,
toi-178 b,0.10278,0.00472,1.914558,,TOI-178,0.65,0.651,4316.0,63.0,7.300000004,-30.453611123,2020,Primary Transit,
toi-178 c,0.1489,0.01501,3.23845,,TOI-178,0.65,0.651,4316.0,63.0,7.300000004,-30.453611123,2018,Primary Transit,
toi-178 d,0.22946,0.00947,6.5577,,TOI-178,0.65,0.651,4316.0,63.0,7.300000004,-30.453611123,2018,Primary Transit,
toi-178 e,0.1969,0.01214,9.961881,,TOI-178,0.65,0.651,4316.0,63.0,7.300000004,-30.453611123,2020,Primary Transit,
toi-178 f,0.20403,0.02429,15.231915,,TOI-178,0.65,0.651,4316.0,63.0,7.300000004,-30.453611123,2019,Primary Transit,
toi-178 g,0.256,0.0124,20.7095,,TOI-178,0.65,0.651,4316.0,63.0,7.300000004,-30.453611123,2020,Primary Transit,
toi-1794 b,0.27,0.0274,8.765528,0.0,TOI-1794,1.02,1.3,5707.0,135.8,203.3975,49.060833333333335,2024,Primary Transit,
toi-1798 b,0.2462,0.0205,8.02154,0.0,TOI-1798,0.87,0.78,5165.0,113.18,211.09375,46.51927777777778,2024,Primary Transit,
toi-1798 c,0.125,0.0176,0.4378146,0.0,TOI-1798,0.87,0.78,5165.0,113.18,211.09375,46.51927777777778,2024,Primary Transit,
toi-1799 b,0.1445,0.013,7.085738,0.0,TOI-1799,1.0,0.96,5690.0,62.13,167.23291666666668,34.303,2024,Primary Transit,
toi-179 ab,0.2436,0.0758,4.1374386,0.34,TOI-179 A,0.807,0.798,5083.0,38.585,44.262500001,-56.191944455,2019,Primary Transit,
toi-1801 ab,0.1865,0.018214,10.64396,0.074,TOI-1801 A,0.54,0.55,3815.0,30.68,175.575000006,23.026944453,2019,Primary Transit,
toi-1803 b,0.2668,0.0324,6.293287,,TOI-1803,0.756,0.715,4687.0,119.0,178.046125,35.1718,2024,Primary Transit,
toi-1803 c,0.3827,0.019,12.885779,,TOI-1803,0.756,0.715,4687.0,119.0,178.046125,35.1718,2024,Primary Transit,
toi-1806 b,0.303,,15.1454693,,TOI-1806,0.39,0.4,3272.0,55.52,166.11791666666667,30.45855555555556,2024,Primary Transit,
toi-1807 b,0.1222,0.00809,0.549374,0.0,TOI-1807,0.75,0.68,4757.0,42.577,201.283333336,38.922500023,2021,Primary Transit,
toi-1811 b,1.0,0.974,3.7130818,0.061,TOI-1811,0.819,0.773,4673.0,128.3,188.920833347,27.21444446,2022,Primary Transit,
toi-1814 b,0.4586,,6.36846268332472,,TOI-1814,,2.39,4971.0,362.522,236.816875,77.23264166666667,2020,Primary Transit,
toi-181 b,0.6183,0.13,4.53206,0.19,TOI-181,0.781,0.74,4994.0,96.2338,352.172541,-34.49141,2022,Primary Transit,
toi-1820 ab,1.12,2.3,4.8607,0.043,TOI-1820 A,1.04,1.51,5734.0,250.0,187.687500015,27.452222233,2022,Primary Transit,
toi-1823 b,0.6727,0.2121,38.8,0.0,TOI-1823,0.841,0.805,4927.0,71.6456,196.22035462129,63.75379077167,2024,"Radial Velocity, Primary Transit",
toi-1824 ab,0.2346,0.0582,22.80857,0.0,TOI-1824 A,0.85,0.8,5180.0,59.485,197.7308333333333,61.74477777777778,2024,Primary Transit,
toi-1836 ab,0.78188,0.092,20.38084,0.13,TOI-1836 A,1.29,1.611,6369.0,189.23,245.90820850503,54.6897621518,2024,Primary Transit,
toi-1836 ac,0.232,0.025,1.7727471,0.0,TOI-1836 A,1.29,1.611,6369.0,189.23,245.90820850503,54.6897621518,2024,Primary Transit,
toi-1839 b,0.1981,,1.22,,TOI-1839,0.934,0.848,5382.7,116.086,196.833125,5.852044444444444,2025,Primary Transit,
toi-1839 c,0.215,,4.02,,TOI-1839,0.934,0.848,5382.7,116.086,196.833125,5.852044444444444,2025,Primary Transit,
toi-1842 b,1.04,0.214,9.5739,,TOI-1842,1.46,2.02,6230.0,223.47,201.962500017,9.030555567,2021,Primary Transit,
toi-1846 b,0.15987,0.0138,3.9306737,,TOI-1846,0.418,0.397,3568.0,47.244,257.9549583333333,54.52784722222222,2025,Primary Transit,
toi-1853 b,0.324465,0.040571,1.243702,,TOI-1853,0.82,0.84,4969.0,165.105,211.45833335,16.992500027,2019,Primary Transit,
toi-1855 ab,1.65,1.133,1.36414864,0.033,TOI-1855 A,0.987,,,177.0,205.35416666666663,17.68722222222222,2024,"Primary Transit, Radial Velocity",
toi-1859 ab,0.87,,63.3847,0.57,TOI-1859 A,1.29,1.36,6341.0,223.5,279.83333334,69.522777793,2023,Primary Transit,
toi-1860 ab,0.1169,0.0069,1.062107,,TOI-1860 A,0.99,0.94,5752.0,45.9,226.45833335,64.047222234,2022,Primary Transit,
toi-1861 b,0.9983,,742.51,,TOI-1861,0.888,1.061,5490.0,134.62,130.798625,-83.061,2020,Primary Transit,
toi-1873 b,0.27692,,7.00568049251826,,TOI-1873,1.015,0.971,5700.0,182.014,212.56845833333333,84.37185833333334,2020,Primary Transit,
toi-1883 b,0.5041,,4.50638,,TOI-1883,0.492,0.494,3477.0,115.369,134.08925,-12.930644444444445,2022,Primary Transit,
toi-1885 b,1.2187,1.6248,6.54406,0.04,TOI-1885,1.2,1.757,6232.0,560.901,304.665217375115,66.15597067656195,2024,Primary Transit,
toi-1895 b,0.8538,,748.07,,TOI-1895,1.239,1.374,6762.0,205.12,243.714,-81.68047222222222,2020,Primary Transit,
toi-1899 b,0.99,0.67,29.090312,0.044,TOI-1899,0.627,0.607,3841.0,128.4,299.425000014,40.143333344,2020,Primary Transit,
toi-1937 ab,1.247,2.01,0.94667944,0.0,TOI-1937 A,1.072,1.08,5814.0,418.7,116.370833343,-52.383333341,2022,Primary Transit,
toi-199 ab,0.97,0.17,104.869,0.105,TOI-199 A,0.936,0.82,5255.0,101.7,80.104166675,-59.895555583,2023,Primary Transit,
toi-199 ac,,,274.769,0.151,TOI-199 A,0.936,0.82,5255.0,101.7,80.104166675,-59.895555583,2023,Radial Velocity,
toi-2000 b,0.2355,0.0324,3.098331,0.0,TOI-2000,1.074,1.113,5607.0,173.6,146.395833345,-66.686666683,2022,Primary Transit,
toi-2000 c,0.711,0.2382,9.1270553,0.064,TOI-2000,1.074,1.113,5607.0,173.6,146.395833345,-66.686666683,2022,Primary Transit,
toi-2005 b,1.07,6.4,17.305904,0.6,TOI-2005,1.59,2.02,7130.0,328.7,164.03166666666667,-43.376694444444446,2025,Primary Transit,
toi-2010 ab,1.054,1.286,141.834025,0.212,TOI-2010 A,1.112,1.075,5929.0,108.26,292.16666668,53.487500013,2023,Primary Transit,
toi-2015 b,0.2953,0.0289,3.348237,0.079,TOI-2015,0.342,0.333,3194.0,47.32,232.133333344,27.361111127,2023,Primary Transit,
toi-2015 c,,,5.582796,0.0003,TOI-2015,0.342,0.333,3194.0,47.32,232.133333344,27.361111127,2023,TTV,
toi-2018 b,0.2025,0.0289,7.435583,0.0,TOI-2018,0.57,0.62,4174.0,28.038,229.837500007,29.207777788,2023,Primary Transit,
toi-2018 c,0.1374,0.0113,11.244,0.0,TOI-2018,0.57,0.62,4174.0,28.038,229.837500007,29.207777788,2023,Primary Transit,
toi-2019 b,0.505,0.1089,15.3444,0.09,TOI-2019,0.987,1.797,5588.0,198.0,234.43168354703,48.95540624757,2024,Primary Transit,
toi-201 b,1.01,0.59,52.97804,0.275,TOI-201,1.316,1.317,6394.0,114.2,87.400000012,-54.91083336,2021,Primary Transit,
toi-201 d,0.12811,0.016,5.84924,0.116,TOI-201,1.316,1.317,6394.0,114.2,87.400000012,-54.91083336,2021,Primary Transit,
toi-2025 b,1.12,4.4,8.872086,0.44,TOI-2025,1.32,1.56,5880.0,339.0,282.795833337,82.245277792,2022,Primary Transit,
toi-2031 ab,1.267,0.8,5.71548654,0.0,TOI-2031 A,1.174,1.241,6490.0,276.42,331.11705049245,81.56594054004,2025,Primary Transit,
toi-203 b,0.107,,52.0,,TOI-203,0.202,0.232,3209.0,24.7894,43.016666668,-67.687500017,2018,Primary Transit,
toi-2045 b,1.1316,0.6639,9.077534,0.0,TOI-2045,1.157,1.723,6125.85,366.962,1.11914003613,54.93446355573,2024,Primary Transit,
toi-2046 b,1.44,2.3,1.4971842,,TOI-2046,1.153,1.237,6160.0,,16.183333348,74.331388907,2022,Primary Transit,
toi-2048 b,0.1838,,13.79,0.13,TOI-2048,0.83,0.79,5185.0,116.39,237.925000014,52.3063889,2022,Primary Transit,
toi-205 b,0.1936,,4.252985694067112,,TOI-205,1.2,1.454,6222.0,177.76,7.975458333333333,-56.96508055555556,2018,Primary Transit,
toi-2068 ab,0.1624,0.0138,7.768915,,TOI-2068 A,0.559,0.535,3710.0,52.93,186.275000002,60.418333343,2023,Primary Transit,
toi-206 b,0.116,0.0069,0.7363104,,TOI-206,0.35,0.35,3383.0,47.7,73.73719,-62.522369,2022,Primary Transit,
toi-2071 b,0.2308,,5.6739336,,TOI-2071,1.063,1.0,5873.0,231.311,256.60116666666664,57.661033333333336,2020,Primary Transit,
toi-2076 b,0.2266,0.0107,10.35523,,TOI-2076,0.849,0.758,5200.0,41.906,217.391666678,39.790555577,2021,Primary Transit,
toi-2076 c,0.2989,0.0145,21.01549,,TOI-2076,0.849,0.758,5200.0,41.906,217.391666678,39.790555577,2021,Primary Transit,
toi-2076 d,0.2935,0.023,35.12551,,TOI-2076,0.849,0.758,5200.0,41.906,217.391666678,39.790555577,2021,Primary Transit,
toi-2076 e,0.12089,,3.0223445,,TOI-2076,0.849,0.758,5200.0,41.906,217.391666678,39.790555577,2025,Primary Transit,
toi-2081 b,0.182,0.016,10.50534,,TOI-2081,0.54,0.534,3800.0,62.31,264.304166671,53.025555563,2022,Primary Transit,
toi-2084 ab,0.2204,0.02121,6.0784247,,TOI-2084 A,0.49,0.475,3550.0,114.29,259.254166667,72.74694447,2023,Primary Transit,
toi-2088 b,0.3283,0.116,124.72997,0.0,TOI-2088,0.8,0.83,4902.0,126.46,261.3745833333333,75.88227777777777,2024,Primary Transit,
toi-2092 ab,0.23776,,4.303264160073913,,TOI-2092 A,0.956,1.052,5468.0,176.76,212.5475,45.56386944444444,2021,Primary Transit,
toi-2093 b,,,12.836,0.0,TOI-2093,0.745,0.729,4426.0,82.615,302.738,70.86941666666667,2025,Radial Velocity,
toi-2093 c,0.205,0.0497,53.81149,0.0,TOI-2093,0.745,0.729,4426.0,82.615,302.738,70.86941666666667,2025,Primary Transit,
toi-2094 ab,0.17,0.0132,18.793193,,TOI-2094 A,0.425,0.384,3403.0,50.22,254.14254166666663,70.02731666666666,2025,Primary Transit,
toi-2095 b,0.1115,0.0129,17.774872,0.12,TOI-2095,0.465,0.453,3662.0,41.917,285.636636,75.4185,2023,Primary Transit,
toi-2095 c,0.1187,0.0233,28.17221,0.13,TOI-2095,0.465,0.453,3662.0,41.917,285.636636,75.4185,2023,Primary Transit,
toi-2096 b,0.11089,0.006,3.1190633,0.15,TOI-2096,0.218,0.25,3285.0,48.4809,151.620833343,74.827222247,2022,Primary Transit,
toi-2096 c,0.17076,0.0145,6.38784,0.1,TOI-2096,0.218,0.25,3285.0,48.4809,151.620833343,74.827222247,2022,Primary Transit,
toi-209 b,0.20653,,4.3794297785579,,TOI-209,0.81,0.742,4916.0,113.387,19.39431539692,-66.90246940389,2018,Primary Transit,
toi-2104 b,0.1213,,5.904369,,TOI-2104,0.8,0.724,4907.0,76.742,151.61220833333334,83.08783888888888,2020,Primary Transit,
toi-2107 b,1.211,0.83,2.4545467,0.033,TOI-2107,,,,,286.7958333333333,-58.696666666666665,2024,"Primary Transit, Radial Velocity",
toi-2109 b,1.347,5.02,0.67247414,0.04,TOI-2109,1.447,1.698,6500.0,264.0,253.187500015,16.580000022,2021,Primary Transit,
toi-2120 b,0.18931,0.0214,5.7998164,0.32,TOI-2120,0.21,0.245,3131.0,32.183,23.50708333333333,65.51394444444445,2024,Primary Transit,
toi-2128 ab,0.2346,0.0142,16.34136,0.0,TOI-2128 A,1.1,1.125,5991.0,35.58,256.9816666666667,32.10527777777778,2024,Primary Transit,
toi-2134 b,0.24,0.02873,9.2292005,0.06,TOI-2134,0.69,0.77,4406.0,22.62,271.937500015,39.073055562,2019,Primary Transit,
toi-2134 c,0.6486,0.1318,95.5,0.67,TOI-2134,0.69,0.77,4406.0,22.62,271.937500015,39.073055562,2023,Primary Transit,
toi-2136 b,0.1865,0.0148,7.85191,0.07,TOI-2136,0.34,0.34,3342.0,33.36,281.175000014,36.563055577,2022,Primary Transit,
toi-2141 b,0.28076,0.0632,18.261608,0.21,TOI-2141,0.896,0.95,5635.0,77.7,258.762500001,18.340833346,2023,Primary Transit,
toi-2141 c,,,5.4624,,TOI-2141,0.896,0.95,5635.0,77.7,258.762500001,18.340833346,2025,Radial Velocity,
toi-2141 d,,,60.45,,TOI-2141,0.896,0.95,5635.0,77.7,258.762500001,18.340833346,2025,Radial Velocity,
toi-2145 b,1.098,5.52,10.261131,0.22,TOI-2145,1.72,2.738,6189.0,124.6,263.758333334,40.695000023,2022,Primary Transit,
toi-2152 ab,1.281,2.83,3.3773512,0.057,TOI-2152 A,1.516,1.612,6630.0,302.8,26.337500007,77.790000021,2022,Primary Transit,
toi-2154 b,1.453,0.92,3.6240801,0.117,TOI-2154,1.233,1.396,6280.0,296.3,71.029166669,84.364166685,2022,Primary Transit,
toi-2158 b,0.96,0.82,8.60077,0.031,TOI-2158,1.12,1.41,5673.0,200.0,276.808333338,20.526944463,2022,Primary Transit,
toi-2169 ab,1.116,1.037,8.2148282,0.0,TOI-2169 A,1.42,1.82,6270.0,359.8,279.17008594736,23.25875293179,2025,Primary Transit,
toi-216 b,0.6861,0.0558,17.0991,0.161,TOI-216,0.77,0.747,5045.0,178.89,73.98023,-63.26006,2019,Primary Transit,
toi-216 c,0.901,0.528,34.5507,0.0062,TOI-216,0.77,0.747,5045.0,178.89,73.98023,-63.26006,2019,Primary Transit,
toi-2179 b,1.117,1.942,15.168865,0.575,TOI-2179,1.026,1.088,5788.0,309.6,22.445833349,-60.74000002,2020,Primary Transit,
toi-2180 b,1.01,2.755,260.158,0.368,TOI-2180,1.111,1.636,5695.0,116.3,277.941666682,56.650833347,2022,Primary Transit,
toi-2184 b,1.017,0.65,6.90683,0.08,TOI-2184,1.53,2.9,5966.0,,100.83333334,-66.947777808,2021,Primary Transit,
toi-2193 ab,1.77,0.94,2.1225735,0.0,TOI-2193 A,1.082,1.248,5966.0,345.3,313.691666682,-72.804722242,2022,Primary Transit,
toi-2194 b,0.177466,0.0145456,15.337597,,TOI-2194,0.74,0.681,4669.0,19.5711,299.158333346,-31.335277786,2019,Primary Transit,
toi-2196 b,0.3131,0.082,1.1947268,0.0,TOI-2196,1.032,1.043,5634.0,263.98,312.341666674,-70.485000011,2022,Primary Transit,
toi-2200 b,0.6209,,2.94,,TOI-2200,0.85,0.826,5070.0,251.245,98.78328633785,-72.45679865718,2026,Primary Transit,
toi-2202 b,1.0,0.978,11.9101,0.042,TOI-2202,0.823,0.794,5144.0,235.93,51.22854,-73.95756,2021,Primary Transit,
toi-2202 c,,0.369,24.6744,0.0622,TOI-2202,0.823,0.794,5144.0,235.93,51.22854,-73.95756,2021,TTV,
toi-2207 b,0.995,0.64,8.001968,0.174,TOI-2207,1.296,1.564,6101.0,380.6,307.595833341,-44.887500021,2022,Primary Transit,
toi-220 b,0.2694,0.0428,10.695264,0.029,TOI-220,0.825,0.858,5298.0,89.0,91.800000004,-61.996944475,2021,Radial Velocity,
toi-2211 b,0.13926,,3.092686757,,TOI-2211,0.9,0.834,5253.0,70.293,308.53868196325,-29.67211034025,2024,Primary Transit,
toi-2227 b,0.2516,,4.2217717,,TOI-2227,1.03,1.208,5763.0,165.441,337.51775,-67.85014722222222,2020,Primary Transit,
toi-2236 b,1.282,1.58,3.5315902,0.0,TOI-2236,,1.66,6228.0,352.5,20.16666668,-86.98000003,2022,Primary Transit,
toi-2257 b,0.19574,0.0179,35.189346,0.496,TOI-2257,0.33,0.311,3430.0,57.7911,194.741666686,77.661666689,2021,Primary Transit,
toi-2260 b,0.1445,0.011,0.3524728,,TOI-2260,0.99,0.94,5534.0,101.3,247.66666668,49.0463889,2022,Primary Transit,
toi-2266 b,0.1374,,2.326318,,TOI-2266,0.23,0.24,3200.0,51.6,245.27916666666667,31.576944444444443,2024,Primary Transit,
toi-2267 ab,0.09,,2.2891,,TOI-2267 A,0.171,0.2075,3030.0,22.55,65.0615,84.900825,2025,Primary Transit,
toi-2267 ac,0.1017,,3.4950412,,TOI-2267 A,0.171,0.2075,3030.0,22.55,65.0615,84.900825,2025,Primary Transit,
toi-2267 ad,0.0874,,2.0344678,,TOI-2267 A,0.171,0.2075,3030.0,22.55,65.0615,84.900825,2025,Primary Transit,
toi-2274 b,0.2186,,2.67963,,TOI-2274,0.612,0.631,3943.0,48.87,277.459375,40.54103055555556,2020,Primary Transit,
toi-2285 b,0.1552,0.0614,13.64,0.3,TOI-2285,0.454,0.464,3491.0,42.409,332.562500005,58.70611113,2021,Primary Transit,
toi-2290 b,0.1044,0.005,0.3862224,,TOI-2290,0.56,0.57,3813.0,58.1,321.600000008,68.640277796,2022,Primary Transit,
toi-2295 b,1.47,0.875,30.033302,0.334,TOI-2295,1.17,1.451,5733.0,125.51,281.576625,50.49235,2024,Primary Transit,
toi-2295 c,,,966.5,0.19,TOI-2295,1.17,1.451,5733.0,125.51,281.576625,50.49235,2024,Radial Velocity,
toi-2322 b,0.08868,0.00727,11.30717,0.0,TOI-2322,0.703,0.662,4664.0,59.89,116.97299873235,-71.00173820313,2025,Primary Transit,
toi-2322 c,0.16719,0.0569,20.225528,0.0,TOI-2322,0.703,0.662,4664.0,59.89,116.97299873235,-71.00173820313,2025,Primary Transit,
toi-2328 ab,0.89,0.16,17.101966,0.06,TOI-2328 A,0.95,,,231.78,31.69075,-81.247375,2024,Primary Transit,
toi-2337 b,0.9,1.0,2.99432,0.019,TOI-2337,1.325,3.22,4780.0,540.25,290.620833343,60.853888909,2022,Primary Transit,
toi-2338 b,1.0,5.98,22.65398,0.676,TOI-2338,0.99,1.05,5581.0,316.0,81.345833341,-34.668333348,2023,Primary Transit,
toi-2345 b,0.134,0.01098,1.0528573,,TOI-2345,0.727,0.729,4687.0,81.27,43.88375,-34.977525,2025,Primary Transit,
toi-2345 c,0.21867,0.02287,21.064302,,TOI-2345,0.727,0.729,4687.0,81.27,43.88375,-34.977525,2025,Primary Transit,
toi-2346 b,1.438,1.24,3.3312029,0.0,TOI-2346,1.271,1.38,6480.0,436.5,88.09291666666667,-13.372469444444445,2025,Microlensing,
toi-2364 b,0.768,0.225,4.0197478,0.0,TOI-2364,0.954,0.886,5306.0,218.63,89.129166677,-5.011944454,2022,Primary Transit,
toi-2368 b,0.967,0.65,5.1750073,0.06,TOI-2368,,,,,134.95833333333334,-48.48840555555556,2024,Primary Transit,
toi-2373 b,0.93,9.3,13.33668,0.112,TOI-2373,1.04,1.1,5651.0,509.0,61.6875,-16.75583333333333,2023,"Primary Transit, Radial Velocity",
toi-2374 bb,0.668,1.194,4.3136193,0.13,TOI-2374 B,0.75,0.69,4802.0,134.6,319.4979166666667,-22.049805555555555,2024,Primary Transit,
toi-2379 b,1.046,5.76,5.4693827,0.342,TOI-2379,0.645,0.62,3707.0,211.4,358.34204166666666,-53.04315555555556,2024,Primary Transit,
toi-237 b,0.12303,0.009,5.43613914,,TOI-237,0.179,0.211,3212.0,38.11,353.241666686,-29.41500002,2020,Primary Transit,
toi-237 c,0.10759,,1.74486147,,TOI-237,0.179,0.211,3212.0,38.11,353.241666686,-29.41500002,2026,Primary Transit,
toi-2382 b,1.093,0.74,4.6612061,0.0,TOI-2382,1.26,1.417,6033.0,424.3,356.37516666666664,-16.114125,2025,Primary Transit,
toi-2384 ab,1.025,1.966,2.13570304,0.0,TOI-2384 A,0.635,0.611,3943.0,187.0,36.15616666666666,-65.00019444444445,2024,Primary Transit,
toi-238 b,0.13909,0.0106,1.273099,,TOI-238,0.788,0.75,5080.0,80.53,349.229166685,-18.606666684,2023,Primary Transit,
toi-238 c,0.1945,0.0211,8.465651,0.36,TOI-238,0.788,0.75,5080.0,80.53,349.229166685,-18.606666684,2024,Primary Transit,
toi-2406 b,0.2623,0.0286,3.0766896,0.26,TOI-2406,0.162,0.202,3100.0,55.6,8.804166671,-3.370555566,2021,Primary Transit,
toi-2407 b,0.3801,0.053,2.702969,0.08,TOI-2407,0.548,0.567,3530.0,92.44,49.746541666666666,-46.458025,2025,Primary Transit,
toi-2411 b,0.1499,0.0123,0.7826942,,TOI-2411,0.65,0.68,4099.0,59.5,20.925000014,-8.701388904,2022,Primary Transit,
toi-2411 c,0.2569,,18.75,,TOI-2411,0.65,0.68,4099.0,59.5,20.925000014,-8.701388904,2024,Primary Transit,
toi-2416 b,0.88,3.0,8.275479,0.32,TOI-2416,1.118,1.236,5808.0,557.733,57.3375,8.849444444444444,2023,Primary Transit,
toi-2420 b,1.34,0.93,5.842641,0.055,TOI-2420,1.158,2.369,5707.0,435.174,14.826666666666666,-19.77113888888889,2024,Primary Transit,
toi-2421 b,0.925,0.333,4.3474032,0.0,TOI-2421,,1.92,5645.0,327.3,33.154166679,-35.390833347,2022,Primary Transit,
toi-2427 b,0.1463,0.0179,1.305962,0.07,TOI-2427,0.64,0.65,4072.0,28.5,52.29166667,-31.363055573,2022,Primary Transit,
toi-2427 c,,,5.15,0.09,TOI-2427,0.64,0.65,4072.0,28.5,52.29166667,-31.363055573,2025,Radial Velocity,
toi-2431 b,0.13703,0.0195,0.22419577,0.0,TOI-2431,0.661,0.651,4109.0,36.01,37.76366748140375,8.381994408441944,2022,Primary Transit,
toi-2443 b,0.2105,0.01284,15.66858,0.3,TOI-2443,0.66,0.732,,23.9258,40.179166681,1.199722239,2019,Primary Transit,
toi-2443 c,,,96.6,0.5,TOI-2443,0.66,0.732,,23.9258,40.179166681,1.199722239,2024,Radial Velocity,
toi-2445 b,0.12267,0.006,0.3711281,,TOI-2445,0.25,0.27,3330.0,48.6,43.316666672,0.052500003,2022,Primary Transit,
toi-2449 b,1.0,0.7,106.14468,0.1,TOI-2449,1.079,1.065,6021.0,155.01,67.984375,-34.455533333333335,2025,Primary Transit,
toi-2453 b,0.27,,4.44,,TOI-2453,0.5,0.502,3609.0,81.9,74.8375,12.936352777777778,2021,Primary Transit,
toi-2458 b,0.2525,0.04188,3.73659,0.087,TOI-2458,1.05,1.32,6005.0,112.958,79.62154166666667,1.253866666666667,2024,Primary Transit,
toi-2458 c,,,16.553,,TOI-2458,1.05,1.32,6005.0,112.958,79.62154166666667,1.253866666666667,2024,Radial Velocity,
toi-2459 bb,0.2632,0.02847,19.104718,,TOI-2459 B,0.66,0.675,4195.0,36.6113,82.141666678,-39.373055568,2019,Primary Transit,
toi-2485 b,1.08,2.41,11.23479,0.034,TOI-2485,1.16,1.72,6016.4,397.953,205.20433333333327,22.983969444444444,2024,Primary Transit,
toi-2494 b,0.2061,0.003,2.4087783,,TOI-2494,0.897,0.883,5490.0,152.9,90.15945833333332,0.1317694444444444,2026,Primary Transit,
toi-2494 c,0.86,0.289,8.3761356,0.05,TOI-2494,0.897,0.883,5490.0,152.9,90.15945833333332,0.1317694444444444,2026,Primary Transit,
toi-2497 b,1.0,5.21,10.655661,0.196,TOI-2497,1.86,2.358,7360.0,285.1,90.062500005,11.884166685,2022,Primary Transit,
toi-2498 b,0.5406,0.10893,3.738252,0.089,TOI-2498,1.12,1.26,5905.0,277.0,95.41622,11.251645,2023,Primary Transit,
toi-2518 b,0.19502,,6.898,,TOI-2518,1.11,0.993,6016.0,160.825,105.44483333333334,-34.91968611111111,2021,Primary Transit,
toi-251 b,0.2444,1.0,4.93777,0.0,TOI-251,1.036,0.881,5875.0,99.52,353.062500005,-37.255833343,2020,Primary Transit,
toi-2524 b,1.0,0.64,7.18585,0.0,TOI-2524,1.01,1.12,5831.0,438.8,160.8875,-1.9127777777777777,2023,"Primary Transit, Radial Velocity",
toi-2525 b,0.774,0.084,23.2856,0.17,TOI-2525,0.849,0.785,5096.0,395.4,86.850000008,-60.521388903,2022,Primary Transit,
toi-2525 c,0.904,0.657,49.2519,0.157,TOI-2525,0.849,0.785,5096.0,395.4,86.850000008,-60.521388903,2022,Primary Transit,
toi-2529 b,1.03,2.34,64.5949,0.02,TOI-2529,,,,296.271,118.99583333333332,-52.35472222222222,2024,Primary Transit,
toi-2537 b,1.0,1.3,94.1022,0.364,TOI-2537,0.77,0.77,4843.0,182.4,54.38825,10.057747222222222,2024,Primary Transit,
toi-2537 c,,,1920.0,0.29,TOI-2537,0.77,0.77,4843.0,182.4,54.38825,10.057747222222222,2024,Radial Velocity,
toi-2545 b,0.2453,,7.994037,,TOI-2545,1.055,1.253,,,135.545833337,-3.420833345,2022,Primary Transit,
toi-2567 b,0.975,0.201,5.983944,0.0,TOI-2567,,1.83,5609.0,518.4,288.466666684,66.348055574,2022,Primary Transit,
toi-2570 b,1.217,0.82,2.9887615,0.0,TOI-2570,,1.35,5756.0,361.7,87.187500015,32.084166669,2022,Primary Transit,
toi-257 b,0.626,0.134,18.38827,0.24,TOI-257,1.389,1.926,6075.0,77.07,47.516666668,-50.832500029,2020,Primary Transit,
toi-2580 ab,1.55,0.63,3.39775,0.08,TOI-2580 A,1.37,1.64,6091.0,379.253,62.19908333333333,67.11654722222222,2024,Primary Transit,
toi-2583 ab,1.29,0.25,4.5207265,0.0,TOI-2583 A,1.215,1.477,5936.0,561.2,272.266666668,45.336944454,2022,Primary Transit,
toi-2587 ab,1.077,0.218,5.45664,0.0,TOI-2587 A,1.15,1.726,5760.0,381.0,115.933333348,-1.07333334,2022,Primary Transit,
toi-2589 b,1.08,3.5,61.6277,0.522,TOI-2589,0.93,1.07,5579.0,202.0,107.487500019,-37.230833349,2023,Primary Transit,
toi-260 b,0.1454,0.02961,13.47583,0.0,TOI-260,0.616,0.607,4026.0,20.21,4.772916666666667,-9.964888888888888,2024,Primary Transit,
toi-261 b,0.2712,,3.3639254,,TOI-261,,,,,15.217916666666667,-24.423972222222226,2024,Primary Transit,
toi-262 b,0.1847,,11.14529,,TOI-262,0.913,0.853,5310.0,43.932,32.533333336,-31.070000004,2023,Primary Transit,
toi-2641 b,1.615,0.366,4.880974,0.0,TOI-2641,,,,,171.129166677,-42.732222249,2023,Primary Transit,
toi-2669 b,1.76,0.61,6.2034,0.09,TOI-2669,1.19,4.1,4800.0,,134.720833351,-13.312500016,2022,Primary Transit,
toi-266 b,0.2284,0.028,10.75101,0.14,TOI-266,1.04,0.92,5784.0,101.694,26.20833335,-18.400833342,2019,Primary Transit,
toi-266 c,0.2213,0.0337,19.6053,0.28,TOI-266,1.04,0.92,5784.0,101.694,26.20833335,-18.400833342,2019,Primary Transit,
toi-269 b,0.2471,0.0277,3.6977104,0.425,TOI-269,0.3917,0.398,3514.0,57.023,75.845833341,-54.17777779,2021,Primary Transit,
toi-270 b,0.11125,0.00466,3.35992,0.0167,TOI-270,0.4,0.38,3386.0,22.453,68.41666668,-51.956111135,2019,Primary Transit,
toi-270 c,0.2079,0.0195,5.66051,0.0044,TOI-270,0.4,0.38,3386.0,22.453,68.41666668,-51.956111135,2019,Primary Transit,
toi-270 d,0.19,0.0132,11.38014,0.0044,TOI-270,0.4,0.38,3386.0,22.453,68.41666668,-51.956111135,2019,Primary Transit,
toi-2714 b,1.224,0.717,2.499387,0.164,TOI-2714,1.07,1.25,5665.0,593.0,61.40116666666667,-14.926766666666667,2024,Primary Transit,
toi-277 bb,0.27612,0.0308,3.994086,,TOI-277 B,0.52,0.523,6668.0,64.67,19.075000006,-20.953333355,2019,Primary Transit,
toi-2796 b,1.59,0.44,4.8084983,0.0,TOI-2796,1.063,1.069,5764.0,352.4,84.154166679,0.896388917,2022,Primary Transit,
toi-2803 ab,1.616,0.975,1.96229325,0.0,TOI-2803 A,1.118,1.245,6280.0,501.1,93.116666676,-23.492222239,2022,Primary Transit,
toi-2818 b,1.363,0.71,4.039709,0.0,TOI-2818,0.977,1.229,5721.0,315.0,119.058333338,-35.116666669,2022,Primary Transit,
toi-282 b,0.241,0.0195,22.891054,,HD 28109,1.26,1.446,6120.0,140.087,65.237500019,-68.102777782,2022,Primary Transit,
toi-282 c,0.3685,0.0289,55.99712,,HD 28109,1.26,1.446,6120.0,140.087,65.237500019,-68.102777782,2022,Primary Transit,
toi-282 d,0.2775,0.0182,84.2899,,HD 28109,1.26,1.446,6120.0,140.087,65.237500019,-68.102777782,2022,Primary Transit,
toi-283 b,0.2079,0.02067,17.61745,0.11,TOI-283,0.9,0.811,5245.0,82.7,118.569625,-65.44155,2025,Primary Transit,
toi-2842 b,1.146,0.37,3.5514058,0.0,TOI-2842,1.135,1.265,5910.0,460.2,108.04419232864164,-10.63935797296692,2022,Primary Transit,
toi-286 b,0.1267,0.01425,4.5117244,0.0,TOI-286,0.83,0.78,5132.0,57.27,90.98333333333332,-60.66630555555555,2024,Primary Transit,
toi-286 c,0.1677,0.0117,39.361826,0.0,TOI-286,0.83,0.78,5132.0,57.27,90.98333333333332,-60.66630555555555,2024,Primary Transit,
toi-2876 b,0.86,0.17,6.2996431,0.0,TOI-2876,0.939,0.873,5271.0,221.26,110.24728103342458,-21.114649739299445,2025,Primary Transit,
toi-2886 b,1.663,1.4,1.60200105,0.0,TOI-2886,1.229,1.241,6240.0,413.7,110.00769334041124,-10.569820949525557,2025,Primary Transit,
toi-2969 b,1.1,1.16,1.8237146,0.0,TOI-2969,0.71,0.7,4738.0,162.5,150.063,-47.445,2025,Primary Transit,
toi-2977 ab,1.174,1.68,2.3505614,0.0,TOI-2977 A,0.936,1.073,5691.0,355.7,143.92670626264692,-60.35756603895865,2022,Primary Transit,
toi-2981 b,1.195,2.007,3.601501,0.035,TOI-2981,1.03,1.08,5940.0,534.0,163.48741666666666,-25.524675,2024,Primary Transit,
toi-2986 b,0.829,0.304,3.2783662,0.0,TOI-2986,1.122,1.458,5906.0,554.4,163.7716166783946,-6.478432543264445,2025,Primary Transit,
toi-2989 b,1.12,3.0,3.122832,0.0,TOI-2989,0.77,0.76,4672.0,194.9,171.232,-27.06,2025,Primary Transit,
toi-2992 b,1.227,3.33,3.007812,0.0,TOI-2992,1.21,1.545,6000.0,554.5,164.31661586516,-32.32250124476,2025,Primary Transit,
toi-3023 b,1.466,0.62,3.9014971,0.0,TOI-3023,1.12,1.668,5760.0,392.8,165.316666672,-72.356666679,2022,Primary Transit,
toi-3071 b,0.6388,0.2146,1.266918,0.1,TOI-3071,1.29,1.31,6177.0,485.22,173.27875,-56.50338888888889,2024,Primary Transit,
toi-3082 b,0.326713,0.0410483,1.926907,,TOI-3082,0.664,0.68,4249.0,113.048,195.908333346,-19.218888895,2019,Primary Transit,
toi-3135 b,1.218,1.03,3.7065585,0.0,TOI-3135,1.044,0.985,5890.0,219.28,207.85948847901,-69.77249187116,2025,Primary Transit,
toi-3160 ab,1.228,1.19,3.971281,0.0,TOI-3160 A,1.088,1.346,6190.0,486.6,224.56592098145583,-27.68255869558917,2025,Primary Transit,
toi-3235 ab,1.017,0.665,2.59261842,0.029,TOI-3235 A,0.3939,0.3697,3388.0,72.5,207.475000018,-46.066111125,2023,Primary Transit,
toi-3261 b,0.3408,0.0953,0.8831331,0.0,TOI-3261,0.86,0.849,5068.0,300.5,47.72775,-73.53211944444445,2024,Primary Transit,
toi-3288 ab,1.0,2.11,1.4338635,0.0,TOI-3288 A,0.643,0.672,4072.0,200.5,297.11033333333336,-43.018,2025,Primary Transit,
toi-329 b,0.4211,0.1271,5.70439,0.39,TOI-329,0.98,1.61,5560.0,284.4,351.3208333333333,-15.634611111111113,2024,Primary Transit,
toi-3321 ab,1.39,0.554,3.6525145,0.054,TOI-3321 A,1.041,1.549,5850.0,284.8,265.7603375,-65.00824361111111,2024,Primary Transit,
toi-332 b,0.285,0.18,0.777038,0.0,TOI-332,0.88,0.87,5251.0,222.85,348.058333338,-44.876388914,2023,Primary Transit,
toi-3331 ab,1.158,2.27,2.0180231,0.0,TOI-3331 A,1.016,0.952,5609.0,217.193,271.325000006,-34.10722223,2022,Primary Transit,
toi-333 b,0.3801,0.0632,3.7852503,0.0,TOI-333,1.2,1.1,6241.0,347.0,353.35741666666667,-41.171527777777776,2025,Primary Transit,
toi-3353 ab,0.2382,,4.6657965,,TOI-3353 A,1.332,1.02,6365.0,78.758,106.52958333333332,-75.81955555555555,2024,Primary Transit,
toi-3362 b,1.2,4.0,18.095367,0.72,TOI-3362,1.445,1.83,6532.0,370.85,155.983333352,-56.84305558,2021,Primary Transit,
toi-3364 b,1.091,1.67,5.8768918,0.0,TOI-3364,1.186,1.419,5706.0,275.6,144.537500003,-49.335277786,2022,Primary Transit,
toi-3457 b,0.95,,32.600268,0.68,TOI-3457,1.04,1.474,6300.0,371.0,183.2083208333333,-79.75720277777778,2025,Primary Transit,
toi-3464 b,1.228,1.25,3.6515568,0.0,TOI-3464,1.363,1.56,6370.0,585.1,234.48301327621124,-44.78992657994083,2025,Primary Transit,
toi-3474 b,1.309,0.61,3.8795105,0.0,TOI-3474,1.121,1.256,6020.0,412.9,233.50340325961545,-47.96365026434805,2025,Primary Transit,
toi-3486 b,0.943,0.312,2.21778105,0.0,TOI-3486,0.837,0.788,4930.0,153.85,249.44341779103837,-59.30479156052806,2025,Primary Transit,
toi-3493 b,0.2873,0.02822,8.1594667,,TOI-3493,1.023,1.228,5844.0,96.76,205.7988333333333,-22.58513333333333,2025,Primary Transit,
toi-3523 ab,1.425,1.37,2.30458952,0.0,TOI-3523 A,1.131,1.448,6450.0,607.0,304.28345436536625,42.90658707658556,2025,Primary Transit,
toi-3540 ab,2.1,1.18,3.119999,0.0,TOI-3540 A,1.081,1.228,5810.0,282.4,328.908333346,28.179444458,2022,Primary Transit,
toi-3568 b,0.473,0.083,4.417965,0.035,TOI-3568,0.78,0.719,4969.0,197.8,322.6023333333333,34.739577777777775,2024,Primary Transit,
toi-3593 b,0.984,1.78,3.8212867,0.105,TOI-3593,1.015,0.918,5550.0,224.51,331.50636242431,34.21175053898,2025,Primary Transit,
toi-3629 b,0.74,0.26,3.9365578,0.05,TOI-3629,0.63,0.6,3870.0,129.7,359.79166667,39.314166684,2022,Primary Transit,
toi-3682 ab,1.142,0.218,3.3462406,0.0,TOI-3682 A,1.32,1.735,5703.0,390.5,50.27506129055,25.29734572524,2025,Primary Transit,
toi-3688 ab,0.10411,0.98,3.246075,0.0,TOI-3688 A,1.2,1.302,5950.0,401.0,39.283333336,54.851111129,2022,Primary Transit,
toi-3693 b,1.124,1.02,8.088516,0.0,TOI-3693,,0.85,5246.0,176.8,15.654166679,51.303888898,2022,Primary Transit,
toi-3714 ab,0.994,0.689,2.15484802,0.03,TOI-3714 A,0.53,0.51,3660.0,112.5,69.554166671,39.458055571,2022,Primary Transit,
toi-3757 b,1.07,0.2684,3.438753,0.14,TOI-3757,0.64,0.62,3913.0,177.4,91.004166667,55.020000003,2022,Primary Transit,
toi-375 b,0.961,0.745,9.45469,0.087,TOI-375,1.44,2.9,5260.0,403.5,47.1499946895,-77.38330901205,2025,Primary Transit,
toi-375 c,,,115.5,,TOI-375,1.44,2.9,5260.0,403.5,47.1499946895,-77.38330901205,2025,Radial Velocity,
toi-375 d,,,297.9,,TOI-375,1.44,2.9,5260.0,403.5,47.1499946895,-77.38330901205,2025,Radial Velocity,
toi-3785 b,0.4586,0.04704,4.6747373,0.11,TOI-3785,0.52,0.5,3576.0,79.4,130.9006333230319,63.07814974457507,2023,Primary Transit,
toi-3807 b,2.0,1.04,2.8989727,0.0,TOI-3807,1.181,1.468,5772.0,429.0,139.112500009,69.074166674,2022,Primary Transit,
toi-3819 b,1.172,1.11,3.2443141,0.0,TOI-3819,1.242,1.538,5859.0,562.1,121.862500009,29.388611123,2022,Primary Transit,
toi-3837 b,0.96,0.59,11.88865,0.22,TOI-3837,,,,,152.66629166666667,24.273122222222224,2024,Primary Transit,
toi-3856 b,1.213,0.54,2.04360352,0.0,TOI-3856,1.096,1.055,5622.0,309.3,145.22302501092125,27.95018169043611,2025,Primary Transit,
toi-3862 b,0.4934,0.169,1.55745774,0.02,TOI-3862,0.9,0.92,5300.0,245.77,185.90058333333332,50.544625,2026,Primary Transit,
toi-3877 b,1.042,0.314,4.123596,0.0,TOI-3877,1.16,1.445,5731.0,491.2,170.45457677738,33.99139783109,2025,Primary Transit,
toi-3884 b,0.5629,0.0519,4.5445697,0.32,TOI-3884,0.2813,0.3043,3269.0,43.338,181.570833339,12.50694446,2022,Primary Transit,
toi-3894 b,1.36,0.85,4.3345401,0.05,TOI-3894,,,,,201.37489166666663,52.76806638888889,2024,Primary Transit,
toi-3896 ab,0.2552,,4.3773,,TOI-3896 A,0.86,0.748,5127.0,181.653,187.93025,63.90854722222223,2021,Primary Transit,
toi-3912 b,1.274,0.406,3.4936264,0.0,TOI-3912,1.088,1.392,5725.0,470.0,215.800000004,24.076666676,2022,Primary Transit,
toi-3919 b,1.1,3.88,7.433234,0.26,TOI-3919,,,,,208.94474166666663,40.391801944444445,2024,Primary Transit,
toi-396 ab,0.178,0.01117,3.585287,0.3,HR 858 A,1.145,1.31,6201.0,32.0,42.983333352,-30.814444472,2019,Primary Transit,
toi-396 ac,0.1766,0.0028,5.973865,0.19,HR 858 A,1.145,1.31,6201.0,32.0,42.983333352,-30.814444472,2019,Primary Transit,
toi-396 ad,0.18,0.0223,11.230511,0.28,HR 858 A,1.145,1.31,6201.0,32.0,42.983333352,-30.814444472,2019,Primary Transit,
toi-3976 ab,1.095,0.175,6.607662,0.0,TOI-3976 A,1.254,1.501,5975.0,522.2,224.354166675,44.274444456,2022,Primary Transit,
toi-3980 b,1.29,0.59,3.6089254,0.0,TOI-3980,1.24,1.626,5840.0,494.3,12.841791571410416,59.57584846767055,2025,Primary Transit,
toi-3984 ab,0.71,0.138,4.353326,0.04,TOI-3984 A,0.49,0.47,3476.0,108.4,226.337500007,36.786944463,2023,Primary Transit,
toi-4010 b,0.2694,0.035,1.348335,0.03,TOI-4010,0.88,0.83,5104.0,176.5,20.216666684,66.072222228,2023,Primary Transit,
toi-4010 c,0.529,0.0639,5.414654,0.03,TOI-4010,0.88,0.83,5104.0,176.5,20.216666684,66.072222228,2023,Primary Transit,
toi-4010 d,0.5513,0.12003,14.70886,0.07,TOI-4010,0.88,0.83,5104.0,176.5,20.216666684,66.072222228,2023,Primary Transit,
toi-4010 e,,,762.0,0.26,TOI-4010,0.88,0.83,5104.0,176.5,20.216666684,66.072222228,2023,Radial Velocity,
toi-4029 b,0.59016,,5.8850401,,TOI-4029,1.018,1.178,5712.0,274.436,239.2337083333333,16.980286111111113,2021,Primary Transit,
toi-402 ab,0.1579,0.02051,4.7559804,,TOI-402 A,0.851,0.839,5131.0,44.86,36.868245,-27.635184,2019,Primary Transit,
toi-402 ac,0.22536,0.02136,17.180546,0.096,TOI-402 A,0.851,0.839,5131.0,44.86,36.868245,-27.635184,2019,Primary Transit,
toi-4030 b,0.5219,,2.51,,TOI-4030,0.98,0.99,5574.0,571.615,277.62286667058834,56.77050652794278,2026,Primary Transit,
toi-406 b,0.1178,0.00654,3.307441,0.032,TOI-406,0.48,0.39,3324.0,31.06,49.2625,-42.24413888888889,2024,Primary Transit,
toi-406 c,0.1856,0.02067,13.175682,0.056,TOI-406,0.48,0.39,3324.0,31.06,49.2625,-42.24413888888889,2024,Primary Transit,
toi-4087 b,1.164,0.73,3.1774835,0.0,TOI-4087,1.178,1.112,6060.0,310.4,217.925000014,83.37277779,2022,Primary Transit,
toi-4127 b,1.096,2.3,56.39879,0.747,TOI-4127,,,,,105.408333346,72.41500002,2023,Primary Transit,
toi-4137 b,1.211,1.01,3.8016122,0.0,TOI-4137,,1.65,6134.0,345.9,77.612500009,70.391111125,2022,Primary Transit,
toi-4138 b,1.54,0.63,3.66003639,0.04,TOI-4138,1.32,1.82,,507.0,227.533333336,72.7102778,2021,Primary Transit,
toi-4145 ab,1.187,0.43,4.0664428,0.0,TOI-4145 A,0.905,0.859,5281.0,205.0,39.429166681,80.267500006,2022,Primary Transit,
toi-4153 b,1.438,1.15,4.6174141,0.04,TOI-4153,,,,,335.39294583333333,82.21604416666666,2024,Primary Transit,
toi-4155 b,0.2864,,3.320729,,TOI-4155,0.95,1.16,5724.0,239.65,325.63620833333334,77.73438333333333,2025,Primary Transit,
toi-4156 b,0.2266,,4.46,,TOI-4156,1.1,1.04,5986.0,213.72,230.78139412072,76.33172915671,2026,Primary Transit,
toi-4156 c,0.2605,,12.82,,TOI-4156,1.1,1.04,5986.0,213.72,230.78139412072,76.33172915671,2026,Primary Transit,
toi-4184 b,0.2168,0.0208,4.9019804,,TOI-4184,0.24,0.252,3225.0,69.2,43.829166673,-79.414722242,2023,Primary Transit,
toi-4191 b,0.2034,,742.86,,TOI-4191,0.948,1.102,5816.0,83.57,287.78,47.677777,2022,Primary Transit,
toi-4198 b,1.093,,4.7463,,TOI-4198,1.0,1.09,5648.0,546.0,59.016666668,3.61000002,2023,Primary Transit,
toi-4201 b,1.133,2.589,3.5819111,0.069,TOI-4201,0.63,0.62,3920.0,187.5,90.475,-13.461,2023,Primary Transit,
toi-4214 b,0.953,0.52,3.4913885,0.0,TOI-4214,1.382,1.434,6370.0,337.8,110.2495114718,-13.92620010088,2025,Primary Transit,
toi-421 ab,0.2355,0.0211,5.197576,0.13,TOI-421 A,0.852,0.871,5325.0,74.797,81.854166675,-14.276944458,2020,Primary Transit,
toi-421 ac,0.4541,0.0444,16.067541,0.19,TOI-421 A,0.852,0.871,5325.0,74.797,81.854166675,-14.276944458,2020,Primary Transit,
toi-4298 b,0.2427,,722.26,,TOI-4298,1.092,1.221,5857.0,124.27,295.92,47.44,2021,Primary Transit,
toi-429 b,0.8,0.8,338.0,,TOI-429,0.89,0.954,5216.0,120.218,72.97729166666667,-53.829625,2024,Primary Transit,
toi-4308 b,0.2159,0.02029,9.151201,,TOI-4308,0.9,0.79,5243.0,108.932,327.754166667,-43.562500021,2019,Primary Transit,
toi-4311 b,0.1231,0.0142,0.9902738,,TOI-4311,0.816,0.844,5063.0,134.9,41.684666666666665,-31.17963611111111,2026,Primary Transit,
toi-4311 c,0.2204,0.04273,15.070425,0.22,TOI-4311,0.816,0.844,5063.0,134.9,41.684666666666665,-31.17963611111111,2026,Primary Transit,
toi-431 b,0.1142,0.00966,0.490047,0.0,TOI-431,0.78,0.731,4850.0,32.61,83.270833335,-26.723888909,2021,Primary Transit,
toi-431 c,,0.00892,4.8494,0.0,TOI-431,0.78,0.731,4850.0,32.61,83.270833335,-26.723888909,2021,Radial Velocity,
toi-431 d,0.2935,0.0311,12.46103,0.0,TOI-431,0.78,0.731,4850.0,32.61,83.270833335,-26.723888909,2021,Primary Transit,
toi-4329 b,1.5,0.45,2.9233,0.068,TOI-4329,1.538,2.31,6000.0,,329.562500005,71.131666681,2022,Primary Transit,
toi-4336 ab,0.1909,0.01048,16.33635,0.0,TOI-4336 A,0.33,0.33,3298.0,22.45,206.10615541666667,-40.33764505555556,2024,Primary Transit,
toi-4336 ac,0.1115,0.00488,7.587266,0.35,TOI-4336 A,0.33,0.33,3298.0,22.45,206.10615541666667,-40.33764505555556,2026,Primary Transit,
toi-4342 b,0.2079,0.023,5.5382498,,TOI-4342,0.6296,0.599,3901.0,61.543,324.38950001116,-77.9791595571054,2023,Primary Transit,
toi-4342 c,0.2097,0.0151,10.688716,,TOI-4342,0.6296,0.599,3901.0,61.543,324.38950001116,-77.9791595571054,2023,Primary Transit,
toi-4361 b,0.2471,,741.43,,TOI-4361,1.0,1.22,5944.0,98.09,292.14,47.15,2021,Primary Transit,
toi-4363 b,0.16344,,2.11865900761235,,TOI-4363,0.62,0.691,4002.0,77.775,37.11054166666667,-12.54936388888889,2021,Primary Transit,
toi-4364 b,0.1793,,5.424019,0.29,TOI-4364,0.487,0.4684,3528.0,43.85,80.067,-4.239,2024,Primary Transit,
toi-4377 b,1.35,0.957,4.378081,0.045,TOI-4377,1.36,3.52,4974.0,459.0,164.933333348,-82.221388897,2023,Primary Transit,
toi-4379 b,1.489,1.113,3.25352,0.018,TOI-4379,1.372,1.976,6020.0,617.4,252.0479388007629,-32.43367969469028,2024,Primary Transit,
toi-4405 b,0.25676,,5.92142305135093,,TOI-4405,0.68,0.687,4361.0,155.5,101.59533333333331,-75.44412777777778,2021,Primary Transit,
toi-4406 b,1.0,0.3,30.08364,0.15,TOI-4406,,,,,18.050000004,-56.925277803,2023,Primary Transit,
toi-4409 b,0.6495,,92.4,,TOI-4409,0.81,0.72,4945.0,179.419,81.81866666666667,-54.94609722222222,2024,Primary Transit,
toi-4438 b,0.2248,0.017,7.44628,0.14,TOI-4438,0.368,0.372,3422.0,30.0623,270.31725,35.59488888888889,2024,Primary Transit,
toi-4443 b,0.152,,1.8498567,,TOI-4443,1.05,1.02,5834.0,56.07,274.2683333333333,21.90952777777778,2024,Primary Transit,
toi-444 ab,0.2471,,17.9636,,TOI-444 A,0.96,0.78,5225.0,57.3973,64.1841224939798,-26.76590576300459,2023,Primary Transit,
toi-4463 ab,1.183,0.794,2.8807198,0.0,TOI-4463 A,1.056,1.062,5640.0,177.64,279.358333342,18.730000025,2022,Primary Transit,
toi-4465 b,1.25,5.89,101.94054,0.24,TOI-4465,0.93,1.014,5545.0,121.931,294.11,38.3,2024,Primary Transit,
toi-4468 b,1.0197,,2.77,,TOI-4468,0.82,0.79,4975.0,375.5,260.57504166666666,72.64536111111111,2024,Primary Transit,
toi-4468 c,0.2873,,7.01,,TOI-4468,0.82,0.79,4975.0,375.5,260.57504166666666,72.64536111111111,2024,Primary Transit,
toi-4479 b,0.2516,0.0261,1.1589,,TOI-4479,0.452,0.451,3400.0,80.6,316.095833341,24.653611127,2022,Primary Transit,
toi-4481 b,0.11874,0.006,0.9263237,,TOI-4481,0.413,0.4144,3600.0,12.0641,311.266666668,44.499166689,2023,Primary Transit,
toi-4481 c,,,6.65064,,TOI-4481,0.413,0.4144,3600.0,12.0641,311.266666668,44.499166689,2023,Radial Velocity,
toi-4487 ab,1.303,1.25,3.9540709,0.0,TOI-4487 A,1.378,1.634,6206.0,476.7,306.4220833333333,45.97103055555556,2021,Primary Transit,
toi-4495 b,0.22152,0.0242,2.56699,0.078,TOI-4495,1.247,1.309,6210.0,132.2,286.3625,37.02597222222222,2026,Primary Transit,
toi-4495 c,0.3595,0.073,5.18553,0.023,TOI-4495,1.247,1.309,6210.0,132.2,286.3625,37.02597222222222,2024,Primary Transit,
toi-4504 b,0.24,0.031,2.42614,0.0,TOI-4504,0.89,0.92,5315.0,342.6,114.46729166666668,-62.07827777777778,2024,Primary Transit,
toi-4504 c,0.96,3.767,82.97213,0.0,TOI-4504,0.89,0.92,5315.0,342.6,114.46729166666668,-62.07827777777778,2024,Primary Transit,
toi-4504 d,,1.42,40.56,0.0445,TOI-4504,0.89,0.92,5315.0,342.6,114.46729166666668,-62.07827777777778,2024,TTV,
toi-4507 b,0.7333,0.094,104.6159518,0.05,TOI-4507,1.15,1.039,6235.0,178.0,80.451375,-69.98821666666667,2025,Primary Transit,
toi-4511 b,0.51459,,10.9776867,,TOI-4511,1.017,1.0,5708.0,121.832,49.30529166666667,15.50172777777778,2022,Primary Transit,
toi-4513 b,0.19877,,9.7607632,,TOI-4513,0.979,0.796,5558.0,102.61,18.0905,13.755080555555557,2021,Primary Transit,
toi-4515 b,1.09,2.0,15.266446,0.46,TOI-4515,0.95,0.86,5433.0,193.8,21.187500015,21.513055576,2023,Primary Transit,
toi-451 ab,0.16879,,1.8587028,0.19,TOI-451 A,0.95,0.879,5550.0,123.74,62.966666684,-37.939722246,2021,Primary Transit,
toi-451 ac,0.2748,,9.192453,0.2,TOI-451 A,0.95,0.879,5550.0,123.74,62.966666684,-37.939722246,2021,Primary Transit,
toi-451 ad,0.3631,,16.364932,0.057,TOI-451 A,0.95,0.879,5550.0,123.74,62.966666684,-37.939722246,2021,Primary Transit,
toi-4527 b,0.08,,0.3994445,,TOI-4527,0.48,0.49,3700.0,18.1,19.47208333333333,5.4711944444444445,2024,Primary Transit,
toi-4529 b,0.1579,0.0154,5.879577,,TOI-4529,0.482,0.48,3697.0,28.384,16.968875,12.880944444444443,2026,Primary Transit,
toi-4551 b,1.06,1.49,9.95581,0.1,TOI-4551,1.31,3.55,4896.0,222.5,184.979166685,-25.827777803,2023,Primary Transit,
toi-4552  b,0.099,0.00576,0.30110032,0.0,TOI-4552,0.262,0.287,,27.38,264.71425,-47.63704444444444,2026,Primary Transit,
toi-4559 b,0.12624,0.0085,3.965991,,TOI-4559,0.392,0.374,3558.0,27.81,211.012500001,-30.014166678,2023,Primary Transit,
toi-4561 b,0.1802,,8.94,,TOI-4561,1.0,0.852,5631.0,179.0,60.961875,-76.02145833333333,2021,Primary Transit,
toi-4562 b,1.072,3.29,225.11757,0.81,TOI-4562,1.218,1.126,6096.0,346.9,112.008333334,-63.517777789,2022,Primary Transit,
toi-4562 c,,5.77,3990.0,0.122,TOI-4562,1.218,1.126,6096.0,346.9,112.008333334,-63.517777789,2024,TTV,
toi-4578 b,0.26033,,8.624,,TOI-4578,1.077,0.878,5917.0,182.25,184.2109583333333,75.14023611111111,2021,Primary Transit,
toi-4582 ab,0.94,0.53,31.034,0.51,TOI-4582 A,1.34,2.5,5190.0,380.6,256.8603767273601,68.86562179516741,2022,Primary Transit,
toi-4596 b,0.259,,4.119409,,TOI-4596,1.018,0.921,5881.0,92.85,98.70783333333333,27.388016666666665,2026,Primary Transit,
toi-4600 b,0.607,,82.6869,0.25,TOI-4600,0.89,0.81,5170.0,216.45,258.450000016,64.566111135,2023,Primary Transit,
toi-4600 c,0.8404,,482.8191,0.21,TOI-4600,0.89,0.81,5170.0,216.45,258.450000016,64.566111135,2023,Primary Transit,
toi-4602 b,0.2195,0.01948,3.9812997,0.23,TOI-4602,0.9,1.08,5966.0,62.64,60.600875,31.33066388888889,2026,Primary Transit,
toi-4603 b,1.042,12.89,7.24599,0.325,TOI-4603,1.752,2.722,6189.0,224.14,83.866666676,21.294444459,2023,Primary Transit,
toi-4616 b,0.1088,0.00708,1.55382,0.0,TOI-4616,0.188,0.189,3150.0,28.17,14.818083333333332,13.860794444444444,2026,Primary Transit,
toi-4629 b,0.2221,,714.7,,TOI-4629,1.028,1.126,6324.0,91.31,282.06,47.08,2020,Primary Transit,
toi-4633 ac,0.285,0.1504,271.9445,0.12,TOI-4633 A,1.1,1.05,5800.0,95.2,256.84291666666667,62.47583333333333,2024,Primary Transit,
toi-4638 b,0.26167,,10.283918787,,TOI-4638,1.015,0.894,5700.0,168.248,12.820666666666668,12.787986111111111,2024,Primary Transit,
toi-4640 b,0.25533,,2.685722911326,,TOI-4640,1.1,1.067,5978.0,245.09,38.205333333333336,10.072466666666667,2021,Primary Transit,
toi-4641 b,0.73,3.87,22.09341,0.074,TOI-4641,1.42,1.72,6500.0,87.6,42.558333338,25.333611118,2023,Primary Transit,
toi-4662 b,0.2302,,4.7034187,,TOI-4662,0.703,0.694,4481.0,111.047,57.516041666666666,-31.094025,2021,Primary Transit,
toi-4666 b,1.11,0.7,2.9089181,0.0,TOI-4666,0.576,0.585,3793.0,154.75,56.289875,-39.063180555555554,2025,Primary Transit,
toi-469 b,0.3105,0.0186,13.63083,0.0,TOI-469,0.91,1.0,5283.0,68.192,93.058333338,-14.64944447,2019,Primary Transit,
toi-469 c,0.141,0.0142,3.53796,,TOI-469,0.91,1.0,5283.0,68.192,93.058333338,-14.64944447,2019,Primary Transit,
toi-469 d,0.1222,0.016,6.42975,,TOI-469,0.91,1.0,5283.0,68.192,93.058333338,-14.64944447,2023,Primary Transit,
toi-470 ab,0.3872,,12.19148,,TOI-470 A,0.87,0.83,5190.0,130.46,94.008333334,-25.031388901,2023,Primary Transit,
toi-4734 b,0.974,0.194,6.235633,0.0,TOI-4734,1.391,1.857,6070.0,603.6,90.358125,12.547883333333331,2025,Primary Transit,
toi-4747 b,0.34205,,5.2192426,,TOI-4747,1.01,0.988,5688.0,304.615,86.42766666666667,-45.029222222222224,2021,Primary Transit,
toi-4773 b,1.36,5.31,1.7452851,0.02,TOI-4773,1.452,1.55,6740.0,502.8,114.94266666666668,-21.485619444444445,2025,Primary Transit,
toi-4791 b,1.11,2.31,4.28088,0.0,TOI-4791,1.242,1.409,6058.0,322.1,109.387500011,-19.828888915,2022,Primary Transit,
toi-4794 b,1.281,0.97,3.5658116,0.0,TOI-4794,1.25,1.451,6390.0,548.2,110.48362,12.56547,2024,Primary Transit,
toi-480 b,0.24,0.0654,6.866196,0.0,TOI-480,1.2,1.5,6212.0,54.53,88.37833333333333,-16.26538888888889,2024,Primary Transit,
toi-481 b,0.99,1.53,10.33111,0.153,TOI-481,1.14,1.66,5735.0,179.366,110.512500001,-57.385000009,2020,Primary Transit,
toi-4860 b,0.756,0.67,1.5227596,0.047,TOI-4860,0.335,0.348,3390.0,80.0,183.562500005,-13.174722232,2021,Primary Transit,
toi-4898 b,0.311,,2.765,,TOI-4898,0.62,0.64,3830.0,98.596,197.34166666666667,-32.829452777777774,2024,Primary Transit,
toi-4914 b,1.1482,0.714,10.60057,0.41,TOI-4914,1.03,1.0,5805.0,291.7,204.5427083333333,-28.14285277777778,2024,Primary Transit,
toi-4930 b,0.52467,,6.7789159,,TOI-4930,1.04,1.16,5804.0,413.76,208.641875,-45.15447777777778,2021,Primary Transit,
toi-4940 b,0.589,0.28,25.867811,0.0,TOI-4940,1.012,1.163,5504.0,350.19,58.25116666666667,-62.40796666666667,2024,Primary Transit,
toi-4961 b,1.101,1.8,7.479182,0.182,TOI-4961,0.912,0.912,5380.0,213.68,192.501875,-59.89193333333333,2025,Primary Transit,
toi-4994 b,0.762,0.28,21.491984,0.319,TOI-4994,1.0,1.055,5640.0,330.9,283.13254166666667,-78.43443055555555,2024,Primary Transit,
toi-5005 b,0.5576,0.1029,6.3085044,0.0,TOI-5005,0.97,0.93,5749.0,210.08,238.10820833333327,-48.14510277777778,2024,Primary Transit,
toi-5007 b,1.0,0.68,2.543372,,TOI-5007,0.632,0.656,3793.0,203.35,236.063875,-61.04136388888889,2025,Primary Transit,
toi-500 b,0.1035,0.005,0.5481579,,TOI-500,0.88,0.75,4621.0,47.4,106.55823032559844,-47.58718671259936,2022,Primary Transit,
toi-500 c,,,6.6299,0.111,TOI-500,0.88,0.75,4621.0,47.4,106.55823032559844,-47.58718671259936,2022,Radial Velocity,
toi-500 d,,,26.235,0.019,TOI-500,0.88,0.75,4621.0,47.4,106.55823032559844,-47.58718671259936,2022,Radial Velocity,
toi-500 e,,,60.33,0.106,TOI-500,0.88,0.75,4621.0,47.4,106.55823032559844,-47.58718671259936,2022,Radial Velocity,
toi-5027 b,0.99,2.0,10.24368,0.395,TOI-5027,,,,,243.88504166666667,-69.21709722222222,2024,Primary Transit,
toi-5042 b,0.6242,,5.6316098,,TOI-5042,1.04,2.32,5784.0,489.651,210.985625,-78.77244722222223,2022,Primary Transit,
toi-5076 ab,0.285,0.05,23.445,,TOI-5076 A,0.8,0.78,5070.0,82.8,50.51041666666666,17.239166666666666,2024,Primary Transit,
toi-5082 b,0.223,,4.240122,,TOI-5082,1.0,0.93,5670.0,43.14,106.56958333333333,22.683138888888887,2024,Primary Transit,
toi-5108 b,0.589,0.101,6.753581,0.0,TOI-5108,1.1,1.29,5808.0,131.1,166.26920833333332,11.246605555555556,2025,Primary Transit,
toi-5110 b,1.069,2.9,30.158577,0.745,TOI-5110,1.46,2.36,6154.0,358.92,94.40425,31.61033055555556,2024,Primary Transit,
toi-5126 b,0.4247,,5.4588382,0.09,TOI-5126,1.24,1.241,6150.0,161.1,151.658333346,18.63416668,2023,Primary Transit,
toi-5126 c,0.348,,17.8999,0.2,TOI-5126,1.24,1.241,6150.0,161.1,151.658333346,18.63416668,2023,Primary Transit,
toi-512 b,0.1374,0.01123,7.18886,0.02,TOI-512,0.74,0.89,5277.0,67.196,96.64666666666666,-38.606741666666665,2024,Primary Transit,
toi-5143 ab,0.256,0.0264,2.3843468,,TOI-5143 A,0.864,0.852,5183.0,178.57,165.365125,5.139480555555555,2025,Primary Transit,
toi-5143 ac,2.882,0.632,5.209709,0.07,TOI-5143 A,0.864,0.852,5183.0,178.57,165.365125,5.139480555555555,2025,Primary Transit,
toi-5153 b,1.06,3.26,20.33003,0.09,TOI-5153,1.24,1.4,6300.0,390.1,91.54166667,-19.953333355,2022,Primary Transit,
toi-5159 b,0.1439,,5.83650984428885,,TOI-5159,0.9,0.854,5260.0,55.179,142.78595833333333,20.01934444444444,2022,Primary Transit,
toi-5160 b,0.1989,,4.28,,TOI-5160,1.0,1.033,5653.0,151.465,114.63944842711,31.39443480805,2022,Primary Transit,
toi-5174 b,0.47667,,12.214286,,TOI-5174,1.0,1.094,,,174.108333342,-2.023333339,2022,Primary Transit,
toi-5181 ab,1.191,1.04,3.8922295,0.0,TOI-5181 A,1.25,1.53,6060.0,478.0,280.67745833333333,21.699819444444444,2025,Primary Transit,
toi-519 b,1.059,0.525,1.2652328,0.06,TOI-519,0.369,0.373,3350.0,115.93,124.608333342,-19.662777801,2021,Primary Transit,
toi-5205 b,0.94,1.08,1.630731,0.02,TOI-5205,0.392,0.394,3439.0,86.865,313.770833335,24.361111127,2022,Primary Transit,
toi-5210 b,0.957,0.258,4.5661061,0.0,TOI-5210,1.105,1.209,5723.0,303.3,314.31681460203,21.95019097683,2025,Primary Transit,
toi-5218 b,0.879,0.799,4.291452,0.0,TOI-5218,0.739,0.708,4230.0,381.4,292.6634583333333,71.76296111111111,2024,Primary Transit,
toi-521 b,0.1766,0.0167,1.54285047,0.0,TOI-521,0.42,0.421,3544.0,60.84,123.34425,12.222108333333331,2025,Primary Transit,
toi-521 c,,,20.35,0.0,TOI-521,0.42,0.421,3544.0,60.84,123.34425,12.222108333333331,2024,Radial Velocity,
toi-5232 b,1.14,2.34,4.0966692,0.035,TOI-5232,,,,,294.3375,35.276648055555555,2024,Primary Transit,
toi-5238 b,0.46472,,4.872171,,TOI-5238,1.0,1.023,,,223.35897905346832,68.85955112449088,2022,Primary Transit,
toi-5261 b,1.035,11.49,4.1509768,0.1585,TOI-5261,1.037,1.021,5790.0,376.7,305.4585416666667,19.435847222222225,2025,Primary Transit,
toi-5292 ab,1.13,1.3,2.02191,,TOI-5292 A,0.596,0.611,3919.0,337.1,344.222375,-8.119747222222221,2025,Primary Transit,
toi-5293 ab,1.06,0.54,2.930289,0.08,TOI-5293 A,0.54,0.52,3586.0,160.8,355.829166673,-2.04500001,2023,Primary Transit,
toi-5300 b,0.88,0.6,2.262196,0.0,TOI-5300,0.67,0.65,4610.0,162.7,356.48,0.46,2025,Primary Transit,
toi-5301 b,1.18,3.65,5.858858,0.33,TOI-5301,,,,,12.990016666666667,13.0782875,2024,Primary Transit,
toi-530 b,0.83,0.4,6.387597,0.0,TOI-530,0.53,0.54,3659.0,147.7,103.412500013,12.881666696,2021,Primary Transit,
toi-5319 ab,0.2525,,4.07853,,TOI-5319 A,0.5,0.485,3580.0,61.171,35.21333333333333,23.52063611111111,2022,Primary Transit,
toi-5322 b,1.482,0.579,5.4233207,0.0,TOI-5322,0.998,1.462,5692.0,483.8,6.529333333333334,14.33642777777778,2025,Primary Transit,
toi-532 b,0.5192,0.1935,2.32666508,0.0,TOI-532,0.639,0.612,3957.0,134.61,85.08005702,11.562632056,2021,Primary Transit,
toi-5335 b,0.3648,,3.6139919,,TOI-5335,0.945,0.916,5427.0,331.289,46.952375,15.359083333333333,2022,Primary Transit,
toi-5340 b,1.345,0.85,4.9394392,0.0,TOI-5340,1.842,1.35,5990.0,529.9,59.3095,22.37833611111111,2025,Primary Transit,
toi-5344 b,0.87,0.42,3.792622,0.06,TOI-5344,0.612,0.588,3747.0,136.88,63.266666668,20.915277808,2023,Primary Transit,
toi-5350 b,1.11,6.59,7.581367,0.016,TOI-5350,1.167,1.263,6220.0,280.7,74.40229166666667,21.601975,2025,Primary Transit,
toi-5380 b,0.2792,,3.7723119,,TOI-5380,1.343,1.562,6525.0,286.781,112.76116666666668,73.12878333333333,2022,Primary Transit,
toi-5386 ab,1.312,0.488,3.62156552,0.0,TOI-5386 A,1.165,1.245,6094.0,383.2,226.10691666666668,60.53623055555556,2021,Primary Transit,
toi-5388 b,0.0883,0.0069,2.5946748,,TOI-5388,0.292,0.3,3440.0,18.5538,152.18041666666667,35.547555555555554,2024,Primary Transit,
toi-5398 b,1.008,0.1847,10.590547,0.13,TOI-5398,1.113,1.053,,,161.879166677,36.329444461,2022,Primary Transit,
toi-5398 c,0.314,0.0371,4.77271,0.14,TOI-5398,1.113,1.053,,,161.879166677,36.329444461,2023,Primary Transit,
toi-540 b,0.08056,,1.2391491,0.0,TOI-540,0.159,0.1895,3216.0,14.0078,76.308333338,-47.9377778,2020,Primary Transit,
toi-544 b,0.1802,0.00909,1.548352,0.0,TOI-544,0.85,0.66,4369.0,41.1,82.29166667,-0.342500014,2022,Primary Transit,
toi-5473 b,1.5,,7.555907,0.22,TOI-5473,1.88,1.85,8500.0,1061.0,92.50416666666666,24.61484626089,2019,Primary Transit,
toi-5486 b,0.3542,,2.02,,TOI-5486,0.548,0.553,3654.0,89.6811,190.54975,3.789016666666667,2022,Primary Transit,
toi-5489 b,0.125,,3.15222,,TOI-5489,0.41,0.42,3547.0,44.72,128.69158333333334,11.4895,2025,Primary Transit,
toi-5489 c,0.1142,,4.92126,,TOI-5489,0.41,0.42,3547.0,44.72,128.69158333333334,11.4895,2025,Primary Transit,
toi-5502 b,0.35936,,11.626,,TOI-5502,1.244,1.323,6317.0,248.654,135.20404166666668,27.99833333333333,2022,Primary Transit,
toi-5515 b,0.22277,,8.59263328645,,TOI-5515,0.963,0.835,5494.0,135.46,139.616375,16.989955555555557,2022,Primary Transit,
toi-5527 ab,0.2266,0.02212,346.16,,TOI-5527 A,1.06,0.926,5862.0,144.866,62.853125,10.277208333333332,2021,Primary Transit,
toi-5532 b,0.24382,,5.65396888659613,,TOI-5532,0.636,0.662,3975.0,91.0,41.38041666666667,5.150733333333333,2022,Primary Transit,
toi-5542 b,1.009,1.32,75.12375,0.018,TOI-5542,0.89,1.058,5700.0,353.7,302.800000004,-61.13555556,2022,Primary Transit,
toi-554 b,0.2337,0.0274,7.0491423,0.0,TOI-554,1.24,1.43,6338.0,45.6181,60.75,9.207777788,2019,Primary Transit,
toi-554 c,0.134,0.0135,3.04405,0.23,TOI-554,1.24,1.43,6338.0,45.6181,60.75,9.207777788,2022,Primary Transit,
toi-5571 b,1.0509,,731.48,,TOI-5571,1.1,1.1,5862.0,307.78,106.99045173576,60.0,2022,Primary Transit,
toi-5573 b,0.87,0.35,8.79758977,0.072,TOI-5573,0.619,0.594,3790.0,185.8,136.426,55.30713055555555,2025,Primary Transit,
toi-5579 b,0.698,,19.8727,,TOI-5579,0.42,0.42,3595.0,115.9,105.820833339,52.516666677,2023,Primary Transit,
toi-558 b,1.086,3.61,14.574071,0.298,TOI-558,1.349,1.496,6466.0,401.0,42.29166667,-58.024722229,2021,Primary Transit,
toi-5592 b,1.53,0.899,2.6085846,0.0,TOI-5592,1.194,1.393,6240.0,586.9,106.68008333333331,65.85725,2025,Primary Transit,
toi-5595 b,0.42074,,5.9900508,,TOI-5595,0.645,0.743,4120.0,136.955,110.46016666666668,35.221983333333334,2022,Primary Transit,
toi-5599 b,0.546,,5.44,,TOI-5599,1.21,1.913,6246.0,547.95,199.32636310098,55.6815580232,2022,Primary Transit,
toi-559 b,1.091,6.01,6.9839095,0.15,TOI-559,1.026,1.233,5925.0,233.2,46.820833339,-31.162777791,2021,Primary Transit,
toi-5605 b,0.21287,,5.9133875,,TOI-5605,0.68,0.736,-0.027,4375.0,150.538,50.14538611111111,2022,Primary Transit,
toi-5614 b,0.28843,,4.172,,TOI-5614,0.674,0.735,4313.0,223.0,189.43233333333333,69.45842777777777,2022,Primary Transit,
toi-5616 b,0.961,0.802,2.002849,0.0,TOI-5616,0.666,0.646,3996.0,383.0,184.901625,48.68328888888889,2024,Primary Transit,
toi-561 b,0.12463,0.00636,0.4465697,0.0,TOI-561,0.805,0.832,5326.0,86.01,148.183333348,6.216111128,2020,Primary Transit,
toi-561 c,0.2556,0.01866,10.778838,0.23,TOI-561,0.805,0.832,5326.0,86.01,148.183333348,6.216111128,2020,Primary Transit,
toi-561 d,0.2333,0.04194,25.71268,0.11,TOI-561,0.805,0.832,5326.0,86.01,148.183333348,6.216111128,2020,Primary Transit,
toi-561 e,0.22455,0.039,77.144,0.074,TOI-561,0.805,0.832,5326.0,86.01,148.183333348,6.216111128,2020,Primary Transit,
toi-561 f,0.207,0.0601,433.0,0.08,TOI-561,0.805,0.832,5326.0,86.01,148.183333348,6.216111128,2020,Primary Transit,
toi-5624 b,0.20644,0.0296,3.3903473,0.0,TOI-5624,0.858,0.82,5327.0,101.9,180.8443333333333,49.251225,2025,Primary Transit,
toi-5624 c,0.22072,0.0151,7.885385,0.0,TOI-5624,0.858,0.82,5327.0,101.9,180.8443333333333,49.251225,2025,Primary Transit,
toi-5624 d,0.31975,0.0154,13.731468,0.0,TOI-5624,0.858,0.82,5327.0,101.9,180.8443333333333,49.251225,2025,Primary Transit,
toi-5624 e,0.28968,0.028,21.489936,0.0,TOI-5624,0.858,0.82,5327.0,101.9,180.8443333333333,49.251225,2025,Primary Transit,
toi-5624 f,,,45.37,0.0,TOI-5624,0.858,0.82,5327.0,101.9,180.8443333333333,49.251225,2025,TTV,
toi-5630 b,0.1853,,3.2220038,,TOI-5630,0.934,0.933,5382.0,134.05,236.4538333333333,40.37486111111111,2022,Primary Transit,
toi-5634 ab,0.923,0.576,2.2035373,0.0,TOI-5634 A,0.556,0.54,3896.0,322.5,175.643625,20.965291666666666,2024,Primary Transit,
toi-5645 b,0.635,,4.5362433,,TOI-5645,1.0,1.206,5620.0,473.18,177.2125,35.54750833333333,2022,Primary Transit,
toi-564 ab,1.02,1.463,1.651144,0.072,TOI-564 A,1.1,1.04,5666.0,200.7,130.295833337,-16.036388892,2019,Primary Transit,
toi-5678 b,0.438,0.063,47.73022,0.14,TOI-5678,0.905,0.938,5485.0,104.0,47.383333344,-34.198611127,2023,Primary Transit,
toi-5688 ab,0.919,0.39,2.94815527,0.128,TOI-5688 A,0.6,0.57,3713.0,225.72,266.9230833333333,47.70504722222222,2024,Primary Transit,
toi-5713 b,0.1579,0.0135,10.441989,0.24,TOI-5713,0.2653,0.2985,3225.0,40.946,208.45875,52.60284444444444,2024,Primary Transit,
toi-5716 b,0.0856,,6.7663,,TOI-5716,0.19,0.22,3436.0,39.35,201.902,73.17836111111112,2025,Primary Transit,
toi-5720 b,0.0972,0.00415,1.4344555,,TOI-5720,0.38,0.38,3325.0,35.87,170.31358333333333,25.27329444444445,2024,Primary Transit,
toi-5721 b,0.2971,,729.48,,TOI-5721,1.0,1.0,5881.0,138.49,156.74993147473,30.70062841829,2024,Primary Transit,
toi-5724 b,0.2694,,697.4,,TOI-5724,1.143,1.375,6061.0,50.36,245.77952962275,50.34421776823,2020,Primary Transit,
toi-5726 b,0.22785,,5.491125215,,TOI-5726,1.064,1.106,5874.0,108.848,123.39504166666669,68.57458888888888,2024,Primary Transit,
toi-5728 b,0.1169,,11.49761,,TOI-5728,0.36,0.37,3419.0,54.85,260.35020833333334,67.54972222222221,2025,Primary Transit,
toi-5734 b,0.187,0.0286,6.1841876,,TOI-5734,0.725,0.678,4670.0,32.51,111.25583333333331,37.23112222222222,2026,Primary Transit,
toi-5736 b,0.1356,,0.64899,,TOI-5736,0.57,0.58,3949.0,92.42,213.758625,49.501305555555554,2025,Primary Transit,
toi-5777 b,0.22473,,6.9171675,,TOI-5777,0.658,0.672,4208.0,114.277,141.00225,82.85869722222222,2022,Primary Transit,
toi-5786 ab,0.7708,0.23,12.779107,0.0,TOI-5786 A,1.23,1.36,6235.0,193.8,293.32233333333335,30.704244444444445,2025,Primary Transit,
toi-5788 b,0.1365,0.0117,6.340804,0.06,TOI-5788,0.87,0.87,5615.0,97.38,287.4248333333333,31.76101111111111,2026,Primary Transit,
toi-5788 c,0.2025,0.0201,16.213358,0.046,TOI-5788,0.87,0.87,5615.0,97.38,287.4248333333333,31.76101111111111,2026,Primary Transit,
toi-5789 ab,,,2.76369,0.0,TOI-5789 A,0.821,0.833,5185.0,20.44,302.77529166666665,16.188,2025,Radial Velocity,
toi-5789 ac,0.2552,0.016,12.927748,0.0,TOI-5789 A,0.821,0.833,5185.0,20.44,302.77529166666665,16.188,2025,Primary Transit,
toi-5789 ad,,,29.65,0.1,TOI-5789 A,0.821,0.833,5185.0,20.44,302.77529166666665,16.188,2025,Radial Velocity,
toi-5789 ae,,,62.98,0.07,TOI-5789 A,0.821,0.833,5185.0,20.44,302.77529166666665,16.188,2025,Radial Velocity,
toi-5795 b,0.5014,0.07444,6.1406325,0.25,TOI-5795,0.901,1.082,5715.0,161.5,304.8666666666667,-7.547658333333334,2025,Primary Transit,
toi-5799 b,0.1543,0.0129,4.164507,,TOI-5799,0.325,0.321,3452.0,27.858,301.629166677,15.989166691,2023,Primary Transit,
toi-5799 c,0.157,0.0132,14.010449,,TOI-5799,0.325,0.321,3452.0,27.858,301.629166677,15.989166691,2025,Primary Transit,
toi-5800 b,0.2391,0.034,2.627882,0.39,TOI-5800,0.79,0.8,4830.0,42.745,305.065292,-7.411697,2025,Primary Transit,
toi-5803 b,0.292018,0.03392,5.38305,,TOI-5803,0.87,0.76,5134.0,84.0126,327.25,6.27805557,2019,Primary Transit,
toi-5817 b,0.2748,0.0324,15.61031,0.2,TOI-5817,0.97,1.427,5770.0,80.34,322.37775,21.47451388888889,2025,Primary Transit,
toi-5833 b,1.222,,2.66881,,TOI-5833,1.0,1.06,5549.0,509.0,293.920833347,3.847777806,2023,Primary Transit,
toi-5836 b,1.04,,8.449876,,TOI-5836,0.4,0.41,3330.0,146.0,289.450000016,19.14805557,2023,Primary Transit,
toi-5852 b,1.167,,3.99524,,TOI-5852,0.68,0.67,4348.0,256.0,306.529166669,1.775833356,2022,Primary Transit,
toi-5871 b,1.638,,1.343636,,TOI-5871,1.25,1.1,6339.0,581.579,320.850000008,39.813055582,2023,Primary Transit,
toi-5889 b,1.112,,2.40132,,TOI-5889,0.66,0.724,4224.0,200.9,311.212500017,8.849444474,2023,Primary Transit,
toi-5916 b,1.013,,2.367087,,TOI-5916,0.484,0.486,3504.0,199.7,325.300000004,9.599166691,2023,Radial Velocity,
toi-5926 b,0.658,,3.8116176,,TOI-5926,0.946,0.89,5430.0,275.1,308.07845833333334,15.503080555555556,2022,Primary Transit,
toi-5990 b,0.1981,,700.96,,TOI-5990,0.906,1.0,5626.0,102.07,238.91497626272,40.13702563598,2023,Primary Transit,
toi-6000 b,0.0839,,0.448959,,TOI-6000,0.37,0.38,3419.0,76.1,292.60629166666666,68.15459166666666,2025,Primary Transit,
toi-6002 b,0.1472,0.012,10.904821,0.15,TOI-6002,0.24,0.21,3241.0,32.038,299.61441666666667,32.28866111111111,2024,Primary Transit,
toi-6008 b,0.0919,0.0035,0.8574347,,TOI-6008,0.23,0.24,3075.0,23.02,310.44875,49.6469,2024,Primary Transit,
toi-6016 b,1.22,1.17,4.023687,0.0,TOI-6016,1.04,1.7,6004.0,364.715,4.524,59.76620555555556,2024,Primary Transit,
toi-6022 b,1.587,,1.9281027,,TOI-6022,0.36,0.37,3264.0,86.34,340.0,60.823611133,2023,Primary Transit,
toi-6029 b,1.284,1.635,5.7987,0.091,TOI-6029,1.548,2.338,6223.0,596.7,8.38625,61.86076666666667,2024,Primary Transit,
toi-6034 bb,1.063,0.798,2.576184,0.04,TOI-6034 B,0.514,0.489,3635.0,117.48,317.900000012,68.401944454,2023,Primary Transit,
toi-6035 b,0.70328,,3.87124,,TOI-6035,,,5780.0,,332.6462173642979,69.77421592179638,2023,Primary Transit,
toi-6038 ab,0.5719,0.247,5.8267311,,TOI-6038 A,1.29,1.65,6110.0,177.2,51.65720833333333,40.81744166666667,2025,Primary Transit,
toi-603 b,0.7075,0.1495,16.17989,0.22,TOI-603,1.072,1.629,5900.75,205.924,141.10794233082,5.76624385278,2024,Primary Transit,
toi-6041 b,0.4059,0.03401,26.04945,,TOI-6041,0.89,0.88,5417.0,72.3,46.06041666666667,43.557944444444445,2025,Primary Transit,
toi-6041 c,,,88.0,,TOI-6041,0.89,0.88,5417.0,72.3,46.06041666666667,43.557944444444445,2025,Radial Velocity,
toi-6054 b,0.2364,0.039,7.501437,0.16,TOI-6054,1.107,1.662,6047.0,78.73,56.3369915,60.3509164,2025,Primary Transit,
toi-6054 c,0.25,0.0289,12.56364,0.33,TOI-6054,1.107,1.662,6047.0,78.73,56.3369915,60.3509164,2025,Primary Transit,
toi-6055 b,1.74379,,0.8496822,,TOI-6055,0.455,0.68,3493.0,229.4,79.925000014,48.135833338,2023,Primary Transit,
toi-6080 b,0.30137,,8.056,,TOI-6080,1.01,1.062,5680.0,188.183,266.6044166666667,38.07870833333333,2023,Primary Transit,
toi-6086 b,0.1053,0.00529,1.3888725,,TOI-6086,0.25,0.26,3200.0,31.47,265.37041666666664,30.30375,2024,Primary Transit,
toi-6109 b,0.434511,,5.6904,,TOI-6109,1.03,1.021,5660.0,151.738,50.13191666666667,42.60694444444445,2024,Primary Transit,
toi-6109 c,0.431139,,8.538878,,TOI-6109,1.03,1.021,5660.0,151.738,50.13191666666667,42.60694444444445,2024,Primary Transit,
toi-6130 b,1.28,1.05,2.392679,0.036,TOI-6130,1.09,1.27,5816.0,220.882,339.205,16.827152777777776,2024,Primary Transit,
toi-6158 b,0.93,0.425,3.0446899,0.059,TOI-6158,0.503,0.476,3467.0,181.6,333.89441666666664,16.285391666666666,2025,Primary Transit,
toi-615 b,1.693,0.435,4.66155983,0.0,TOI-615,,,,,133.408333346,-40.543888908,2023,Primary Transit,
toi-620 b,0.3354,0.0485,5.0988179,0.19,TOI-620,0.577,0.55,3708.0,33.022,142.17328792322346,-12.165486864666423,2022,Primary Transit,
toi-6223 b,0.4523,0.0805,3.855219,,TOI-6223,0.582,0.576,3895.0,134.17,355.9505833333333,33.067236111111114,2025,Primary Transit,
toi-622 b,0.824,0.303,6.402513,0.0,TOI-622,,,,,125.304166671,-46.484166677,2023,Primary Transit,
toi-6255 b,0.09626,0.00453,0.23818244,0.0,TOI-6255,0.353,0.37,3421.0,20.3855,331.5027759502637,39.30080485425833,2024,Primary Transit,
toi-6267 b,0.4291,,733.99,,TOI-6267,0.986,1.27,5700.0,117.75,142.17926419272,-14.686430295227778,2019,Primary Transit,
toi-6281 b,0.1713,,1.05,,TOI-6281,0.65,0.874,4160.1,57.745,172.37919038961,-40.6096842171,2026,Primary Transit,
toi-628 b,1.06,6.33,3.4095675,0.07,TOI-628,1.311,1.345,6250.0,178.5,99.262500001,1.767500016,2021,Primary Transit,
toi-6303 b,1.03,7.84,9.485236,0.02,TOI-6303,0.64,0.61,3977.0,151.82,46.78066666666667,40.147175,2024,Primary Transit,
toi-6324 b,0.09448,0.00368,0.279221,0.0,TOI-6324,0.269,0.293,3327.0,20.5586,330.84454166666666,67.49867777777777,2024,Primary Transit,
toi-6330 b,0.97,10.0,6.8500246,0.34,TOI-6330,0.53,0.49,3539.0,143.51,22.168,53.686077777777776,2024,Primary Transit,
toi-6383 ab,1.0072,1.04,1.79058695,0.05,TOI-6383 A,0.458,0.457,3444.0,172.08,60.42433198617667,60.89158860436056,2024,Primary Transit,
toi-6393 b,0.23419,,9.532,,TOI-6393,0.835,0.766,5022.0,186.23,141.24370833333333,68.7883138888889,2023,Primary Transit,
toi-640 ab,1.771,0.88,5.0037775,0.05,TOI-640 A,1.536,2.082,6460.0,341.9,99.733333352,-36.646111134,2021,Primary Transit,
toi-6420 b,1.0,8.2,6.961508,0.08,TOI-6420,1.165,1.312,6020.0,600.5,125.54429166666668,-19.12428611111111,2025,Primary Transit,
toi-6448 b,0.78,,14.844281,0.2,TOI-6448,1.03,0.897,5910.0,379.2,110.17041,-33.922328,2025,Primary Transit,
toi-6478 b,0.41,,34.005019,0.0,TOI-6478,0.23,0.234,3230.0,38.61,149.99179166666667,-16.159794444444444,2025,Primary Transit,
toi-654 b,0.21492,0.02791,1.527561,0.1,TOI-654,0.42,0.43,3424.0,57.75,164.72416666666666,-5.547527777777778,2024,Primary Transit,
toi-6559 ab,0.5505,,733.38,,TOI-6559 A,0.98,1.22,5878.0,175.55,202.15822034763,-62.16989616206,2023,Primary Transit,
toi-6628 b,0.98,0.75,18.18424,0.667,TOI-6628,,,,,225.83704166666664,-35.230577777777775,2024,Primary Transit,
toi-663 b,0.2025,0.014,2.598902,,TOI-663,0.514,0.512,3681.0,64.23,160.06583333333333,-8.511083333333334,2023,Primary Transit,
toi-663 c,0.2016,0.01148,4.6955507,,TOI-663,0.514,0.512,3681.0,64.23,160.06583333333333,-8.511083333333334,2023,Primary Transit,
toi-663 d,0.1713,0.0164,7.1027268,,TOI-663,0.514,0.512,3681.0,64.23,160.06583333333333,-8.511083333333334,2023,Primary Transit,
toi-6651 b,0.4541,0.192,5.056973,0.09,TOI-6651,1.047,1.802,5818.93,212.128,15.7885,35.389133333333334,2024,Primary Transit,
toi-6665 b,0.2471,,735.8,,TOI-6665,1.054,1.245,5973.0,109.74,103.90737916999,42.04332730978,2022,Primary Transit,
toi-6668 b,0.3078,,718.65,,TOI-6668,1.068,1.395,6002.0,99.24,356.62908682417,-48.95813261582,2020,Primary Transit,
toi-6677 b,0.7423,,5.4496736,,TOI-6677,1.45,1.57,6760.0,340.52,290.4719166666667,-46.87495833333333,2023,Primary Transit,
toi-6690 ab,0.22821,,761.709,,TOI-6690 A,0.915,1.068,5599.0,158.66,90.44554118483,-63.05080313322,2024,Primary Transit,
toi-6690 ac,0.24365,,904.535,,TOI-6690 A,0.915,1.068,5599.0,158.66,90.44554118483,-63.05080313322,2024,Primary Transit,
toi-6692 b,1.04,0.62,131.125,0.54,TOI-6692,1.047,1.385,5890.0,310.5,312.6940416666667,-81.27239722222222,2026,Primary Transit,
toi-6695 b,0.85,0.21,80.389,0.04,TOI-6695,1.338,1.517,6400.0,282.67,129.572,-23.550227777777778,2025,Primary Transit,
toi-6695 c,,1.45,242.4,0.022,TOI-6695,1.338,1.517,6400.0,282.67,129.572,-23.550227777777778,2025,Radial Velocity,
toi-6699 b,0.34276,,5.322002,,TOI-6699,0.75,0.753,4716.0,85.846,317.06958333333336,-63.2505,2023,Primary Transit,
toi-669 b,,0.031,3.945548,,TOI-669,1.0,0.99,5625.0,142.87,158.900000012,-5.181388904,2024,Primary Transit,
toi-6707 b,0.5054,,3.83472822512614,,TOI-6707,1.14,1.582,6088.0,641.47,109.76345833333332,-58.115525,2023,Primary Transit,
toi-6716 b,0.0874,,4.7185898,0.88,TOI-6716,0.223,0.231,3110.0,18.89,111.65708333333332,-30.552180555555555,2026,Primary Transit,
toi-672 b,0.4737,0.1601,3.633581,0.0,TOI-672,0.54,0.54,3810.0,66.907,167.991666686,-39.328055571,2019,Primary Transit,
toi-674 b,0.4693,0.0739,1.977143,0.1,TOI-674,0.442,0.421,3505.0,46.16,164.587500007,-36.858055579,2021,Primary Transit,
toi-6752 b,0.97,1.29,11.364929,0.12,TOI-6752,1.239,1.489,6150.0,399.1,273.0346666666667,-44.243319444444445,2026,Primary Transit,
toi-677 b,1.17,1.234,11.2365985,0.46,TOI-677,1.18,1.28,6295.0,143.0,144.11952712766217,-50.46327654962123,2019,Primary Transit,
toi-682 b,0.339,0.0387,6.8392339,,TOI-682,0.85,1.084,5085.0,83.1548,167.88585454253,-22.07255163463,2021,Primary Transit,
toi-682 c,,,16.1,,TOI-682,0.85,1.084,5085.0,83.1548,167.88585454253,-22.07255163463,2021,Radial Velocity,
toi-6883 ab,1.087,4.34,16.24921,0.6,TOI-6883 A,1.082,1.086,5756.0,93.73,310.2917083333333,3.638297222222222,2024,Primary Transit,
toi-6884 b,0.8431,,14.42177,,TOI-6884,1.12,1.919,6026.94,562.376,193.008793,26.673951,2022,Primary Transit,
toi-6894 b,0.855,0.168,3.37077196,0.03,TOI-6894,0.207,0.2276,2960.0,73.8131,173.469142,12.451091,2022,Primary Transit,
toi-6954 b,0.33438,,4.0207557,,TOI-6954,0.834,0.947,5020.0,190.042,168.32404166666666,-2.7877638888888887,2024,Primary Transit,
toi-697 ab,0.182,,8.60787,,TOI-697 A,0.97,0.968,5519.0,93.7714,69.70406901655,-36.68143318463,2019,Primary Transit,
toi-699 b,0.2184,0.0202,14.801,,TOI-699,1.179,1.419,6139.0,192.86,83.38233333333334,-62.10911111111111,2019,Primary Transit,
toi-699 c,0.20564,0.0213,33.634,,TOI-699,1.179,1.419,6139.0,192.86,83.38233333333334,-62.10911111111111,2019,Primary Transit,
toi-699 d,0.265,,672.64,,TOI-699,1.179,1.419,6139.0,192.86,83.38233333333334,-62.10911111111111,2023,Primary Transit,
toi-7008 b,0.4416,,0.84,,TOI-7008,0.88,0.952,5170.0,410.467,216.9886171659354,79.4502803338975,2026,Primary Transit,
toi-700 b,0.08154,0.00406,9.977219,0.075,TOI-700,0.416,0.42,3480.0,31.127,97.095833341,-65.579444466,2020,Primary Transit,
toi-700 c,0.232,0.0079,16.051137,0.068,TOI-700,0.416,0.42,3480.0,31.127,97.095833341,-65.579444466,2020,Primary Transit,
toi-700 d,0.09573,0.0076,37.42396,0.042,TOI-700,0.416,0.42,3480.0,31.127,97.095833341,-65.579444466,2020,Primary Transit,
toi-700 e,0.08502,,27.80978,0.059,TOI-700,0.416,0.42,3480.0,31.127,97.095833341,-65.579444466,2023,Primary Transit,
toi-7018 b,1.61,,20.3158735,,TOI-7018,0.96,0.933,5614.0,473.162,221.073875,77.94604444444444,2025,Primary Transit,
toi-7041 b,1.02,0.36,9.691,0.04,TOI-7041,1.07,4.1,4700.0,442.0,357.80216666666666,-50.86986111111111,2024,Primary Transit,
toi-7060 b,0.397,,1064.7,,TOI-7060,1.119,1.35,6010.0,190.56,300.04756935418,-71.96689182974,2024,Primary Transit,
toi-7060 c,0.24204,,5.85,,TOI-7060,1.119,1.35,6010.0,190.56,300.04756935418,-71.96689182974,2024,Primary Transit,
toi-707 b,0.215,,52.79918,,TOI-707,0.99,0.978,5424.0,131.0,98.72958333333334,-67.537275,2025,Primary Transit,
toi-7081 b,1.65,,12.7617794,,TOI-7081,1.121,1.092,6221.0,837.097,197.30020833333333,65.3161,2025,Primary Transit,
toi-712 b,0.1828,0.0176,9.531361,0.54,TOI-712,0.732,0.674,4622.0,58.62,92.937500015,-65.825833357,2021,Primary Transit,
toi-712 c,0.241,0.0274,51.69906,0.089,TOI-712,0.732,0.674,4622.0,58.62,92.937500015,-65.825833357,2021,Primary Transit,
toi-712 d,0.22072,0.0236,84.8396,0.073,TOI-712,0.732,0.674,4622.0,58.62,92.937500015,-65.825833357,2021,Primary Transit,
toi-7149 b,1.18,0.705,2.65206166,0.078,TOI-7149,0.344,0.351,3363.0,127.24,244.738,19.176,2025,Primary Transit,
toi-7155 b,0.19244,,3.8949005,,TOI-7155,0.755,0.67,4718.0,144.751,12.445458333333333,79.28785555555555,2024,Primary Transit,
toi-715 b,0.1383,,19.288064,,TOI-715,0.225,0.24,3074.0,42.46,113.854166675,-73.57750002,2023,Primary Transit,
toi-7166 b,0.2132,0.0201,12.920616,0.0,TOI-7166,0.221,0.245,3092.0,35.24,320.680625,8.889397222222222,2025,Primary Transit,
toi-7169 b,1.475,0.41,3.4373125,0.055,TOI-7169,0.885,1.5,5714.0,453.1,351.05466666666666,36.81756666666666,2026,Primary Transit,
toi-7173 b,0.6486,,0.6256828,,TOI-7173,0.582,0.593,3718.0,161.939,347.957,65.23,2024,Primary Transit,
toi-7189 b,0.98,0.5,2.89055,0.0601,TOI-7189,0.612,0.591,3775.0,192.09,273.03788124274166,2.188359125613889,2026,Primary Transit,
toi-7265 bb,0.95,0.71,4.17232,0.0372,TOI-7265 B,0.521,0.497,3503.0,143.97,318.70383294319083,45.9260335222,2026,Primary Transit,
toi-7333 b,0.1668,,6.2644714,,TOI-7333,0.721,0.666,4568.0,157.217,243.5319583333333,75.91663055555556,2025,Primary Transit,
toi-733 b,0.1775,0.018,4.884765,0.046,TOI-733,0.956,0.95,5585.0,75.27,159.408333346,-40.888333355,2023,Primary Transit,
toi-7384 b,0.3176,,6.2340258,0.4,TOI-7384,0.318,0.319,3185.0,66.79,83.10316666666667,-39.83425,2026,Primary Transit,
toi-7393 b,1.01,0.61,3.33708,0.1198,TOI-7393,0.6,0.582,3927.0,189.04,227.36014574954,55.98138705078,2026,Primary Transit,
toi-7394 b,1.02,2.1,1.252995,0.0271,TOI-7394,0.624,0.609,3717.0,190.0,236.05540703325667,58.55276115007472,2026,Primary Transit,
toi-7464 b,0.9296,,20.04169,,TOI-7464,0.517,0.52,3560.0,113.903,139.794,53.595,2024,Primary Transit,
toi-7475.01,1.13972,,3.253773,,TOI-7475,1.28,1.725,6389.3,120.0,181.67658333333333,0.2741166666666667,2026,Primary Transit,
toi-7510 b,0.651,0.0569,11.530869,0.057,TOI-7510,1.02,1.02,5820.0,242.0,273.7282083333333,-54.43405555555555,2025,Primary Transit,
toi-7510 c,0.964,0.41,22.5687423,0.009,TOI-7510,1.02,1.02,5820.0,242.0,273.7282083333333,-54.43405555555555,2025,Primary Transit,
toi-7510 d,0.94,0.56,48.864468,0.04,TOI-7510,1.02,1.02,5820.0,242.0,273.7282083333333,-54.43405555555555,2025,Primary Transit,
toi-7537 b,0.1365,,0.907204,,TOI-7537,0.49,0.4925,3701.0,50.2408,94.258,-43.366,2024,"Primary Transit, Kinematic",
toi-756 ab,0.2507,0.03093,1.2392495,0.51,TOI-756 A,0.505,0.505,3657.0,86.45,192.10504166666664,-45.470597222222224,2025,Primary Transit,
toi-756 ac,,,149.4,0.445,TOI-756 A,0.505,0.505,3657.0,86.45,192.10504166666664,-45.470597222222224,2025,Radial Velocity,
toi-757 b,0.223,0.033,17.46819,0.39,TOI-757,0.8,0.773,5278.0,60.4,187.99,-35.55,2024,Primary Transit,
toi-762 ab,0.744,0.251,3.4716826,,TOI-762 A,0.442,0.425,3266.0,98.78,166.07576295253293,-47.82138972363667,2024,Primary Transit,
toi-7639 b,0.277,,10.45465,,TOI-7639,0.9,0.997,5241.0,182.1,97.21141666666666,-78.47305833333333,2024,Primary Transit,
toi-763 ab,0.2034,0.0308,5.6057,0.04,TOI-763 A,0.917,0.897,5450.0,95.39,194.466666684,-39.757777799,2020,Primary Transit,
toi-763 ac,0.2346,0.02932,12.2737,0.04,TOI-763 A,0.917,0.897,5450.0,95.39,194.466666684,-39.757777799,2020,Primary Transit,
toi-7689 b,0.8725,,1.482641,,TOI-7689,0.222,0.251,3478.0,48.844,346.857,-28.354,2024,Primary Transit,
toi-7716 b,1.188,3.2,1.44044527,,TOI-7716,0.563,0.5299,3572.0,90.64,83.86903906278833,-14.597349833039168,2024,Primary Transit,
toi-771 b,0.1213,0.00777,2.3260155,0.055,TOI-771,0.22,0.242,3201.0,25.28,164.112500009,-72.985277799,2023,Primary Transit,
toi-771 c,,,7.61,0.065,TOI-771,0.22,0.242,3201.0,25.28,164.112500009,-72.985277799,2025,Radial Velocity,
toi-776 b,0.165,0.01466,8.24664,,TOI-776,0.544,0.538,3709.0,27.19,178.575000006,-37.552777791,2020,Primary Transit,
toi-776 c,0.1829,0.0217,15.665323,0.09,TOI-776,0.544,0.538,3709.0,27.19,178.575000006,-37.552777791,2020,Primary Transit,
toi-777 b,0.6531,,16.6,,TOI-777,1.18,1.6,6187.0,182.314,183.11875,-49.00773888888889,2021,Primary Transit,
toi-778 b,1.374,2.8,4.633611,0.21,TOI-778,1.4,1.71,6875.0,162.0,199.33333334,-15.273611122,2022,Primary Transit,
toi-782 b,0.24391,0.0601,8.0240015,0.19,TOI-782,0.397,0.413,3370.0,52.21,183.92,-18.91033333333333,2024,Primary Transit,
toi-784 b,0.1722,0.03043,2.7970365,0.0,TOI-784,0.91,0.907,5558.0,64.59,159.341666674,-63.655000017,2023,Primary Transit,
toi-784 c,,0.06878,42.0,0.0,TOI-784,0.91,0.907,5558.0,64.59,159.341666674,-63.655000017,2023,Radial Velocity,
toi-791 b,1.0768,,928.05,,TOI-791,1.336,1.43,6572.0,333.96,118.43483333333332,-69.70177777777778,2023,Primary Transit,
toi-791 c,0.93381,,139.305,,TOI-791,1.336,1.43,6572.0,333.96,118.43483333333332,-69.70177777777778,2019,Primary Transit,
toi-799 b,0.17352,,5.54516606201839,,TOI-799,1.0,0.915,5624.0,158.526,98.469125,-52.46029444444444,2019,Primary Transit,
toi-808 b,0.21,,9.736402,,TOI-808,0.87,0.833,5154.0,98.185,133.74854166666668,-44.28863055555556,2021,Primary Transit,
toi-813 b,0.5986,,83.8911,0.05,TOI-813,1.32,1.94,5907.0,265.1535,72.695833349,-60.905555578,2019,Primary Transit,
toi-815 ab,0.2623,0.0239,11.197259,0.0,TOI-815 A,0.776,0.77,4869.0,59.437,155.871875,-43.83495555555555,2024,Primary Transit,
toi-815 ac,0.2337,0.0739,34.976145,,TOI-815 A,0.776,0.77,4869.0,59.437,155.871875,-43.83495555555555,2024,Primary Transit,
toi-824 b,0.26104,0.058104,1.392978,,TOI-824,0.69,0.68,4616.0,63.71,222.16666668,-57.588888905,2020,Primary Transit,
toi-833 ab,0.1133,0.006,1.04318777,,TOI-833 A,0.61,0.6,3920.0,41.7,145.645833345,-62.476111128,2022,Primary Transit,
toi-836 b,0.15202,0.01425,3.81673,0.053,TOI-836,0.678,0.665,4552.0,27.504,225.079166673,-24.454444457,2022,Primary Transit,
toi-836 c,0.2308,0.0302,8.59545,0.078,TOI-836,0.678,0.665,4552.0,27.504,225.079166673,-24.454444457,2022,Primary Transit,
toi-837 ab,0.817,0.395,8.3249114,0.0,TOI-837 A,1.15,1.0,6104.0,142.488,160.741666686,-64.400000008,2020,Primary Transit,
toi-849 b,0.30726,0.1315,0.765548,0.0,TOI-849,0.929,0.919,5375.3,225.2,28.715795850597,-29.4217085679224,2020,Primary Transit,
toi-858 bb,1.255,1.1,3.2797178,0.15,TOI-858 B,1.08,1.3,5842.0,251.7,60.200000016,-54.592777797,2023,Primary Transit,
toi-871 b,0.1481,0.012,14.362565,,TOI-871,0.758,0.719,4929.0,68.04,74.737500019,-50.627500021,2023,Primary Transit,
toi-880 ab,0.1954,0.0098,2.57571,,TOI-880 A,0.87,0.83,5050.0,60.67,94.16416666666667,-13.987333333333334,2024,Primary Transit,
toi-880 ac,0.4416,0.0717,6.3872703,,TOI-880 A,0.87,0.83,5050.0,60.67,94.16416666666667,-13.987333333333334,2025,Primary Transit,
toi-880 ad,0.303,0.0412,14.33201,,TOI-880 A,0.87,0.83,5050.0,60.67,94.16416666666667,-13.987333333333334,2025,Primary Transit,
toi-883 b,0.99,0.21,12.846185,0.22,TOI-883,0.956,0.988,5697.0,102.98,103.36904166666667,-6.507836111111111,2026,Primary Transit,
toi-892 b,1.07,0.95,10.62656,0.125,TOI-892,1.28,1.39,6261.0,340.543,86.737500019,-11.235277784,2020,Primary Transit,
toi-899 b,0.6,0.12,10.057716,0.0,TOI-899,0.972,1.086,5696.0,307.7,104.49245833333332,-70.52310555555556,2026,Primary Transit,
toi-904 b,0.2168,,10.8772,,TOI-904,0.527,0.527,3770.0,46.089,89.370833343,-83.129722235,2023,Primary Transit,
toi-904 c,0.1936,,83.9997,,TOI-904,0.527,0.527,3770.0,46.089,89.370833343,-83.129722235,2023,Primary Transit,
toi-905 ab,1.171,0.667,3.739494,0.024,TOI-905 A,0.85,1.14,5300.0,159.4,227.658333346,-71.361666683,2019,Primary Transit,
toi-907 ab,0.856,,4.5849129,,TOI-907 A,1.2,2.06,6224.0,312.0,262.1834166666667,-2.840361111111111,2024,Primary Transit,
toi-908 b,0.28424,0.050773,3.183792,,TOI-908,0.95,1.028,5626.0,175.7,53.158333346,-81.250833339,2022,Primary Transit,
toi-912 b,0.1722,0.016,4.6780691,0.58,TOI-912,0.418,0.419,3572.0,26.089,229.3285833333333,-80.47334444444445,2025,Primary Transit,
toi-913 b,0.2192,0.0208,11.098644,,TOI-913,0.82,0.7325,4969.0,65.1769,234.5734057635325,-80.80378574223857,2019,Primary Transit,
toi-921 b,0.30119,,5.12872650603197,,TOI-921,1.13,1.141,6055.0,294.015,99.67420833333334,-56.22053888888889,2019,Primary Transit,
toi-929 ab,0.24133,,5.830149,,TOI-929 A,0.7,0.717,4451.0,114.421,45.90716666666667,-39.930775,2019,Primary Transit,
toi-938 ab,0.36498,,8.8073507,,TOI-938 A,1.1,0.985,5981.0,215.034,63.03233333333333,-12.118836111111111,2019,Primary Transit,
toi-941 b,0.62058,,8.5145626,,TOI-941,1.078,1.185,5920.0,263.386,78.30054166666666,6.545913888888889,2019,Primary Transit,
toi-942 b,0.4291,2.599,4.32419,0.0,TOI-942,0.88,0.893,4969.0,153.2732,76.650000012,-20.24555557,2021,Primary Transit,
toi-942 c,0.5166,2.501,10.15643,0.0,TOI-942,0.88,0.893,4969.0,153.2732,76.650000012,-20.24555557,2020,Primary Transit,
toi-954 ab,0.852,0.174,3.6849729,0.14,TOI-954 A,1.201,1.892,5710.0,235.7,61.941666682,-25.2088889,2020,Primary Transit,
toi-969 b,0.24668,0.0286,1.8237305,,TOI-969,0.734,0.671,4435.0,77.83,115.137500011,2.098888903,2022,Primary Transit,
toi-969 c,,,1730.0,0.628,TOI-969,0.734,0.671,4435.0,77.83,115.137500011,2.098888903,2022,Radial Velocity,
trappist-1 b,0.09689,0.0027,1.51087081,0.0,TRAPPIST-1,0.08,0.117,2560.0,12.1,346.620833343,-5.041388896,2016,Primary Transit,
trappist-1 c,0.09421,0.00434,2.4218233,0.0,TRAPPIST-1,0.08,0.117,2560.0,12.1,346.620833343,-5.041388896,2016,Primary Transit,
trappist-1 d,0.0689,0.0013,4.04961,0.0,TRAPPIST-1,0.08,0.117,2560.0,12.1,346.620833343,-5.041388896,2016,Primary Transit,
trappist-1 e,0.0819,0.002,6.099615,0.005,TRAPPIST-1,0.08,0.117,2560.0,12.1,346.620833343,-5.041388896,2017,Primary Transit,
trappist-1 f,0.09323,0.0021,9.20669,0.01,TRAPPIST-1,0.08,0.117,2560.0,12.1,346.620833343,-5.041388896,2017,Primary Transit,
trappist-1 g,0.1005,0.00422,12.35294,0.002,TRAPPIST-1,0.08,0.117,2560.0,12.1,346.620833343,-5.041388896,2017,Primary Transit,
trappist-1 h,0.0674,0.001041,20.0,,TRAPPIST-1,0.08,0.117,2560.0,12.1,346.620833343,-5.041388896,2017,Primary Transit,
tres-1 ab,1.099,0.761,3.0300722,0.0,TrES-1 A,0.896,0.857,5242.82,159.66,286.0375,36.6325,2004,Primary Transit,
tres-2 ab,1.189,1.253,2.4706133738,0.0,TrES-2 A,0.98,1.0,5850.0,220.0,286.8083333,49.3163889,2006,Primary Transit,
tres-3 b,1.305,1.91,1.30618608,0.0,TrES-3,0.924,0.813,5720.0,,268.0291667,37.5461111,2007,Primary Transit,
tres-4 ab,1.706,0.917,3.5539268,0.0,TrES-4 A,1.388,1.798,6200.0,479.0,268.3041667,37.2116667,2007,Primary Transit,
tres-5 b,1.209,1.778,1.4822446,,TrES-5,0.893,0.866,5171.0,360.0,305.2208333,59.4491667,2011,Primary Transit,
tvlm 513-46546 b,,0.38,220.0,0.0,TVLM 513-46546,0.08,,,10.706,225.283333336,22.833888906,2020,Astrometry,
twa 7 b,,0.31,,0.05,TWA 7,0.46,0.92,3509.0,34.01,160.62541666666667,-33.671172222222225,2018,"Imaging, Kinematic",
tw hya b,,,8.339,,TW Hya,0.8,1.16,4050.0,60.0,165.4666667,-34.7047222,2024,Radial Velocity,
tyc 1422-614-1 b,,,198.44,0.07,TYC 1422-614-1,1.15,6.85,4806.0,759.0,154.279166669,19.558333351,2014,Radial Velocity,
tyc 1422-614-1 c,,,569.2,0.049,TYC 1422-614-1,1.15,6.85,4806.0,759.0,154.279166669,19.558333351,2014,Radial Velocity,
tyc 2187-512-1 b,,,694.86,0.05,TYC 2187-512-1,0.498,0.495,3735.0,15.485,320.525000002,22.931944475,2022,Radial Velocity,
tyc 3318-01333-1 b,,,562.0,0.1,TYC 3318-01333-1,1.19,5.9,4776.0,556.0,45.58333334,49.744444468,2018,Radial Velocity,
tyc 3667-1280-1 b,,,26.468,0.036,TYC 3667-1280-1,1.87,6.26,5130.0,481.0,12.887344,58.426167,2016,Radial Velocity,
tyc 4282-605-1 b,,,101.54,0.28,TYC 4282-605-1,0.97,16.21,4300.0,700.0,343.87190876,62.2391247315,2017,Radial Velocity,
tyc 8998-760-1 c,,6.0,,,TYC 8998-760-1,1.0,,4573.0,94.6,201.30054167071,-64.93908057882,2020,Imaging,
ukirt-2017-blg-001 b,,1.28,,,UKIRT-2017-BLG-001,0.81,,,6300.0,266.654166679,-29.211388902,2018,Microlensing,
ups and ab,,0.62,4.61711,0.01186,ups And A,1.27,1.631,6212.0,13.47,24.2,41.4105556,1996,Radial Velocity,
ups and ac,,9.1,240.937,0.2445,ups And A,1.27,1.631,6212.0,13.47,24.2,41.4105556,1999,"Radial Velocity, Astrometry",
ups and ae,,,3848.86,0.00536,ups And A,1.27,1.631,6212.0,13.47,24.2,41.4105556,2010,Radial Velocity,
ups leo b,,,385.2,0.32,ups Leo,,,,,174.237500019,-0.823611133,2021,Radial Velocity,
ux tau ab,6.8,,,,UX Tau A,1.4,1.74,4710.0,147.0,67.51665108333333,18.23039875,1991,Imaging,
uz for (ab) b,,6.3,5800.0,0.04,UZ For (AB),0.84,,,,53.8708333,-25.7394444,2010,Other,
uz for (ab) c,,7.7,1900.0,0.05,UZ For (AB),0.84,,,,53.8708333,-25.7394444,2011,Timing,
v2051 oph (ab)b,,,,0.37,V2051 Oph (AB),0.93,0.01,,108.6,257.079500006,-25.8088055786,2015,Timing,
v808 aur (ab)b,,,4109.0,0.805,V808 Aur (AB),0.9,0.01,,214.0,107.85833333333332,44.06805555555555,2024,Timing,
wasp-100 ab,1.69,2.03,2.849375,0.0,WASP-100 A,1.44,1.774,6733.0,364.411,68.9583,-64.0269,2013,Primary Transit,
wasp-101 b,1.36,0.5,3.5857076,0.0,WASP-101,1.34,1.29,6400.0,,98.35,-23.4861,2013,Primary Transit,
wasp-102 b,1.33,0.621,2.709813,0.0,WASP-102,1.08,1.375,5990.0,535.689,336.464362517,15.8567472446,2016,Primary Transit,
wasp-103 b,1.528,1.49,0.925542,,WASP-103,1.22,1.436,6110.0,470.0,249.316666672,7.183333337,2014,Primary Transit,
wasp-104 ab,1.137,1.272,1.7554137,0.0,WASP-104 A,1.02,0.93,5450.0,143.0,160.602541675,7.4350833434,2014,Primary Transit,
wasp-105 b,0.96,1.8,7.87288,0.0,WASP-105,0.89,0.9,5070.0,,24.16666668,-50.658888909,2017,Primary Transit,
wasp-106 b,1.085,1.925,9.289715,0.0,WASP-106,1.27,1.85,6000.0,283.0,166.429708348,-5.0794166782,2014,Primary Transit,
wasp-107 b,0.94,0.096,5.7214876,0.09,WASP-107,0.69,0.66,4430.0,64.74,188.387500011,-10.146111124,2017,Primary Transit,
wasp-107 c,,,1066.0,0.27,WASP-107,0.69,0.66,4430.0,64.74,188.387500011,-10.146111124,2020,Radial Velocity,
wasp-108 ab,1.215,1.167,2.6755463,0.0,WASP-108 A,1.167,1.215,6000.0,220.0,195.829166673,-49.63972224,2014,Primary Transit,
wasp-109 b,1.443,0.91,3.3190233,0.0,WASP-109,1.203,1.346,6520.0,330.0,232.054166671,-16.41083335,2014,Primary Transit,
wasp-10 b,1.08,3.16,3.0927616,0.057,WASP-10,0.71,0.783,4675.0,90.0,348.9916667,31.4627778,2008,Primary Transit,
wasp-110 b,1.238,0.515,3.7783977,0.0,WASP-110,0.892,0.881,5400.0,320.0,305.87500001,-44.058333341,2014,Primary Transit,
wasp-111 ab,1.442,1.85,2.310965,0.0,WASP-111 A,1.336,1.954,6510.0,298.109,328.766666668,-22.612500022,2014,Primary Transit,
wasp-112 b,1.191,0.88,3.0353992,0.0,WASP-112,0.807,1.002,5610.0,450.0,339.487500019,-35.153888895,2014,Primary Transit,
wasp-113 ab,1.409,0.475,4.54216874538,0.0,WASP-113 A,1.318,1.608,5890.0,360.0,224.870833343,46.960000027,2016,Primary Transit,
wasp-114 ab,1.339,1.769,1.5487743,0.012,WASP-114 A,1.289,1.43,5940.0,460.0,327.66666668,10.463055575,2016,Primary Transit,
wasp-116 b,1.22,0.64,6.6132,0.0,WASP-116,1.25,1.426,6250.0,559.243,35.21575,-1.8260416666666668,2014,Primary Transit,
wasp-117 b,0.98,0.3,10.020593,0.302,WASP-117,1.126,1.17,6040.0,,36.775000002,-50.284444451,2014,Primary Transit,
wasp-118 ab,1.44,0.514,4.0460435,0.0,WASP-118 A,1.29,1.81,6404.0,376.658,19.550543,2.702824,2016,Primary Transit,
wasp-119 b,1.4,1.23,2.49979,0.058,WASP-119,1.02,1.2,5650.0,333.0,55.941666682,-65.193888901,2016,Primary Transit,
wasp-120 ab,1.515,5.06,3.6112706,0.059,WASP-120 A,1.36,1.684,6572.0,381.174,62.616666676,-45.898333363,2015,Primary Transit,
wasp-121 b,1.865,1.184,1.2749255,0.02,WASP-121,1.353,1.458,6460.0,270.0,107.600000008,-39.097500013,2015,Primary Transit,
wasp-122 ab,1.792,1.401,1.7100567,0.0,WASP-122 A,1.06,1.508,5875.0,250.121,108.300000004,-42.409722238,2015,Primary Transit,
wasp-123 ab,1.327,0.92,2.977641,0.0,WASP-123 A,1.025,1.22,5737.0,197.996,289.479166685,-32.860000025,2015,Primary Transit,
wasp-124 b,1.24,0.6,3.37265,0.017,WASP-124,1.07,1.02,6050.0,433.0,332.712500017,-30.749444472,2016,Primary Transit,
wasp-126 b,0.96,0.2841,3.2888,0.18,WASP-126,1.12,1.27,5800.0,234.0,63.37500001,-69.226944457,2016,Primary Transit,
wasp-127 ab,1.293,0.17,4.17806348,,WASP-127 A,1.05,1.347,5828.0,159.507,160.558666671,-3.8350833514,2016,Primary Transit,
wasp-129 ab,0.93,1.0,5.748145,0.096,WASP-129 A,1.0,0.9,5900.0,246.0,176.300000004,-42.063888901,2016,Primary Transit,
wasp-12 ab,1.9,1.47,1.09141937,0.0,WASP-12 A,1.434,1.657,6360.0,432.5,97.6375,29.6722222,2008,Primary Transit,
wasp-130 ab,0.89,1.23,11.55098,0.0,WASP-130 A,1.04,0.96,5625.0,180.0,203.104166675,-42.475277794,2016,Primary Transit,
wasp-131 ab,1.19,0.27,5.3220096,0.0,WASP-131 A,1.06,1.53,6030.0,250.0,210.191666682,-30.583611123,2016,Primary Transit,
wasp-132 b,0.901,0.428,7.1335164,0.0163,WASP-132,0.789,0.758,4686.0,123.17,217.608333342,-46.159166677,2016,"Primary Transit, Radial Velocity",
wasp-132 c,0.16424,0.0197,1.01153624,0.0,WASP-132,0.789,0.758,4686.0,123.17,217.608333342,-46.159166677,2022,"Primary Transit, Radial Velocity",
wasp-132 d,,,1816.6,0.12,WASP-132,0.789,0.758,4686.0,123.17,217.608333342,-46.159166677,2024,Radial Velocity,
wasp-133 b,1.21,1.16,2.176423,0.17,WASP-133,1.16,1.44,5700.0,457.0,314.575000006,-35.796666693,2016,Primary Transit,
wasp-134 b,0.988,1.412,10.1467583,0.1447,WASP-134,1.131,1.16,5700.0,195.0,327.570833339,4.194444457,2018,Primary Transit,
wasp-134 c,,,70.01,0.173,WASP-134,1.131,1.16,5700.0,195.0,327.570833339,4.194444457,2018,Radial Velocity,
wasp-135 b,1.3,1.9,1.4013776,0.0,WASP-135,0.98,0.96,5680.0,300.0,267.283333336,29.879166694,2015,Primary Transit,
wasp-136 ab,1.38,1.51,5.215357,,WASP-136 A,1.13,2.39,6067.2,275.587,0.32570833939,-8.9262778038,2016,Primary Transit,
wasp-137 ab,1.27,0.681,3.9080284,0.14,WASP-137 A,1.216,1.65,6100.0,289.0,25.870833343,-14.149166682,2018,Primary Transit,
wasp-138 b,,1.22,3.634433,,WASP-138,1.22,1.36,6272.0,308.0,41.6390416778,-0.463888909,2016,Primary Transit,
wasp-139 ab,0.8,0.117,5.924262,0.0,WASP-139 A,0.87,0.846,5151.0,212.472,49.562500005,-41.30222223,2016,Primary Transit,
wasp-13 b,1.32,0.52,4.35323,0.0,WASP-13,,,5826.0,156.0,140.1041667,33.8825,2008,Primary Transit,
wasp-140 ab,1.44,2.44,2.2359835,0.047,WASP-140 A,0.9,0.87,5260.0,180.0,60.387500011,-20.451111121,2016,Primary Transit,
wasp-141 b,1.21,2.69,3.310651,0.0,WASP-141,1.25,1.37,5900.0,570.0,71.825000006,-17.115277792,2016,Primary Transit,
wasp-142 b,1.53,0.84,2.052868,0.0,WASP-142,1.33,1.64,6010.0,840.0,140.508333334,-23.94611114,2016,Primary Transit,
wasp-143 b,1.234,0.725,3.778873,0.0007,WASP-143,1.087,1.0,5900.0,402.0,140.845833341,2.932500031,2018,Primary Transit,
wasp-144 b,0.85,0.44,2.2783152,0.0,WASP-144,0.81,0.81,4950.0,,320.762500001,-40.048333346,2018,Primary Transit,
wasp-145 ab,0.9,0.89,1.7690381,0.0,WASP-145 A,0.76,0.68,4900.0,,322.254166667,-58.83611113,2018,Primary Transit,
wasp-146 b,1.228,1.11,3.396944,0.15,WASP-146,1.057,1.29,6100.0,495.0,359.091666674,-13.271666676,2018,Primary Transit,
wasp-147 b,1.115,0.275,4.60273,0.0,WASP-147,1.044,1.429,5702.0,426.0,359.191541682,-22.1531638944,2018,Primary Transit,
wasp-148 b,0.756,0.287,8.80345,0.208,WASP-148,1.0,1.03,5460.0,248.1,254.129166677,44.302500008,2020,Primary Transit,
wasp-148 c,,,34.55619,0.181,WASP-148,1.0,1.03,5460.0,248.1,254.129166677,44.302500008,2020,Radial Velocity,
wasp-149 b,1.36,0.991,1.332813,0.0,WASP-149,1.05,1.08,5750.0,211.73,124.07366666666668,-8.686580555555556,2014,Primary Transit,
wasp-14 ab,1.281,7.341,2.2437661,0.087,WASP-14 A,1.211,1.306,6475.0,160.0,218.275,21.8947222,2008,Primary Transit,
wasp-150 b,1.07,8.46,5.644207,0.3775,WASP-150,1.346,1.706,6093.0,536.0,264.262500001,53.021111115,2020,Primary Transit,
wasp-151 b,1.13,0.31,4.533471,0.0,WASP-151,1.077,1.14,5871.0,480.0,349.063416672,0.306805567,2017,Primary Transit,
wasp-153 ab,1.55,0.39,3.332609,0.0,WASP-153 A,1.336,1.73,5914.0,430.0,279.262375001,40.0187222242,2017,Primary Transit,
wasp-154 b,0.96,0.626,3.811678,0.0,WASP-154,0.8,0.823,4774.0,215.501,327.7191666666667,-8.635944444444444,2025,Primary Transit,
wasp-155 b,1.2,0.871,3.110413,0.0,WASP-155,1.09,1.24,5660.0,399.63,347.9797083333333,33.04761111111111,2023,Primary Transit,
wasp-156 b,0.554,0.1303,3.8361623,0.0,WASP-156,0.842,0.76,4910.0,140.0,32.7817083359,2.4180000094,2017,Primary Transit,
wasp-157 b,0.998,0.576,3.951623,0.0,WASP-157,1.06,1.1,5772.0,337.71,201.655197,-8.31756,2016,Primary Transit,
wasp-158 b,1.07,2.79,,0.0,WASP-158,1.38,1.39,6350.0,,4.145833345,-10.976388916,2018,Primary Transit,
wasp-159 b,1.38,0.55,3.840401,0.0,WASP-159,1.41,2.11,6000.0,,68.137500011,-38.968333354,2018,Primary Transit,
wasp-15 b,1.428,0.542,3.7520656,0.0,WASP-15,1.18,1.477,6300.0,308.0,208.9291667,-32.1597222,2008,Primary Transit,
wasp-160 bb,1.093,0.281,3.768495,0.0,WASP-160 B,0.89,0.872,5302.0,,87.679416681,-27.6231639064,2018,Primary Transit,
wasp-161 b,1.143,2.49,5.4060425,,WASP-161,1.39,1.712,6406.0,,126.337875007,-11.5010000108,2018,Primary Transit,
wasp-162 b,1.0,5.2,9.62468,0.434,WASP-162,0.95,1.11,5300.0,,168.29166667,-17.657777797,2018,Primary Transit,
wasp-163 ab,1.202,1.87,1.6096884,,WASP-163 A,1.318,1.146,6472.0,261.386,256.53741667,-10.413055574,2018,Primary Transit,
wasp-164 b,1.128,2.13,1.7771255,0.0,WASP-164,0.946,0.932,5806.0,,344.873416677,-60.4477694647,2018,Primary Transit,
wasp-165 b,1.26,0.658,3.465509,0.0,WASP-165,1.248,1.75,5599.0,,357.580541673,-17.0775722323,2018,Primary Transit,
wasp-166 b,0.6155,0.102,5.44354215,0.0,WASP-166,1.19,1.22,6050.0,113.0,144.87500001,-20.982500032,2018,Primary Transit,
wasp-167 b,1.62,0.37,2.0219583,,WASP-167,1.518,1.756,7043.0,381.0,196.043875004,-35.5495222458,2017,Primary Transit,
wasp-168 ab,1.5,0.42,4.153658,0.0,WASP-168 A,1.08,1.12,6000.0,303.941,96.745833353,-46.821388909,2018,Primary Transit,
wasp-169 b,1.304,0.561,5.6114118,0.0,WASP-169,1.337,2.011,6110.0,638.0,127.387500011,-12.94472225,2019,Primary Transit,
wasp-16 b,1.008,0.855,3.1186009,0.0,WASP-16,1.022,0.946,5550.0,,214.6833333,-20.2755556,2009,Primary Transit,
wasp-16 c,0.196,,10.457,,WASP-16,1.022,0.946,5550.0,,214.6833333,-20.2755556,2024,Primary Transit,
wasp-170 ab,1.096,1.6,2.34478022,,WASP-170 A,0.93,0.938,5593.0,305.603,135.416375013,-20.7204444618,2018,Primary Transit,
wasp-171 b,0.988,1.084,3.8186244,0.0,WASP-171,1.171,1.637,5965.0,774.0,171.845833341,-44.088611117,2019,Primary Transit,
wasp-172 b,1.57,0.47,5.477433,0.0,WASP-172,1.49,1.91,6900.0,,199.433333348,-47.237500008,2018,Primary Transit,
wasp-174 b,1.437,0.33,4.2337005,0.0,WASP-174,1.28,,6400.0,,195.795833337,-41.384722231,2018,Primary Transit,
wasp-175 ab,1.208,0.99,3.0652907,0.0,WASP-175 A,1.212,1.204,6229.0,584.0,166.320833339,-34.122222229,2019,Primary Transit,
wasp-176 b,1.505,0.855,3.899052,0.0,WASP-176,1.27,1.945,5902.0,578.0,313.687500015,9.17916668,2020,Primary Transit,
wasp-177 b,1.58,0.508,3.071722,,WASP-177,0.876,0.885,5017.0,178.0,334.795833337,-1.834444462,2019,Primary Transit,
wasp-178 b,1.94,1.41,3.3448285,0.0,WASP-178,1.93,1.801,8640.0,417.0,227.270833335,-42.705000018,2019,Primary Transit,
wasp-17 b,1.991,0.486,3.735438,0.028,WASP-17,1.2,1.38,6650.0,,239.9625,-28.0616667,2009,Primary Transit,
wasp-180 ab,1.29,0.8,3.409265,,WASP-180 A,1.3,1.19,6600.0,255.8,123.3923063330445,-1.9827753337702407,2019,Primary Transit,
wasp-181 b,1.184,0.299,4.5195064,,WASP-181,1.04,0.965,5839.0,443.0,26.79166667,3.133055571,2019,Primary Transit,
wasp-182 b,0.85,0.148,3.3769848,0.0,WASP-182,1.076,1.34,5638.0,331.0,311.675000014,-41.820833353,2019,Primary Transit,
wasp-183 b,1.47,0.502,4.1117771,,WASP-183,0.784,0.871,5313.0,328.0,163.787500003,-0.73722224,2019,Primary Transit,
wasp-184 b,1.33,0.57,5.1817,0.0,WASP-184,1.23,1.65,6000.0,640.0,209.516666668,-30.348055574,2019,Primary Transit,
wasp-185 b,1.25,0.98,9.38755,0.24,WASP-185,,,,,214.058333338,-19.54222224,2019,Primary Transit,
wasp-186 b,1.11,4.22,5.026799,0.33,WASP-186,1.22,1.47,6361.0,280.0,18.995833353,21.616944457,2019,Primary Transit,
wasp-187 b,1.766,0.8,5.147882,0.0,WASP-187,1.54,2.83,6150.0,376.0,17.475000018,25.681666692,2020,Primary Transit,
wasp-188 ab,1.322,1.443,5.748916,0.0,WASP-188 A,1.5,1.83,6850.0,675.281,278.7819583333333,36.615633333333335,2025,Primary Transit,
wasp-189 ab,1.619,1.99,2.724033,0.0,WASP-189 A,1.887,2.33,7996.0,99.0,225.686916682,-3.0313611232,2018,Primary Transit,
wasp-18 ab,1.165,10.4296,0.9414518,0.0088,WASP-18 A,1.24,1.23,6400.0,100.0,24.3541667,-45.6777778,2009,Primary Transit,
wasp-190 b,1.15,1.0,5.367753,,WASP-190,1.35,1.6,6400.0,555.0,7.70931252056375,-40.5734220152826,2018,Primary Transit,
wasp-192 b,1.23,2.3,2.8786765,0.0,WASP-192,,,,,223.658333346,-38.744444468,2019,Primary Transit,
wasp-193 ab,1.464,0.139,6.2463345,0.056,WASP-193 A,1.12,1.225,6076.0,377.72,164.350000008,-29.997222253,2023,Primary Transit,
wasp-194 ab,1.381,1.174,3.183387,0.0,WASP-194 A,1.29,1.409,6405.0,476.831,295.3877083333333,56.21780555555556,2021,Primary Transit,
wasp-195 b,0.92,0.104,5.051928,0.0,WASP-195,1.3,1.578,6300.0,484.852,247.549625,49.89579166666667,2025,Primary Transit,
wasp-197 b,1.289,1.269,5.167228,0.0,WASP-197,1.36,2.112,6050.0,483.675,160.63070833333333,28.198625,2025,Primary Transit,
wasp-19 ab,1.41,1.139,0.78884,0.0046,WASP-19 A,0.904,1.004,5500.0,266.54,148.4166667,-45.6591667,2009,Primary Transit,
wasp-1 ab,1.514,0.947,2.5199448,0.0,WASP-1 A,1.153,1.564,6116.0,393.072,5.1666667,31.99,2006,Primary Transit,
wasp-20 ab,1.459,0.313,4.8996285,0.0,WASP-20 A,1.202,1.392,5950.0,210.0,5.16056709618,-23.9357130761,2011,Primary Transit,
wasp-21 b,1.21,0.3,4.3225126,0.0,WASP-21,1.01,1.06,5800.0,230.0,347.4916667,18.3961111,2010,Primary Transit,
wasp-22 b,1.199,0.617,3.5327313,0.0,WASP-22,1.1,1.13,6000.0,300.0,52.8166667,-23.8197222,2010,Primary Transit,
wasp-23 b,0.962,0.884,2.9444256,0.062,WASP-23,0.78,0.765,5150.0,,101.1291667,-42.7619444,2010,Primary Transit,
wasp-24 ab,1.3,1.071,2.3412127,0.0,WASP-24 A,1.129,1.147,6075.0,332.5,227.2166667,2.3433333,2010,Primary Transit,
wasp-25 b,1.26,0.58,3.76483,0.0,WASP-25,1.0,0.95,5750.0,169.0,195.3583333,-27.5222222,2010,Primary Transit,
wasp-26 ab,1.281,1.028,2.7566004,0.0,WASP-26 A,1.12,1.34,5950.0,250.0,4.6041667,-15.2672222,2010,Primary Transit,
wasp-28 b,1.213,0.907,3.40883,0.046,WASP-28,1.021,1.094,6150.0,410.0,353.6166667,-1.58,2010,Primary Transit,
wasp-29 ab,0.775,0.243,3.92271218,0.03,WASP-29 A,0.825,0.846,4800.0,80.0,357.8791667,-39.9066667,2010,Primary Transit,
wasp-2 ab,1.079,0.847,2.15222144,0.0,WASP-2 A,0.84,0.834,5150.0,144.0,307.725,6.4294444,2006,Primary Transit,
wasp-31 b,1.507,0.478,3.4058879,0.0,WASP-31,1.16,1.24,6200.0,400.0,169.4375,-19.0547222,2010,Primary Transit,
wasp-32 b,1.18,3.6,2.71865,0.018,WASP-32,1.1,1.11,6100.0,,3.9625,1.2005556,2010,Primary Transit,
wasp-33 ab,1.603,2.8,1.21986967,0.0,WASP-33 A,1.495,1.444,7400.0,116.0,36.7125,37.5505556,2010,Primary Transit,
wasp-34 b,1.26,0.58,4.31768509,0.038,WASP-34,1.01,0.93,5700.0,120.0,165.4,-23.8605556,2010,Primary Transit,
wasp-35 b,1.32,0.72,3.161575,0.0,WASP-35,,,,,76.0817733399,-6.22982307041,2011,Primary Transit,
wasp-36 ab,1.269,2.279,1.5373653,0.0,WASP-36 A,1.02,0.943,5881.0,450.0,131.579166673,-8.0269444,2010,Primary Transit,
wasp-37 b,1.16,1.8,3.577471,0.0,WASP-37,0.849,0.977,5800.0,338.0,221.9458333,1.065,2010,Primary Transit,
wasp-38 b,1.079,2.712,6.871815,0.0321,WASP-38,1.216,1.365,6150.0,110.0,243.9583333,10.0325,2010,Primary Transit,
wasp-39 b,1.27,0.28,4.055259,0.0,WASP-39,0.93,0.895,5400.0,230.0,217.325,-3.4444444,2011,Primary Transit,
wasp-3 ab,1.392,1.81,1.8468354,0.0,WASP-3 A,1.26,1.36,6352.0,231.161,278.6333333,35.6616667,2007,Primary Transit,
wasp-41 b,1.18,0.94,3.052404,0.026,WASP-41,0.95,1.01,5450.0,180.0,190.618737509,-30.6398750179,2010,Primary Transit,
wasp-41 c,,,421.0,0.294,WASP-41,0.95,1.01,5450.0,180.0,190.618737509,-30.6398750179,2015,Radial Velocity,
wasp-42 b,1.08,0.5,4.9816872,0.06,WASP-42,,,,,192.981545852,-42.0736083402,2011,Primary Transit,
wasp-43 b,1.036,2.052,0.81347753,0.0035,WASP-43,0.717,0.667,4520.0,,154.9083333,-9.8063889,2011,Primary Transit,
wasp-44 b,1.14,0.889,2.4238039,0.0,WASP-44,0.951,0.927,5410.0,,3.9041667,-11.9380556,2011,Primary Transit,
wasp-45 ab,1.16,1.007,3.1260876,0.0,WASP-45 A,0.909,0.945,5140.0,,5.2375,-35.9983333,2011,Primary Transit,
wasp-46 b,1.31,2.101,1.43037,0.0,WASP-46,0.956,0.917,5620.0,,318.7375,-55.8716667,2011,Primary Transit,
wasp-47 b,1.127,1.14243,4.1591289,0.0028,WASP-47,1.04,1.14,5552.0,266.69,331.203047,-12.018885,2012,Primary Transit,
wasp-47 c,,1.31,596.0,0.28,WASP-47,1.04,1.14,5552.0,266.69,331.203047,-12.018885,2015,Radial Velocity,
wasp-47 d,0.319,0.04122,9.03077,0.014,WASP-47,1.04,1.14,5552.0,266.69,331.203047,-12.018885,2015,Primary Transit,
wasp-47 e,0.161,0.02149,0.789592,0.03,WASP-47,1.04,1.14,5552.0,266.69,331.203047,-12.018885,2015,Primary Transit,
wasp-48 b,1.67,0.98,2.143634,0.0,WASP-48,1.19,1.75,5990.0,,291.1625,55.4730556,2011,Primary Transit,
wasp-49 ab,1.198,0.399,2.7817387,0.0,WASP-49 A,0.989,1.02,5597.0,194.553,91.0894250072,-16.9652944757,2011,Primary Transit,
wasp-4 b,1.3846,1.1974,1.338231602,0.0053,WASP-4,0.93,1.15,5500.0,300.0,353.5625,-42.0613889,2007,Primary Transit,
wasp-4 c,,,2591.5,,WASP-4,0.93,1.15,5500.0,300.0,353.5625,-42.0613889,2021,"TTV, Radial Velocity",
wasp-50 b,1.138,1.437,1.9550959,0.009,WASP-50,0.861,0.855,5400.0,230.0,43.6875,-10.8980556,2011,Primary Transit,
wasp-52 b,1.27,0.46,1.74977083,0.0,WASP-52,0.87,0.79,5000.0,140.0,348.4958,8.7614,2011,Primary Transit,
wasp-53 b,1.074,2.132,3.3098443,0.0,WASP-53,0.839,0.798,4953.0,235.0,31.9092500127,-20.661944467,2011,Primary Transit,
wasp-54 ab,1.57,0.63,3.6935995,,WASP-54 A,1.145,1.78,6097.47,251.303,205.45428335,-0.12805834478,2011,Primary Transit,
wasp-55 ab,1.33,0.61,4.46563,0.0,WASP-55 A,1.11,1.09,5900.0,299.97,203.758114,-17.503464,2012,Primary Transit,
wasp-56 ab,1.092,0.599,4.617101,0.082,WASP-56 A,1.04,1.113,5797.0,321.084,183.366275009,23.0556388944,2011,Primary Transit,
wasp-57 b,1.1,0.8,2.8,,WASP-57,,,,,223.820083339,-2.05765000712,2011,Primary Transit,
wasp-58 ab,1.37,0.89,5.01718,0.0,WASP-58 A,0.94,1.17,5800.0,300.0,274.7,45.1719,2011,Primary Transit,
wasp-59 ab,0.775,0.863,7.919585,0.1,WASP-59 A,0.719,0.613,4650.0,125.0,349.625,24.8892,2011,Primary Transit,
wasp-5 b,1.171,1.637,1.6284246,0.0,WASP-5,1.0,1.084,5700.0,297.0,359.35,-41.2772222,2007,Primary Transit,
wasp-60 b,0.86,0.514,4.3050011,0.0,WASP-60,1.078,1.14,5900.0,400.0,356.6667,31.1558,2011,Primary Transit,
wasp-61 b,1.24,2.06,3.8559,0.0,WASP-61,1.22,1.36,6250.0,480.0,75.3,-26.0541667,2011,Primary Transit,
wasp-62 b,1.39,0.58,4.41193811,0.0,WASP-62,1.25,1.28,6230.0,160.0,87.1416667,-63.9883333,2011,Primary Transit,
wasp-63 b,1.43,0.38,4.37809,0.0,WASP-63,1.32,1.88,5550.0,330.0,94.3375,-38.3233333,2011,Primary Transit,
wasp-64 bb,1.271,1.221,1.5732918,0.0,WASP-64 B,1.0,1.0954,5652.0,369.926,101.115041676,-32.8584028015,2011,Primary Transit,
wasp-65 b,1.112,1.55,2.3114243,,WASP-65,0.93,,5600.0,310.0,133.325,8.523,2011,Primary Transit,
wasp-66 b,1.39,2.32,4.086052,0.0,WASP-66,1.3,1.75,6600.0,380.0,158.225,-34.9897222,2011,Primary Transit,
wasp-67 b,1.4,0.42,4.61442,0.0,WASP-67,0.87,0.87,5200.0,225.0,295.7458333,-19.9494444,2011,Primary Transit,
wasp-68 ab,1.24,0.95,5.084298,0.0,WASP-68 A,1.011,1.74,5692.5,226.7,305.095763341,-19.3146925178,2011,Primary Transit,
wasp-69 b,1.057,0.26,3.8681382,0.0,WASP-69,0.826,0.813,4715.0,50.0,315.025000002,-5.094444455,2011,Primary Transit,
wasp-6 b,1.224,0.503,3.361006,0.054,WASP-6,0.888,0.87,5450.0,307.0,348.1583333,-22.6738889,2008,Primary Transit,
wasp-70 ab,1.164,0.59,3.7130203,0.0,WASP-70 A,1.106,1.215,5763.0,245.0,315.475000018,-13.433333355,2011,Primary Transit,
wasp-71 ab,1.5,2.258,2.9036747,0.0,WASP-71 A,1.572,2.32,6050.0,200.0,29.2625,0.7589,2012,Primary Transit,
wasp-72 ab,1.27,1.446,2.2167421,0.017,WASP-72 A,1.03,2.66,5773.47,434.754,41.0417,-30.1692055556,2013,Primary Transit,
wasp-73 b,1.17,1.89,4.087298,0.0,WASP-73,1.34,2.07,6030.0,,319.94961080072886,-58.148886571319245,2013,Primary Transit,
wasp-74 b,1.248,0.826,2.13775138,,WASP-74,1.48,1.64,5970.0,120.0,304.54166667,-1.075833342,2014,Primary Transit,
wasp-75 ab,1.27,1.07,2.484193,0.0,WASP-75 A,1.14,1.26,6100.0,260.0,342.385707,-10.67556,2013,Primary Transit,
wasp-76 ab,1.83,0.92,1.809886,0.0,WASP-76 A,1.46,1.73,6250.0,195.3,26.6333,2.7006,2013,Primary Transit,
wasp-77 ab,1.21,1.759,1.3600288,0.0135,WASP-77 A,1.002,0.955,5500.0,,37.1542,-7.0606,2012,Primary Transit,
wasp-78 b,1.7,0.89,2.17517656,0.0,WASP-78,2.02,2.31,6100.0,550.0,63.7583333,-22.1163889,2012,Primary Transit,
wasp-79 b,1.58,0.835,3.66239094,0.0,WASP-79,1.56,1.64,6600.0,240.0,66.3708333,-30.6005556,2012,Primary Transit,
wasp-7 b,1.33,0.96,4.9546416,0.0,WASP-7,1.276,1.432,6400.0,140.0,311.0416667,-39.2252778,2008,Primary Transit,
wasp-80 b,0.952,0.554,3.0678504,0.07,WASP-80,0.58,0.63,4145.0,60.0,303.1667,-2.1456,2013,Primary Transit,
wasp-81 b,1.429,0.729,2.7164762,0.0,WASP-81 ,1.08,1.283,5870.0,410.0,304.207875017,3.2940833476,2016,Primary Transit,
wasp-82 b,1.63,1.24,2.705789,0.0,WASP-82,1.63,2.18,6500.0,200.0,72.6625,1.8939,2013,Primary Transit,
wasp-83 b,1.04,0.3,4.071252,0.0,WASP-83,1.11,1.05,5480.0,300.0,190.154166679,-19.284166673,2014,Primary Transit,
wasp-84 b,0.9564,0.692,8.5234964,0.0,WASP-84,0.842,0.748,5314.0,120.0,131.1083,1.8433,2013,Primary Transit,
wasp-84 c,0.174,0.0478,1.4468849,,WASP-84,0.842,0.748,5314.0,120.0,131.1083,1.8433,2023,Primary Transit,
wasp-85 ab,1.24,1.265,2.6556777,0.0,WASP-85 A,1.09,0.935,6112.0,,175.908333346,6.563611133,2016,Primary Transit,
wasp-87 ab,1.385,2.21,1.682795,0.0,WASP-87 A,1.204,1.627,6450.0,240.0,185.325000006,-52.840833356,2014,Primary Transit,
wasp-88 b,1.7,0.56,4.954,0.0,WASP-88,1.45,2.08,6431.0,,309.51119543033565,-48.46206232544984,2013,Primary Transit,
wasp-89 b,1.04,5.9,3.3564227,0.193,WASP-89,0.92,0.88,4955.0,,313.900000012,-18.971111134,2014,Primary Transit,
wasp-8 ab,1.038,2.244,8.158715,0.31,WASP-8 A,1.033,0.953,5600.0,87.0,359.9,-35.0313889,2008,Primary Transit,
wasp-90 b,1.63,0.63,3.916243,0.0,WASP-90,1.55,1.98,6430.0,340.0,315.5333,7.0567,2013,Primary Transit,
wasp-91 b,1.03,1.34,2.798581,0.0,WASP-91,0.84,0.86,4920.0,,357.845833341,-70.152777783,2017,Primary Transit,
wasp-92 b,1.461,0.805,2.1746742,0.0,WASP-92,1.19,1.341,6280.0,530.0,246.692000015,51.0411666736,2016,Primary Transit,
wasp-93 b,1.597,1.47,2.7325321,,WASP-93,1.3,1.06,6700.0,250.0,9.45833335,51.288888899,2016,Primary Transit,
wasp-94 ab,1.665,0.452,3.95020219,0.0,WASP-94 A,1.29,1.36,6170.0,,313.783083336,-34.1355277822,2014,Primary Transit,
wasp-94 bb,,,2.00839,,WASP-94 B,1.24,1.35,6040.0,,313.78816667,-34.1355277822,2014,Radial Velocity,
wasp-95 b,1.098,1.206,2.1846656,0.0,WASP-95,1.11,1.13,5630.0,,337.4583,-48.0031,2013,Primary Transit,
wasp-96 b,1.2,0.48,3.4252602,0.0,WASP-96,1.06,1.05,5540.0,,1.0458,-47.3606,2013,Primary Transit,
wasp-97 b,1.13,1.32,2.07276,0.0,WASP-97,1.12,1.06,5640.0,,24.6042,-55.7719,2013,Primary Transit,
wasp-98 ab,1.1,0.83,2.96264,0.0,WASP-98 A,0.97,0.718,5526.0,281.742,58.425,-34.3283,2013,Primary Transit,
wasp-99 b,1.1,2.78,5.75251,0.0,WASP-99,1.48,1.76,6180.0,,39.8958,-50.0081,2013,Primary Transit,
wd 0310-688 b,1.03,3.0,,,WD 0310-688,0.659,,15685.0,10.397,47.62920833333333,-68.60093888888889,2024,Other,
wd 0806-661 b b,,8.0,,,WD 0806-661B,0.62,,,19.2,121.725,-66.3047222,2011,Imaging,
wd 1856+534 ab,0.928,,1.407939211,0.0,WD 1856+534 A,0.518,0.013,4710.0,24.754,284.412500013,53.509166684,2020,Primary Transit,
wendelstein-1 ab,1.0,0.59,2.663416,0.012,Wendelstein-1 A,0.65,0.61,4125.0,304.0,299.050000004,17.570000014,2020,Primary Transit,
wendelstein-2 b,1.0,0.73,1.7522239,0.193,Wendelstein-2,0.73,0.66,4667.0,575.0,297.79166667,16.912500028,2020,Primary Transit,
wis 395 b,,11.9,,,WIS 395,0.67,0.7611,4257.74,23.6322,357.61609115686,30.35325854216,2010,"Imaging, Astrometry",
wise j1355-8258 b,,9.0,,,WISE J1355-8258,0.011,,,16.7,208.762500001,-82.97722225,2018,Astrometry,
wispit 1 (ab)b,,10.4,,,WISPIT 1 (AB),2.5,0.95,4670.0,228.85,117.79855076351,-50.137683236,2025,Imaging,
wispit 1 (ab)c,,5.3,,,WISPIT 1 (AB),2.5,0.95,4670.0,228.85,117.79855076351,-50.137683236,2025,Imaging,
wispit 2 b,1.6,5.3,,,WISPIT 2,1.08,1.418,4400.0,133.35,290.82100005622,-7.68208608363,2025,Imaging,
wispit 2 c,1.05,10.0,,,WISPIT 2,1.08,1.418,4400.0,133.35,290.82100005622,-7.68208608363,2025,Imaging,
wolf 1061 b,,,4.8869,0.15,Wolf 1061,0.25,0.307,3342.0,4.29,247.575241798,-12.6625898008,2015,Radial Velocity,
wolf 1061 c,,,17.8719,0.11,Wolf 1061,0.25,0.307,3342.0,4.29,247.575241798,-12.6625898008,2015,Radial Velocity,
wolf 1061 d,,,217.21,0.55,Wolf 1061,0.25,0.307,3342.0,4.29,247.575241798,-12.6625898008,2015,Radial Velocity,
wolf 1069 b,,,15.564,,Wolf 1069,0.167,0.1813,3158.0,9.5747,306.525000002,58.575277796,2023,Radial Velocity,
wolf 327 b,0.1106,2.53,0.5734745,0.0,Wolf 327,,,,,148.37875,35.571305555555554,2024,Primary Transit,
wolf 359 c,,,2.68687,0.15,Wolf 359,,,,2.42,164.120833343,7.014444456,2019,Radial Velocity,
wolf 503 b,0.18227,0.0197,6.001127,0.41,Wolf 503,0.688,0.69,4716.0,44.583,206.845833341,-6.13694445,2018,Primary Transit,
wts-1 b,1.49,4.01,3.352059,0.1,WTS-1,1.2,1.15,6250.0,3200.0,293.9917,36.2903,2012,Primary Transit,
wts-2 b,1.3,1.12,1.0187074,0.0,WTS-2,0.82,0.761,5000.0,1000.0,293.733333352,36.815555584,2013,Primary Transit,
xo-1 b,1.184,0.9,3.9415128,0.0,XO-1,1.0,0.928,,200.0,240.55,28.1697222,2006,Primary Transit,
xo-2n b,0.973,0.62,2.615838,0.045,XO-2N,0.96,0.998,5290.0,149.0,117.0291667,50.2258333,2007,Primary Transit,
xo-2s b,,,18.22,0.15,XO-2S,0.98,1.02,5325.0,149.0,117.031172594234,50.217571619319,2014,Radial Velocity,
xo-2s c,,,120.059,0.149,XO-2S,0.98,1.02,5325.0,149.0,117.031172594234,50.217571619319,2014,Radial Velocity,
xo-2s d,,,4696.0,0.091,XO-2S,0.98,1.02,5325.0,149.0,117.031172594234,50.217571619319,2024,Radial Velocity,
xo-3 ab,1.217,11.79,3.1915239,0.26,XO-3 A,1.41,1.49,6781.0,260.0,65.4708333,57.8169444,2007,Primary Transit,
xo-4 b,1.317,1.616,4.12473,0.0,XO-4,1.32,1.55,5700.0,293.0,110.3875,58.2680556,2008,Primary Transit,
xo-5 b,1.03,1.077,4.1877537,0.0,XO-5,0.88,1.06,5510.0,255.0,116.7166667,39.0947222,2008,Primary Transit,
xo-6 b,2.17,4.47,3.7649923,0.0,XO-6,1.47,1.93,6720.0,86.0,94.79166667,73.827777803,2016,Primary Transit,
xo-7 b,1.346,0.726,2.86413296,0.038,XO-7,1.405,1.48,6000.0,234.1,277.229166685,85.233333338,2019,Primary Transit,
xte j0929-314 b,0.389,,0.030263263,,XTE J0929-314,1.4,2e-05,,1200.0,142.334125,-31.38422222222222,2002,"Timing, Kinematic",
ybp 1194 b,,,6.958,0.24,YBP 1194,1.01,0.99,5780.0,,132.754166667,11.81472225,2014,Radial Velocity,
ybp 1514 b,,,5.118,0.39,YBP 1514,0.96,0.89,5725.0,,132.754166667,11.886666687,2014,Radial Velocity,
ybp 401 b,,,4.087,0.15,YBP 401,1.14,,6165.0,843.0,132.829166673,11.671111128,2016,Radial Velocity,
yz cet b,,,2.02087,0.0,YZ Cet,0.13,0.168,3056.0,3.6,18.1270833435,-16.998888921,2017,Radial Velocity,
yz cet c,,,3.05989,0.04,YZ Cet,0.13,0.168,3056.0,3.6,18.1270833435,-16.998888921,2017,Radial Velocity,
yz cet d,,,4.65626,0.129,YZ Cet,0.13,0.168,3056.0,3.6,18.1270833435,-16.998888921,2017,Radial Velocity,
