pl_name,radius,mass,orbital_period,eccentricity,star_name,star_mass,star_radius,star_teff,star_distance,ra,dec,discovered,detection_type,eq_temperature,star_spectype
51 eri b,,,11688.0,0.45,51 Eri,1.65,1.48726,7295.0,29.7575,69.4007424,-2.4738245,2015.0,Imaging,,F
af lep b,,1017.0509024,8030.0,0.24,AF Lep,1.2,1.25,6130.0,26.8564,81.7699216,-11.9011752,2023.0,Imaging,,F8 V
bd-14 3065 b,21.59,3932.0,4.2889731,0.066,BD-14 3065 A,1.41,2.35,6935.0,589.423,153.6696689,-15.6428372,2024.0,Transit,2001.0,F
bebop-3 b,,177.34825111,547.0,0.247,BEBOP-3,1.083,1.414,6033.0,119.052,110.902655,79.1323952,2025.0,Radial Velocity,,F
corot-1 b,19.223435,390.9309,1.5089682,0.036,CoRoT-1,1.22,1.23,6298.0,787.909,102.0798591,-3.1021394,2008.0,Transit,,F
corot-11 b,,,,,CoRoT-11,1.56,1.36,6343.0,655.037,280.6872998,5.9376586,2010.0,Transit,,F
corot-14 b,12.22,2415.4,1.51214,0.0,CoRoT-14,1.13,1.21,6035.0,1744.6,103.4242023,-5.5360385,2010.0,Transit,1952.0,F9 V
corot-19 b,13.33871,346.4347,3.89713,,CoRoT-19,1.181,1.576,6090.0,790.663,97.0335983,-0.1707293,2011.0,Transit,1630.0,F
corot-21 b,14.5717,718.2958,2.72474,0.0,CoRoT-21,1.29,1.95,6200.0,,101.0526207,-0.2991544,2012.0,Transit,,F8 IV
corot-25 b,12.11,85.81,4.86069,0.0,CoRoT-25,1.09,1.19,6040.0,1103.48,280.6296561,6.5138223,2013.0,Transit,1330.0,F9
corot-3 b,,,,,CoRoT-3,1.41,1.44,6558.0,768.771,292.0552827,0.1218359,2008.0,Transit,,F
corot-35 b,18.83108758,349.6112477,3.22748,0.0,CoRoT-35,1.01,1.65,6390.0,1123.21,289.3143526,-2.7747085,2022.0,Transit,1747.0,F6 V
corot-36 b,15.80466279,216.12331676,5.616531,0.0,CoRoT-36,1.32,1.52,6730.0,925.958,277.7510149,7.1833465,2022.0,Transit,1567.0,F3 V
corot-4 b,13.34,228.83,9.20205,0.0,CoRoT-4,1.16,1.17,6190.0,726.412,102.1946233,-0.6727861,2008.0,Transit,1074.0,F
corot-5 b,15.558092,151.92274,4.0378962,0.087,CoRoT-5,1.0,1.186,6100.0,882.472,101.2772396,0.8152163,2009.0,Transit,,F
dmpp-1 b,,24.27,18.57,0.083,DMPP-1,1.21,1.26,6196.0,62.5388,86.7761233,-10.6303217,2019.0,Radial Velocity,877.0,F8 V
dmpp-1 c,,9.6,6.584,0.057,DMPP-1,1.21,1.26,6196.0,62.5388,86.7761233,-10.6303217,2019.0,Radial Velocity,1239.0,F8 V
dmpp-1 e,,4.13,5.516,0.07,DMPP-1,1.21,1.26,6196.0,62.5388,86.7761233,-10.6303217,2019.0,Radial Velocity,1314.0,F8 V
dmpp-4 b,,12.2,3.4982,0.063,DMPP-4,1.25,1.38,6400.0,25.3284,293.5826648,51.2358069,2023.0,Radial Velocity,,F5-F8 V
epic 206024342 d,4.0,,14.637,,EPIC 206024342,,1.5,6438.0,369.888,331.2771441,-14.1218019,2021.0,Transit,,F
epic 212587672 b,1.26,,15.28078,,EPIC 212587672,0.99,0.98,6004.0,320.07,205.4445125,-10.8625468,2019.0,Transit,756.0,F
epic 212587672 c,,,23.226,,EPIC 212587672,1.13,0.94987,6055.0,320.07,205.4445125,-10.8625468,2021.0,Transit,,F
epic 246851721 b,11.780659,953.49,6.180235,,EPIC 246851721,1.317,1.586,6202.0,372.632,78.9198197,16.2786991,2018.0,Transit,1401.0,F5 V
gpx-1 b,16.47720163,6261.2196179,1.744579,0.0,GPX-1,1.68,1.56,7000.0,655.013,38.3691648,56.025708,2021.0,Transit,2300.0,F2
hat-p-14 b,13.4508,724.6524,4.627649,0.066,HAT-P-14,1.32,1.53,6583.0,222.663,260.1161719,38.2421682,2010.0,Transit,1612.0,F5 V
hat-p-16 b,13.33871,1331.38987,2.775970244,0.034,HAT-P-16,,,6158.0,226.637,9.5730343,42.4630961,2010.0,Transit,1571.0,F
hat-p-24 b,13.922,217.704,3.35524,0.067,HAT-P-24,1.191,1.317,6373.0,415.344,108.8251171,14.2626064,2010.0,Transit,1637.0,F8
hat-p-29 b,,,5.7233685,0.07,HAT-P-29,1.207,1.224,6087.0,313.576,33.1310921,51.7787754,2011.0,Transit,,F8
hat-p-31 b,,,5.005419,,HAT-P-31,1.31,1.39,6065.0,344.05,271.5376722,26.4266061,2011.0,Transit,,F
hat-p-33 b,19.6131,,3.4744763,,HAT-P-33,,1.67,6642.3,396.11,113.1842383,33.8350214,2011.0,Transit,1789.0,F
hat-p-35 b,14.93,334.979,3.646706,0.025,HAT-P-35,1.236,1.435,6096.0,506.965,123.250703,4.7870288,2011.0,Transit,1581.0,F
hat-p-39 b,17.609339,180.84527,3.54387,0.17,HAT-P-39,1.404,1.625,6430.0,697.004,113.7582526,17.8300283,2012.0,Transit,,F
hat-p-40 b,,,4.4572173,,HAT-P-40,1.512,2.206,6080.0,464.469,335.5129199,45.4573423,2012.0,Transit,,F
hat-p-41 b,,,,,HAT-P-41,1.28,1.19,6479.0,348.185,297.3226523,4.6724124,2012.0,Transit,,F
hat-p-49 b,17.4501,,2.6915408,,HAT-P-49,,1.96,6955.0,350.351,305.4413294,26.6926759,2014.0,Transit,2267.0,F
hat-p-50 b,,,3.12200511,,HAT-P-50,1.273,1.698,6280.0,515.458,118.0634379,12.1393474,2015.0,Transit,,F
hat-p-56 b,16.92559,734.1873,2.79083,,HAT-P-56,1.42,1.47,6566.0,320.639,100.8480137,27.2521823,2015.0,Transit,,F
hat-p-6 b,16.58932,419.5356,3.85298,0.0,HAT-P-6,1.79,1.62,6570.0,275.358,354.7740917,42.4659866,2007.0,Transit,,F
hat-p-60 b,18.28184752,182.43350562,4.7947813,0.25,HAT-P-60,1.435,2.197,6212.0,233.22,28.2825719,52.0539209,2021.0,Transit,1772.0,F
hat-p-64 b,18.1614,,4.007232,,HAT-P-64,,1.75,6202.0,651.897,68.9743955,2.4312732,2021.0,Transit,1664.0,F
hat-p-67 b,23.9872187,143.02278315,4.8101069,,HAT-P-67,1.73,2.62,6640.0,371.686,256.6107279,44.7768849,2017.0,Transit,,F
hat-p-7 b,16.05,,2.204735365,,HAT-P-7,1.47,1.96,6360.0,341.079,292.24719,47.9695429,2008.0,Transit,,F
hat-p-8 b,,,3.0763433,,HAT-P-8,1.28,1.58,6200.0,211.553,343.0414932,35.4471778,2008.0,Transit,,F
hat-p-9 b,15.614137,238.05467,3.92281072,0.084,HAT-P-9,1.281,1.338,6350.0,455.203,110.1685157,37.1405946,2008.0,Transit,1540.0,F
hats-26 b,17.80799124,,3.3023907305,,HATS-26,,1.91031,6071.0,861.843,144.9268593,-28.5856004,2016.0,Transit,1753.94,F
hats-27 b,,,4.6370496,,HATS-27,1.415,1.74,6438.0,816.988,193.5524603,-46.5877159,2016.0,Transit,,F
hats-3 b,15.479629,349.613,3.547851,0.3,HATS-3,1.21,1.4,6351.0,411.211,312.4574879,-24.4286938,2013.0,Transit,,F
hats-31 b,14.33267511,,3.37796143336,,HATS-31,,1.66165,6113.0,773.974,191.7028214,-24.4273897,2016.0,Transit,1617.93,F
hats-39 b,,,4.5776346,,HATS-39,1.379,1.621,6572.0,878.521,112.4192251,-29.9379163,2018.0,Transit,,F
hats-40 b,15.09024862,,3.26331647417,,HATS-40,,2.08347,6561.0,1342.29,100.5712467,-29.77678,2018.0,Transit,1912.75,F
hats-41 b,,,4.1936623,0.38,HATS-41,1.496,1.71,6424.0,737.668,103.5173558,-27.0504156,2018.0,Transit,,F
hats-42 b,,,2.29210275,,HATS-42,1.273,1.48,6060.0,800.377,108.4523991,-33.4373462,2018.0,Transit,,F
hats-45 b,13.90023688,,4.1876153815,,HATS-45,,1.23733,6675.0,772.11,101.9942455,-21.9107112,2018.0,Transit,1361.2,F
hats-55 b,12.1025,,4.20420780773,,HATS-55,,1.07,6781.0,609.838,114.2833819,-32.7554188,2019.0,Transit,1210.0,F
hats-56 b,,,4.3247662,,HATS-56,1.573,2.201,6536.0,564.409,180.165072,-45.7994559,2019.0,Transit,,F
hats-58 a b,,,4.2180733,,HATS-58 A,1.461,1.433,7175.0,403.591,186.7873036,-48.9784105,2019.0,Transit,,F
hats-64 b,15.96197585,,4.90888191904,,HATS-64,,2.09179,6606.0,1080.15,144.2876092,-29.800444,2018.0,Transit,1680.07,F
hats-65 b,,,3.10515933,,HATS-65,1.257,1.31,6277.0,493.32,292.9397825,-26.7402021,2018.0,Transit,,F
hats-66 b,15.815899,1694.0339,3.1414391,0.064,HATS-66,1.411,1.841,6626.0,1477.98,101.3948048,-33.8816918,2018.0,Transit,1998.0,F
hats-67 b,18.887165,460.8535,1.6091788,0.057,HATS-67,1.435,1.441,6594.0,960.109,180.2087883,-46.1364201,2018.0,Transit,2193.0,F
hats-68 b,13.809488,410.0007,3.5862202,0.036,HATS-68,1.351,1.748,6147.0,603.955,15.006077,-58.9047242,2018.0,Transit,1741.0,F
hd 103774 b,,116.0,5.8881,0.09,HD 103774,1.335,,6489.0,56.4089,179.2310729,-12.1079951,2013.0,Radial Velocity,,F5 V
hd 103891 b,,918.52409623,1894.0,0.31,HD 103891,1.28,,6072.0,55.5213,179.4382907,-8.5486195,2022.0,Radial Velocity,,F8 V
hd 106315 b,2.25,10.1,9.552105,,HD 106315,1.091,1.222,6450.0,109.353,183.4724742,-0.3934357,2017.0,Transit,,F
hd 106315 c,,,21.056614,,HD 106315,1.07,1.18,6290.0,109.353,183.4724742,-0.3934357,2017.0,Transit,,F5 V
hd 10647 b,,298.75,989.2,0.15,HD 10647,1.11,1.1,6218.0,17.3357,25.6233526,-53.7412852,2006.0,Radial Velocity,,F9 V
hd 106906 b,,4115.8985,,,HD 106906,1.32,2.12351,6473.79,103.029,184.4713308,-55.9755805,2013.0,Imaging,1820.0,F
hd 108147 b,,82.95,10.8985,0.53,HD 108147,1.22,1.20664,6255.73,38.92,186.4409852,-64.0223492,2002.0,Radial Velocity,,F
hd 110082 b,3.05380568,,10.1826982735,,HD 110082,,1.14582,6153.0,105.096,192.5892855,-88.1211107,2021.0,Transit,957.2,F
hd 111998 b,,1433.4133,825.9,0.03,HD 111998,1.18,1.45,6557.0,33.2237,193.2953521,-3.5531133,2016.0,Radial Velocity,,F5 V
hd 113337 b,,985.273,,,HD 113337,,1.5,6774.0,36.18,195.4438496,63.610328,2013.0,Radial Velocity,,F
hd 114082 b,11.2089807,2542.627256,109.75,0.395,HD 114082,1.47,1.49,6651.0,95.3906,197.3171237,-60.3084347,2022.0,Radial Velocity,,F3 V
hd 121504 b,,388.0,63.33,0.03,HD 121504,1.18,,6075.0,41.6592,209.3199062,-56.0404085,2003.0,Radial Velocity,,F
hd 12484 b,,947.1334,58.83,0.07,HD 12484,1.01,,5920.0,48.3367,30.6115322,2.8158078,2016.0,Radial Velocity,,F8
hd 128717 b,,6293.0024586,3420.0,0.85,HD 128717,1.212,1.248,6210.0,73.636,219.0881687,57.5609512,2025.0,Astrometry,,F
hd 132563 b,,473.547,1544.0,0.22,HD 132563,1.231,1.29577,6289.0,105.155,224.5892892,44.0428571,2011.0,Radial Velocity,,F
hd 136118 b,,5244.1687155,1191.0,0.35,HD 136118,1.21,,6097.0,51.4359,229.7306046,-1.5922913,2022.0,Radial Velocity,,F7 V
hd 13908 b,,274.91,19.382,0.02,HD 13908,1.29,1.67,6255.0,79.5515,34.5609102,65.5941901,2013.0,Radial Velocity,,F8 V
hd 13908 c,,1630.4,931.0,0.12,HD 13908,1.29,1.67,6255.0,79.5515,34.5609102,65.5941901,2013.0,Radial Velocity,,F8 V
hd 142 b,,397.27,349.7,0.17,HD 142,1.232,1.47,6245.0,26.1853,1.5836771,-49.0753625,2001.0,Radial Velocity,,F
hd 142 c,,1684.4,6005.0,0.21,HD 142,1.232,1.47,6245.0,26.1853,1.5836771,-49.0753625,2012.0,Radial Velocity,,F
hd 142415 b,,515.0,386.3,0.5,HD 142415,1.03,,6045.0,35.5318,239.418989,-60.2006948,2003.0,Radial Velocity,,F
hd 143105 b,,384.5743,2.1974,0.07,HD 143105,1.51,,6380.0,46.7789,238.4023547,68.7199779,2016.0,Radial Velocity,,F5
hd 143811 ab b,,1779.8390792,120000.0,0.23,HD 143811 A,1.3,,6751.0,136.608,240.8891972,-30.1371574,2025.0,Imaging,1042.0,F
hd 145377 b,,1913.3366,103.95,0.31,HD 145377,1.2,1.05,6014.0,53.4884,242.9019658,-27.0781199,2008.0,Radial Velocity,,F
hd 148156 b,,270.144,1027.0,0.52,HD 148156,1.22,1.21,6308.0,57.1289,247.0723035,-46.3175085,2009.0,Radial Velocity,,F
hd 148164 b,,390.9309,328.55,0.587,HD 148164,1.21,1.34,6032.0,77.1971,246.4351678,11.9190729,2018.0,Radial Velocity,,F8
hd 148164 c,,1640.0028,5062.0,0.125,HD 148164,1.21,1.34,6032.0,77.1971,246.4351678,11.9190729,2018.0,Radial Velocity,,F8
hd 149026 b,8.33267,,2.8758831,,HD 149026,,1.46,6084.0,75.8643,247.6229827,38.3475349,2005.0,Radial Velocity,1602.0,F
hd 153950 b,,937.5985,499.39999,0.34,HD 153950,1.25,1.28,6124.0,48.4549,256.1292826,-43.3103753,2008.0,Radial Velocity,,F
hd 155193 b,,238.37130525,352.65,0.21,HD 155193,1.221,,6239.0,57.7995,257.4208876,10.0381003,2021.0,Radial Velocity,,F8 IV
hd 156411 b,,235.18,842.2,0.22,HD 156411,1.25,2.16,5900.0,56.8655,259.9639522,-48.5502313,2009.0,Radial Velocity,,F8 IV/V
hd 1666 b,,2040.0,270.0,0.63,HD 1666,1.5,1.93,6317.0,117.908,5.2180424,-19.9314823,2015.0,Radial Velocity,,F7 V
hd 169830 b,,915.31,225.62,0.31,HD 169830,1.4,,6299.0,37.6048,276.9561859,-29.8167919,2000.0,Radial Velocity,,F8 V
hd 169830 c,,1283.98,2102.0,0.33,HD 169830,1.4,,6299.0,37.6048,276.9561859,-29.8167919,2003.0,Radial Velocity,,F8 V
hd 179949 b,,307.34006957,3.092535,0.016,HD 179949,1.220173,1.266865,6176.2,27.4573,288.8890182,-24.1797939,2000.0,Radial Velocity,,F
hd 185269 b,,346.4347,6.83785,0.3,HD 185269,1.57,2.0,6048.0,51.9917,294.2987668,28.499514,2006.0,Radial Velocity,,F
hd 187085 b,,265.70588,1019.74,0.251,HD 187085,1.189,1.27,6117.0,45.8993,297.3915731,-37.7809929,2006.0,Radial Velocity,,F
hd 190984 b,,985.2,4885.0,0.57,HD 190984,0.91,1.53,5988.0,148.187,302.8779827,-64.6202728,2009.0,Radial Velocity,,F8 V
hd 196885 a b,,947.1334,1325.8575,0.48,HD 196885 A,1.18,1.43072,6172.0,34.1692,309.9664609,11.2500236,2007.0,Radial Velocity,,F
hd 197037 b,,251.0,1035.7,0.22,HD 197037,1.11,,6150.0,33.1944,309.8869681,42.247593,2012.0,Radial Velocity,,F7 V
hd 19994 b,,435.41,466.2,0.063,HD 19994,1.365,,6188.0,22.5242,48.1943193,-1.1963955,2003.0,Radial Velocity,,F8 V
hd 202772 a b,24.9862,,3.3088922,,HD 202772 A,,2.62,6188.0,161.498,319.6995877,-26.6163743,2019.0,Transit,3184.0,F
hd 205739 b,,435.41,279.8,0.27,HD 205739,1.22,1.33,6176.0,92.5087,324.5351273,-31.7378373,2008.0,Radial Velocity,,F
hd 206893 b,14.01122587,8899.195396,9350.0,0.14,HD 206893,1.32,,,40.7583,326.3416874,-12.7833522,2021.0,Imaging,1429.2,F5 V
hd 206893 c,16.36511182,4036.4207689,2090.0,0.41,HD 206893,1.32,,,40.7583,326.3416874,-12.7833522,2022.0,Imaging,1181.9,F5 V
hd 211403 b,,1760.76937478,223.8,0.084,HD 211403,1.2,1.206,6273.0,83.0919,333.8158177,58.2755601,2021.0,Radial Velocity,380.0,F7 V
hd 212301 b,,162.0933,2.24571,0.0,HD 212301,1.55,1.16,6239.0,54.2304,336.8803957,-77.7183219,2005.0,Radial Velocity,,F
hd 217786 b,,9185.2409623,1302.1,0.3158,HD 217786,1.02,,5966.0,55.4847,345.7838088,-0.4303594,2011.0,Radial Velocity,,F8 V
hd 220773 b,,460.8,3724.7,0.51,HD 220773,1.16,,5940.0,50.5103,351.6144715,8.6428871,2011.0,Radial Velocity,,F9
hd 220842 b,,1010.6994,218.47,0.404,HD 220842,1.13,,5960.0,64.6498,351.6534162,56.8871415,2016.0,Radial Velocity,,F8
hd 221287 b,,982.05,456.1,0.08,HD 221287,1.25,,6304.0,55.9231,352.836223,-58.209754,2007.0,Radial Velocity,,F
hd 224538 b,,3655.0266805,1201.0,0.484,HD 224538,1.34,,6097.0,79.0608,359.7164302,-61.5868613,2016.0,Radial Velocity,,F8/G0 IV/V
hd 22946 d,2.607,26.57,47.42489,,HD 22946,1.098,1.117,6169.0,62.7792,54.819538,-42.7630276,2023.0,Transit,546.0,F
hd 23079 b,,845.42356262,735.74,0.07348,HD 23079,1.16,1.08,5994.0,33.4591,54.9281897,-52.9162344,2001.0,Radial Velocity,,F9.5 V
hd 23079 c,,8.26,5.748913,0.097,HD 23079,1.16,1.08,5994.0,33.4591,54.9281897,-52.9162344,2025.0,Radial Velocity,,F9.5 V
hd 231701 b,,359.1479,141.63,0.13,HD 231701,1.21,1.53,6101.0,108.877,293.017622,16.4743566,2007.0,Radial Velocity,,F8 V
hd 23596 b,,2450.37,1561.0,0.266,HD 23596,1.159,,5904.0,52.0018,57.0018601,40.5307308,2003.0,Radial Velocity,,F8 V
hd 25171 b,,290.81445,1802.29,0.042,HD 25171,1.076,1.23,6125.0,55.6146,58.9574779,-65.1863239,2010.0,Radial Velocity,,F
hd 25463 b,2.84649412,,7.04916084122,,HD 25463,,1.42717,6337.87,45.6181,60.7483361,9.2077676,2023.0,Transit,1199.74,F
hd 25463 c,1.33374248,,3.04404408205,,HD 25463,,1.42717,6337.87,45.6181,60.7483361,9.2077676,2023.0,Transit,1587.27,F
hd 26161 b,,4290.6834945,32000.0,0.82,HD 26161,1.132916,1.455981,6057.62,40.9128,62.4122255,31.6524346,2021.0,Radial Velocity,,F
hd 2685 b,,,4.1269052,0.091,HD 2685,1.43,1.56,6801.0,196.852,7.3289156,-76.304032,2019.0,Transit,,F
hd 28109 b,2.69,6.2,22.891054,0.0071,HD 28109,1.227,1.425,6189.0,139.611,65.2383065,-68.1026875,2022.0,Transit,867.0,F8
hd 28109 c,4.60744436,,56.00450564844,,HD 28109,,1.41189,6321.0,139.611,65.2383065,-68.1026875,2022.0,Transit,596.67,F
hd 28109 d,3.25,5.681,84.25999,0.0864,HD 28109,1.26,1.446,6120.0,139.611,65.2383065,-68.1026875,2022.0,Transit,506.5,F8/G0 V
hd 284149 ab b,,8352.53053596,,,HD 284149 A,,1.36,6035.0,117.807,61.6616887,20.3030344,2017.0,Imaging,2395.0,F
hd 31253 b,,141.75146952,468.7,0.44,HD 31253,1.325015,1.8288,6014.94,58.1438,73.6822877,12.3520103,2010.0,Radial Velocity,,F
hd 332231 b,,,18.71204,,HD 332231,1.127,1.277,6089.0,80.6665,306.741134,33.7443882,2020.0,Transit,,F8
hd 33283 b,,117.5971,18.179,0.48,HD 33283,1.47,1.74,6108.0,89.8623,77.0044889,-26.7976689,2006.0,Radial Velocity,,F
hd 33564 b,,2892.1,388.0,0.34,HD 33564,1.25,,6250.0,20.9531,80.6378979,79.2318488,2005.0,Radial Velocity,,F6 V
hd 40979 b,,1274.44,264.15,0.252,HD 40979,1.154,,6089.0,34.0883,91.1253346,44.2597855,2002.0,Radial Velocity,,F8 V
hd 52265 b,,346.0,119.29,0.325,HD 52265,1.2,,6076.0,29.9803,105.0746449,-5.3668142,2000.0,Radial Velocity,,F
hd 5278 b,2.45,7.8,14.339156,0.08,HD 5278,1.126,1.194,6203.0,57.5846,12.5467785,-83.7437671,2021.0,Transit,943.0,F V
hd 5278 c,,18.4,40.87,0.07,HD 5278,1.126,1.194,6203.0,57.5846,12.5467785,-83.7437671,2021.0,Radial Velocity,,F V
hd 60532 b,,336.8998,201.9,0.26,HD 60532,1.5,2.57,6245.0,25.9716,113.5130656,-22.2958661,2008.0,Radial Velocity,,F
hd 60532 c,,797.7533,600.1,0.03,HD 60532,1.5,2.57,6245.0,25.9716,113.5130656,-22.2958661,2008.0,Radial Velocity,,F
hd 67087 b,,973.0,352.2,0.17,HD 67087,1.36,1.55,6330.0,76.5217,121.9155672,31.5511553,2015.0,Radial Velocity,,F8 V
hd 67087 c,,1540.0,2374.0,0.76,HD 67087,1.36,1.55,6330.0,76.5217,121.9155672,31.5511553,2015.0,Radial Velocity,,F8 V
hd 73344 b,,12.43,15.604,0.0,HD 73344,1.19,1.22,6148.0,35.26,129.6894456,23.6852651,2024.0,Transit,,F
hd 73344 c,,118.54999581,65.94,0.124,HD 73344,1.19,1.22,6148.0,35.26,129.6894456,23.6852651,2025.0,Radial Velocity,,F
hd 73344 d,,810.46243785,5823.0,0.18,HD 73344,1.19,1.22,6148.0,35.26,129.6894456,23.6852651,2025.0,Radial Velocity,,F
hd 7449 b,,352.776,1275.0,0.82,HD 7449,1.05,1.01,6024.0,38.662,18.621465,-5.0479716,2011.0,Radial Velocity,,F
hd 75289 b,,148.42661,3.509267,0.034,HD 75289,1.21,,6095.0,29.1158,131.9181715,-41.7377748,1999.0,Radial Velocity,,F
hd 75898 b,,858.141,418.20001,0.1,HD 75898,1.43,1.55,6061.0,78.0505,133.4611999,33.0566885,2007.0,Radial Velocity,,F
hd 75898 c,,2698.36317543,6717.0,0.08,HD 75898,1.295,,6122.0,78.0505,133.4611999,33.0566885,2024.0,Radial Velocity,,F8 V
hd 77946 b,2.89726371,,6.52738841375,,HD 77946,,1.32944,6023.0,99.451,136.777644,46.6724251,2024.0,Transit,1149.83,F
hd 8574 b,,561.28496676,227.04,0.306,HD 8574,1.090782,1.423047,6004.14,44.8264,21.3033807,28.5660169,2002.0,Radial Velocity,,F
hd 86081 b,,521.2412,2.1375,0.01,HD 86081,1.39,1.58,6018.0,103.936,149.0243714,-3.8083543,2006.0,Radial Velocity,,F
hd 86264 b,,3909.2894061,1480.0,0.77,HD 86264,1.42,,6210.0,67.8107,149.2409308,-15.8953993,2009.0,Radial Velocity,,F7 V
hd 89744 b,,2653.8805,256.78,0.677,HD 89744,1.86,,6291.0,38.6364,155.5433193,41.2289354,1999.0,Radial Velocity,,F
hd 89839 b,,1652.7077164,3448.0,0.2,HD 89839,1.3,,,57.3063,155.168879,-53.6640291,2023.0,Radial Velocity,,F7 V
hip 21152 b,,7627.881768,22000.0,0.36,HIP 21152,1.4,,6655.0,43.4073,68.0205209,5.4100745,2022.0,Imaging,1300.0,F5 V
hip 41378 b,2.419,9.06,15.571893,0.0213,HIP 41378,1.245,1.306,6371.0,106.289,126.6158279,10.0803708,2016.0,Transit,970.67,F
hip 41378 c,2.56,,31.6978,,HIP 41378,1.15,1.4,6199.0,106.289,126.6158279,10.0803708,2016.0,Transit,,F
hip 41378 d,,,1114.0,,HIP 41378,1.168,1.343,6226.0,106.289,126.6158279,10.0803708,2016.0,Transit,,F
hip 41378 e,4.92,12.0,369.0,,HIP 41378,1.16,1.273,6320.0,106.289,126.6158279,10.0803708,2016.0,Transit,335.0,F
hip 41378 f,,,1084.0,,HIP 41378,1.168,1.343,6226.0,106.289,126.6158279,10.0803708,2016.0,Transit,,F
hip 41378 g,,6.81,64.067,0.01,HIP 41378,1.245,1.306,6371.0,106.289,126.6158279,10.0803708,2025.0,Radial Velocity,,F
hr 2562 b,,4195.3349724,,,HR 2562,1.368,1.334,6597.0,34.0071,102.5042716,-60.2486775,2016.0,Imaging,1255.0,F5 V
hr 858 b,2.004,3.55,3.585287,0.0,HR 858,1.204,1.258,6354.0,31.964,42.9849779,-30.8140609,2019.0,Transit,1552.0,F
hr 858 c,1.939,,5.97293,0.19,HR 858,1.145,1.31,6201.0,31.964,42.9849779,-30.8140609,2019.0,Transit,1326.0,F
hr 858 d,2.164,,11.23,0.28,HR 858,1.145,1.31,6201.0,31.964,42.9849779,-30.8140609,2019.0,Transit,1075.0,F
hr 8799 c,11.209,,,,HR 8799,1.61,1.49338,7204.58,41.2441,346.8701486,21.1340376,2008.0,Imaging,1200.0,F
hr 8799 e,10.0881,,,,HR 8799,1.61,1.49338,7204.58,41.2441,346.8701486,21.1340376,2010.0,Imaging,1300.0,F
k2-100 b,,,1.674,,K2-100,1.153,1.21742,6115.49,188.959,129.6010863,20.1060074,2016.0,Transit,,F
k2-107 b,15.98,,3.313959,,K2-107,1.3,1.81,6061.0,685.2,284.985355,-22.2934206,2017.0,Transit,1649.0,F
k2-167 b,2.36509493,,9.978541,0.48,K2-167,1.084,1.499,6310.0,80.8994,336.5761233,-18.011665,2018.0,Transit,1220.0,F
k2-177 b,2.1162048,,14.155185,,K2-177,1.210525,1.213565,6063.0,492.167,55.2296156,20.7360891,2018.0,Transit,,F
k2-196 b,3.59970536,,48.324222,,K2-196,1.162095,1.538801,6045.0,584.877,200.4562487,-8.4717104,2018.0,Transit,,F
k2-222 b,2.53826377,,15.3886606556,,K2-222,,1.0623,6101.0,101.321,16.4625203,11.7537171,2018.0,Transit,779.17,F
k2-230 b,1.93420564,,2.860636,,K2-230,1.1312,1.181244,6002.0,540.773,191.363117,-6.576051,2018.0,Transit,,F
k2-237 b,18.49485,508.528,2.18056,0.0,K2-237,1.28,1.43,6257.0,314.995,253.7688479,-28.7105836,2018.0,Transit,1884.0,F6 V
k2-243 b,2.17,,11.54182,,K2-243,1.29,1.39,6570.0,266.864,181.1211419,-4.8991358,2018.0,Transit,1035.0,F
k2-243 c,2.01,,24.94598,,K2-243,1.29,1.39,6570.0,266.864,181.1211419,-4.8991358,2018.0,Transit,801.0,F
k2-249 b,2.79,,12.409,,K2-249,1.32,1.57,6504.0,521.716,183.3667344,-8.9952309,2018.0,Transit,1061.0,F
k2-258 b,3.0,,19.0921,,K2-258,1.21,1.31,6351.0,661.873,187.6314027,-1.1609171,2018.0,Transit,831.0,F
k2-260 b,,,2.6266974,,K2-260,1.39,1.69,6367.0,663.834,76.8673317,16.8676948,2018.0,Transit,,F6 V
k2-269 b,1.57,,4.144965,,K2-269,1.16,1.45,6209.0,360.76,130.1551381,13.0146799,2018.0,Transit,1429.0,F
k2-278 b,2.98,,3.334966,,K2-278,1.4,1.61,6747.0,786.439,203.3018653,-14.5041057,2018.0,Transit,1711.0,F
k2-308 b,9.916,,3.38628,,K2-308,1.09,1.24,6100.0,1314.53,78.3391194,16.4141986,2019.0,Transit,,F
k2-330 b,2.67656,,13.7748361,,K2-330,,1.47,6266.98,160.125,126.8968265,11.6674131,2021.0,Transit,912.0,F
k2-334 b,5.65,,5.113981,,K2-334,1.36,1.49,6502.0,371.823,136.4894259,16.3255146,2021.0,Transit,1380.0,F
k2-335 b,,,12.281,,K2-335,1.22,1.33471,6272.0,557.993,129.3896679,16.5220648,2021.0,Transit,,F
k2-34 b,13.8,,2.995653,,K2-34,,1.398,6380.0,348.646,127.5787231,22.2359194,2016.0,Transit,,F
k2-342 b,2.4,,11.561514,,K2-342,,1.406,6140.0,208.357,133.1218996,21.2386816,2021.0,Transit,,F
k2-373 b,2.061,,11.02066,,K2-373,1.158,1.486,6138.0,229.567,123.1361518,13.6884986,2022.0,Transit,,F
k2-46 b,2.65,,19.153765,,K2-46,,1.32,6234.0,449.237,174.2662454,-0.90721,2016.0,Transit,,F
k2-63 c,3.9,,25.4556,,K2-63,1.4,1.63,6771.0,517.534,333.4267738,-12.0663429,2016.0,Transit,,F
k2-75 b,2.54862479,,7.817949,,K2-75,1.173509,1.238022,6022.0,561.93,338.844896,-7.469895,2016.0,Transit,,F
k2-75 c,2.62624197,,18.286069,,K2-75,1.173509,1.238022,6022.0,561.93,338.844896,-7.469895,2016.0,Transit,,F
k2-98 b,,,10.136,,K2-98,1.23,1.50696,6283.0,518.625,126.4882114,11.5110933,2016.0,Transit,,F
k2-99 b,11.73,,18.251985,,K2-99,1.63,2.63,6217.0,519.229,208.7737624,-5.4424943,2016.0,Transit,1113.0,F
k2-99 c,,2669.7586188,522.2,0.21,K2-99,1.44,2.55,6069.0,519.229,208.7737624,-5.4424943,2022.0,Radial Velocity,390.0,F
kelt-1 b,12.442,8654.15,1.217514,0.0099,KELT-1,1.335,1.471,6516.0,268.43,0.3620995,39.3837953,2012.0,Transit,,F
kelt-12 b,15.3999,,5.0316347,,KELT-12,,2.16,6350.0,368.03,267.6404906,36.5701761,2017.0,Transit,1656.0,F
kelt-15 b,16.174587,289.2253,3.329441,0.0,KELT-15,1.181,1.481,6003.0,324.683,117.4149764,-52.1204471,2016.0,Transit,1642.0,F
kelt-16 b,,,0.968992962,,KELT-16,1.211,1.36,6236.0,444.586,314.2685227,31.6610186,2017.0,Transit,,F7 V
kelt-18 b,,,2.8717023,,KELT-18,1.524,1.908,6670.0,321.376,216.5238248,59.4442735,2017.0,Transit,,F4 V
kelt-2 a b,14.45961,485.32641,4.113791,0.081,KELT-2 A,1.308,1.828,6148.0,134.058,92.6640226,30.9571333,2012.0,Transit,,F
kelt-24 b,,,5.5514975,,KELT-24,1.46,1.506,6509.0,96.5173,161.9090273,71.655727,2019.0,Transit,,F
kelt-3 b,16.72,,2.7033942,,KELT-3,,1.61,6518.0,210.252,148.6431193,40.3879446,2013.0,Transit,1790.0,F
kelt-4 a b,19.05526719,286.0455663,2.989594,0.03,KELT-4 A,1.2,1.6,6207.0,218.05,157.06262,25.5731366,2016.0,Transit,,F
kelt-6 b,14.2866,,7.8456075,,KELT-6,,1.65,6266.0,240.726,195.9818362,30.640145,2014.0,Transit,1442.0,F
kelt-6 c,,1179.1493,1276.0,0.21,KELT-6,1.126,1.529,6272.0,240.726,195.9818362,30.640145,2015.0,Radial Velocity,,F
kelt-7 b,17.805,,2.7347651,,KELT-7,,1.77,6767.9,136.681,78.2955912,33.3179532,2015.0,Transit,1808.0,F
kic 10068024 b,,635.656814,2.073549,,KIC 10068024,1.22,1.574,6118.4,721.105,288.8470423,47.0228607,2021.0,Orbital Brightness Modulation,,F
kic 10525077 b,5.5,,854.083,,KIC 10525077,1.01,1.01,6091.0,1461.15,287.3781164,47.7711541,2015.0,Transit,,F
kic 3558849 b,6.9,,1322.3,,KIC 3558849,0.98,1.01,6175.0,1215.7,294.9498381,38.6051867,2015.0,Transit,,F
kic 8540376 b,4.1,,31.8099,,KOI-7892,1.04,1.26,6474.0,1072.3,282.3775397,44.694569,2015.0,Transit,,F
kic 8540376 c,2.4,,75.2,,KOI-7892,1.04,1.26,6474.0,1072.3,282.3775397,44.694569,2015.0,Transit,,F
kic 9663113 b,4.6,,572.3847,,KIC 9663113,0.98,1.03,6065.0,1594.74,297.0454037,46.3286653,2015.0,Transit,,F
koi-12 b,13.4,,17.855149,0.0,KOI-12,1.26,1.4,6635.0,399.398,297.4537402,41.0110188,2015.0,Transit,912.0,F
koi-134 b,12.1,,67.5923754,0.0,KOI-134,1.341,1.744,6038.0,1159.21,295.586598,45.3649371,2025.0,Transit,588.0,F
koi-134 c,,69.92224954,33.95,0.24,KOI-134,1.407,1.667,6160.0,1159.21,295.586598,45.3649371,2025.0,Transit Timing Variations,,F9V
koi-2513.01,103.23,,19.00537199,0.0,KOI-2513,1.032,1.036,6347.0,1369.87,293.6688776,46.3792321,2023.0,Transit,758.0,F
koi-3503 b,1.142,,21.1875846,,KOI-3503,0.858,1.255,6001.0,887.064,293.1507654,41.7291532,2021.0,Transit,,F
koi-3503 c,1.185,,31.8245304,,KOI-3503,0.858,1.255,6001.0,887.064,293.1507654,41.7291532,2021.0,Transit,,F
koi-351 b,1.15,,7.00828076,0.0,KOI-351,0.967,1.054,6238.0,848.254,284.4334642,49.3051239,2013.0,Transit,1061.0,F
koi-351 c,,,8.71980135,,KOI-351,1.12,1.24773,6031.13,848.254,284.4334642,49.3051239,2013.0,Transit,,F
koi-351 d,2.866,,,,KOI-351,,1.211,6015.0,848.254,284.4334642,49.3051239,2013.0,Transit,,F
koi-351 e,,,91.939842486,,KOI-351,1.12,1.24773,6031.13,848.254,284.4334642,49.3051239,2013.0,Transit,,F
koi-351 g,6.86,,210.6031105,0.0,KOI-351,0.967,1.054,6238.0,848.254,284.4334642,49.3051239,2013.0,Transit,341.0,F
koi-94 b,1.5,,3.743166733,0.0,KOI-94,1.106,1.331,6181.0,477.052,297.3330716,41.8911186,2013.0,Transit,1423.0,F
koi-94 c,3.72,,10.423677765,,KOI-94,1.18,1.32,6210.0,477.052,297.3330716,41.8911186,2013.0,Transit,,F
koi-94 d,,,22.3429711728,,KOI-94,1.183,1.42864,6184.0,477.052,297.3330716,41.8911186,2013.0,Transit,,F
kepler-1000 b,4.67,,120.0181272,0.0,Kepler-1000,1.338,1.484,6749.0,1115.62,286.6854729,47.0981948,2016.0,Transit,501.0,F
kepler-1002 b,1.71,,4.336429331,,Kepler-1002,1.22,1.57,6144.0,408.303,293.0794629,43.073677,2016.0,Transit,,F
kepler-1005 b,1.56,,6.498013,0.0,Kepler-1005,1.032,1.04,6057.0,567.806,286.2858998,43.3205085,2016.0,Transit,1039.0,F
kepler-1015 b,2.803,,16.00494214,,Kepler-1015,1.265,1.451,6443.0,739.357,292.7573088,43.4268439,2016.0,Transit,,F
kepler-1025 b,2.0,,37.32281,0.0,Kepler-1025,1.13,1.06,6290.0,803.776,284.510214,43.9615628,2016.0,Transit,598.0,F
kepler-1031 b,0.78,,1.22621732,0.0,Kepler-1031,1.059,0.991,6095.0,682.882,296.0898796,48.9554121,2016.0,Transit,1769.0,F
kepler-1041 b,2.59,,24.7576421,0.0,Kepler-1041,1.043,0.966,6106.0,1485.82,293.8817361,49.6831419,2016.0,Transit,644.0,F
kepler-1050 b,1.51,,15.3791,0.0,Kepler-1050,1.034,1.05,6064.0,490.488,282.9249847,48.6264015,2016.0,Transit,785.0,F
kepler-1051 b,3.25,,25.96190067,0.0,Kepler-1051,1.337,1.729,6369.0,829.343,295.1581062,40.8988186,2016.0,Transit,850.0,F
kepler-1057 b,,,14.08826442,,Kepler-1057,1.11,0.915006,6014.0,1201.82,297.4521311,41.5580816,2016.0,Transit,,F
kepler-1068 b,3.63,,16.92344113,0.0,Kepler-1068,1.117,1.012,6063.0,1473.61,294.6481708,46.3923173,2016.0,Transit,735.0,F
kepler-1070 b,1.572,,6.2216147,,Kepler-1070,1.06,1.189,6090.0,939.001,293.1953923,49.316541,2016.0,Transit,,F
kepler-1072 b,1.63,,1.569066502,,Kepler-1072,1.116,1.32,6004.0,982.716,292.0443891,46.3289723,2016.0,Transit,,F
kepler-1077 b,2.64,,34.3511874,0.0,Kepler-1077,1.045,0.967,6091.0,1101.42,291.0336333,42.2678448,2016.0,Transit,576.0,F
kepler-1080 b,,,77.2550726,,Kepler-1080,1.37,2.07388,6578.02,1382.82,296.4644914,49.1828952,2016.0,Transit,,F
kepler-1082 b,0.8,,1.543206604,0.0,Kepler-1082,0.929,0.835,6081.0,739.557,289.3586737,50.5984489,2016.0,Transit,1535.0,F
kepler-1084 b,1.42,,2.053352,0.0,Kepler-1084,1.24,1.54,6422.0,405.533,290.1019809,48.251146,2016.0,Transit,1904.0,F
kepler-1093 b,,,25.08282784,,Kepler-1093,1.26,1.40659,6343.61,1072.88,284.9780251,41.4202077,2016.0,Transit,,F
kepler-1093 c,2.08,,89.722292,0.0,Kepler-1093,1.011,1.262,6429.0,1072.88,284.9780251,41.4202077,2016.0,Transit,508.0,F
kepler-1094 b,2.65,,78.1000231,0.0,Kepler-1094,1.065,0.993,6153.0,1291.01,292.3012109,38.2669983,2016.0,Transit,447.0,F
kepler-1099 b,3.11,,2.168452593,0.0,Kepler-1099,1.077,1.109,6153.0,1022.8,288.7499866,48.2771163,2016.0,Transit,1557.0,F
kepler-110 c,,,31.71981013,,Kepler-110,1.12,1.25797,6032.33,586.531,292.9291693,48.6028303,2014.0,Transit,,F
kepler-1102 b,3.4,,51.3292,0.0,Kepler-1102,1.04,1.13,6098.0,1246.05,281.3225917,48.0664955,2016.0,Transit,546.0,F
kepler-1103 b,2.02,,19.79243,0.0,Kepler-1103,1.13,1.06,6286.0,1331.92,287.3821348,49.4524247,2016.0,Transit,738.0,F
kepler-1104 b,1.07,,5.03728015,0.0,Kepler-1104,1.216,1.195,6452.0,530.658,294.4685197,49.3309789,2016.0,Transit,1256.0,F
kepler-1111 b,1.413,,,,Kepler-1111,,0.835,6158.0,841.536,295.4634045,45.8127697,2016.0,Transit,,F
kepler-1112 b,,,14.3628180172,,Kepler-1112,1.35,1.45606,6535.76,1671.28,296.9687937,47.7514799,2016.0,Transit,,F
kepler-1119 b,1.69,,8.32649,0.0,Kepler-1119,1.03,1.0,6034.0,1757.23,297.0191018,44.3274936,2016.0,Transit,933.0,F
kepler-1121 b,1.87,,13.15140223,0.0,Kepler-1121,1.287,1.636,6154.0,482.047,297.7865467,47.8861542,2016.0,Transit,1008.0,F
kepler-1126 b,1.89,,108.593,0.0,Kepler-1126,1.084,0.99,6142.0,635.736,285.691955,45.6893993,2016.0,Transit,398.0,F
kepler-1129 c,2.75,,76.5369586,0.0,Kepler-1129,0.975,1.025,6240.0,1183.88,291.6044965,41.3093275,2016.0,Transit,471.0,F
kepler-1137 b,2.9,,23.92113,0.0,Kepler-1137,1.51,1.85,7115.0,921.778,287.1302407,48.665347,2016.0,Transit,990.0,F
kepler-1147 b,2.16,,10.62879,0.0,Kepler-1147,1.035,1.02,6059.0,1657.36,292.5474753,41.6429221,2016.0,Transit,871.0,F
kepler-1154 b,1.67,,5.1856142,0.0,Kepler-1154,1.09,1.022,6163.0,1460.1,297.4771158,39.8772345,2016.0,Transit,1118.0,F
kepler-1154 c,2.424,,,,Kepler-1154,,1.414,6170.0,1460.1,297.4771158,39.8772345,2016.0,Transit,,F
kepler-1158 b,1.58,,13.53996,0.0,Kepler-1158,1.16,1.31,6367.0,1484.25,292.2339048,41.5751832,2016.0,Transit,940.0,F
kepler-1159 b,1.82,,22.70816791,0.0,Kepler-1159,1.063,0.992,6170.0,1213.71,294.266325,45.2042317,2016.0,Transit,677.0,F
kepler-116 b,3.43,,5.968717469,,Kepler-116,1.21,1.43,6187.0,955.168,294.7420605,43.5367842,2014.0,Transit,,F
kepler-116 c,,,13.07141889,,Kepler-116,1.23,1.37032,6282.0,955.168,294.7420605,43.5367842,2014.0,Transit,,F
kepler-1163 b,,,6.1178910941,,Kepler-1163,1.219,1.34049,6263.03,478.647,290.235863,50.0300654,2016.0,Transit,,F
kepler-1165 b,,,9.4787662315,,Kepler-1165,1.11,1.73525,6019.0,1575.2,286.9712284,44.7082669,2016.0,Transit,,F
kepler-1165 c,,,29.9685917,,Kepler-1165,1.11,1.73525,6019.0,1575.2,286.9712284,44.7082669,2021.0,Transit,,F
kepler-1169 b,0.944,,,,Kepler-1169,,1.215,6028.0,522.823,294.9115874,46.4914718,2016.0,Transit,,F
kepler-117 b,6.04,,18.79590048,0.0,Kepler-117,1.205,1.183,6466.0,1455.57,288.7930651,48.040176,2014.0,Transit,808.0,F
kepler-117 c,10.6,,50.79034648,0.0,Kepler-117,1.102,1.406,6163.0,1455.57,288.7930651,48.040176,2014.0,Transit,612.0,F
kepler-1171 b,2.73,,1.44259224,0.0,Kepler-1171,1.462,2.043,7216.0,573.0,294.9589285,38.5915968,2016.0,Transit,2700.0,F
kepler-1174 b,1.43,,6.89225,0.0,Kepler-1174,1.054,0.96,6059.0,1408.75,281.8314296,42.298891,2016.0,Transit,974.0,F
kepler-1180 b,1.71,,16.8600805,0.0,Kepler-1180,0.906,0.973,6205.0,1596.8,295.8874773,43.1559952,2016.0,Transit,765.0,F
kepler-1181 b,1.59,,,,Kepler-1181,,1.335,6689.0,938.417,289.7473165,39.5234131,2016.0,Transit,,F
kepler-1181 c,1.74399996,,8.934909821,,Kepler-1181,1.336,1.347,6688.0,938.417,289.7473165,39.5234131,2023.0,Transit,,F
kepler-1184 b,2.455,,,,Kepler-1184,,1.016,6319.0,1157.84,291.282031,46.9659514,2016.0,Transit,,F
kepler-1187 b,2.67,,18.87058705,0.0,Kepler-1187,1.028,0.949,6103.0,1020.53,286.8919996,38.3185034,2016.0,Transit,701.0,F
kepler-1188 b,2.3,,17.13756,0.0,Kepler-1188,1.09,1.05,6195.0,1717.48,283.1038438,43.1480487,2016.0,Transit,765.0,F
kepler-1204 b,3.14,,85.7350285,0.0,Kepler-1204,1.054,1.077,6096.0,1175.22,289.4415238,42.4981476,2016.0,Transit,448.0,F
kepler-1207 b,1.53,,13.68237119,0.0,Kepler-1207,1.099,1.026,6102.0,1754.19,295.0641963,49.3589615,2016.0,Transit,802.0,F
kepler-1209 b,1.48,,25.369116,0.0,Kepler-1209,1.205,1.383,6344.0,505.531,287.5849352,49.1547328,2016.0,Transit,775.0,F
kepler-1211 b,2.3,,11.01832,0.0,Kepler-1211,1.05,0.95,6054.0,1826.53,285.7207618,40.8569116,2016.0,Transit,829.0,F
kepler-1212 b,2.086,,,,Kepler-1212,,1.149,6122.0,1316.57,296.8534096,50.0373196,2016.0,Transit,,F
kepler-1213 b,1.21,,5.349325,0.0,Kepler-1213,1.1,1.04,6218.0,807.812,289.4858423,50.9441967,2016.0,Transit,1125.0,F
kepler-1217 b,1.91,,2.032325072,0.0,Kepler-1217,1.114,1.05,6156.0,1347.71,289.1866841,50.9375614,2016.0,Transit,1541.0,F
kepler-1219 b,3.03,,,,Kepler-1219,,2.726,6003.0,880.895,297.2158443,47.3785082,2016.0,Transit,,F
kepler-122 b,2.26,,5.76616658,,Kepler-122,1.08,1.15,6076.0,1027.45,291.1118647,39.9490248,2014.0,Transit,,F
kepler-122 c,4.66,,12.465995556,0.0,Kepler-122,1.028,0.949,6103.0,1027.45,291.1118647,39.9490248,2014.0,Transit,804.0,F
kepler-122 d,1.89,,21.5878875,,Kepler-122,1.08,1.15,6076.0,1027.45,291.1118647,39.9490248,2014.0,Transit,,F
kepler-122 e,2.38,,37.9963981,,Kepler-122,1.08,1.15,6076.0,1027.45,291.1118647,39.9490248,2014.0,Transit,,F
kepler-122 f,2.15,,56.2587885,,Kepler-122,1.08,1.15,6076.0,1027.45,291.1118647,39.9490248,2014.0,Transit Timing Variations,,F
kepler-1224 b,1.32,,13.32354078,0.0,Kepler-1224,1.194,1.218,6113.0,559.598,286.6257591,37.537313,2016.0,Transit,872.0,F
kepler-1225 b,1.82,,7.010723,0.0,Kepler-1225,1.16,1.09,6369.0,1347.52,290.6332748,40.1369671,2016.0,Transit,1069.0,F
kepler-1226 b,1.52,,17.29184,0.0,Kepler-1226,1.1,1.01,6197.0,1125.72,296.3768521,50.6214592,2016.0,Transit,748.0,F
kepler-123 b,,,17.23232894,,Kepler-123,1.25,1.32895,6338.0,1021.66,296.9985853,42.7819633,2014.0,Transit,,F
kepler-123 c,1.31,,26.6951659,0.0,Kepler-123,1.012,1.092,6086.0,1021.66,296.9985853,42.7819633,2014.0,Transit,669.0,F
kepler-1233 b,2.36,,45.1263042,0.0,Kepler-1233,1.185,1.163,6505.0,1178.7,297.3750954,46.6622201,2016.0,Transit,604.0,F
kepler-1238 b,1.57,,4.14787559,0.0,Kepler-1238,1.26,1.198,6337.0,1632.13,297.9057655,40.1628378,2016.0,Transit,1309.0,F
kepler-1239 b,1.92,,5.19103699,0.0,Kepler-1239,1.207,1.125,6321.0,2140.6,293.1273357,42.3200578,2016.0,Transit,1183.0,F
kepler-1244 b,1.35,,3.70428172,,Kepler-1244,1.46,1.77,6680.0,1075.81,282.3012505,46.5161814,2016.0,Transit,,F
kepler-1248 b,,,7.4672710454,,Kepler-1248,,1.34029,6074.93,593.026,288.0592191,51.3544564,2016.0,Transit,,F
kepler-1249 b,1.74,,24.3344939,0.0,Kepler-1249,1.045,0.967,6091.0,1904.54,296.8948517,44.3717429,2016.0,Transit,647.0,F
kepler-1256 b,1.4,,12.4127754,0.0,Kepler-1256,1.141,1.28,6453.0,891.192,291.4742443,44.6834119,2016.0,Transit,972.0,F
kepler-126 b,,,10.4957270704,,Kepler-126,1.2,1.44854,6221.0,237.401,289.3473634,44.2084445,2014.0,Transit,,F
kepler-126 d,2.716,,,,Kepler-126,,1.404,6270.0,237.401,289.3473634,44.2084445,2014.0,Transit,,F
kepler-1268 b,2.14,,40.9903986,0.0,Kepler-1268,1.085,1.147,6324.0,1840.77,287.838419,43.1531776,2016.0,Transit,610.0,F
kepler-127 b,1.46,,14.43594397,0.0,Kepler-127,1.24,1.359,6106.0,352.794,285.1899439,46.0280596,2014.0,Transit,890.0,F
kepler-127 c,,,29.39325141,,Kepler-127,1.13,1.4457,6066.19,352.794,285.1899439,46.0280596,2014.0,Transit,,F
kepler-127 d,2.668,,48.62997,0.03,Kepler-127,1.13,1.4457,6066.19,352.794,285.1899439,46.0280596,2014.0,Transit,,F
kepler-1271 b,1.2,,3.0255955,0.0,Kepler-1271,1.1,1.038,6184.0,831.991,286.3442954,37.4119347,2016.0,Transit,1351.0,F
kepler-1274 b,1.32,,6.98152703,,Kepler-1274,1.487,2.157,6198.0,614.648,284.5936858,46.4497364,2016.0,Transit,,F
kepler-1275 b,1.22,,3.656953,0.0,Kepler-1275,1.12,1.04,6269.0,1153.98,293.5004955,44.9324455,2016.0,Transit,1290.0,F
kepler-1276 b,1.09,,12.5720095,0.0,Kepler-1276,0.99,1.075,6456.0,538.481,287.8570173,40.5471909,2016.0,Transit,909.0,F
kepler-1278 b,0.77,,3.23941344,0.0,Kepler-1278,0.934,0.858,6075.0,889.426,282.9569197,42.8255589,2016.0,Transit,1213.0,F
kepler-1279 b,1.34,,23.4772553,0.0,Kepler-1279,1.046,1.121,6384.0,1494.22,288.0955917,40.365909,2016.0,Transit,738.0,F
kepler-128 b,1.2,,15.092,,Kepler-128,1.184,1.659,6072.0,396.379,282.4922622,43.9802442,2013.0,Transit,970.0,F
kepler-128 c,,,22.8030252,,Kepler-128,1.14,1.74633,6083.0,396.379,282.4922622,43.9802442,2013.0,Transit,,F
kepler-1280 b,2.836,,66.5579057,,Kepler-1280,1.18,1.943,6137.0,1486.7,293.5738933,45.3844919,2016.0,Transit,,F
kepler-1283 b,,,12.9462567,,Kepler-1283,1.15,2.58539,6120.0,2921.99,295.4623336,40.7769335,2016.0,Transit,,F
kepler-1285 b,,,14.79655777,,Kepler-1285,1.12,1.5928,6032.07,422.269,281.8353366,44.1558825,2016.0,Transit,,F
kepler-1288 b,1.84,,2.7612237,0.0,Kepler-1288,1.436,2.232,6381.0,814.078,285.7135,41.6058799,2016.0,Transit,2017.0,F
kepler-1293 b,0.92,,5.57654782,0.0,Kepler-1293,1.23,1.238,6187.0,1028.16,290.0258783,48.3359227,2016.0,Transit,1183.0,F
kepler-1298 b,,,7.128050139,,Kepler-1298,1.13,2.38684,6058.57,544.163,284.4227535,49.1061907,2016.0,Transit,,F
kepler-1300 b,,,22.24207899,,Kepler-1300,1.15,1.86373,6097.98,777.025,289.0330532,40.0869182,2016.0,Transit,,F
kepler-1307 b,1.684,,,,Kepler-1307,,0.751,6248.0,1014.62,292.8698348,46.7418679,2016.0,Transit,,F
kepler-132 b,1.07,,6.17828255,,Kepler-132,1.03,1.1,6023.0,349.549,283.23581,41.343037,2014.0,Transit,,F
kepler-1323 b,,,0.9299029692,,Kepler-1323,1.125,1.27918,6046.65,465.417,292.8722515,46.098729,2016.0,Transit,,F
kepler-1326 b,3.7,,42.35113,0.0,Kepler-1326,1.33,1.34,6858.0,698.326,296.222199,39.268942,2016.0,Transit,685.0,F
kepler-1327 b,1.9,,14.88801098,0.0,Kepler-1327,1.001,1.116,6143.0,678.069,289.0648073,50.4609183,2016.0,Transit,831.0,F
kepler-1340 b,1.55,,0.665026916,,Kepler-1340,1.27,1.42,6331.0,981.779,296.2328099,42.4727965,2016.0,Transit,,F
kepler-1343 b,2.11,,3.35183158,0.0,Kepler-1343,1.072,1.009,6208.0,1756.71,294.294483,50.725385,2016.0,Transit,1298.0,F
kepler-1344 b,1.79,,4.7683049,0.0,Kepler-1344,1.069,1.116,6237.0,853.959,287.0862799,46.9457998,2016.0,Transit,1219.0,F
kepler-1345 b,2.17,,44.6169557,0.0,Kepler-1345,1.235,1.424,6763.0,1355.02,292.4779428,46.022821,2016.0,Transit,693.0,F
kepler-1346 b,1.58,,3.40165668,,Kepler-1346,1.14,1.21,6133.0,843.701,291.841341,45.179185,2016.0,Transit,,F
kepler-135 b,1.73,,6.002551,0.0,Kepler-135,1.14,1.21,6337.0,621.855,290.4950939,38.7954956,2014.0,Transit,1177.0,F
kepler-1352 b,0.78,,1.877878538,0.0,Kepler-1352,1.017,1.115,6324.0,670.829,290.6937988,48.7014417,2016.0,Transit,1701.0,F
kepler-136 b,,,11.57890926,,Kepler-136,1.185,1.48943,6187.46,420.818,296.4673039,42.5987984,2014.0,Transit,,F
kepler-136 c,1.94,,16.39926461,0.0,Kepler-136,1.193,1.303,6156.0,420.818,296.4673039,42.5987984,2014.0,Transit,847.0,F
kepler-1360 b,2.2,,40.5286413,0.0,Kepler-1360,1.237,1.155,6269.0,1516.27,300.3440482,45.6231826,2016.0,Transit,597.0,F
kepler-1364 b,1.94,,13.32196237,0.0,Kepler-1364,1.411,1.582,6982.0,1056.9,295.1521334,49.5876179,2016.0,Transit,1104.0,F
kepler-1369 b,2.99,,25.873148,0.0,Kepler-1369,1.048,1.093,6036.0,1236.56,285.7972604,40.9361923,2016.0,Transit,667.0,F
kepler-1370 b,2.035,,20.2641684,,Kepler-1370,1.271,1.466,6190.0,1004.1,284.5656897,41.7784781,2016.0,Transit,,F
kepler-1370 c,1.382,,7.44142113,,Kepler-1370,1.271,1.466,6190.0,1004.1,284.5656897,41.7784781,2016.0,Transit,,F
kepler-1373 b,,,1.291233083,,Kepler-1373,1.25,2.02214,6336.0,1699.46,285.7520229,39.2491731,2016.0,Transit,,F
kepler-1375 b,1.21,,3.3004192,0.0,Kepler-1375,1.073,1.207,6277.0,1430.84,296.2935173,43.4032189,2016.0,Transit,1442.0,F
kepler-1381 b,2.41,,25.3842686,0.0,Kepler-1381,1.067,0.994,6137.0,1197.04,287.5357911,48.727783,2016.0,Transit,649.0,F
kepler-1382 b,1.08,,16.3583055,0.0,Kepler-1382,1.111,1.007,6046.0,738.261,295.3774182,39.0480365,2016.0,Transit,740.0,F
kepler-1383 b,1.16,,13.9093583,0.0,Kepler-1383,0.932,1.194,6279.0,1027.21,297.9447714,42.1918449,2016.0,Transit,910.0,F
kepler-1394 b,0.77,,3.937713,0.0,Kepler-1394,1.32,1.55,6717.0,640.409,283.4532068,45.0840729,2016.0,Transit,1585.0,F
kepler-1395 b,1.18,,3.78470649,0.0,Kepler-1395,1.302,1.95,6461.0,492.894,292.3374945,47.6641732,2016.0,Transit,1747.0,F
kepler-1397 b,1.61,,47.4497134,0.0,Kepler-1397,1.042,1.126,6007.0,1198.25,299.6758812,47.0758234,2016.0,Transit,551.0,F
kepler-1398 c,1.03,,4.13827595,,Kepler-1398,1.13,1.18,6126.0,852.204,294.8661073,48.6389923,2016.0,Transit,,F
kepler-1399 b,1.31,,1.638653058,0.0,Kepler-1399,1.039,0.981,6119.0,1385.7,293.3116962,46.0416516,2016.0,Transit,1609.0,F
kepler-14 b,12.621334,2440.9344,6.790123,,Kepler-14,1.318,2.09,6395.0,,287.708814,47.33305,2011.0,Transit,1605.0,F
kepler-140 b,,,3.254277742,,Kepler-140,1.15,1.19153,6108.41,583.859,287.3694056,46.7681473,2014.0,Transit,,F
kepler-140 c,1.694,,91.3515867,,Kepler-140,1.044,1.172,6024.0,583.859,287.3694056,46.7681473,2014.0,Transit,,F
kepler-1401 b,1.37,,11.20066445,0.0,Kepler-1401,0.982,0.898,6038.0,1425.43,287.4660334,40.75842,2016.0,Transit,808.0,F
kepler-1403 b,,,5.19492747,,Kepler-1403,1.11,1.41138,6019.0,2163.9,290.8676391,38.9600779,2016.0,Transit,,F
kepler-1407 b,2.16,,20.0711504,0.0,Kepler-1407,1.101,1.122,6086.0,1396.41,283.9424274,41.4715535,2016.0,Transit,736.0,F
kepler-1408 b,,,2.99792926,,Kepler-1408,1.12,1.77996,6037.31,535.048,282.6998783,45.4257884,2016.0,Transit,,F
kepler-1421 b,0.93,,6.9131112,,Kepler-1421,1.25,1.42,6335.0,783.401,286.5806115,48.5442312,2016.0,Transit,,F
kepler-1422 b,2.02,,18.6051942,,Kepler-1422,1.15,1.23,6194.0,2465.84,293.8902214,48.3360926,2016.0,Transit,,F
kepler-1429 b,1.19,,4.48487493,0.0,Kepler-1429,1.093,1.033,6210.0,1214.09,285.3662532,49.0448172,2016.0,Transit,1188.0,F
kepler-143 b,2.22,,16.00754,0.0,Kepler-143,1.008,1.06,6002.0,809.467,298.0676519,49.412541,2014.0,Transit,772.0,F
kepler-143 c,2.36,,27.08247084,0.0,Kepler-143,0.987,1.037,6010.0,809.467,298.0676519,49.412541,2014.0,Transit,644.0,F
kepler-1432 b,2.0,,23.91103,0.0,Kepler-1432,1.14,1.07,6325.0,2171.87,295.5241011,49.8295211,2016.0,Transit,701.0,F
kepler-1433 b,1.29,,4.135906,0.0,Kepler-1433,1.08,0.99,6152.0,,287.3634559,49.4568649,2016.0,Transit,1184.0,F
kepler-1434 b,,,8.05337912,,Kepler-1434,1.13,2.44642,6062.77,775.529,295.5384415,51.2030002,2016.0,Transit,,F
kepler-1435 b,,,4.4534236845,,Kepler-1435,1.26,1.41209,6360.19,704.211,291.1732806,44.9210836,2016.0,Transit,,F
kepler-144 b,1.61,,5.88528169,,Kepler-144,1.24,1.47,6274.0,384.917,281.9156128,42.7755535,2014.0,Transit,,F
kepler-144 c,1.309,,,,Kepler-144,,1.178,6182.0,384.917,281.9156128,42.7755535,2014.0,Transit,,F
kepler-1442 b,3.93,,81.4162941,,Kepler-1442,1.34,1.44,6394.0,608.68,291.2556226,48.8469171,2016.0,Transit,,F
kepler-1443 b,,,2.41810158,,Kepler-1443,1.26,1.57722,6347.0,593.646,283.4357392,47.0667983,2016.0,Transit,,F
kepler-1445 b,0.87,,10.60052251,0.0,Kepler-1445,1.012,1.092,6086.0,506.357,280.2495197,43.9150665,2016.0,Transit,911.0,F
kepler-1449 b,1.72,,13.2274528,0.0,Kepler-1449,1.237,1.155,6269.0,2006.48,288.2317293,50.5678345,2016.0,Transit,867.0,F
kepler-145 b,2.224,,22.95068896,,Kepler-145,1.31,1.871,6110.0,566.85,291.3877397,44.5290465,2013.0,Transit,,F
kepler-146 b,3.4,,31.15857,0.0,Kepler-146,1.09,1.12,6212.0,716.797,294.1107631,38.7102222,2014.0,Transit,648.0,F
kepler-1466 b,1.31,,31.1748311,0.0,Kepler-1466,1.003,0.921,6086.0,631.949,289.8312418,44.6098415,2016.0,Transit,585.0,F
kepler-1472 b,,,38.1309917068,,Kepler-1472,1.14,1.46026,6083.0,1479.14,294.8526163,49.0574468,2016.0,Transit,,F
kepler-1475 b,,,82.175197,,Kepler-1475,1.14,1.20553,6084.0,1568.38,295.9482766,44.753096,2016.0,Transit,,F
kepler-1479 b,1.69,,14.53260546,0.0,Kepler-1479,1.019,0.932,6003.0,728.668,285.7119953,49.7067574,2016.0,Transit,746.0,F
kepler-1483 b,1.07,,9.5085156,0.0,Kepler-1483,1.069,1.013,6328.0,1273.78,295.4097409,42.1507935,2016.0,Transit,937.0,F
kepler-1486 b,2.26,,54.6495759,0.0,Kepler-1486,1.079,1.066,6112.0,1769.14,290.5903907,45.4396955,2016.0,Transit,517.0,F
kepler-1487 c,3.02,,35.8022845,0.0,Kepler-1487,1.035,0.956,6444.0,1014.62,295.4980737,38.6444499,2023.0,Transit,599.0,F
kepler-1488 b,1.59,,39.8189932,0.0,Kepler-1488,0.992,1.135,6035.0,905.825,286.6464265,49.9377735,2016.0,Transit,594.0,F
kepler-1496 b,1.79,,64.6588017,0.0,Kepler-1496,1.096,1.035,6197.0,1307.66,293.9739359,45.3507167,2016.0,Transit,487.0,F
kepler-1500 b,1.08,,15.0330105,0.0,Kepler-1500,0.837,0.917,6033.0,1217.82,288.883474,39.7446547,2016.0,Transit,760.0,F
kepler-1501 b,1.38,,14.5564533,0.0,Kepler-1501,1.196,1.186,6425.0,749.06,289.918589,42.001428,2016.0,Transit,876.0,F
kepler-1502 b,,,41.7084063,,Kepler-1502,1.44,1.72373,6739.0,1514.02,296.1079271,39.3199201,2016.0,Transit,,F
kepler-1508 b,,,20.7057153,,Kepler-1508,1.12,1.70392,6024.0,1260.28,298.1188802,40.3750316,2016.0,Transit,,F
kepler-1510 b,2.97,,84.703921,0.0,Kepler-1510,1.087,1.132,6286.0,1696.25,298.9591432,48.2578295,2016.0,Transit,473.0,F
kepler-1511 b,,,23.2385587,,Kepler-1511,1.41,1.95693,6684.51,1475.6,288.4211892,43.179773,2016.0,Transit,,F
kepler-1514 b,12.185,,,,Kepler-1514,,1.273,6194.0,397.292,292.6274943,37.8601653,2016.0,Transit,,F
kepler-1514 c,,,10.51419715,,Kepler-1514,1.182,1.36797,6181.58,397.292,292.6274943,37.8601653,2020.0,Transit,,F
kepler-1515 b,,,214.3120439,,Kepler-1515,1.31,1.5373,6447.86,539.321,290.9739057,48.1782059,2016.0,Transit,,F
kepler-1518 b,,,5.1117547,,Kepler-1518,1.49,1.56981,6856.98,903.51,300.3323404,44.9861065,2016.0,Transit,,F
kepler-1518 c,,,9.6310258,,Kepler-1518,1.49,1.56981,6856.98,903.51,300.3323404,44.9861065,2023.0,Transit,,F
kepler-1527 b,3.26,,160.129918,0.0,Kepler-1527,0.991,0.916,6075.0,1842.13,297.4144457,46.0608077,2016.0,Transit,338.0,F
kepler-1531 b,,,1.138548215,,Kepler-1531,1.2,1.22309,6216.0,666.334,285.146622,39.3708055,2016.0,Transit,,F
kepler-1533 b,3.931,,308.5471,,Kepler-1533,1.141,1.725,6320.0,966.801,295.9755645,44.7133739,2016.0,Transit,,F
kepler-1535 b,2.628,,,,Kepler-1535,,1.141,6014.0,897.733,286.613685,38.8919507,2016.0,Transit,,F
kepler-1543 b,2.446,,,,Kepler-1543,,1.408,6312.0,921.784,297.1242915,47.0369876,2016.0,Transit,,F
kepler-1547 b,0.9,,0.692979676,,Kepler-1547,1.12,1.18,6078.0,674.695,283.7640396,42.2220992,2016.0,Transit,,F
kepler-1550 b,2.65,,225.582809,0.0,Kepler-1550,1.031,0.959,6184.0,1179.01,287.7646113,38.2947076,2016.0,Transit,312.0,F
kepler-1551 b,2.74,,24.4972683,0.0,Kepler-1551,1.232,1.162,6392.0,1463.72,295.7855238,39.9078956,2016.0,Transit,722.0,F
kepler-1557 b,1.38,,3.74031708,0.0,Kepler-1557,1.118,1.063,6260.0,1380.16,293.8813592,46.8388172,2016.0,Transit,1287.0,F
kepler-1569 b,1.634,,,,Kepler-1569,,1.275,6174.0,945.454,292.2046748,37.2212065,2016.0,Transit,,F
kepler-1571 b,1.52,,3.38555488,,Kepler-1571,1.23,1.39,6297.0,675.303,300.9354067,45.5964836,2016.0,Transit,,F
kepler-1574 b,1.27,,6.9424334,0.0,Kepler-1574,1.132,1.03,6108.0,1384.16,292.1586689,49.6377914,2016.0,Transit,1003.0,F
kepler-1578 b,1.24,,1.450886907,0.0,Kepler-1578,1.011,1.023,6046.0,1064.05,288.3021104,47.7756227,2016.0,Transit,1699.0,F
kepler-1580 b,2.629,,,,Kepler-1580,,2.475,6300.0,1002.02,285.9687099,41.3635264,2016.0,Transit,,F
kepler-1584 b,1.51,,13.3997555,0.0,Kepler-1584,1.183,1.15,6401.0,1416.31,287.7626791,43.2743929,2016.0,Transit,886.0,F
kepler-1586 b,,,15.604841,,Kepler-1586,1.186,1.07345,6190.32,552.55,298.2026236,44.9258585,2016.0,Transit,,F
kepler-1589 b,0.92,,0.991665274,0.0,Kepler-1589,1.132,1.03,6108.0,1513.14,294.4418236,40.5716114,2016.0,Transit,1919.0,F
kepler-1590 b,1.09,,7.61760804,0.0,Kepler-1590,1.05,1.072,6202.0,771.152,291.4079141,48.0178915,2016.0,Transit,1019.0,F
kepler-1592 b,1.02,,3.05710069,0.0,Kepler-1592,0.914,0.829,6020.0,1639.47,293.850623,38.3977379,2016.0,Transit,1209.0,F
kepler-1594 b,1.04,,2.71603809,0.0,Kepler-1594,1.074,1.01,6191.0,976.868,293.6230451,47.9619127,2016.0,Transit,1388.0,F
kepler-1596 b,2.02,,66.373379,0.0,Kepler-1596,1.006,0.976,6139.0,2146.23,285.5575066,49.3300866,2016.0,Transit,471.0,F
kepler-1597 b,1.058,,2.94654179,,Kepler-1597,1.086,1.363,6205.0,1221.05,288.1639687,42.4810124,2016.0,Transit,,F
kepler-1602 b,,,11.17931581,,Kepler-1602,1.17,1.10662,6161.41,629.804,293.5808607,40.4275396,2016.0,Transit,,F
kepler-1603 b,0.97,,2.27164952,0.0,Kepler-1603,1.115,1.062,6274.0,2712.58,295.3298254,42.5349698,2016.0,Transit,1522.0,F
kepler-1613 b,2.34,,1.5184299,0.0,Kepler-1613,1.063,1.269,6302.0,1508.33,289.8750066,43.4209318,2016.0,Transit,1927.0,F
kepler-1615 b,1.94,,47.3126192,0.0,Kepler-1615,1.035,1.002,6035.0,1393.83,286.3592066,42.2273971,2016.0,Transit,523.0,F
kepler-1616 b,0.88,,6.76284377,0.0,Kepler-1616,1.177,1.155,6528.0,1137.81,286.5436691,45.3048716,2016.0,Transit,1138.0,F
kepler-1617 b,1.2,,27.4785572,,Kepler-1617,1.15,1.22,6167.0,898.31,287.9371747,46.4184781,2016.0,Transit,,F
kepler-1618 b,1.06,,6.1082945,0.0,Kepler-1618,1.261,1.289,6720.0,1229.25,295.1753619,45.9308594,2016.0,Transit,1267.0,F
kepler-1621 b,1.96,,92.263714,0.0,Kepler-1621,1.213,1.137,6343.0,1631.66,297.5885341,43.8411937,2016.0,Transit,457.0,F
kepler-1622 b,1.15,,10.8118737,0.0,Kepler-1622,1.157,1.19,6461.0,796.477,297.3288329,47.815459,2016.0,Transit,980.0,F
kepler-1626 b,1.24,,4.13960513,0.0,Kepler-1626,1.202,1.181,6535.0,1368.83,296.5004384,40.7212069,2016.0,Transit,1352.0,F
kepler-1632 b,2.47,,448.303558,,Kepler-1632,1.12,1.19,6137.0,716.76,294.4948769,43.9135575,2016.0,Transit,,F
kepler-1633 b,1.06,,186.404271,0.0,Kepler-1633,1.008,0.921,6351.0,1114.91,288.5151733,44.9232545,2016.0,Transit,336.0,F
kepler-1639 b,,,9.87892482,,Kepler-1639,1.18,1.03264,6175.0,1031.31,283.068651,48.8021209,2016.0,Transit,,F
kepler-164 d,2.5,,28.98687,0.0,Kepler-164,1.15,1.1,6361.0,890.758,287.7808115,47.6298453,2014.0,Transit,667.0,F
kepler-1640 b,5.49,,7.5844126,0.0,Kepler-1640,1.345,1.63,6266.0,1859.78,294.5577857,40.8504949,2016.0,Transit,1222.0,F
kepler-1641 b,3.92,,19.672266,0.0,Kepler-1641,1.098,1.485,6486.0,860.37,296.359456,41.5745321,2016.0,Transit,908.0,F
kepler-1641 c,2.673,,,,Kepler-1641,,1.064,6484.0,860.37,296.359456,41.5745321,2016.0,Transit,,F
kepler-1647 b,11.8739,483.0,1107.5923,0.0581,Kepler-1647,1.2207,1.7903,6210.0,1212.45,298.150057,40.6561751,2016.0,Transit,,F
kepler-1655 b,2.292,,,,Kepler-1655,,1.058,6002.0,213.26,286.6895986,39.2120802,2018.0,Transit,,F
kepler-1660 ab b,,2445.06619,237.68977,0.0603,Kepler-1660 A,1.21,,,1188.54,290.5519537,40.2350445,2023.0,Eclipse Timing Variations,,F7 V
kepler-1666 b,2.4,,25.8474958,0.0,Kepler-1666,1.084,1.031,6297.0,1379.37,297.9516071,46.2647024,2020.0,Transit,672.0,F
kepler-1666 c,2.97,,40.7155403,0.0,Kepler-1666,1.084,1.031,6297.0,1379.37,297.9516071,46.2647024,2020.0,Transit,578.0,F
kepler-1667 b,4.2,,83.57752,0.0,Kepler-1667,1.12,1.38,6188.0,626.819,283.5329505,48.0943604,2020.0,Transit,515.0,F
kepler-1672 b,3.5,,150.8811,0.0,Kepler-1672,1.14,1.39,6222.0,391.181,297.9400971,40.2785566,2020.0,Transit,425.0,F
kepler-1673 b,,,33.7888028,,Kepler-1673,1.11,1.13166,6014.95,727.187,285.6671724,48.7195865,2020.0,Transit,,F
kepler-1676 b,1.88,,29.92205802,0.0,Kepler-1676,1.07,0.996,6122.0,,287.2368778,43.5671665,2020.0,Transit,613.0,F
kepler-1677 b,2.70216183,,22.064,,Kepler-1677,1.11,1.24959,6013.72,735.369,298.493273,47.0130566,2020.0,Transit,,F
kepler-168 b,,,4.42535097,,Kepler-168,1.12,1.38749,6031.0,1343.6,294.7101832,39.8250437,2014.0,Transit,,F
kepler-168 c,,,13.19320021,,Kepler-168,1.12,1.38749,6031.0,1343.6,294.7101832,39.8250437,2014.0,Transit,,F
kepler-1705 b,2.03,4.47,9.03502,0.033,Kepler-1705,1.139,1.259,6312.0,1633.49,301.5785316,44.3121639,2021.0,Transit,,F
kepler-1705 c,2.05,5.42,11.28,0.028,Kepler-1705,1.139,1.259,6312.0,1633.49,301.5785316,44.3121639,2021.0,Transit,,F
kepler-1708 b,9.96,1462.0106722,737.1131,0.4,Kepler-1708,1.088,1.117,6157.0,1666.69,296.8241065,43.6248197,2021.0,Transit,,F
kepler-1713 b,1.75,,18.01167665,0.0,Kepler-1713,1.318,1.447,6463.0,295.293,287.3456737,43.3783894,2021.0,Transit,893.0,F
kepler-1714 b,3.12,,10.275394,0.0,Kepler-1714,1.41,1.95,6088.0,409.46,293.7164655,46.2266878,2021.0,Transit,1163.0,F
kepler-1715 b,2.98,,35.59713982,0.0,Kepler-1715,1.106,1.1,6210.0,522.605,293.9297337,41.6029048,2021.0,Transit,613.0,F
kepler-1717 b,2.38,,30.6529373,0.0,Kepler-1717,1.319,1.377,6823.0,1008.79,295.2126472,49.56216,2021.0,Transit,771.0,F
kepler-1723 b,2.8,,39.7530284,0.0,Kepler-1723,0.96,1.01,6072.0,811.278,294.4627362,46.8214022,2021.0,Transit,568.0,F
kepler-1725 b,,,16.71986014,,Kepler-1725,1.17,1.10308,6161.0,558.652,294.3735518,40.1946345,2021.0,Transit,,F
kepler-1733 b,2.79,,9.22961384,0.0,Kepler-1733,1.273,1.252,6320.0,2080.51,291.1384628,37.8592447,2021.0,Transit,1021.0,F
kepler-1734 b,2.12,,6.79684436,0.0,Kepler-1734,1.05,0.97,6061.0,1482.83,294.163167,41.4517316,2021.0,Transit,985.0,F
kepler-1736 b,2.44,,37.8101174,0.0,Kepler-1736,0.976,0.973,6085.0,1430.0,289.7766991,38.2622374,2021.0,Transit,566.0,F
kepler-1738 b,2.33,,7.67465618,0.0,Kepler-1738,1.079,1.001,6063.0,1302.87,296.1313474,47.4388098,2021.0,Transit,957.0,F
kepler-1745 b,1.67,,3.01618319,0.0,Kepler-1745,1.062,0.999,6043.0,996.105,293.4689924,42.8223582,2021.0,Transit,1305.0,F
kepler-1746 b,,,321.2124365,,Kepler-1746,1.22,1.49962,6270.99,979.541,288.3203979,42.2613874,2021.0,Transit,,F
kepler-175 c,3.22,,34.0350559,0.0,Kepler-175,1.079,1.001,6063.0,1312.34,289.553232,43.876116,2014.0,Transit,583.0,F
kepler-1751 b,1.79,,7.01773,0.0,Kepler-1751,1.04,1.0,6066.0,1291.47,284.8465476,49.6923412,2021.0,Transit,989.0,F
kepler-1755 b,4.4,,24.81093193,0.0,Kepler-1755,1.003,0.921,6086.0,982.383,296.846092,40.1385777,2021.0,Transit,631.0,F
kepler-1762 b,,,29.5390897,,Kepler-1762,1.19,1.26993,6198.0,1663.74,290.4931471,39.7855117,2021.0,Transit,,F
kepler-1764 b,3.57,,70.4680266,0.0,Kepler-1764,1.158,1.142,6458.0,1542.48,293.8799047,41.3938374,2021.0,Transit,514.0,F
kepler-1768 b,2.54,,15.13591895,0.0,Kepler-1768,1.202,1.559,6047.0,632.766,299.9572335,44.7718851,2021.0,Transit,933.0,F
kepler-1769 b,,,89.1935737,,Kepler-1769,1.18,1.12015,6173.0,438.412,294.7433755,43.4611633,2021.0,Transit,,F
kepler-177 b,3.62,,36.8568008,0.0,Kepler-177,1.07,1.066,6220.0,1435.44,286.0471442,45.0532038,2013.0,Transit,601.0,F
kepler-1773 b,3.44,,40.80957343,0.0,Kepler-1773,1.241,1.3,6183.0,681.255,286.2232284,38.2581676,2021.0,Transit,623.0,F
kepler-1774 b,2.7,,59.77049,0.0,Kepler-1774,1.08,1.09,6190.0,816.592,288.5743991,40.9886069,2021.0,Transit,516.0,F
kepler-1777 b,4.27,,12.18416331,0.0,Kepler-1777,1.19,1.85,6292.0,619.146,290.3286455,37.7231188,2021.0,Transit,1139.0,F
kepler-1778 b,3.15,,10.08744556,0.0,Kepler-1778,1.143,1.095,6310.0,1276.29,287.3612976,43.7388,2021.0,Transit,942.0,F
kepler-1787 b,2.56,,39.31435,0.0,Kepler-1787,1.057,0.96,6069.0,778.602,289.0643042,47.1174041,2021.0,Transit,545.0,F
kepler-1790 b,2.676,,31.5888952,,Kepler-1790,1.235,1.363,6005.0,1070.17,294.5668577,46.0757312,2021.0,Transit,,F
kepler-1791 b,1.96,,7.72084349,0.0,Kepler-1791,0.972,1.168,6218.0,602.218,284.4903166,42.6482636,2021.0,Transit,1077.0,F
kepler-1796 b,2.75047868,,29.4557991,,Kepler-1796,1.018,0.949,6036.0,825.883,301.5430397,44.6056251,2021.0,Transit,,F
kepler-1807 b,2.14,,10.86060638,0.0,Kepler-1807,1.087,1.496,6455.0,1299.32,291.5494119,44.5272788,2021.0,Transit,1108.0,F
kepler-1811 b,2.87,,76.4217472,0.0,Kepler-1811,1.045,0.967,6091.0,1390.56,289.9793241,40.1427848,2021.0,Transit,442.0,F
kepler-1812 b,2.31,,7.16520428,0.0,Kepler-1812,1.162,1.103,6174.0,1409.19,298.0845087,40.2832525,2021.0,Transit,1034.0,F
kepler-1818 b,1.71360684,,4.644909859,,Kepler-1818,1.021,1.129,6047.0,1034.59,284.3284866,40.5688741,2021.0,Transit,,F
kepler-182 b,2.73,,9.82578435,0.0,Kepler-182,1.195,1.145,6215.0,1549.09,289.8301128,50.5862025,2014.0,Transit,950.0,F
kepler-1823 b,1.72,,21.10354,0.0,Kepler-1823,1.19,1.24,6488.0,724.971,283.754777,45.335125,2021.0,Transit,800.0,F
kepler-1824 b,2.47,,95.609845,0.0,Kepler-1824,1.074,1.102,6289.0,1040.1,296.7071957,41.2036197,2021.0,Transit,449.0,F
kepler-1830 b,3.32992941,,56.49330139,,Kepler-1830,1.443,2.046,6160.0,1056.88,295.1390408,40.9790527,2021.0,Transit,,F
kepler-1831 b,2.32,,5.78388573,0.0,Kepler-1831,1.117,1.012,6063.0,1053.49,295.3024604,49.5890456,2021.0,Transit,1051.0,F
kepler-1833 b,1.383,,6.89208596,,Kepler-1833,1.205,1.436,6065.0,591.602,290.8714239,45.4102813,2021.0,Transit,,F
kepler-1836 b,2.15,,5.25419736,0.0,Kepler-1836,1.053,0.987,6123.0,1472.62,292.3150933,40.8387799,2021.0,Transit,1094.0,F
kepler-1838 b,,,12.14690704,,Kepler-1838,1.119,1.69886,6031.59,451.242,298.9917165,40.14226,2021.0,Transit,,F
kepler-1847 b,1.93,,11.1296971,0.0,Kepler-1847,1.041,0.964,6122.0,1693.86,296.6014013,44.3252289,2021.0,Transit,843.0,F
kepler-1857 b,,,8.94337724,,Kepler-1857,1.17,1.11667,6147.0,853.275,296.4557129,39.598537,2021.0,Transit,,F
kepler-1859 b,1.29,,2.72960336,0.0,Kepler-1859,1.025,1.068,6190.0,1331.25,293.9886751,46.7179996,2021.0,Transit,1436.0,F
kepler-1859 c,1.32,,3.5964055,0.0,Kepler-1859,1.025,1.068,6190.0,1331.25,293.9886751,46.7179996,2023.0,Transit,1310.0,F
kepler-1861 b,1.93,,40.03252,0.0,Kepler-1861,1.06,1.06,6119.0,829.985,295.8465148,49.9361586,2021.0,Transit,577.0,F
kepler-1866 b,1.14,,11.65975,0.0,Kepler-1866,1.04,0.94,6021.0,976.737,286.2246453,44.6544869,2021.0,Transit,805.0,F
kepler-1875 b,1.88,,34.4585495,0.0,Kepler-1875,0.95,0.862,6161.0,1660.45,296.7727406,50.1883667,2021.0,Transit,559.0,F
kepler-1876 b,1.06,,6.99205021,0.0,Kepler-1876,1.081,1.467,6057.0,259.935,299.1604859,41.1437964,2021.0,Transit,1194.0,F
kepler-1884 b,,,8.98826122,,Kepler-1884,1.12,1.26017,6031.0,1443.09,296.7463986,43.0454207,2021.0,Transit,,F
kepler-1889 b,,,37.30429277,,Kepler-1889,1.12,1.17771,6036.0,1395.13,297.1992577,41.2264404,2021.0,Transit,,F
kepler-1890 b,0.86867375,,4.820590019,,Kepler-1890,1.024,1.396,6046.0,529.596,292.5778203,40.6679032,2021.0,Transit,,F
kepler-1900 b,1.62314676,,2.986229897,,Kepler-1900,1.104,1.041,6173.0,1540.43,291.8863206,44.4790319,2021.0,Transit,,F
kepler-1901 b,1.39,,3.48412534,0.0,Kepler-1901,1.058,0.975,6018.0,1028.37,291.1643587,45.3183061,2021.0,Transit,1223.0,F
kepler-1903 b,2.28642395,,17.0678997,,Kepler-1903,1.053,0.996,6347.0,1775.44,290.8882981,51.2481617,2021.0,Transit,,F
kepler-1911 b,1.45,,5.99077497,0.0,Kepler-1911,1.115,1.683,6237.0,269.912,299.303559,41.4410233,2021.0,Transit,1379.0,F
kepler-1913 b,1.66,,14.1959621,0.0,Kepler-1913,1.169,1.076,6214.0,876.3,290.216689,44.7795863,2021.0,Transit,818.0,F
kepler-1915 b,3.15,,13.8354142,0.0,Kepler-1915,1.035,1.056,6031.0,1514.66,301.2786852,44.2505116,2021.0,Transit,809.0,F
kepler-1916 b,2.43,,31.2548347,0.0,Kepler-1916,1.195,1.145,6215.0,2055.82,293.0705754,48.387679,2021.0,Transit,646.0,F
kepler-1920 b,2.81,,30.25420641,0.0,Kepler-1920,1.249,1.167,6299.0,885.913,291.0620355,38.8632881,2021.0,Transit,663.0,F
kepler-1921 b,,,20.034708,,Kepler-1921,1.17,2.22385,6156.49,928.989,300.3161723,45.4953271,2021.0,Transit,,F
kepler-1921 c,1.68700004,,3.157219887,,Kepler-1921,1.251,2.0,6120.0,928.989,300.3161723,45.4953271,2023.0,Transit,,F
kepler-1927 b,1.46,,73.7506501,0.0,Kepler-1927,0.988,0.962,6085.0,1091.0,296.3546093,41.3355698,2021.0,Transit,449.0,F
kepler-193 b,2.44,,11.38839971,0.0,Kepler-193,1.213,1.137,6343.0,1009.1,296.4985951,46.5772484,2014.0,Transit,917.0,F
kepler-1931 b,,,38.5763483,,Kepler-1931,1.19,1.49349,6205.12,620.091,290.8723061,43.3330104,2021.0,Transit,,F
kepler-1936 b,,,126.55615355,,Kepler-1936,1.28,1.37635,6397.79,871.096,290.7300141,44.836128,2021.0,Transit,,F
kepler-1937 b,3.0229133,,9.688599586,,Kepler-1937,1.19,1.196,6457.0,905.069,290.6583922,40.7785383,2021.0,Transit,,F
kepler-194 b,1.48,,2.092269993,0.0,Kepler-194,0.962,1.005,6085.0,1097.97,291.971429,47.8640498,2014.0,Transit,1514.0,F
kepler-1941 b,1.99,,31.3351094,0.0,Kepler-1941,1.175,1.142,6404.0,1494.39,296.6270184,49.353891,2021.0,Transit,666.0,F
kepler-1943 b,0.8,,4.85026423,0.0,Kepler-1943,1.055,0.973,6032.0,1004.55,293.3182976,41.1166697,2021.0,Transit,1098.0,F
kepler-1947 b,1.4,,6.96352699,0.0,Kepler-1947,0.984,1.686,6040.0,468.771,296.1040313,42.3425818,2021.0,Transit,1298.0,F
kepler-1949 b,1.36,,2.20829637,0.0,Kepler-1949,1.194,1.454,6028.0,2617.35,293.5422586,43.0260555,2021.0,Transit,1709.0,F
kepler-1960 b,0.97,,2.29792825,0.0,Kepler-1960,1.083,1.035,6363.0,1527.56,294.6969361,46.7202043,2021.0,Transit,1524.0,F
kepler-1969 b,1.68161001,,6.647520065,,Kepler-1969,1.111,1.007,6046.0,1204.54,294.7842662,49.4920557,2021.0,Transit,,F
kepler-197 b,1.07,,5.59931973,0.0,Kepler-197,0.922,1.12,6004.0,330.575,295.2264739,50.5592348,2014.0,Transit,1143.0,F
kepler-197 e,0.91,,25.209715,,Kepler-197,,1.12,6004.0,330.575,295.2264739,50.5592348,2014.0,Transit,,F
kepler-1972 c,0.91,,11.3220104,0.0,Kepler-1972,1.173,2.193,6003.0,287.339,288.3953074,39.8725067,2022.0,Transit,1215.0,F
kepler-1982 b,1.04,,3.82316376,0.0,Kepler-1982,1.306,1.491,6597.0,558.855,287.4099905,39.6586267,2023.0,Transit,1554.0,F
kepler-1988 b,2.59,,11.49499722,0.0,Kepler-1988,1.502,3.132,6036.0,513.426,298.6738034,43.7955099,2023.0,Transit,1394.0,F
kepler-1989 b,4.76100016,,10.16100025,,Kepler-1989,0.999,1.06,6032.0,1252.13,290.7351869,44.091262,2023.0,Transit,,F
kepler-1997 b,,,26.7575866,,Kepler-1997,1.12,1.06582,6031.0,1502.34,297.4808253,46.5891373,2023.0,Transit,,F
kepler-201 b,,,25.67209545,,Kepler-201,1.209,1.27729,6240.51,636.445,293.626059,41.2728004,2014.0,Transit,,F
kepler-201 c,2.47,,151.8851881,0.0,Kepler-201,1.164,1.179,6034.0,636.445,293.626059,41.2728004,2014.0,Transit,378.0,F
kepler-204 b,2.23,,14.40094471,0.0,Kepler-204,0.992,1.038,6095.0,686.723,285.347162,41.761845,2014.0,Transit,806.0,F
kepler-204 c,1.36,,25.661658,0.0,Kepler-204,0.992,1.038,6095.0,686.723,285.347162,41.761845,2014.0,Transit,665.0,F
kepler-207 d,2.31,,5.868068017,0.0,Kepler-207,1.065,1.109,6110.0,875.519,290.0305195,42.1660555,2014.0,Transit,1112.0,F
kepler-208 b,1.557,,4.22864988,,Kepler-208,1.082,1.234,6054.0,775.328,293.8901979,42.5279413,2014.0,Transit,,F
kepler-208 c,1.49,,7.46662197,0.0,Kepler-208,1.123,1.328,6220.0,775.328,293.8901979,42.5279413,2014.0,Transit,1134.0,F
kepler-208 d,1.29,,11.1317519,0.0,Kepler-208,1.123,1.328,6220.0,775.328,293.8901979,42.5279413,2014.0,Transit,992.0,F
kepler-21 b,,,2.78581504,,Kepler-21,1.212,1.90746,6248.42,108.522,287.3619673,38.7141384,2012.0,Transit,,F
kepler-214 b,2.16,,15.66039,0.0,Kepler-214,1.15,1.07,6352.0,1208.44,284.7548499,44.95605,2014.0,Transit,812.0,F
kepler-214 c,2.04,,28.77957,0.0,Kepler-214,1.15,1.07,6352.0,1208.44,284.7548499,44.95605,2014.0,Transit,661.0,F
kepler-216 b,1.91,,7.69364042,0.0,Kepler-216,1.085,1.031,6277.0,1187.47,293.7280695,46.1291139,2014.0,Transit,1003.0,F
kepler-216 c,2.5,,17.40665938,0.0,Kepler-216,1.085,1.031,6277.0,1187.47,293.7280695,46.1291139,2014.0,Transit,764.0,F
kepler-217 b,1.81,,5.37493491,0.0,Kepler-217,1.426,1.439,6765.0,1104.64,293.0377331,46.2775223,2014.0,Transit,1377.0,F
kepler-217 c,1.74,,8.58598202,,Kepler-217,1.37,1.76,6341.0,1104.64,293.0377331,46.2775223,2014.0,Transit,,F
kepler-217 d,1.14,,3.88689525,0.0,Kepler-217,1.426,1.439,6765.0,1104.64,293.0377331,46.2775223,2016.0,Transit,1533.0,F
kepler-228 d,4.02,,11.09431923,0.0,Kepler-228,1.053,0.972,6046.0,1644.61,296.2860853,48.2246328,2014.0,Transit,835.0,F
kepler-23 b,1.95,,7.1069,0.0,Kepler-23,1.19,1.87,6142.0,835.756,294.2189131,49.4792536,2011.0,Transit,1336.0,F
kepler-234 b,3.62,,2.711502579,0.0,Kepler-234,1.149,1.064,6167.0,1733.1,291.6535379,38.4946597,2014.0,Transit,1405.0,F
kepler-234 c,3.75,,7.21204152,,Kepler-234,1.11,1.15,6003.0,1733.1,291.6535379,38.4946597,2014.0,Transit,,F
kepler-24 c,4.75,,12.33340885,0.0,Kepler-24,0.965,1.088,6038.0,1156.81,290.4132621,38.3437283,2011.0,Transit,864.0,F
kepler-24 d,1.61,,4.24437621,0.0,Kepler-24,0.965,1.088,6038.0,1156.81,290.4132621,38.3437283,2014.0,Transit,1234.0,F
kepler-24 e,2.36,,18.99850923,0.0,Kepler-24,0.965,1.088,6038.0,1156.81,290.4132621,38.3437283,2014.0,Transit,748.0,F
kepler-25 c,4.59,,12.720374354,,Kepler-25,1.196,1.47768,6212.0,243.249,286.6383905,39.4879038,2011.0,Transit,,F
kepler-264 b,3.978,,40.8068494,,Kepler-264,1.426,1.957,6284.0,942.173,292.044628,37.3761861,2014.0,Transit,,F
kepler-264 c,4.16,,140.10394,0.0,Kepler-264,1.316,2.397,6231.0,942.173,292.044628,37.3761861,2014.0,Transit,559.0,F
kepler-265 d,2.2,,43.1308082,0.0,Kepler-265,1.045,0.983,6299.0,1280.25,290.5104788,41.244743,2014.0,Transit,557.0,F
kepler-268 b,,,25.9342243844,,Kepler-268,1.11,1.33236,6005.31,851.87,291.9761559,38.0550327,2014.0,Transit,,F
kepler-268 c,2.52,,83.4463335,0.0,Kepler-268,1.074,1.131,6322.0,851.87,291.9761559,38.0550327,2014.0,Transit,479.0,F
kepler-270 b,1.83,,11.4761013,0.0,Kepler-270,1.155,1.3,6432.0,948.781,282.2001207,44.4222795,2014.0,Transit,1001.0,F
kepler-270 c,1.5,,25.2630268,0.0,Kepler-270,1.155,1.3,6432.0,948.781,282.2001207,44.4222795,2014.0,Transit,769.0,F
kepler-275 b,,,10.30067919,,Kepler-275,1.2,1.44365,6222.0,2034.25,292.4797004,38.5149018,2014.0,Transit,,F
kepler-275 c,3.32,,16.08831829,0.0,Kepler-275,1.339,1.283,6535.0,2034.25,292.4797004,38.5149018,2014.0,Transit,881.0,F
kepler-275 d,3.02,,35.6757453,0.0,Kepler-275,1.08,1.33,6157.0,2034.25,292.4797004,38.5149018,2014.0,Transit,671.0,F
kepler-276 b,2.64,,14.12846178,0.0,Kepler-276,1.099,1.026,6102.0,1144.86,293.568197,39.0363123,2014.0,Transit,793.0,F
kepler-276 c,3.15,,31.8841569,0.0,Kepler-276,1.099,1.026,6102.0,1144.86,293.568197,39.0363123,2013.0,Transit,605.0,F
kepler-279 b,2.47,,12.3097136,0.0,Kepler-279,1.097,1.067,6781.0,1037.4,287.391295,42.194822,2014.0,Transit,941.0,F
kepler-279 d,3.2,,54.4205407,0.0,Kepler-279,1.097,1.067,6781.0,1037.4,287.391295,42.194822,2013.0,Transit,574.0,F
kepler-279 e,4.13,,98.353149,0.0,Kepler-279,1.164,1.697,6366.0,1037.4,287.391295,42.194822,2025.0,Transit,552.0,F
kepler-282 b,1.04,,9.2206889,0.0,Kepler-282,0.968,0.887,6102.0,1337.61,284.6772402,44.7976401,2014.0,Transit,868.0,F
kepler-289 b,3.41,,34.5438464,0.0,Kepler-289,1.158,1.598,6279.0,704.438,297.4653351,42.8828517,2014.0,Transit,750.0,F
kepler-289 c,18.6,,125.86546,0.0,Kepler-289,1.17,1.64,6260.0,704.438,297.4653351,42.8828517,2014.0,Transit,491.0,F
kepler-291 b,2.16,,3.546511,,Kepler-291,,1.016,6002.0,1786.48,287.9163029,42.4372666,2014.0,Transit,,F
kepler-297 d,13.54,,150.0190609,0.0,Kepler-297,1.04,1.04,6150.0,692.14,283.2091605,48.7776156,2023.0,Transit,369.0,F
kepler-31 b,5.7,,20.861145,0.0,Kepler-31,1.208,1.15,6514.0,1664.64,294.0230229,45.8530535,2011.0,Transit,775.0,F
kepler-31 c,5.06,,42.63416177,,Kepler-31,1.08,1.2,6121.0,1664.64,294.0230229,45.8530535,2011.0,Transit,,F
kepler-31 d,,,87.6476068,,Kepler-31,1.11,1.30436,6011.2,1664.64,294.0230229,45.8530535,2014.0,Transit,,F
kepler-312 b,,,1.772451066,,Kepler-312,1.17,1.7477,6158.44,797.72,298.3957687,42.4597712,2014.0,Transit,,F
kepler-312 c,2.43,,19.74732846,0.0,Kepler-312,1.202,1.108,6173.0,797.72,298.3957687,42.4597712,2014.0,Transit,735.0,F
kepler-320 b,1.705,,,,Kepler-320,,1.268,6134.0,826.613,293.2135155,46.1751457,2014.0,Transit,,F
kepler-320 c,1.41,,17.9346563,0.0,Kepler-320,1.084,1.04,6412.0,826.613,293.2135155,46.1751457,2014.0,Transit,777.0,F
kepler-323 b,1.7,,1.67832545,0.0,Kepler-323,1.123,1.378,6277.0,454.883,291.3822988,38.1274595,2014.0,Transit,1915.0,F
kepler-328 b,4.26,,34.9176592,,Kepler-328,1.24,1.36,6299.0,2213.19,295.8092756,40.0084866,2013.0,Transit,,F
kepler-328 c,5.4,,71.3101,0.0,Kepler-328,1.07,0.97,6134.0,2213.19,295.8092756,40.0084866,2013.0,Transit,455.0,F
kepler-335 b,1.69,,6.56225728,0.0,Kepler-335,1.019,0.932,6003.0,1278.97,296.0642944,45.4285986,2014.0,Transit,972.0,F
kepler-336 d,1.66,,20.67879355,0.0,Kepler-336,0.938,0.865,6029.0,768.86,290.2376224,41.3313637,2014.0,Transit,651.0,F
kepler-340 c,3.63,,22.8245485,,Kepler-340,1.65,2.08,7115.0,808.762,295.933471,40.3005515,2014.0,Transit,,F
kepler-341 c,1.73,,8.01041305,0.0,Kepler-341,1.0,1.003,6008.0,1047.03,289.8615609,43.4727412,2014.0,Transit,948.0,F
kepler-342 b,2.103,,15.17026179,,Kepler-342,1.213,1.363,6272.0,781.611,292.6780488,46.7266813,2014.0,Transit,,F
kepler-342 c,1.59,,26.2348478,0.0,Kepler-342,1.2,1.178,6475.0,781.611,292.6780488,46.7266813,2014.0,Transit,723.0,F
kepler-342 d,2.49,,39.459357,,Kepler-342,,1.472,6175.0,781.611,292.6780488,46.7266813,2014.0,Transit,,F
kepler-342 e,0.963,,1.644224613,,Kepler-342,1.213,1.363,6272.0,781.611,292.6780488,46.7266813,2016.0,Transit,,F
kepler-343 b,1.65,,8.968574,0.0,Kepler-343,1.05,1.06,6111.0,927.193,291.960662,42.4329567,2014.0,Transit,947.0,F
kepler-343 c,1.53,,23.2218189,0.0,Kepler-343,1.022,1.047,6122.0,927.193,291.960662,42.4329567,2014.0,Transit,689.0,F
kepler-346 c,3.3,,23.85163032,0.0,Kepler-346,1.065,1.001,6032.0,984.105,288.0119248,46.1176003,2014.0,Transit,654.0,F
kepler-347 b,1.99,,12.7983044,0.0,Kepler-347,1.074,0.998,6092.0,1298.88,289.1995995,49.3056404,2014.0,Transit,811.0,F
kepler-347 c,1.64,,27.3216332,0.0,Kepler-347,1.074,0.998,6092.0,1298.88,289.1995995,49.3056404,2014.0,Transit,629.0,F
kepler-347 d,1.72,,85.520888,0.0,Kepler-347,1.074,0.998,6092.0,1298.88,289.1995995,49.3056404,2023.0,Transit,430.0,F
kepler-348 b,1.33,,7.05675289,0.0,Kepler-348,1.198,1.186,6395.0,570.783,297.2550814,40.5483883,2014.0,Transit,1110.0,F
kepler-348 c,1.22,,17.2654644,,Kepler-348,1.27,1.39,6412.0,570.783,297.2550814,40.5483883,2014.0,Transit,,F
kepler-350 b,1.81,,11.1895709,0.0,Kepler-350,1.111,1.465,6188.0,956.859,285.4195845,39.7061009,2014.0,Transit,1037.0,F
kepler-350 c,3.191,,,,Kepler-350,,1.421,6186.0,956.859,285.4195845,39.7061009,2013.0,Transit,,F
kepler-350 d,2.8,,26.13617,0.0,Kepler-350,1.13,1.33,6234.0,956.859,285.4195845,39.7061009,2013.0,Transit,747.0,F
kepler-356 b,1.45,,4.612661,0.0,Kepler-356,1.13,1.19,6310.0,707.559,292.4210998,37.6827919,2014.0,Transit,1280.0,F
kepler-356 c,,,13.1213300057,,Kepler-356,1.11,1.56422,6018.64,707.559,292.4210998,37.6827919,2014.0,Transit,,F
kepler-359 b,4.37,,25.5638576,,Kepler-359,1.14,1.19,6090.0,1443.21,293.2936129,42.1963497,2014.0,Transit,,F
kepler-359 d,30.34,,77.085964,0.0,Kepler-359,1.093,1.033,6210.0,1443.21,293.2936129,42.1963497,2014.0,Transit,460.0,F
kepler-361 b,,,8.486423685,,Kepler-361,1.19,1.46815,6203.43,930.32,296.8034146,46.7411011,2014.0,Transit,,F
kepler-361 c,2.52,,55.188023,,Kepler-361,,1.343,6169.0,930.32,296.8034146,46.7411011,2014.0,Transit,,F
kepler-364 b,1.45,,25.7457529,0.0,Kepler-364,1.195,1.173,6484.0,891.462,281.5699998,47.3986233,2014.0,Transit,728.0,F
kepler-364 c,2.675,,,,Kepler-364,,1.319,6090.0,891.462,281.5699998,47.3986233,2014.0,Transit,,F
kepler-365 b,1.83,,10.66487537,0.0,Kepler-365,1.035,1.03,6011.0,1038.99,295.626564,49.130411,2014.0,Transit,868.0,F
kepler-365 c,1.6,,17.7838298,0.0,Kepler-365,1.037,1.021,6014.0,1038.99,295.626564,49.130411,2014.0,Transit,729.0,F
kepler-366 b,1.46,,3.281959,,Kepler-366,,1.048,6209.0,1856.28,296.8520316,49.0844359,2014.0,Transit,,F
kepler-366 c,1.79,,12.51618164,0.0,Kepler-366,1.093,1.033,6210.0,1856.28,296.8520316,49.0844359,2014.0,Transit,844.0,F
kepler-372 b,1.43,,6.84976206,0.0,Kepler-372,1.181,1.159,6517.0,1493.95,291.2562253,49.2589288,2014.0,Transit,1132.0,F
kepler-372 c,2.5,,20.05414,0.0,Kepler-372,1.202,1.303,6502.0,1493.95,291.2562253,49.2589288,2014.0,Transit,834.0,F
kepler-372 d,2.44,,30.0904877,0.0,Kepler-372,1.181,1.159,6517.0,1493.95,291.2562253,49.2589288,2014.0,Transit,692.0,F
kepler-374 c,1.19,,3.282784,0.0,Kepler-374,1.03,0.97,6022.0,1265.61,294.1378921,42.3704075,2014.0,Transit,1245.0,F
kepler-379 b,,,20.0987535473,,Kepler-379,1.12,1.26033,6039.0,731.274,295.7010981,38.9458209,2014.0,Transit,,F
kepler-379 c,,,62.78416835,,Kepler-379,1.12,1.26033,6039.0,731.274,295.7010981,38.9458209,2014.0,Transit,,F
kepler-380 b,1.07,,3.930871,0.0,Kepler-380,0.987,1.097,6043.0,813.713,282.3947017,48.7591334,2014.0,Transit,1266.0,F
kepler-380 c,1.27,,7.630004,,Kepler-380,,1.224,6045.0,813.713,282.3947017,48.7591334,2014.0,Transit,,F
kepler-381 b,1.31,,5.62902579,0.0,Kepler-381,1.274,2.058,6550.0,267.323,285.1828685,43.8310283,2014.0,Transit,1599.0,F
kepler-381 c,1.41,,13.39152873,0.0,Kepler-381,1.274,2.058,6550.0,267.323,285.1828685,43.8310283,2014.0,Transit,1198.0,F
kepler-381 d,0.923,,8.2563025,,Kepler-381,1.144,1.449,6346.0,267.323,285.1828685,43.8310283,2021.0,Transit,,F
kepler-385 b,3.21,,10.04377084,0.0,Kepler-385,1.09,1.153,6308.0,1432.61,294.3385109,50.3365178,2014.0,Transit,975.0,F
kepler-39 b,14.77,,21.08719422,0.0,Kepler-39,1.066,1.522,6266.0,1057.41,296.9603348,46.0342954,2011.0,Transit,873.0,F
kepler-393 b,1.442,,,,Kepler-393,,1.53,6330.0,881.404,290.995205,45.192188,2014.0,Transit,,F
kepler-393 c,1.4,,14.6134251,0.0,Kepler-393,1.315,1.604,6735.0,881.404,290.995205,45.192188,2014.0,Transit,1052.0,F
kepler-394 b,1.72,,8.00505342,0.0,Kepler-394,1.145,1.154,6426.0,1058.72,296.3019792,50.6723115,2014.0,Transit,1063.0,F
kepler-394 c,1.81,,12.13065293,0.0,Kepler-394,1.145,1.154,6426.0,1058.72,296.3019792,50.6723115,2014.0,Transit,926.0,F
kepler-394 d,1.5,,5.61357629,0.0,Kepler-394,1.145,1.154,6426.0,1058.72,296.3019792,50.6723115,2021.0,Transit,1197.0,F
kepler-40 b,16.14096,657.9081,6.8731697,0.15,Kepler-40,1.46,2.48,6510.0,2305.01,296.8136883,47.5265446,2010.0,Transit,,F
kepler-401 b,1.84,,14.3832267,0.0,Kepler-401,1.077,1.291,6115.0,965.56,290.0827494,50.8634361,2014.0,Transit,889.0,F
kepler-401 c,2.46,,47.3183002,0.0,Kepler-401,1.051,1.373,6347.0,965.56,290.0827494,50.8634361,2014.0,Transit,643.0,F
kepler-401 d,2.909,,184.256405,,Kepler-401,1.173,1.689,6045.0,965.56,290.0827494,50.8634361,2016.0,Transit,,F
kepler-402 b,1.37,,4.02875481,,Kepler-402,1.15,1.24,6199.0,625.339,288.3701976,43.3546109,2014.0,Transit,,F
kepler-402 c,,,6.12480953,,Kepler-402,1.2,1.08729,6223.39,625.339,288.3701976,43.3546109,2014.0,Transit,,F
kepler-402 d,1.13,,8.9211602,,Kepler-402,1.072,1.09,6119.0,625.339,288.3701976,43.3546109,2014.0,Transit,,F
kepler-402 e,,,11.2426810578,,Kepler-402,1.2,1.08729,6223.39,625.339,288.3701976,43.3546109,2014.0,Transit,,F
kepler-403 b,1.774,,7.03144308,,Kepler-403,1.299,1.803,6094.0,840.269,289.9214256,46.7445267,2014.0,Transit,,F
kepler-403 c,,,54.2811949,,Kepler-403,1.15,1.87262,6111.03,840.269,289.9214256,46.7445267,2014.0,Transit,,F
kepler-403 d,1.46,,13.61165024,0.0,Kepler-403,1.282,1.499,6170.0,840.269,289.9214256,46.7445267,2016.0,Transit,958.0,F
kepler-408 b,0.7,,2.465026158,0.0,Kepler-408,1.079,1.225,6104.0,88.7832,284.7862158,48.4232622,2014.0,Transit,1558.0,F
kepler-410 a b,2.71,,17.834381,0.0,Kepler-410 A,1.17,1.36,6170.0,147.527,283.1510448,45.1400838,2013.0,Transit,845.0,F
kepler-418 b,13.4508,349.613,86.679,,Kepler-418,1.29,1.6,6029.0,1002.53,294.4335228,38.3554729,2014.0,Transit,,F
kepler-419 b,9.3,,69.73297,0.0,Kepler-419,1.313,1.39,6293.0,1011.36,295.4179125,51.1847629,2014.0,Transit,543.0,F
kepler-419 c,,2320.1,675.47,0.184,Kepler-419,1.39,1.74,6430.0,1011.36,295.4179125,51.1847629,2014.0,Transit Timing Variations,,F
kepler-43 b,,,3.024092505,,Kepler-43,1.12,1.36388,6041.0,1005.84,285.2408288,46.6682411,2011.0,Transit,,F
kepler-430 b,2.53,,35.96826,0.0,Kepler-430,1.1,1.16,6242.0,917.477,292.8085984,49.5794242,2015.0,Transit,631.0,F
kepler-431 d,1.82,,11.92163,0.0,Kepler-431,1.21,1.79,6306.0,486.546,281.1123072,43.2277663,2015.0,Transit,1128.0,F
kepler-433 b,16.25,896.24,5.33408384,0.119,Kepler-433,1.46,2.26,6360.0,1878.31,297.5936232,40.9772546,2015.0,Transit,1776.0,F
kepler-435 b,,,8.6001545,0.114,Kepler-435,1.538,3.21,6161.0,1418.77,292.2873012,43.1972542,2015.0,Transit,,F
kepler-450 b,,,28.45490735,,Kepler-450,1.19,1.64162,6197.21,455.982,295.4865821,51.0135237,2015.0,Transit,,F
kepler-450 c,2.55,,15.41308581,,Kepler-450,1.3,1.56,6263.0,455.982,295.4865821,51.0135237,2015.0,Transit,,F
kepler-450 d,0.91,,7.5144704,,Kepler-450,1.334,1.611,6298.0,455.982,295.4865821,51.0135237,2015.0,Transit,,F
kepler-457 d,,,10.692115,,KOI-7892,1.15,1.25604,6116.46,1072.3,282.3775397,44.694569,2021.0,Transit,,F
kepler-458 c,7.251,,,,KIC 9663113,,2.224,6218.0,1594.74,297.0454037,46.3286653,2016.0,Transit,,F
kepler-460 c,6.1,,220.1303357,0.0,KIC 5437945,1.031,1.393,6340.0,1274.01,288.4749028,40.6512848,2016.0,Transit,389.0,F
kepler-465 b,2.8,,9.940672466,0.0,Kepler-465,1.14,1.215,6522.0,553.077,284.5557853,46.0638865,2016.0,Transit,1032.0,F
kepler-471 b,,,5.014234733,,Kepler-471,1.41,1.69675,6669.0,1249.41,299.0975167,43.4975851,2016.0,Transit,,F
kepler-480 b,2.86,,4.919584997,0.0,Kepler-480,1.224,1.378,6236.0,847.508,294.4639165,49.7650473,2016.0,Transit,1312.0,F
kepler-483 b,,,30.2289452587,,Kepler-483,1.16,1.46843,6131.93,860.355,291.6467764,41.8846843,2016.0,Transit,,F
kepler-493 b,,,3.003879547,,Kepler-493,1.13,1.50633,6052.0,1745.77,295.3075252,38.8815716,2016.0,Transit,,F
kepler-5 b,15.28,,3.548465405,0.0,Kepler-5,1.319,1.746,6290.0,899.777,299.4070341,44.0350387,2009.0,Transit,1640.0,F
kepler-50 b,,,7.8128315,,Kepler-50,1.178,1.6202,6173.0,250.11,288.1009312,50.0336844,2012.0,Transit,,F
kepler-50 c,2.17,,9.37647,,Kepler-50,1.24,1.58,6225.0,250.11,288.1009312,50.0336844,2012.0,Transit,,F
kepler-501 b,4.0,,5.640662,0.0,Kepler-501,1.11,1.02,6215.0,1125.24,297.2014919,41.7301534,2016.0,Transit,1094.0,F
kepler-502 b,4.14,,4.286866229,0.0,Kepler-502,1.107,1.049,6228.0,1591.04,291.080133,43.8601911,2016.0,Transit,1217.0,F
kepler-506 b,2.67,,6.8834055,0.0,Kepler-506,1.18,1.188,6184.0,228.439,284.6351885,40.7198296,2016.0,Transit,1086.0,F
kepler-507 b,1.29,,3.568065,0.0,Kepler-507,1.156,1.18,6040.0,391.644,297.0188074,50.409046,2016.0,Transit,1320.0,F
kepler-51 c,6.1,,85.3165776,0.0,Kepler-51,1.053,0.972,6046.0,783.831,296.4797624,49.9376486,2012.0,Transit,423.0,F
kepler-511 b,,,296.63730555,,Kepler-511,1.12,1.62825,6023.54,651.999,282.9455384,47.5749181,2016.0,Transit,,F
kepler-512 b,2.329,,34.43587975,,Kepler-512,1.1,1.134,6051.0,467.375,298.2689217,48.9167391,2016.0,Transit,,F
kepler-516 b,7.61,,24.85466504,0.0,Kepler-516,1.7,2.527,6967.0,687.094,295.6087625,38.7357368,2016.0,Transit,1095.0,F
kepler-520 b,1.8,,19.67423,0.0,Kepler-520,1.139,1.086,6141.0,623.901,293.1802903,41.6177408,2016.0,Transit,731.0,F
kepler-520 c,1.15,,5.211058,0.0,Kepler-520,1.139,1.086,6141.0,623.901,293.1802903,41.6177408,2016.0,Transit,1143.0,F
kepler-521 b,3.02,,22.20809549,0.0,Kepler-521,1.324,1.403,6336.0,830.638,298.8163801,43.9980203,2016.0,Transit,803.0,F
kepler-522 b,5.899,,38.58422849,,Kepler-522,1.403,1.672,6338.0,639.239,288.153973,44.0688154,2016.0,Transit,,F
kepler-527 b,2.18,,13.28535633,0.0,Kepler-527,1.122,1.104,6513.0,750.04,290.957913,47.4062673,2016.0,Transit,893.0,F
kepler-529 c,1.57,,12.8345022,0.0,Kepler-529,0.977,0.886,6248.0,799.008,285.8884067,47.880364,2016.0,Transit,795.0,F
kepler-529 d,2.44,,35.8656484,0.0,Kepler-529,1.005,1.189,6078.0,799.008,285.8884067,47.880364,2021.0,Transit,633.0,F
kepler-53 c,3.57,,38.5575914,0.0,Kepler-53,1.019,0.945,6079.0,1366.07,290.4617926,40.5624966,2012.0,Transit,550.0,F
kepler-535 b,,,4.9033133795,,Kepler-535,1.11,1.36163,6017.92,685.599,296.5666587,49.6961742,2016.0,Transit,,F
kepler-541 b,3.347,,,,Kepler-541,,2.136,6178.0,1060.68,294.1496529,38.458207,2016.0,Transit,,F
kepler-544 b,,,21.416115178,,Kepler-544,1.21,1.57028,6244.51,963.18,294.0290734,39.0517893,2016.0,Transit,,F
kepler-552 b,3.86,,5.263415765,0.0,Kepler-552,1.095,1.025,6091.0,843.689,290.7476903,48.2419838,2016.0,Transit,1100.0,F
kepler-58 e,1.69200003,,4.458169937,,Kepler-58,1.017,1.083,6100.0,969.252,296.3586251,39.1152033,2023.0,Transit,,F
kepler-584 b,5.371,,,,Kepler-584,,1.566,6519.0,1848.84,288.230615,42.4136181,2016.0,Transit,,F
kepler-59 b,1.23,,11.86817,0.0,Kepler-59,1.14,1.06,6314.0,1163.22,287.0394932,46.6401677,2012.0,Transit,880.0,F
kepler-592 b,2.17,,2.820192408,0.0,Kepler-592,1.045,0.967,6091.0,1153.13,285.7907395,48.6832431,2016.0,Transit,1326.0,F
kepler-606 b,2.8,,24.31574009,0.0,Kepler-606,1.104,1.047,6242.0,1215.11,292.42737,44.3812406,2016.0,Transit,683.0,F
kepler-608 b,4.03,,6.412515037,0.0,Kepler-608,1.038,1.108,6026.0,946.683,293.882901,44.6380717,2016.0,Transit,1069.0,F
kepler-616 b,2.48,,9.99761851,0.0,Kepler-616,1.061,0.977,6004.0,945.775,294.989137,46.8383058,2016.0,Transit,860.0,F
kepler-616 c,3.37,,90.4113556,0.0,Kepler-616,1.061,0.977,6004.0,945.775,294.989137,46.8383058,2016.0,Transit,413.0,F
kepler-616 d,2.44,,51.0674355,0.0,Kepler-616,1.061,0.977,6004.0,945.775,294.989137,46.8383058,2021.0,Transit,499.0,F
kepler-618 b,2.39,,3.595769645,0.0,Kepler-618,1.052,1.011,6108.0,1221.96,286.2498525,48.0609256,2016.0,Transit,1252.0,F
kepler-619 b,3.0,,5.404283,0.0,Kepler-619,1.07,0.98,6119.0,900.678,290.8490899,48.4159782,2016.0,Transit,1072.0,F
kepler-619 d,9.0,,11.678907,0.0,Kepler-619,1.07,0.98,6119.0,900.678,290.8490899,48.4159782,2023.0,Transit,832.0,F
kepler-620 b,,,12.91387805,,Kepler-620,1.16,1.30709,6142.88,1355.28,291.1593939,51.3348228,2016.0,Transit,,F
kepler-624 b,,,14.5865586183,,Kepler-624,1.18,1.22089,6176.34,748.188,295.1933631,39.5396946,2016.0,Transit,,F
kepler-625 b,,,7.75192755,,Kepler-625,1.13,1.45378,6049.15,760.708,292.1504723,39.6375254,2016.0,Transit,,F
kepler-627 b,3.36,,40.6994443,0.0,Kepler-627,1.012,1.362,6419.0,984.307,292.1042198,39.7678585,2016.0,Transit,685.0,F
kepler-630 b,4.79,,161.4743937,0.0,Kepler-630,0.974,1.569,6036.0,839.784,293.4270647,39.9423967,2016.0,Transit,440.0,F
kepler-631 b,2.7,,17.97988,0.0,Kepler-631,1.18,1.11,6433.0,761.966,296.885724,40.2281717,2016.0,Transit,795.0,F
kepler-633 b,2.18,,8.50340718,0.0,Kepler-633,1.03,1.549,6282.0,680.54,295.2173259,40.5921599,2016.0,Transit,1201.0,F
kepler-633 c,2.45,,23.783247,0.0,Kepler-633,1.03,1.549,6282.0,680.54,295.2173259,40.5921599,2021.0,Transit,853.0,F
kepler-634 b,1.61,,5.16950177,0.0,Kepler-634,1.028,1.089,6458.0,888.027,291.19509,40.7027352,2016.0,Transit,1222.0,F
kepler-635 b,2.5,,23.44955,0.0,Kepler-635,1.13,1.26,6288.0,1141.08,289.7732613,40.8007019,2016.0,Transit,762.0,F
kepler-637 b,2.286,,,,Kepler-637,,1.261,6281.0,786.091,292.4172566,41.4168384,2016.0,Transit,,F
kepler-642 b,1.99,,4.41745855,0.0,Kepler-642,1.177,1.155,6528.0,781.582,293.8345542,42.624948,2016.0,Transit,1311.0,F
kepler-644 b,2.8,,3.173905,0.0,Kepler-644,1.22,1.52,6344.0,1318.05,295.4757022,43.4931119,2016.0,Transit,1625.0,F
kepler-645 b,2.18,,3.275822621,0.0,Kepler-645,1.07,1.273,6449.0,1173.57,290.3227098,44.0358625,2016.0,Transit,1527.0,F
kepler-65 b,,,2.1549078275,,Kepler-65,1.167,1.5092,6149.0,303.728,288.6887221,41.1511076,2012.0,Transit,,F
kepler-65 d,1.607,,,,Kepler-65,,1.453,6220.0,303.728,288.6887221,41.1511076,2012.0,Transit,,F
kepler-655 b,,,46.40626,,Kepler-655,1.22,1.23362,6261.79,752.562,297.2590664,46.843165,2016.0,Transit,,F
kepler-664 b,2.308,,,,Kepler-664,,0.878,6025.0,1210.12,288.7549029,48.226203,2016.0,Transit,,F
kepler-666 b,2.21,,4.49876092,0.0,Kepler-666,1.048,0.969,6075.0,1508.71,298.4568899,48.7915925,2016.0,Transit,1133.0,F
kepler-669 b,4.0,,4.125573,0.0,Kepler-669,1.06,0.99,6098.0,2063.41,291.9361615,49.2539473,2016.0,Transit,1186.0,F
kepler-696 b,6.21,,4.190425659,0.0,Kepler-696,1.163,1.135,6073.0,1416.44,293.4965906,41.1375635,2016.0,Transit,1234.0,F
kepler-714 b,13.16,,,,Kepler-714,,1.581,6217.0,2083.37,282.6994685,43.2727437,2016.0,Transit,,F
kepler-715 b,3.1,,10.006563,0.0,Kepler-715,1.05,0.95,6040.0,1327.44,283.6307971,43.3793638,2016.0,Transit,854.0,F
kepler-717 b,2.73,,4.40840023,0.0,Kepler-717,0.968,0.961,6007.0,2805.48,292.9655071,43.346345,2016.0,Transit,1139.0,F
kepler-722 b,2.692,,,,Kepler-722,,0.944,6084.0,1239.5,290.2632874,44.5564051,2016.0,Transit,,F
kepler-729 b,3.97,,3.166353714,0.0,Kepler-729,1.072,0.998,6007.0,1921.15,286.3600604,45.4142664,2016.0,Transit,1274.0,F
kepler-730 b,10.3,,6.491684259,0.0,Kepler-730,1.157,1.13,6116.0,1935.04,285.5547895,45.578842,2016.0,Transit,1073.0,F
kepler-730 c,1.23,,2.85188338,0.0,Kepler-730,1.159,1.107,6123.0,1935.04,285.5547895,45.578842,2018.0,Transit,1398.0,F
kepler-731 b,13.75,,3.855603551,0.0,Kepler-731,1.149,1.047,6028.0,1257.16,296.3931945,45.568533,2016.0,Transit,1211.0,F
kepler-74 b,14.8,216.12,7.340718,0.287,Kepler-74,1.4,1.51,6050.0,1177.55,293.0925275,41.3555095,2013.0,Transit,1250.0,F8 V
kepler-750 b,3.07,,9.42887179,,Kepler-750,1.15,1.23,6160.0,1296.02,289.0968274,44.004364,2016.0,Transit,,F
kepler-750 c,1.62,,4.08899022,,Kepler-750,1.15,1.23,6160.0,1296.02,289.0968274,44.004364,2016.0,Transit,,F
kepler-758 b,2.34,,12.1097104,0.0,Kepler-758,1.261,1.351,6692.0,1502.32,293.0846115,41.1354049,2016.0,Transit,1028.0,F
kepler-758 c,1.65,,4.75793986,0.0,Kepler-758,1.261,1.351,6692.0,1502.32,293.0846115,41.1354049,2016.0,Transit,1404.0,F
kepler-758 d,,,20.4971697,,Kepler-758,1.3,1.53467,6442.0,1502.32,293.0846115,41.1354049,2016.0,Transit,,F
kepler-758 e,1.47,,8.1934719,0.0,Kepler-758,1.261,1.351,6692.0,1502.32,293.0846115,41.1354049,2016.0,Transit,1171.0,F
kepler-76 b,10.7011777,,1.54493336287,,Kepler-76,,1.4874,6136.25,822.96,294.1921185,39.6189727,2013.0,Orbital Brightness Modulation,1991.47,F
kepler-761 b,2.6,,10.12824,0.0,Kepler-761,1.07,1.07,6149.0,830.707,290.503599,44.1436249,2016.0,Transit,916.0,F
kepler-765 b,2.29,,27.6655226,0.0,Kepler-765,0.939,1.017,6036.0,1076.28,283.1846044,47.1557114,2016.0,Transit,641.0,F
kepler-769 b,2.35,,7.42608998,0.0,Kepler-769,1.07,1.009,6225.0,1169.57,292.7130925,38.3581685,2016.0,Transit,999.0,F
kepler-769 c,2.2,,15.98467,0.0,Kepler-769,1.1,1.02,6215.0,1169.57,292.7130925,38.3581685,2016.0,Transit,773.0,F
kepler-774 b,3.51,,11.08956602,0.0,Kepler-774,1.497,2.867,6353.0,917.804,291.0318604,38.211894,2016.0,Transit,1422.0,F
kepler-782 b,3.73,,158.6853308,0.0,Kepler-782,0.976,1.186,6126.0,446.844,288.868246,47.75947,2016.0,Transit,390.0,F
kepler-788 b,2.16,,8.39846269,0.0,Kepler-788,1.084,1.031,6297.0,1775.8,290.0004154,38.5398551,2016.0,Transit,978.0,F
kepler-79 b,2.73,,13.48458665,0.0,Kepler-79,1.084,1.037,6388.0,1020.72,300.5171067,44.3815508,2012.0,Transit,850.0,F
kepler-79 c,3.72,5.9,27.4029,0.03,Kepler-79,1.165,1.302,6174.0,1020.72,300.5171067,44.3815508,2012.0,Transit,,F
kepler-79 d,7.15,,52.09081602,,Kepler-79,1.18,1.31,6223.0,1020.72,300.5171067,44.3815508,2014.0,Transit,,F
kepler-79 e,2.85,,81.0634942,,Kepler-79,1.18,1.31,6223.0,1020.72,300.5171067,44.3815508,2014.0,Transit,,F
kepler-791 b,3.05,,14.5539759,,Kepler-791,1.3,1.47,6383.0,1266.34,293.5958044,39.0294267,2016.0,Transit,,F
kepler-794 b,1.79,,11.13127,0.0,Kepler-794,1.05,1.16,6117.0,931.192,288.1336793,38.9968923,2016.0,Transit,924.0,F
kepler-798 b,2.07,,13.7199,0.0,Kepler-798,1.16,1.11,6382.0,972.274,292.4782785,42.1422821,2016.0,Transit,862.0,F
kepler-8 b,14.83,,3.522498573,0.0,Kepler-8,1.132,1.451,6225.0,1021.87,281.2881335,42.4510975,2010.0,Transit,1521.0,F
kepler-805 b,,,30.86396918,,Kepler-805,1.15,1.66924,6099.13,638.49,293.2300178,45.053364,2016.0,Transit,,F
kepler-812 b,3.16,,10.11716531,0.0,Kepler-812,1.393,1.554,7138.0,1482.74,288.8552821,48.208517,2016.0,Transit,1228.0,F
kepler-814 b,2.12,,6.1469851,,Kepler-814,1.15,1.22,6162.0,2055.77,284.9105256,48.4315896,2016.0,Transit,,F
kepler-820 b,8.195,,127.8338098,,Kepler-820,1.433,1.83,6443.0,1387.2,291.0201523,39.2206091,2016.0,Transit,,F
kepler-825 b,1.35,,3.77360059,0.0,Kepler-825,0.868,0.969,6224.0,807.85,294.769825,39.3984081,2016.0,Transit,1270.0,F
kepler-825 c,1.936,,,,Kepler-825,,1.058,6222.0,807.85,294.769825,39.3984081,2016.0,Transit,,F
kepler-826 b,,,4.4875801584,,Kepler-826,1.17,1.31152,6160.28,779.596,284.8601128,39.2405076,2016.0,Transit,,F
kepler-830 b,1.7,,11.29695137,,Kepler-830,1.07,1.11,6037.0,,295.054238,42.7568316,2016.0,Transit,,F
kepler-832 b,2.33,,7.1396941,0.0,Kepler-832,1.101,0.993,6014.0,1688.12,295.9261101,45.383869,2016.0,Transit,965.0,F
kepler-836 b,2.68,,11.36112327,0.0,Kepler-836,1.079,1.017,6244.0,980.035,287.4527659,45.7043964,2016.0,Transit,871.0,F
kepler-84 b,3.03,,8.72585936,,Kepler-84,1.06,1.11,6039.0,1023.9,298.2520208,40.4960842,2012.0,Transit,,F
kepler-84 c,3.15,,12.88291395,0.0,Kepler-84,0.987,1.131,6036.0,1023.9,298.2520208,40.4960842,2012.0,Transit,865.0,F
kepler-84 d,1.6,,4.22453631,0.0,Kepler-84,0.987,1.131,6036.0,1023.9,298.2520208,40.4960842,2014.0,Transit,1254.0,F
kepler-84 e,2.3,,27.4345883,0.0,Kepler-84,1.005,1.022,6028.0,1023.9,298.2520208,40.4960842,2014.0,Transit,636.0,F
kepler-849 b,7.14,,394.6244904,,Kepler-849,1.23,1.64,6059.0,822.134,290.8517961,48.5213243,2016.0,Transit,,F
kepler-852 b,2.54,,44.9309804,,Kepler-852,1.19,1.16,6100.0,1619.03,297.3915863,48.5606875,2016.0,Transit,,F
kepler-853 b,,,7.16893064,,Kepler-853,1.27,1.4745,6376.52,568.676,283.936781,49.1102748,2016.0,Transit,,F
kepler-870 b,2.545,,,,Kepler-870,,1.004,6158.0,1259.46,295.4025625,50.4785992,2016.0,Transit,,F
kepler-873 b,3.19,,20.55331441,0.0,Kepler-873,1.157,1.112,6325.0,1182.22,296.4031319,51.2712773,2016.0,Transit,749.0,F
kepler-874 b,3.94,,40.0686727,,Kepler-874,1.09,1.13,6020.0,1082.16,294.9568477,43.0142991,2016.0,Transit,,F
kepler-880 b,2.15,,7.71468975,0.0,Kepler-880,1.394,1.448,6915.0,601.324,281.9712347,43.6727839,2016.0,Transit,1256.0,F
kepler-880 c,,,11.8061737,,Kepler-880,1.47,1.5425,6819.0,601.324,281.9712347,43.6727839,2023.0,Transit,,F
kepler-884 b,1.46,,5.699215,0.0,Kepler-884,1.036,1.06,6069.0,476.733,292.5844328,49.9232012,2016.0,Transit,1098.0,F
kepler-885 b,2.49,,18.11473813,0.0,Kepler-885,1.194,1.36,6109.0,651.318,288.6615682,49.7371538,2016.0,Transit,830.0,F
kepler-887 b,,,20.4222447,,Kepler-887,1.27,1.37362,6367.0,886.588,290.0907893,39.8169085,2016.0,Transit,,F
kepler-887 c,1.05,,7.63846023,0.0,Kepler-887,1.175,1.173,6422.0,886.588,290.0907893,39.8169085,2016.0,Transit,1084.0,F
kepler-890 b,7.4,,52.75886,0.0,Kepler-890,1.08,0.98,6119.0,1712.12,288.435718,43.7634712,2016.0,Transit,503.0,F
kepler-893 b,3.19,,6.33855761,0.0,Kepler-893,1.132,1.03,6108.0,1285.59,284.9630591,43.9130282,2016.0,Transit,1034.0,F
kepler-894 b,3.23,,9.803224,0.0,Kepler-894,1.063,0.992,6170.0,1162.91,288.7340513,46.939363,2016.0,Transit,896.0,F
kepler-904 b,1.35,,3.021668632,0.0,Kepler-904,1.058,0.989,6201.0,978.125,288.8229001,40.38901,2016.0,Transit,1332.0,F
kepler-907 b,,,15.86627596,,Kepler-907,,,6082.73,,285.4764959,41.6326615,2016.0,Transit,,F
kepler-909 b,1.22,,13.93290318,0.0,Kepler-909,1.149,1.047,6028.0,309.596,289.5063796,45.3709728,2016.0,Transit,789.0,F
kepler-910 b,0.82,,2.36436762,0.0,Kepler-910,1.326,1.543,6250.0,400.289,296.0472937,42.7429414,2016.0,Transit,1752.0,F
kepler-911 b,2.53,,20.310501,0.0,Kepler-911,1.294,1.954,6081.0,556.168,298.5891948,40.7506921,2016.0,Transit,942.0,F
kepler-913 b,5.75,,10.29674097,0.0,Kepler-913,1.294,1.797,6068.0,991.618,297.5830564,41.9523531,2016.0,Transit,1129.0,F
kepler-913 c,3.8580709,,5.939119816,,Kepler-913,1.294,1.797,6068.0,991.618,297.5830564,41.9523531,2021.0,Transit,,F
kepler-915 b,,,4.59489816,,Kepler-915,1.19,1.55216,6197.86,849.036,290.5921293,45.7372184,2016.0,Transit,,F
kepler-918 b,1.44,,4.85386933,0.0,Kepler-918,1.05,0.97,6061.0,1025.03,298.2007268,48.2677925,2016.0,Transit,1102.0,F
kepler-919 b,1.923,,,,Kepler-919,,1.095,6092.0,1119.87,298.1147862,48.4943834,2016.0,Transit,,F
kepler-924 b,3.179,,61.0370117,,Kepler-924,1.098,1.291,6162.0,1053.04,290.6685136,40.3977086,2016.0,Transit,,F
kepler-941 b,3.29,,17.42393582,0.0,Kepler-941,0.986,0.969,6018.0,1088.36,294.3262617,47.2175461,2016.0,Transit,722.0,F
kepler-945 b,2.72,,31.0033072,0.0,Kepler-945,1.173,1.071,6090.0,1651.25,291.2697354,42.0960305,2016.0,Transit,616.0,F
kepler-959 b,3.917,,,,Kepler-959,,1.727,6375.0,807.729,292.171185,40.8113849,2016.0,Transit,,F
kepler-965 b,,,134.251053969,,Kepler-965,1.12,1.08918,6022.29,582.828,298.5153169,41.8912305,2016.0,Transit,,F
kepler-972 b,4.65,,7.03932553,,Kepler-972,1.15,1.22,6146.0,1198.03,295.828679,43.4254371,2016.0,Transit,,F
kepler-978 b,2.75,,49.6221509,0.0,Kepler-978,1.036,1.019,6264.0,682.522,286.7107166,43.0433585,2016.0,Transit,539.0,F
kepler-982 b,2.87,,15.7738221,0.0,Kepler-982,1.14,1.614,6260.0,801.479,288.4176803,46.5904531,2016.0,Transit,978.0,F
kepler-983 b,2.19,,60.0855082,0.0,Kepler-983,1.058,0.989,6201.0,714.437,285.1042243,45.0080745,2016.0,Transit,492.0,F
kepler-996 b,1.48,,3.770590584,0.0,Kepler-996,0.922,0.829,6057.0,1216.58,291.9127633,41.5335891,2016.0,Transit,1132.0,F
kepler-997 b,,,2.7072805276,,Kepler-997,1.18,1.54906,6169.0,467.568,289.2333767,49.9388952,2016.0,Transit,,F
kepler-999 b,,,5.99187235,,Kepler-999,1.15,1.65996,6106.64,545.063,299.6604865,46.1984679,2016.0,Transit,,F
moa-2022-blg-033l b,,12.15,,,MOA-2022-BLG-033L,0.51,,,1840.0,272.8756667,-25.0530806,2025.0,Microlensing,,F7 V
ngc 2682 sand 1429 b,,572.0911326,77.48,0.0,NGC 2682 Sand 1429,1.26,2.13,6000.0,852.793,133.0147781,11.6899626,2024.0,Radial Velocity,683.0,F9.5 V
ngc 2682 ybp 401 b,,146.2018,4.087,0.15,NGC 2682 YBP 401,1.14,,6165.0,830.822,132.8293081,11.6710271,2016.0,Radial Velocity,,F9 V
ngts-2 b,18.5483,,4.5111234,,NGTS-2,,1.71,6540.6,356.391,215.1227617,-31.2020698,2018.0,Transit,1599.0,F
ngts-23 b,15.06490684,,4.07643727949,,NGTS-23,,1.29241,6287.0,1074.95,70.4322947,-40.0445299,2022.0,Transit,1363.02,F
ngts-34 b,3.65,19.1,43.12655,,NGTS-34,1.266,1.367,6134.0,120.475,162.4997176,-44.5478575,2025.0,Transit,624.0,F8 V
ngts-9 b,11.21102312,,4.4352884,,NGTS-9,,1.38,6245.0,609.128,141.9206435,-19.3476477,2019.0,Transit,1365.12,F
ogle-tr-10 b,12.77826,200.2329,,,OGLE-TR-10,1.17,1.14,6075.0,1344.97,267.8677483,-29.8764758,2004.0,Transit,,F
ogle-tr-132 b,14.01125,371.8611,1.689868,,OGLE-TR-132,1.297,1.37,6210.0,2012.62,162.6440933,-61.9572476,2004.0,Transit,2017.0,F
ogle-tr-211 b,14.145758,238.3725,3.67724,,OGLE-TR-211,1.312,1.56,6325.0,1515.26,160.0598236,-62.4555353,2007.0,Transit,1686.0,F
ogle-tr-56 b,13.4508,413.179,1.211909,,OGLE-TR-56,1.233,1.26,6119.0,,269.1479583,-29.5392222,2002.0,Transit,2140.0,F
ogle2-tr-l9 b,18.046,1430.175,2.4855335,,OGLE2-TR-L9,1.52,1.53,6933.0,1627.63,166.9798793,-61.1462496,2008.0,Transit,,F
ph1 b,6.18,169.0,138.317,0.0702,PH1,1.528,1.734,6407.0,1033.16,298.2150641,39.9550863,2012.0,Transit,481.0,F
pr0201 b,,171.6282,4.4264,0.0,Pr0201,1.24,1.15,6174.0,180.64,130.4324005,20.2268164,2012.0,Radial Velocity,,F
qatar-10 b,19.0536,,1.6453265,,Qatar-10,,1.32,6023.0,559.068,284.4439052,69.5708373,2019.0,Transit,1818.0,F
qatar-7 b,,,2.03202332,,Qatar-7,1.409,1.564,6387.0,705.981,358.5151344,37.0218242,2019.0,Transit,,F4 V
tic 147027702 b,10.92875618,346.43296363,44.40523,0.127,TIC 147027702,1.406,2.136,6410.0,457.186,161.7728559,-43.9317971,2026.0,Transit,863.0,F
tic 172900988 b,11.25,942.0,200.452,0.0271,TIC 172900988 Aa,1.2384,1.3842,6050.0,250.956,128.6616644,31.5539793,2021.0,Transit,,F9
tic 241249530 b,13.29385111,1582.78546686,165.7719,0.9412,TIC 241249530,1.271,1.397,6166.0,324.448,95.3088995,53.2950203,2024.0,Transit,,F
tic 245076932 b,10.87271128,162.09248757,21.61389,0.428,TIC 245076932,1.117,1.288,6130.0,303.96,198.0634857,-51.214433,2026.0,Transit,845.0,F
tic 257060897 b,17.26183028,201.50321004,3.66003639,0.039,TIC 257060897,1.187,1.863,5993.0,505.703,227.5321527,72.7103128,2021.0,Transit,1775.0,F
tic 87422071 b,9.30846,,11.3648628,,TIC 87422071,,1.51,6128.0,384.758,273.0346013,-44.2434042,2026.0,Transit,959.0,F
toi-1052 c,,34.3,35.806,0.237,TOI-1052,1.204,1.264,6146.0,129.804,337.5102738,-75.6465606,2023.0,Radial Velocity,719.0,F
toi-1054.01,3.28,,15.51,,TOI-1054,1.14,1.17092,6096.0,88.4343,302.1141738,-54.3175014,2021.0,Transit,,F
toi-1107 b,14.57167491,1064.72516345,4.0782387,0.025,TOI-1107,1.35,1.81,6311.0,281.314,155.6078632,-82.2188693,2022.0,Transit,1728.0,F6 V
toi-1181 b,17.02644168,374.71969185,2.103189,0.011,TOI-1181,1.467,1.961,6054.0,302.819,297.2158166,64.3543506,2022.0,Transit,,F
toi-128.01,2.21898,,4.9404681,,TOI-128,0.851969,1.13,6086.0,68.4727,79.5209381,-80.964384,2024.0,Transit,1344.51,F
toi-1288 b,4.94551,,2.6998294,,TOI-1288,,0.92,6180.0,114.865,313.1670294,65.6087833,2022.0,Transit,1639.0,F
toi-1291 b,5.05452,,7.16199,,TOI-1291,,1.81,6229.0,428.123,245.8180089,62.9251213,2026.0,Transit,1649.0,F
toi-1295 b,15.69257298,451.31633794,3.1968838,0.024,TOI-1295,1.38,1.7,6280.0,388.227,256.6722026,67.8715032,2024.0,Transit,2360.0,F
toi-1333 b,15.647764,753.2571,4.720219,0.073,TOI-1333,1.464,1.925,6274.0,200.492,325.0145363,48.4067674,2021.0,Transit,1679.0,F
toi-1338 b,6.85,33.0,95.174,0.088,TOI-1338 A,1.127,1.331,6050.0,399.017,92.1330955,-59.5409853,2020.0,Transit,,F
toi-1408 b,8.3621,,4.4247042,,TOI-1408,,1.49,6594.0,139.484,313.5110469,72.5806455,2023.0,Transit,1293.0,F
toi-1408 c,2.22,7.6,2.1664,0.1353,TOI-1408,1.312,1.53,6117.0,139.484,313.5110469,72.5806455,2024.0,Transit Timing Variations,,F8 V
toi-1437 b,2.00342,,18.840891,,TOI-1437,,1.22,6093.0,103.297,256.1387513,56.842549,2024.0,Transit,868.0,F
toi-150.01,15.46842,556.2025,5.857342,0.0,TOI-150,1.249,1.551,6003.0,336.267,112.965421,-73.6060358,2019.0,Transit,1493.0,F
toi-1516 b,17.2767,,2.0560153,,TOI-1516,,1.24,6485.0,247.054,340.0846204,69.5037313,2022.0,Transit,1839.0,F
toi-1518 b,21.01683881,731.0053361,1.902603,0.01,TOI-1518,1.79,1.95,7300.0,225.888,352.2675207,67.0348062,2021.0,Transit,2492.0,F0
toi-159 b,17.33058674,,3.7628372,,TOI-159,,1.58746,6979.2,347.593,51.7822676,-78.5498308,2026.0,Transit,1660.76,F
toi-163 b,,,4.2311144,,TOI-163,1.4352,1.648,6495.0,411.719,79.7682532,-71.8955269,2019.0,Transit,,F
toi-1670 b,2.35616,,10.9836724,,TOI-1670,,1.31,6453.0,168.067,259.0172522,72.1611806,2022.0,Transit,1043.0,F
toi-1670 c,11.06326395,200.23189641,40.74976,0.09,TOI-1670,1.21,1.316,6170.0,168.067,259.0172522,72.1611806,2022.0,Transit,684.0,F7 V
toi-1722 b,3.86469,,9.6052235,,TOI-1722,,1.09,6137.0,136.419,114.3452126,61.1539249,2026.0,Transit,952.0,F
toi-1744.01,2.54102,,22.3417286,,TOI-1744,,1.14,6179.0,114.39,294.2910707,60.881302,2024.0,Transit,598.0,F
toi-1789 b,16.14093221,222.4798849,3.208664,,TOI-1789,1.507,2.168,5991.0,229.067,142.743406,26.5399951,2021.0,Transit,1927.0,F
toi-1836 b,8.00321222,38.45723725,20.380799,0.0,TOI-1836,1.307,1.577,6380.0,191.649,245.9079242,54.6900774,2024.0,Transit,966.0,F
toi-1836 c,2.73549,,1.7727505,,TOI-1836,,1.62,6351.0,191.649,245.9079242,54.6900774,2024.0,Transit,2058.0,F
toi-1842 b,11.65733993,68.0152791,9.5739,,TOI-1842,1.46,2.02,6230.0,223.465,201.9626552,9.0306437,2021.0,Transit,,F
toi-1859 b,9.75181321,,63.48347,0.57,TOI-1859,1.287,1.36,6341.0,224.385,279.8317644,69.5228726,2023.0,Transit,,F
toi-2005 b,11.99360935,2034.1018048,17.305904,0.597,TOI-2005,1.59,2.02,7130.0,328.475,164.031654,-43.3766967,2025.0,Transit,,F
toi-201 b,11.4,164.0,52.9786,0.275,TOI-201,1.32,1.31,6423.0,113.825,87.4017825,-54.910423,2021.0,Transit,,F
toi-201 d,1.39,5.8,5.84889,0.3,TOI-201,1.32,1.31,6423.0,113.825,87.4017825,-54.910423,2026.0,Transit,,F
toi-2010 b,11.81426566,408.7273314,141.834025,0.212,TOI-2010,1.112,1.079,5929.0,109.19,292.1669417,53.4873694,2023.0,Transit,400.2,F0
toi-2031 a b,13.60156514,,5.71560747458,,TOI-2031 A,,1.18444,6664.0,276.105,331.1178077,81.5659509,2025.0,Transit,1207.92,F
toi-2046 b,16.14093221,731.0053361,1.4971842,,TOI-2046,1.13,1.21,6250.0,289.668,16.1849423,74.3313055,2022.0,Transit,,F8 V
toi-205 b,2.16979823,,4.25298569407,,TOI-205,,1.45,6222.5,177.759,7.9754636,-56.9650808,2026.0,Transit,1799.55,F
toi-2109 b,15.7288,,0.67249,,TOI-2109,,1.7,6647.0,262.041,253.1862971,16.5799153,2021.0,Transit,3053.0,F
toi-2145 b,12.41899699,1767.0,10.261127,0.21,TOI-2145,1.7169,2.7505,6200.0,224.731,263.7580753,40.6950428,2023.0,Transit,1363.43,F
toi-2152 a b,14.35870428,899.45439181,3.3773512,0.057,TOI-2152,1.516,1.612,6630.0,303.006,26.3389717,77.7901231,2023.0,Transit,1802.0,F4 V
toi-2154 b,16.05470238,,3.82408264319,,TOI-2154,,1.38719,6243.0,296.46,71.0281482,84.3642652,2023.0,Transit,1436.34,F
toi-2169 a b,10.4375,,8.2148505,,TOI-2169 A,,1.81,6183.0,351.487,279.1701117,23.2586193,2025.0,Transit,1068.0,F
toi-2207 b,11.1529358,203.41018048,8.001968,0.174,TOI-2207,1.296,1.564,6101.0,373.345,307.5966925,-44.8876181,2022.0,Transit,1259.0,F
toi-2236 b,14.36991326,502.16888306,3.5315902,0.0,TOI-2236,1.343,1.573,6248.0,355.59,20.1660113,-86.979965,2022.0,Transit,1688.0,F
toi-2346 b,14.877,,3.3311975,,TOI-2346,,1.33,6605.0,437.484,88.0929073,-13.3724686,2025.0,Transit,1715.0,F
toi-2458 b,2.83,13.31,3.73659,0.087,TOI-2458,1.05,1.31,6005.0,112.958,79.621529,1.253439,2024.0,Transit,1509.4,F9-F9.5
toi-2458 c,,10.22,16.553,0.29,TOI-2458,1.05,1.31,6005.0,112.958,79.621529,1.253439,2024.0,Radial Velocity,,F9-F9.5
toi-2485 b,12.196,,11.2347982,,TOI-2485,,1.72,6016.4,397.953,205.2043217,22.9839692,2024.0,Transit,1121.0,F
toi-2518 b,2.18563,,6.8979432,,TOI-2518,,0.99,6016.0,160.825,105.4448495,-34.9196867,2026.0,Transit,1095.0,F
toi-257 b,6.37909616,,18.38770808538,,TOI-257,,1.76557,6382.7,76.9028,47.5172608,-50.8322632,2021.0,Transit,972.38,F
toi-2580 b,17.37392009,200.23189641,3.39775,0.08,TOI-2580,1.33,1.81,6120.0,379.253,62.1992072,67.1165264,2024.0,Transit,2410.0,F
toi-2641 b,18.10250383,122.6817651,4.880974,0.18,TOI-2641,1.16,1.336,6100.0,344.045,171.1303716,-42.7321394,2023.0,Transit,1387.0,F9 V
toi-2803 a b,18.11371281,309.88269682,1.96229325,0.0,TOI-2803 A,1.118,1.245,6280.0,494.818,93.1147397,-23.4924956,2023.0,Transit,1893.0,F
toi-2842 b,11.8731,,3.5514016,,TOI-2842,,1.26,6019.0,460.995,108.0442066,-10.63934,2023.0,Transit,1198.0,F
toi-2886 b,18.6405349,444.9597698,1.60200105,0.11,TOI-2886,1.229,1.241,6240.0,413.673,110.0076569,-10.5698414,2025.0,Transit,1978.0,F
toi-2981 b,12.3972,,3.6015056,,TOI-2981,,1.03,6055.0,527.789,163.487394,-25.5245988,2024.0,Transit,1353.0,F
toi-3071 b,7.16,68.2,1.266938,0.09,TOI-3071,1.29,1.31,6177.0,485.219,173.2790517,-56.5033871,2024.0,Transit,2155.0,F
toi-3160 a b,15.3233,,3.9712794,,TOI-3160 A,,1.62,6200.0,567.678,224.5658555,-27.6825503,2025.0,Transit,1240.0,F
toi-333 b,4.26,20.1,3.7852503,0.0,TOI-333,1.2,1.1,6241.0,352.269,353.3574989,-41.1715206,2025.0,Transit,1445.0,F
toi-3353.01,2.17821,,4.6658007,,TOI-3353,,1.02,6365.0,78.7577,106.5298146,-75.8195594,2024.0,Transit,1068.0,F
toi-3362 b,12.0619,,18.0953159,,TOI-3362,,1.8,6509.8,366.987,155.9841428,-56.8431169,2021.0,Transit,688.0,F
toi-3464 b,12.4868,,3.6515704,,TOI-3464,,1.59,6353.0,597.774,234.4830357,-44.7899772,2025.0,Transit,1150.0,F
toi-3474 b,14.67255574,193.87532827,3.8795105,0.13,TOI-3474,1.121,1.256,6020.0,420.123,233.5033482,-47.9636597,2025.0,Transit,1451.0,F
toi-3523 a b,15.9727975,435.42491759,2.30458952,0.047,TOI-3523 A,1.131,1.448,6450.0,645.294,304.2834581,42.9065338,2025.0,Transit,1984.0,F
toi-3540 a b,12.17579997,,3.1198403899,,TOI-3540 A,,1.13476,6011.2,,328.9113712,28.1794996,2022.0,Transit,1324.89,F
toi-3688 a b,13.2996429,,3.24620800895,,TOI-3688 A,,1.34548,6088.0,396.378,39.2823371,54.8512152,2023.0,Transit,1471.43,F
toi-3894 b,14.3572,,4.3345378,,TOI-3894,,1.43,6314.8,417.365,201.3748265,52.7681036,2024.0,Transit,1347.0,F
toi-3919 b,10.213,,7.4332642,,TOI-3919,,1.32,6227.0,604.591,208.9447534,40.3918061,2024.0,Transit,1026.0,F
toi-4087 b,13.04725353,232.01473711,3.1774835,0.0,TOI-4087,1.178,1.112,6060.0,301.676,217.9257785,83.3727061,2023.0,Transit,1458.0,F
toi-411 b,1.362,13.71,4.040295,,HD 22946,1.098,1.117,6169.0,62.7792,54.819538,-42.7630276,2022.0,Transit,1241.0,F
toi-411 c,1.77445863,,9.57307869132,,HD 22946,,1.11672,6101.0,62.7792,54.819538,-42.7630276,2022.0,Transit,1217.78,F
toi-4127 b,12.28504285,731.0053361,56.39879,0.7471,TOI-4127,1.23,1.293,6096.0,319.632,105.4045516,72.4149297,2023.0,Transit,605.1,F V
toi-4137 b,13.6371,,3.8016217,,TOI-4137,,1.47,6244.0,334.993,77.612879,70.391079,2022.0,Transit,1418.0,F
toi-4153 b,16.11851425,365.50266805,4.6174141,0.039,TOI-4153,1.572,1.605,6860.0,423.84,335.3934698,82.2160792,2024.0,Transit,1669.0,F
toi-4155 b,3.02356,,3.3207642,,TOI-4155,,0.95,6142.0,240.737,325.6362269,77.7343836,2025.0,Transit,1371.0,F
toi-4214 b,10.68215861,165.27077164,3.4913885,0.17,TOI-4214,1.382,1.434,6370.0,346.881,110.2495104,-13.9262649,2025.0,Transit,1642.0,F
toi-4379 b,16.69017226,353.74301699,3.25352,0.018,TOI-4379,1.372,1.976,6020.0,645.158,252.0478813,-32.4337532,2024.0,Transit,,F
toi-4406 b,11.2089807,95.3485221,30.08364,0.15,TOI-4406,1.19,1.29,6219.0,261.834,18.0485164,-56.9253875,2023.0,Transit,904.0,F
toi-4487 a b,14.60530185,397.28550875,3.9540709,0.083,TOI-4487 A,1.378,1.634,6206.0,479.145,306.4220814,45.9710306,2025.0,Transit,1639.0,F
toi-4495 b,2.18392,,2.5693728,,TOI-4495,,1.34,6156.0,132.214,286.3624951,37.0259902,2026.0,Transit,1567.0,F
toi-4495 c,3.63045,,5.1830043,,TOI-4495,,1.34,6156.0,132.214,286.3624951,37.0259902,2024.0,Transit,1202.0,F
toi-4507 b,15.82355748,,104.61625569873,,TOI-4507,,1.97585,6115.26,178.26,80.4513677,-69.9882175,2025.0,Transit,562.01,F
toi-4562 b,12.53,732.0,225.11781,0.76,TOI-4562,1.192,1.152,6096.0,339.605,112.0100593,-63.5177788,2023.0,Transit,318.0,F7 V
toi-4562 c,,1833.86990839,3990.0,0.122,TOI-4562,1.192,1.152,6096.0,339.605,112.0100593,-63.5177788,2024.0,Transit Timing Variations,,F7 V
toi-4602.01,2.550449,,3.9812091,,TOI-4602,1.116795,1.15664,6011.9,63.0637,60.6003316,31.3298354,2024.0,Transit,1380.27,F
toi-4603 b,11.67975789,4096.80816623,7.24599,0.325,TOI-4603,1.765,2.738,6264.0,225.643,83.8659288,21.2942417,2023.0,Transit,1677.0,F
toi-4641 b,8.18255591,1229.99593509,22.09341,0.074,TOI-4641,1.41,1.72,6560.0,86.3501,42.5582023,25.3335334,2023.0,Transit,,F
toi-4773 b,14.14533494,,1.74548279134,,TOI-4773,,1.48714,6674.0,492.888,114.9426489,-21.4856184,2025.0,Transit,2012.9,F
toi-4791 b,12.44196858,734.18362017,4.28088,0.0,TOI-4791,1.242,1.409,6058.0,328.802,109.3883818,-19.8289392,2023.0,Transit,1472.0,F
toi-4794 b,14.35870428,308.29355479,3.5658116,0.1,TOI-4794,1.25,1.451,6390.0,543.008,110.4835517,-12.5654781,2025.0,Transit,1673.0,F
toi-480 b,2.81449145,,6.86595824423,,TOI-480,,1.50004,6212.63,54.5306,88.3784618,-16.2653974,2024.0,Transit,1224.62,F
toi-5110 b,11.98240037,921.7023803,30.158577,0.745,TOI-5110,1.469,2.333,6160.0,392.259,94.4042694,31.6103309,2024.0,Transit,976.0,F
toi-5126 b,4.40571,,5.4589863,,TOI-5126,,1.24,6223.0,160.414,151.6597827,18.6340631,2023.0,Transit,1247.0,F
toi-5126 c,3.86,,17.8999,0.0,TOI-5126,1.24,1.241,6150.0,160.414,151.6597827,18.6340631,2023.0,Transit,971.0,F V
toi-5153 b,11.88151954,1036.12060682,20.33003,0.091,TOI-5153,1.24,1.4,6300.0,390.484,91.5403204,-19.9534443,2022.0,Transit,906.0,F8 V
toi-5181 a b,13.34989601,330.54154328,3.8922295,0.15,TOI-5181 A,1.25,1.53,6060.0,480.155,280.6774738,21.6998203,2025.0,Transit,1585.0,F
toi-5232 b,12.778238,743.71847238,4.0966692,0.035,TOI-5232,1.389,1.785,6500.0,609.388,294.3374248,35.2764934,2024.0,Transit,1772.0,F
toi-5301 b,13.5292397,1080.6165838,5.858857,0.337,TOI-5301,1.483,2.19,6240.0,629.161,12.9908008,13.0783712,2024.0,Transit,1682.0,F
toi-5350 b,12.41955062,2094.48920213,7.581367,0.0165,TOI-5350,1.167,1.263,6220.0,277.419,74.4023015,21.6019759,2025.0,Transit,1195.0,F
toi-5380 b,3.13069,,3.7723119,,TOI-5380,,1.56,6525.0,286.781,112.7611492,73.1287844,2026.0,Transit,1479.0,F
toi-5398 b,11.657,,10.590923,,TOI-5398,1.113,1.05318,6017.1,130.855,161.8795569,36.3294345,2022.0,Transit,,F
toi-5398 c,3.30213,,4.7728997,,TOI-5398,,1.05,6017.1,130.855,161.8795569,36.3294345,2023.0,Transit,1222.0,F
toi-5502 b,4.02844,,11.6260799,,TOI-5502,,1.32,6317.0,248.654,135.204056,27.9983339,2026.0,Transit,870.0,F
toi-558 b,13.53006831,,14.57289854281,,TOI-558,,1.76095,6025.8,402.63,42.2915093,-58.0246828,2021.0,Transit,1012.99,F
toi-5592 b,17.14974047,285.72773789,2.6085846,0.062,TOI-5592,1.194,1.393,6237.0,597.026,106.6800684,65.857249,2025.0,Transit,1789.0,F
toi-5599 b,7.1888212,,5.43691503941,,TOI-5599,,1.91334,6137.02,547.948,199.3262375,55.6815392,2026.0,Transit,,F
toi-5786 b,6.85813,,12.7791964,,TOI-5786,,1.33,6280.0,192.475,293.3223259,30.7042468,2025.0,Transit,1225.0,F
toi-6016 b,13.67495645,371.85923619,4.023687,0.0,TOI-6016,1.31,1.51,6110.0,364.715,4.5239602,59.7661983,2024.0,Transit,1890.0,F
toi-6029 b,14.39233122,519.64944544,5.7987,0.091,TOI-6029,1.548,2.338,6223.0,603.119,8.3862555,61.8607659,2024.0,Transit,,F
toi-6038 a b,6.41,78.5,5.8267311,,TOI-6038 A,1.291,1.648,6110.0,179.147,51.6572691,40.8172704,2025.0,Transit,1439.0,F
toi-6054.01,2.64,12.5,7.501428,0.164,TOI-6054,1.107,1.662,6047.0,79.407,56.337007,60.350917,2024.0,Transit,1360.0,F
toi-6054.02,2.864,,12.574998029,,TOI-6054,1.15,1.612,6112.0,79.407,56.337007,60.350917,2024.0,Transit,,F
toi-6130 b,14.3474953,333.71982735,2.392679,0.036,TOI-6130,1.31,1.51,6110.0,220.882,339.2050832,16.8271941,2024.0,Transit,1750.0,F
toi-622 b,9.30024126,,6.40252947289,,TOI-622,,1.4072,7056.0,123.297,125.3050544,-46.4842959,2023.0,Transit,1274.23,F
toi-628 b,11.88154,2011.8639,3.4095675,0.072,TOI-628,1.311,1.345,6250.0,178.68,99.2630608,1.7675497,2021.0,Transit,1586.0,F
toi-640 b,19.2794468,181.16219199,5.003777,0.013,TOI-640,1.536,2.082,6460.0,341.997,99.7345935,-36.64613,2021.0,Transit,1816.0,F
toi-6420 b,11.93756445,2606.1929374,6.961508,0.078,TOI-6420,1.165,1.312,6020.0,634.712,125.5443036,-19.1242852,2025.0,Transit,1213.0,F
toi-6677 b,8.32098,,5.4496736,,TOI-6677,,1.57,6760.0,340.52,290.4719117,-46.8749591,2026.0,Transit,334.0,F
toi-6695 b,7.63746901,,,,TOI-6695,,1.56229,6118.81,282.536,129.5720221,-23.550217,2025.0,Transit,776.55,F
toi-6695 c,,460.85119015,242.4,0.022,TOI-6695,1.338,1.517,6400.0,282.536,129.5720221,-23.550217,2025.0,Radial Velocity,415.0,F5V-G0V
toi-6707 b,5.66481228,,3.83472822513,,TOI-6707,,1.58202,6088.34,641.467,109.7634707,-58.1155263,2026.0,Transit,1509.43,F
toi-677 b,,400.46379282,11.236168,0.436,TOI-677,1.158,1.281,6295.0,141.812,144.1193594,-50.4630933,2020.0,Transit,,F
toi-778 b,15.2453,,4.6336155,,TOI-778,,1.68,6780.0,161.743,199.3338503,-15.2737046,2023.0,Transit,1450.0,F
toi-837 b,9.16894621,120.45696625,8.3249113,,TOI-837,1.142,1.052,5995.0,142.488,157.0372806,-64.5052107,2020.0,Transit,995.3,F9/G0
toi-892 b,11.99363,301.9385,10.62656,0.125,TOI-892,1.28,1.39,6261.0,340.543,86.738228,-11.2353401,2020.0,Transit,1397.0,F
toi-907.01,9.6158851,,4.5849129,,TOI-907,1.069357,2.059789,6272.0,312.529,262.1834072,-62.840383,2024.0,Transit,1846.6,F
toi-921 b,3.37636094,,5.12872650603,,TOI-921,,1.14,6055.5,294.015,99.6742038,-56.2205396,2026.0,Transit,951.0,F
wasp-1 b,17.70019319,,2.5199145567,,WASP-1,,1.56419,6116.0,393.072,5.1669536,31.9899732,2007.0,Transit,1730.94,F
wasp-100 b,16.0782163,,2.84938272598,,WASP-100,,1.77,6900.0,364.411,68.9598159,-64.027039,2014.0,Transit,2399.47,F
wasp-116 b,13.67495645,203.41018048,6.6132,0.0,WASP-116,1.25,1.426,6250.0,559.243,35.2157609,-1.8260419,2025.0,Transit,1414.0,F
wasp-117 b,11.444,87.5585,10.02165,0.302,WASP-117,1.129,1.17,6038.0,157.963,36.7758112,-50.2844247,2014.0,Transit,1001.0,F9
wasp-118 b,16.14096,163.36462,4.0460435,0.0,WASP-118,1.32,1.696,6410.0,376.658,19.5505861,2.7027847,2016.0,Transit,1729.0,F6
wasp-12 b,20.389171,448.1403,1.0914199,0.0,WASP-12,1.35,1.57,6300.0,427.246,97.636645,29.6722662,2008.0,Transit,2601.0,F
wasp-120 b,,,3.6112686,,WASP-120,1.393,1.87,6450.0,381.174,62.6160813,-45.8982434,2016.0,Transit,,F5
wasp-121 b,20.904785,375.99289,1.2749255,0.0,WASP-121,1.353,1.458,6459.0,269.898,107.6002312,-39.0972705,2016.0,Transit,2358.0,F6 V
wasp-124 b,13.89916,190.698,3.37265,0.017,WASP-124,1.07,1.02,6050.0,448.637,332.7143373,-30.7497189,2016.0,Transit,1400.0,F9
wasp-131 b,17.10380871,,5.32205050955,,WASP-131,,1.95757,6030.0,200.075,210.1935714,-30.5836084,2016.0,Transit,1432.57,F
wasp-138 b,,,3.6344327,,WASP-138,1.22,1.36,6272.0,414.234,41.6391598,-0.4641252,2016.0,Transit,,F
wasp-14 b,,,2.24376628,,WASP-14,1.211,1.306,6475.0,161.997,218.2766247,21.8946875,2008.0,Transit,,F
wasp-141 b,,,3.31066699,,WASP-141,1.25,1.37,5900.0,516.543,71.8244347,-17.1151736,2016.0,Transit,,F9
wasp-15 b,15.782272,188.15536,3.75209748,,WASP-15,1.305,1.522,6405.0,282.091,208.9280111,-32.1597118,2009.0,Transit,1676.0,F
wasp-150 b,,,5.6442072,,WASP-150,1.394,1.651,6218.0,527.995,264.2630197,53.0212751,2020.0,Transit,,F8
wasp-158 b,,,3.6563308,,WASP-158,1.38,1.39,6350.0,524.993,4.1463468,-10.9764226,2018.0,Transit,,F6 V
wasp-159 b,,,3.8404008,,WASP-159,1.41,2.11,6120.0,715.383,68.1364792,-38.9682973,2018.0,Transit,,F9
wasp-161 b,,,5.4056202,,WASP-161,1.39,1.712,6400.0,343.08,126.3378248,-11.5009889,2018.0,Transit,,F
wasp-163 b,14.81603494,,1.60968735876,,WASP-163,,1.14583,6472.0,261.386,256.5375549,-10.4130071,2018.0,Transit,1780.2,F
wasp-166 b,,,5.4435423,,WASP-166,1.19,1.22,6050.0,114.173,144.8751047,-20.9824191,2019.0,Transit,,F9 V
wasp-167 b,20.1548,,2.0219583,,WASP-167,,1.94,7000.0,423.552,196.0437932,-35.5495292,2017.0,Transit,2096.0,F
wasp-169 b,18.37017356,,5.61077370946,,WASP-169,,2.21327,6013.5,627.066,127.3872297,-12.9447683,2019.0,Transit,1583.75,F
wasp-17 b,19.167357,,,,WASP-17,1.354,1.57323,6548.0,405.908,239.9622479,-28.0617941,2009.0,Transit,,F
wasp-172 b,,,5.4774317,,WASP-172,1.49,1.91,6900.0,538.11,199.433742,-47.2375748,2018.0,Transit,,F1 V
wasp-174 b,19.6222,,4.2337078,,WASP-174,,1.46,6333.7,410.149,195.7940145,-41.3848617,2018.0,Transit,1491.0,F
wasp-175 b,13.3524,,3.0652926,,WASP-175,,1.22,6229.0,539.36,166.3187996,-34.1227453,2019.0,Transit,1406.0,F
wasp-176 b,15.26365818,,3.89938313865,,WASP-176,,1.86222,6152.0,568.42,313.6872928,9.1790688,2020.0,Transit,1638.47,F
wasp-18 b,,,0.94145254,,WASP-18,,,6400.0,123.483,24.3544618,-45.6777937,2009.0,Transit,,F
wasp-18 c,,55.2,2.1558,0.015,WASP-18,1.22,1.23,6400.0,123.483,24.3544618,-45.6777937,2019.0,Transit Timing Variations,,F
wasp-180 a b,15.91629987,,3.40915679219,,WASP-180 A,,1.21069,6316.0,253.985,123.3922465,-1.9827874,2019.0,Transit,1404.03,F
wasp-187 b,18.38276,254.264,5.147878,0.0,WASP-187,1.54,2.83,6150.0,371.414,17.47474,25.6816494,2020.0,Transit,,F
wasp-188 b,12.6677,,5.7488688,,WASP-188,,1.73,6728.0,675.281,278.7819771,36.6156327,2025.0,Transit,1475.0,F
wasp-190 b,,,5.3677675,,WASP-190,1.35,1.6,6400.0,542.251,7.7095292,-40.5734613,2019.0,Transit,,F6 IV-V
wasp-192 b,12.863,,2.8786641,,WASP-192,,1.35,6017.0,508.885,223.6587187,-38.7445469,2019.0,Transit,1297.0,F
wasp-193 b,13.46147557,,6.24622520491,,WASP-193,,1.14172,6132.0,362.087,164.3491401,-29.9971229,2023.0,Transit,1094.47,F
wasp-194 b,15.47960235,373.13054982,3.183387,0.0,WASP-194,1.29,1.409,6405.0,476.831,295.3877064,56.2178049,2025.0,Transit,1693.0,F
wasp-195 b,10.31226224,33.05415433,5.051928,0.0,WASP-195,1.3,1.578,6300.0,484.852,247.5496427,49.895791,2025.0,Transit,1522.0,F
wasp-197 b,14.3194419,,5.16655485276,,WASP-197,,2.0792,6238.0,483.675,160.6307133,28.1986255,2025.0,Transit,1589.4,F
wasp-24 b,14.571,340.382,2.34121242,0.0,WASP-24,1.184,1.331,6075.0,322.114,227.2154975,2.343286,2010.0,Transit,,F
wasp-28 b,14.2632,,3.408833,,WASP-28,,1.11,6134.0,348.494,353.6162694,-1.5799849,2014.0,Transit,1430.0,F
wasp-31 b,,,3.4059095,,WASP-31,1.163,1.252,6302.0,383.829,169.4388603,-19.0547781,2010.0,Transit,,F
wasp-32 b,12.3299,1109.2267,2.7186591,0.004,WASP-32,1.07,1.09,6140.0,275.994,3.9617073,1.2005122,2010.0,Transit,,F
wasp-38 b,12.21781,841.61384,6.871815,0.0278,WASP-38,1.23,1.35,6180.0,136.24,243.9597194,10.0324103,2010.0,Transit,,F
wasp-54 b,,,3.69359933,0.07,WASP-54,1.213,1.828,6100.0,251.303,205.4542456,-0.1281712,2012.0,Transit,,F9
wasp-55 b,14.72860064,186.2474465,4.465631,,WASP-55,1.071,1.09,6096.0,297.462,203.7581951,-17.5034961,2012.0,Transit,1342.0,F
wasp-61 b,13.56289,654.7298,3.855898,0.0,WASP-61,1.27,1.39,6250.0,488.66,75.2996637,-26.0541438,2012.0,Transit,1624.4,F
wasp-66 b,,,4.0860502,,WASP-66,1.33,1.76,6600.0,500.258,158.2250301,-34.9899074,2012.0,Transit,,F
wasp-7 b,10.256235,305.1168,4.954658,0.0,WASP-7,1.28,1.236,6400.0,162.303,311.0427558,-39.2254856,2008.0,Transit,1379.0,F
wasp-71 b,14.91382302,,2.90368576133,,WASP-71,,2.14325,6059.0,362.715,29.2634506,0.7588247,2012.0,Transit,1945.35,F
wasp-73 b,13.62377318,,4.0872956,,WASP-73,,2.21867,6036.0,316.678,319.9496969,-58.1489328,2014.0,Transit,1755.08,F
wasp-75 b,,,2.4841987,,WASP-75,1.14,1.26,6100.0,294.001,342.3858995,-10.6754686,2013.0,Transit,,F9
wasp-78 b,17.82231,259.66711,2.1751763,0.092,WASP-78,1.18,2.09,6100.0,754.258,63.7562662,-22.1163901,2012.0,Transit,,F
wasp-79 b,17.14974047,270.15414595,3.662392,0.0,WASP-79,1.39,1.51,6600.0,246.69,66.3709016,-30.6004362,2012.0,Transit,1716.2,F5
wasp-87 b,15.524465,692.8694,1.682795,0.0,WASP-87,1.204,1.627,6450.0,298.392,185.3246821,-52.8408163,2016.0,Transit,,F
wasp-88 b,18.45046895,,4.95496310899,,WASP-88,,1.99207,6282.4,523.756,309.5112337,-48.4620833,2014.0,Transit,1584.47,F
wasp-90 b,16.70837291,,3.91568480467,,WASP-90,,1.83823,6228.0,466.433,315.5319489,7.0562793,2016.0,Transit,1638.77,F
wasp-92 b,14.23187097,,2.1747062385,,WASP-92,,1.25619,6046.76,575.889,246.6920395,51.0411328,2016.0,Transit,1618.64,F
wasp-93 b,,,2.73253774,,WASP-93,1.334,1.524,6700.0,370.284,9.4587443,51.288778,2016.0,Transit,,F4
wasp-94 a b,,,3.9502001,,WASP-94 A,1.45,1.62,6153.0,211.211,313.7832393,-34.1357512,2014.0,Transit,,F8
wasp-94 b b,,196.411,2.00839,0.0,WASP-94 B,1.24,1.35,6040.0,208.696,313.7882932,-34.135724,2014.0,Radial Velocity,,F9
wasp-99 b,,,5.7525835,,WASP-99,1.21,1.64,6150.0,158.66,39.8976689,-50.0081934,2014.0,Transit,,F
wts-1 b,16.7,1274.44,3.352057,0.1,WTS-1,1.2,1.15,6250.0,2346.01,293.9850284,36.2962939,2012.0,Transit,1500.0,F6 V
xo-3 b,13.641353,3718.611,3.19153285,0.27587,XO-3,1.213,1.377,6430.0,213.053,65.4695814,57.8172095,2007.0,Transit,,F
xo-4 b,15.02006,512.34196,4.1250823,0.0039,XO-4,1.32,1.56,6400.0,272.655,110.3880285,58.2681094,2010.0,Transit,,F
xo-6 b,,,3.7649939,,XO-6,1.47,1.93,6720.0,235.479,94.7929552,73.8275672,2016.0,Transit,,F5
tau boo b,,1373.0256,3.3124568,0.011,tau Boo,1.32,1.42588,6466.27,15.6521,206.8134593,17.4571647,1996.0,Radial Velocity,,F
ups and b,,214.53417473,4.617122,0.0069,ups And,1.294197,1.622479,6156.77,13.4054,24.1983534,41.4038147,1996.0,Radial Velocity,,F
ups and c,,653.0,241.201,0.274,ups And,,,6154.0,13.4054,24.1983534,41.4038147,1999.0,Radial Velocity,,F
bd-14 3065 ab,1.93,12.37,4.2889731,0.07,BD-14 3065 A,1.41,2.35,6935.0,566.7,153.66970833333332,15.642869444444443,2024.0,Primary Transit,,F
fn lyr b,,,794.8,0.28,FN Lyr,1.406,1.739,6745.0,3026.25,287.59272463707,42.45878582218,2014.0,Timing,,F
hat-p-47 b,1.313,0.206,4.732182,0.0,HAT-P-47,1.387,1.515,6703.0,268.0,38.308333338,30.360555571,2016.0,Primary Transit,,F
hd 115587 b,0.49,0.7,372.0,,HD 115587,1.248,1.198,6324.0,108.415,199.25475,57.28318611111112,2024.0,Primary Transit,,F
hd 20367 b,,,500.0,0.23,HD 20367,1.04,1.18,6128.0,27.0,49.4166667,31.1269444,2002.0,Radial Velocity,,F
hd 46588 b,,,223.0,0.42,HD 46588,1.09,1.7,6200.0,21.3,101.558333338,79.564722245,2022.0,Radial Velocity,,F
hd 5388 b,,3.2,772.5,0.41,HD 5388,1.21,1.86,6253.0,53.0,13.7958333,-47.4058333,2009.0,"Radial Velocity, Astrometry",,F
hd 60779 b,0.2899,0.0463,29.986175,0.053,HD 60779,1.05,1.129,6081.0,35.393,114.00596024060124,-3.1517716559419444,2024.0,Primary Transit,,F
hd 60779 c,,,104.25,0.067,HD 60779,1.05,1.129,6081.0,35.393,114.00596024060124,-3.1517716559419444,2024.0,Radial Velocity,,F
hd 9578 ab,,,494.0,,HD 9578 A,1.13,1.065,6070.77,56.1136,23.3208333,-38.245,2009.0,Radial Velocity,,F
hip 11696 b,,10.0,,,HIP 11696,1.32,1.436,6472.0,49.3,37.711083333333335,55.54841666666667,2024.0,Astrometry,,F
hip 1481 ab,,1.6,,,HIP 1481 A,1.17,1.11,6147.0,40.82,4.608333342,-63.477500018,2022.0,Astrometry,,F
hip 560 b,,1.7,,,HIP 560,1.45,1.506,6762.91,39.91,1.7087083333333333,-23.10752777777778,2024.0,Astrometry,,F
hip 63734 b,,11.0,,,HIP 63734,1.17,1.23,6149.0,53.9801,195.912500013,-16.336388898,2022.0,Imaging,,F
kic 7821010 (ab)b,,,991.0,0.372,KIC 7821010 (AB),1.309,1.825,6451.75,356.837,291.320833339,43.595555577,2014.0,Timing,,F
koi-4878 b,0.0928,,449.01499,0.0,KOI-4878,0.972,1.068,6031.0,,286.22812,50.01358,2017.0,Primary Transit,,F
koi-4896 b,0.1169,,19.5960013,0.0,2MASS J19233610+4844461,0.996,1.024,6120.0,,290.90042,48.74614,2017.0,Primary Transit,,F
koi-4896 c,0.132,,49.537365,0.0,2MASS J19233610+4844461,0.996,1.024,6120.0,,290.90042,48.74614,2017.0,Primary Transit,,F
koi-6538 b,0.136,,129.839927,,2MASS J19344243+4020026,1.035,1.032,6133.0,,293.67682,40.334068,2017.0,Primary Transit,,F
koi-6921 b,0.11,,6.8777602,,2MASS J19200188+4330076,1.078,1.106,6276.0,,290.00784,43.502129,2017.0,Primary Transit,,F
koi-7057 b,0.529,,0.61932352,,2MASS J19264939+4437067,1.434,1.844,7105.0,,291.70581,44.618542,2017.0,Primary Transit,,F
koi-7069 b,0.136,,1.01486138,,2MASS J19073983+4442163,1.08,1.024,6158.0,,286.91599,44.704529,2017.0,Primary Transit,,F
koi-7073 b,2.6987,,279.012698,,2MASS J19280416+4442477,1.08,1.143,6338.0,,292.01733,44.713268,2017.0,Primary Transit,,F
koi-7076 b,0.12,,16.234743,,2MASS J19340728+4449579,1.2,1.178,6475.0,,293.53033,44.832771,2017.0,Primary Transit,,F
koi-7209,0.076,,8.2553601,,2MASS J19100257+4623238,1.066,1.113,6357.0,,287.51071,46.38995,2017.0,Primary Transit,,F
tau boo ab,1.06,4.5,3.31,0.08,tau Boo A,1.32,1.426,6466.27,15.6521,206.8208333,17.4561111,1996.0,Radial Velocity,,F
tic 291751499 (ab)b,,,,0.015,TIC 291751499,2.96,2.46,6227.0,781.7,359.125,36.481566666666666,2025.0,Timing,,F
tic 51629874 b,,,6.46521,0.04652,TIC 51629874,1.12,1.596,6044.0,781.19,245.195,-9.402994444444444,2025.0,Timing,,F
tic 65910228 b,1.09,4.55,180.52414,0.25,TIC 65910228,1.46,1.88,6310.0,265.0,108.71466666666667,-29.43053055555556,2026.0,Primary Transit,,F
toi-1001 ab,0.6316,,1.932993,,TOI-1001 A,1.565,2.0,7070.0,295.862,122.58045833333333,-5.513852777777778,2026.0,Primary Transit,,F
toi-1007 b,1.2062,,6.998899,,TOI-1007,1.376,2.7,6596.0,283.291,112.752375,-4.463358333333333,2026.0,Primary Transit,,F
toi-1885 b,1.2187,1.6248,6.54406,0.04,TOI-1885,1.2,1.757,6232.0,560.901,304.665217375115,66.15597067656195,2024.0,Primary Transit,,F
toi-1895 b,0.8538,,748.07,,TOI-1895,1.239,1.374,6762.0,205.12,243.714,-81.68047222222222,2020.0,Primary Transit,,F
toi-2045 b,1.1316,0.6639,9.077534,0.0,TOI-2045,1.157,1.723,6125.85,366.962,1.11914003613,54.93446355573,2024.0,Primary Transit,,F
toi-3457 b,0.95,,32.600268,0.68,TOI-3457,1.04,1.474,6300.0,371.0,183.2083208333333,-79.75720277777778,2025.0,Primary Transit,,F
toi-4629 b,0.2221,,714.7,,TOI-4629,1.028,1.126,6324.0,91.31,282.06,47.08,2020.0,Primary Transit,,F
toi-5724 b,0.2694,,697.4,,TOI-5724,1.143,1.375,6061.0,50.36,245.77952962275,50.34421776823,2020.0,Primary Transit,,F
toi-5871 b,1.638,,1.343636,,TOI-5871,1.25,1.1,6339.0,581.579,320.850000008,39.813055582,2023.0,Primary Transit,,F
toi-6668 b,0.3078,,718.65,,TOI-6668,1.068,1.395,6002.0,99.24,356.62908682417,-48.95813261582,2020.0,Primary Transit,,F
toi-6884 b,0.8431,,14.42177,,TOI-6884,1.12,1.919,6026.94,562.376,193.008793,26.673951,2022.0,Primary Transit,,F
toi-699 b,0.2184,0.0202,14.801,,TOI-699,1.179,1.419,6139.0,192.86,83.38233333333334,-62.10911111111111,2019.0,Primary Transit,,F
toi-699 c,0.20564,0.0213,33.634,,TOI-699,1.179,1.419,6139.0,192.86,83.38233333333334,-62.10911111111111,2019.0,Primary Transit,,F
toi-699 d,0.265,,672.64,,TOI-699,1.179,1.419,6139.0,192.86,83.38233333333334,-62.10911111111111,2023.0,Primary Transit,,F
toi-7060 b,0.397,,1064.7,,TOI-7060,1.119,1.35,6010.0,190.56,300.04756935418,-71.96689182974,2024.0,Primary Transit,,F
toi-7060 c,0.24204,,5.85,,TOI-7060,1.119,1.35,6010.0,190.56,300.04756935418,-71.96689182974,2024.0,Primary Transit,,F
toi-7081 b,1.65,,12.7617794,,TOI-7081,1.121,1.092,6221.0,837.097,197.30020833333333,65.3161,2025.0,Primary Transit,,F
toi-7475.01,1.13972,,3.253773,,TOI-7475,1.28,1.725,6389.3,120.0,181.67658333333333,0.2741166666666667,2026.0,Primary Transit,,F
toi-777 b,0.6531,,16.6,,TOI-777,1.18,1.6,6187.0,182.314,183.11875,-49.00773888888889,2021.0,Primary Transit,,F
toi-791 b,1.0768,,928.05,,TOI-791,1.336,1.43,6572.0,333.96,118.43483333333332,-69.70177777777778,2023.0,Primary Transit,,F
toi-791 c,0.93381,,139.305,,TOI-791,1.336,1.43,6572.0,333.96,118.43483333333332,-69.70177777777778,2019.0,Primary Transit,,F
toi-837 ab,0.817,0.395,8.3249114,0.0,TOI-837 A,1.15,1.0,6104.0,142.488,160.741666686,-64.400000008,2020.0,Primary Transit,,F
toi-907 ab,0.856,,4.5849129,,TOI-907 A,1.2,2.06,6224.0,312.0,262.1834166666667,-2.840361111111111,2024.0,Primary Transit,,F
ups and ab,,0.62,4.61711,0.01186,ups And A,1.27,1.631,6212.0,13.47,24.2,41.4105556,1996.0,Radial Velocity,,F
ups and ac,,9.1,240.937,0.2445,ups And A,1.27,1.631,6212.0,13.47,24.2,41.4105556,1999.0,"Radial Velocity, Astrometry",,F
ups and ae,,,3848.86,0.00536,ups And A,1.27,1.631,6212.0,13.47,24.2,41.4105556,2010.0,Radial Velocity,,F
wasp-109 b,1.443,0.91,3.3190233,0.0,WASP-109,1.203,1.346,6520.0,330.0,232.054166671,-16.41083335,2014.0,Primary Transit,,F
wasp-111 ab,1.442,1.85,2.310965,0.0,WASP-111 A,1.336,1.954,6510.0,298.109,328.766666668,-22.612500022,2014.0,Primary Transit,,F
wasp-137 ab,1.27,0.681,3.9080284,0.14,WASP-137 A,1.216,1.65,6100.0,289.0,25.870833343,-14.149166682,2018.0,Primary Transit,,F
wasp-146 b,1.228,1.11,3.396944,0.15,WASP-146,1.057,1.29,6100.0,495.0,359.091666674,-13.271666676,2018.0,Primary Transit,,F
