pl_name,radius,mass,orbital_period,eccentricity,star_name,star_mass,star_radius,star_teff,star_distance,ra,dec,discovered,detection_type,eq_temperature,star_spectype
11 com b,,4914.89848585,323.21,0.238,11 Com,2.09,13.76,4874.0,93.1846,185.1787793,17.7932516,2007.0,Radial Velocity,,G8 III
16 cyg b b,,565.7374,798.5,0.68,16 Cyg B,1.08,1.13,5750.0,21.1397,295.4656422,50.5168243,1996.0,Radial Velocity,,G
24 boo b,,280.64248338,30.33,0.032,24 Boo,1.05,12.19,4816.0,95.9863,217.1555242,49.8446488,2018.0,Radial Velocity,,G3 IV
47 uma b,,778.6835,1076.6,0.012,47 UMa,1.063,,5882.0,13.7967,164.8647611,40.4304931,1996.0,Radial Velocity,,G0 V
47 uma c,,157.96071828,2287.0,0.179,47 UMa,1.005192,1.136537,5829.16,13.7967,164.8647611,40.4304931,2001.0,Radial Velocity,,G
47 uma d,,521.22,14002.0,0.16,47 UMa,1.06,1.21334,5872.0,13.7967,164.8647611,40.4304931,2009.0,Radial Velocity,,G
55 cnc c,,54.3486576,44.3827,0.048,55 Cnc,0.974708,0.964411,5317.89,12.5855,133.1468373,28.3298154,2004.0,Radial Velocity,,G
61 vir b,,5.8,4.215011,0.036,61 Vir,,,5552.0,8.50332,199.596455,-18.3157745,2009.0,Radial Velocity,,G
61 vir c,,16.11390023,38.0957,0.068,61 Vir,0.914072,1.03251,5585.57,8.50332,199.596455,-18.3157745,2009.0,Radial Velocity,,G
61 vir d,,10.92,123.15,0.105,61 Vir,,,5552.0,8.50332,199.596455,-18.3157745,2009.0,Radial Velocity,,G
70 vir b,,2297.89938261,116.69335,0.3989,70 Vir,1.06055,1.921943,5481.86,17.9011,202.1064898,13.7763085,1996.0,Radial Velocity,,G
75 cet b,,953.49,691.9,0.117,75 Cet,2.49,10.5,4846.0,82.9613,38.0391598,-1.0350269,2012.0,Radial Velocity,,G3 III
75 cet c,,289.85950718,2051.62,0.023,75 Cet,1.92,10.38,4809.0,82.9613,38.0391598,-1.0350269,2023.0,Radial Velocity,,G3 III
bd+20 594 b,2.57807,22.2481,41.6855,0.0,BD+20 594,1.67,1.08,5766.0,179.461,53.6511231,20.5990205,2016.0,Transit,,G
bd-10 3166 b,,142.70495474,3.487905,0.022,BD-10 3166,0.999531,0.969745,5382.64,84.4069,164.6191243,-10.7704227,2000.0,Radial Velocity,,G
bebop-4 ab b,,8358.8871041,1823.5,0.428,BEBOP-4 A,1.507,,,234.294,192.5772651,26.1595358,2025.0,Radial Velocity,,G3 V
corot-12 b,16.14096,290.81445,2.828042,0.05,CoRoT-12,1.078,1.116,5675.0,1126.37,100.7656871,-1.2964437,2010.0,Transit,,G
corot-13 b,14.033668,416.99296,4.03519,,CoRoT-13,1.086,1.274,5945.0,1148.93,102.7211432,-5.0864557,2010.0,Transit,1432.0,G
corot-16 b,13.11,170.032,5.35227,0.33,CoRoT-16,1.098,1.19,5650.0,732.409,278.5246658,-6.0026026,2011.0,Transit,,G5 V
corot-17 b,11.43,772.29,3.7681,0.0,CoRoT-17,1.04,1.59,5740.0,1176.12,278.699236,-6.612288,2011.0,Transit,1626.0,G2 V
corot-18 b,14.68,1102.82,1.9000693,0.08,CoRoT-18,0.95,1.0,5440.0,764.889,98.1724172,-0.0316045,2011.0,Transit,1550.0,G9 V
corot-2 b,16.36514,1134.6531,1.7429935,,CoRoT-2,0.997,0.901,5598.0,213.283,291.7770457,1.3836634,2008.0,Transit,1521.0,G
corot-20 b,13.00244,1608.2198,9.24285,,CoRoT-20,1.11,1.34,5880.0,844.061,97.7204249,0.2268931,2011.0,Transit,1100.0,G
corot-22 b,4.88,12.2,9.75598,0.077,CoRoT-22,1.099,1.136,5939.0,627.158,280.6671392,6.2191669,2014.0,Transit,885.0,G3 V
corot-23 b,11.76945,982.0947,3.6313,0.16,CoRoT-23,1.14,1.61,5900.0,1060.97,279.7826586,4.3577516,2011.0,Transit,,G
corot-26 b,14.12,165.26,4.20474,0.0,CoRoT-26,1.09,1.79,5590.0,1045.18,279.7504991,6.9697828,2013.0,Transit,1600.0,G5
corot-27 b,11.287,3302.11,3.57532,0.065,CoRoT-27,1.05,1.08,5900.0,1010.28,278.4958319,5.5383811,2014.0,Transit,1500.0,G2
corot-30 b,11.309881,921.707,9.06005,0.007,CoRoT-30,0.98,0.91,5650.0,1032.23,277.6011767,6.8359338,2020.0,Transit,,G3 V
corot-31 b,16.36514,266.9772,4.62941,0.02,CoRoT-31,1.25,2.15,5700.0,2005.76,94.820735,-4.4222978,2020.0,Transit,,G2 IV
corot-32 b,6.38913,47.6745,6.71837,,CoRoT-32,1.08,0.79,5970.0,576.683,100.1951714,9.2573953,2018.0,Transit,938.0,G0 VI
corot-7 c,,13.289,3.697,,CoRoT-7,0.915,,5250.0,159.906,100.9561682,-1.0630076,2009.0,Radial Velocity,,G9 V
corot-7 d,,17.142,8.966,,CoRoT-7,0.915,,5250.0,159.906,100.9561682,-1.0630076,2022.0,Radial Velocity,,G9 V
corot-9 b,11.948794,268.88418,95.272656,0.134,CoRoT-9,0.96,0.96,5625.0,412.98,280.7866461,6.2040783,2009.0,Transit,,G
dmpp-7 b,,61.39,4.984,0.1,DMPP-7,1.09,,,101.386,203.5284651,0.4988127,2026.0,Radial Velocity,,G1 V
ds tuc a b,5.63,413.179,8.1387,,DS Tuc A,0.959,0.872,5542.0,44.0622,354.9154673,-69.196043,2019.0,Transit,,G6 V
epic 201427007 b,1.5,,0.72091,,EPIC 201427007,,0.94,5633.0,706.391,184.6021322,-0.5512886,2021.0,Transit,,G
epic 201595106 b,1.2,,0.87703,,EPIC 201595106,1.018,0.990833,5711.17,232.1,183.7203635,1.9681688,2021.0,Transit,1874.0,G
epic 206024342 c,1.35,,0.9116567,,EPIC 206024342,,0.94,5648.0,369.888,331.2771441,-14.1218019,2021.0,Transit,,G
epic 211945201 b,,,19.4921498,,EPIC 211945201,1.18,1.38,6025.0,181.69,136.5741931,19.4020565,2018.0,Transit,,G0
epic 212624936 b,1.2,,0.578657,,EPIC 212624936,,0.93,5765.0,561.929,210.6376171,-10.0236852,2021.0,Transit,,G
epic 220492298 b,0.99,,0.762406,,EPIC 220492298,,0.89,5620.0,624.512,16.7615005,6.588798,2021.0,Transit,,G
epic 220674823 b,1.87,8.03,0.571282,,EPIC 220674823,0.91,0.995,5496.0,244.59,13.0800239,10.7947051,2016.0,Transit,2115.0,G
epic 220674823 c,2.712,7.9,13.340603,0.18,EPIC 220674823,0.913,0.99,5578.0,244.59,13.0800239,10.7947051,2016.0,Transit,838.0,G5 V
epic 229004835 b,2.332,10.4,16.141132,0.23,EPIC 229004835,0.97,0.999,5868.0,121.971,186.4860415,-1.4047214,2023.0,Transit,804.0,G
epic 249893012 b,1.95,8.75,3.5951,0.06,EPIC 249893012,1.05,1.71,5430.0,321.296,228.2482353,-16.7246474,2020.0,Transit,1616.0,G8 IV/V
epic 249893012 c,3.67,14.67,15.624,0.07,EPIC 249893012,1.05,1.71,5430.0,321.296,228.2482353,-16.7246474,2020.0,Transit,990.0,G8 IV/V
epic 249893012 d,3.94,10.18,35.747,0.15,EPIC 249893012,1.05,1.71,5430.0,321.296,228.2482353,-16.7246474,2020.0,Transit,752.0,G8 IV/V
gj 3021 b,,1071.04,133.71,0.511,GJ 3021,0.9,0.9,5540.0,17.5559,4.0634323,-79.8514218,2000.0,Radial Velocity,350.0,G6 V
gj 504 b,,1271.3,,,GJ 504,1.22,,6234.0,17.5299,199.192348,9.4249781,2013.0,Imaging,510.0,G0 V
gaia-1 b,13.77583728,533.95172376,3.052524,,Gaia-1,0.949,0.952,5470.0,363.66,90.6436658,-0.5771099,2022.0,Transit,,G
gaia-2 b,14.81827249,259.66580852,3.6915224,,Gaia-2,1.0,1.064,5720.0,209.229,110.7353308,67.2526565,2022.0,Transit,,G
hat-p-1 b,,,4.46529974,,HAT-P-1,,,6000.0,158.979,344.4453632,38.674919,2006.0,Transit,,G
hat-p-13 b,16.77836104,,2.91640044952,,HAT-P-13,,1.82744,5720.0,246.81,129.8823772,47.3519076,2009.0,Transit,1701.0,G
hat-p-13 c,,4830.8,428.5,0.691,HAT-P-13,1.22,1.56,5653.0,246.81,129.8823772,47.3519076,2009.0,Radial Velocity,340.0,G4
hat-p-15 b,9.57313647,,10.86149106925,,HAT-P-15,,0.895095,5663.55,192.516,66.248142,39.460602,2010.0,Transit,762.19,G
hat-p-17 b,,,,,HAT-P-17,0.92,0.838682,5336.96,92.3831,324.5359781,30.4881882,2010.0,Transit,,G
hat-p-21 b,12.44199,1547.8321,4.12448,0.23,HAT-P-21,1.24,1.21,5588.0,277.278,171.2749348,41.0280207,2010.0,Transit,,G
hat-p-22 b,12.10572,690.32676,3.21222,0.002,HAT-P-22,0.916,1.04,5302.0,81.7647,155.6814593,50.1287115,2010.0,Transit,,G
hat-p-25 b,13.339,180.202,3.652836,0.032,HAT-P-25,1.01,0.959,5500.0,300.384,48.4354731,25.1973548,2010.0,Transit,1202.0,G5
hat-p-27 b,,,3.0395803,,HAT-P-27,0.916,0.864673,5316.0,199.173,222.7673221,5.9473626,2011.0,Transit,,G
hat-p-28 b,,,3.2572129,,HAT-P-28,1.025,1.103,5680.0,401.319,13.0009159,34.728402,2011.0,Transit,,G3
hat-p-36 b,,,1.327346813,0.063,HAT-P-36,1.022,1.096,5560.0,294.419,188.2662048,44.9153672,2011.0,Transit,,G
hat-p-4 b,,,3.0565233,,HAT-P-4,1.248,1.596,5860.0,320.451,229.99122,36.229545,2007.0,Transit,,G
hat-p-42 b,,,4.6418381,,HAT-P-42,1.059,1.41374,5859.0,405.238,135.3443583,6.0970828,2012.0,Transit,,G
hat-p-43 b,,,3.33268054,,HAT-P-43,1.048,1.103,5645.0,528.825,128.9256885,10.2065866,2012.0,Transit,,G
hat-p-5 b,,,2.7884735,,HAT-P-5,,,5960.0,303.336,274.4055335,36.6214617,2007.0,Transit,,G
hat-p-51 b,13.50682174,97.57332095,4.21802091,,HAT-P-51,0.961,0.995,5453.0,440.089,21.0651251,32.8107,2015.0,Transit,1168.2,G
hat-p-53 b,14.773462,469.43491,1.9616241,0.085,HAT-P-53,1.093,1.209,5956.0,666.802,21.8711012,38.9681137,2015.0,Transit,,G
hat-p-55 b,,,3.5852329,,HAT-P-55,1.013,1.011,5808.0,511.388,264.2735096,25.7311468,2015.0,Transit,,G
hat-p-58 b,14.95447888,,4.01357004878,,HAT-P-58,,1.53012,5679.0,515.59,68.8465093,56.8682691,2021.0,Transit,1391.58,G
hat-p-59 b,12.58768533,489.45574678,4.1419771,0.03,HAT-P-59,1.008,1.1038,5678.0,265.471,292.4588212,62.5291892,2021.0,Transit,1277.8,G
hat-p-61 b,11.37324393,,1.90250318292,,HAT-P-61,,1.02592,5464.2,338.84,75.4801665,50.1311784,2021.0,Transit,1419.31,G
hat-p-62 b,12.78036574,,2.64521208547,,HAT-P-62,,1.2406,5596.0,348.815,74.5043816,48.3008551,2021.0,Transit,1423.54,G
hat-p-65 b,,,2.6054485,,HAT-P-65,1.212,1.86,5835.0,738.519,315.9054895,11.9893675,2016.0,Transit,,G2
hat-p-66 b,17.82231,248.86089,2.972086,0.09,HAT-P-66,1.255,1.881,6002.0,935.456,150.5726262,53.9508237,2016.0,Transit,1896.0,G0
hats-1 b,,,3.4464563,0.12,HATS-1,0.986,1.038,5870.0,283.971,175.5252399,-23.3548451,2012.0,Transit,,G
hats-10 b,,,3.3128281,,HATS-10,1.101,1.105,5880.0,534.889,294.3068385,-22.2044872,2015.0,Transit,,G
hats-11 b,16.92559,270.1555,3.6191613,0.34,HATS-11,1.0,1.444,6060.0,944.603,289.4007603,-22.3900092,2016.0,Transit,1637.0,G0
hats-12 b,,,3.14324025965,,HATS-12,,,5780.0,746.138,289.202402,-19.3559227,2016.0,Transit,1244.27,G
hats-13 b,12.38038042,,3.04404945557,,HATS-13,,0.809868,5523.0,421.855,316.9614798,-26.0967205,2015.0,Transit,1075.32,G
hats-14 b,11.65736,340.0781,2.766764,,HATS-14,0.97,0.93,5408.0,513.011,313.2154754,-25.6873756,2015.0,Transit,,G
hats-16 b,,,2.6865009,,HATS-16,0.97,1.238,5738.0,757.044,358.5588439,-30.0130385,2016.0,Transit,,G3 V
hats-17 b,9.68176,,16.2546802,,HATS-17,,1.32,5846.0,400.331,192.1895676,-47.6136789,2016.0,Transit,787.0,G
hats-18 b,15.97111803,,0.83784527504,,HATS-18,,1.01656,5600.0,624.368,173.9574203,-29.1560639,2016.0,Transit,1909.02,G
hats-23 b,12.54919351,,2.16051554439,,HATS-23,,1.2,5780.0,639.004,286.36675,-50.0673496,2017.0,Transit,1432.37,G
hats-28 b,13.383546,213.58176,3.1810781,0.202,HATS-28,0.929,0.922,5498.0,535.383,284.3997616,-49.1385126,2016.0,Transit,1253.0,G
hats-29 b,,,4.6058754,,HATS-29,1.032,1.073,5670.0,353.891,285.0965172,-54.8933408,2016.0,Transit,,G
hats-30 b,,,3.17435131,,HATS-30,1.093,1.061,5943.0,342.14,5.618525,-59.9425892,2016.0,Transit,,G
hats-32 b,14.000041,292.4036,2.8126548,0.471,HATS-32,1.099,1.097,5700.0,745.116,346.0750861,-21.2720168,2016.0,Transit,1437.0,G
hats-33 b,,,2.54956317,,HATS-33,1.062,1.022,5659.0,248.46,294.6336944,-55.3302692,2016.0,Transit,,G
hats-34 b,13.08687204,,2.10615687963,,HATS-34,,0.940697,5380.0,508.842,0.7744866,-62.4693167,2016.0,Transit,1308.04,G
hats-37 a b,6.792654,31.46517,4.3315366,0.0,HATS-37 A,0.843,0.877,5326.0,211.896,199.80183,-22.9868431,2020.0,Transit,1085.0,G
hats-38 b,6.46377652,,4.37446138037,,HATS-38,,1.11563,5677.0,343.525,154.2710615,-25.2762982,2020.0,Transit,1154.21,G
hats-4 b,11.433,420.471,2.516729,0.013,HATS-4,1.001,0.925,5403.0,416.459,94.1120914,-22.5468824,2014.0,Transit,1315.0,G
hats-46 b,10.121727,54.98459,4.7423729,0.559,HATS-46,0.917,0.853,5495.0,453.808,6.7026401,-56.3161021,2018.0,Transit,1054.0,G
hats-5 b,,,4.7633877,,HATS-5,0.936,0.871,5304.0,246.384,67.2228465,-21.4820568,2014.0,Transit,,G
hats-50 b,12.66617,123.9537,3.8297015,0.516,HATS-50,1.168,1.117,5990.0,756.742,300.4280761,-26.077564,2017.0,Transit,,G
hats-51 b,,,3.34886782,,HATS-51,1.187,1.44,5758.0,389.57,102.8474248,-29.0586551,2017.0,Transit,,G
hats-53 b,14.7144,,3.8537616,,HATS-53,,1.06,5697.0,585.77,176.628323,-33.8600764,2017.0,Transit,1298.0,G
hats-54 b,11.960003,241.5508,2.5441828,0.126,HATS-54,1.097,1.317,5702.0,748.585,200.6348641,-44.6888393,2019.0,Transit,1625.0,G
hats-57 b,12.767051,1000.21101,2.350621,0.028,HATS-57,1.026,0.96,5587.0,279.485,60.9482779,-19.0568182,2019.0,Transit,1413.4,G
hats-59 b,12.621334,256.17098,5.416081,0.129,HATS-59,1.038,1.036,5670.0,642.884,170.324325,-22.388177,2018.0,Transit,1128.0,G
hats-59 c,,4036.441,1422.0,0.083,HATS-59,1.038,1.036,5670.0,642.884,170.324325,-22.388177,2018.0,Radial Velocity,175.9,G
hats-60 b,,,3.560832,,HATS-60,1.097,1.46,5688.0,486.474,341.3640336,-14.9917747,2018.0,Transit,,G
hats-62 b,11.81430948,,3.27711178761,,HATS-62,,0.944511,5451.0,523.067,312.4493079,-24.303506,2018.0,Transit,1134.31,G
hats-8 b,9.785457,46.08535,3.583893,0.25,HATS-8,1.056,1.086,5679.0,794.637,294.9416887,-25.7483655,2015.0,Transit,,G
hats-9 b,11.937585,266.02371,1.9153073,0.129,HATS-9,1.03,1.503,5366.0,638.7,290.8101704,-20.1663771,2015.0,Transit,1823.0,G
hd 100655 b,,540.3,157.57,0.085,HD 100655,2.4,9.3,4861.0,137.178,173.7653631,20.441541,2011.0,Radial Velocity,,G9 III
hd 100777 b,,390.92894061,383.0,0.38,HD 100777,1.08,,,49.5336,173.9646303,-4.7555425,2007.0,Radial Velocity,,G8 V
hd 10180 c,,13.1,5.75979,0.045,HD 10180,1.06,,5911.0,38.9607,24.4731133,-60.5114881,2010.0,Radial Velocity,,G1 V
hd 10180 d,,12.013974,16.357,0.131,HD 10180,1.06,1.109,5911.0,38.9607,24.4731133,-60.5114881,2010.0,Radial Velocity,,G
hd 10180 e,,25.585315,49.748,0.051,HD 10180,1.06,1.109,5911.0,38.9607,24.4731133,-60.5114881,2010.0,Radial Velocity,,G
hd 10180 f,,22.947326,122.744,0.119,HD 10180,1.06,1.109,5911.0,38.9607,24.4731133,-60.5114881,2010.0,Radial Velocity,,G
hd 10180 h,,64.4,2222.0,0.08,HD 10180,1.06,,5911.0,38.9607,24.4731133,-60.5114881,2010.0,Radial Velocity,,G1 V
hd 102117 b,,54.0311,20.8133,0.12,HD 102117,1.06,1.23,5655.0,39.5792,176.2097267,-58.7040134,2005.0,Radial Velocity,,G
hd 102195 b,,130.3103,4.11377,0.0,HD 102195,0.76,0.82,5301.0,29.3386,176.4254063,2.8209912,2006.0,Radial Velocity,,G
hd 102888 b,,1808.44363583,252.06,0.11,HD 102888,2.42,8.6,4990.0,126.484,177.6545263,-27.2779074,2025.0,Radial Velocity,,G8 III
hd 104985 b,,1766.80811451,199.68,0.047,HD 104985,1.22,11.12,4738.0,100.576,181.3157854,76.9053359,2003.0,Radial Velocity,,G9 III
hd 105779 b,,203.41018048,2412.0,0.0,HD 105779,0.89,0.94,5792.0,55.2411,182.6612053,-16.9564908,2022.0,Radial Velocity,,G2
hd 106252 b,,2199.29,1531.0,0.482,HD 106252,1.007,,5870.0,38.185,183.3730583,10.0404302,2002.0,Radial Velocity,,G0
hd 106515 a b,,3054.22,3630.0,0.572,HD 106515 A,0.97,1.62,5362.0,34.0915,183.7762699,-7.2575413,2012.0,Radial Velocity,,G5
hd 10697 b,,2028.70889,1075.69,0.1043,HD 10697,1.13,1.79,5600.0,33.1205,26.2324076,20.0826974,1999.0,Radial Velocity,,G
hd 107148 b,,66.741,48.056,0.05,HD 107148,1.12,,5797.0,49.4156,184.8059773,-3.3199927,2005.0,Radial Velocity,,G
hd 107148 c,,19.89605828,18.3267,0.34,HD 107148,1.105215,1.169193,5752.92,49.4156,184.8059773,-3.3199927,2021.0,Radial Velocity,,G
hd 108236 b,1.586,,3.79523,0.2,HD 108236,0.97,0.888,5730.0,64.5978,186.5740627,-51.3630519,2020.0,Transit,1099.0,G3 V
hd 108236 c,2.068,,6.2037,0.18,HD 108236,0.97,0.888,5730.0,64.5978,186.5740627,-51.3630519,2020.0,Transit,932.0,G3 V
hd 108236 e,,,19.590186,0.2,HD 108236,0.97,0.888,5730.0,64.5978,186.5740627,-51.3630519,2020.0,Transit,,G3 V
hd 108236 f,2.017,,29.54115,0.051,HD 108236,0.869,0.877,5660.0,64.5978,186.5740627,-51.3630519,2021.0,Transit,,G
hd 108874 b,,432.23,395.4,0.07,HD 108874,0.99,,,59.5175,187.6126029,22.8794399,2002.0,Radial Velocity,,G5 V
hd 108874 c,,362.00655557,1743.2,0.265,HD 108874,0.995578,1.091098,5569.95,59.5175,187.6126029,22.8794399,2005.0,Radial Velocity,,G
hd 109246 b,,273.3338,68.27,0.12,HD 109246,1.2,1.07,5844.0,67.8349,188.027184,74.4893379,2010.0,Radial Velocity,,G
hd 109271 b,,17.162,7.8543,0.25,HD 109271,1.047,,5783.0,55.8716,188.397397,-11.6215204,2013.0,Radial Velocity,,G5 V
hd 109271 c,,24.154,30.93,0.15,HD 109271,1.047,,5783.0,55.8716,188.397397,-11.6215204,2013.0,Radial Velocity,,G5 V
hd 109286 b,,950.30693693,520.1,0.338,HD 109286,0.98,1.089,5694.0,55.4156,188.3958418,7.2809064,2021.0,Radial Velocity,259.4,G4 V
hd 109749 b,,85.8141,5.239891,0.0,HD 109749,1.13,1.22,5824.0,63.0821,189.3173489,-40.8121458,2005.0,Radial Velocity,,G3 V
hd 109833 b,2.16591,,9.188506,,HD 109833,,0.98,5876.0,79.5561,189.7758591,-74.5740205,2022.0,Transit,786.0,G
hd 109833 c,2.61368482,,13.90283906518,,HD 109833,,0.983215,5876.0,79.5561,189.7758591,-74.5740205,2022.0,Transit,756.7,G
hd 110113 b,2.05,4.55,2.541,0.093,HD 110113,0.997,0.968,5732.0,106.307,190.0365636,-44.3120777,2021.0,Transit,1371.0,G
hd 110113 c,,10.5,6.744,0.045,HD 110113,0.997,0.968,5732.0,106.307,190.0365636,-44.3120777,2021.0,Radial Velocity,990.0,G
hd 111232 b,,2374.17820029,1168.69,0.2083,HD 111232,0.83,,5494.0,28.9571,192.2159553,-68.4246679,2003.0,Radial Velocity,,G8 V
hd 114729 b,,301.93,1114.0,0.167,HD 114729,1.0,,5821.0,37.8063,198.1833997,-31.8746756,2002.0,Radial Velocity,,G
hd 11506 c,,114.41,223.6,0.24,HD 11506,1.24,1.33,6055.0,51.261,28.2106607,-19.507396,2008.0,Radial Velocity,,G0 V
hd 115954 b,,2685.65003915,3230.0,0.457,HD 115954,1.18,,5957.0,87.6437,199.9853694,38.3691383,2021.0,Radial Velocity,,G5 V
hd 117207 b,,612.14058,2621.75,0.157,HD 117207,1.053,1.074,5732.0,32.3547,202.3368806,-35.5713041,2004.0,Radial Velocity,,G
hd 11755 b,,2065.895,433.7,0.19,HD 11755,0.9,27.3,4312.5,235.045,29.707836,73.1521372,2015.0,Radial Velocity,,G5
hd 117618 b,,60.3877,25.827,0.42,HD 117618,1.17,1.2,5977.0,37.7781,203.1066418,-47.2719049,2004.0,Radial Velocity,,G
hd 118203 b,13.1383,,6.1349783,,HD 118203,,2.05,5828.7,92.2589,203.509956,53.7281876,2005.0,Radial Velocity,1509.0,G
hd 11964 b,,193.9,2110.0,0.06,HD 11964,1.12,,5349.0,33.5369,29.2884252,-10.2434693,2005.0,Radial Velocity,,G
hd 11964 c,,24.34565598,37.9196,0.106,HD 11964,1.151343,2.0475,5345.6,33.5369,29.2884252,-10.2434693,2008.0,Radial Velocity,,G
hd 124330 b,,238.37130525,270.66,0.34,HD 124330,1.15,,5873.0,60.1977,212.8207093,54.4089731,2021.0,Radial Velocity,,G4 IV
hd 125390 b,,7043.1128,1756.2,0.591,HD 125390,1.36,6.47,4850.0,153.647,214.5387463,38.9669132,2019.0,Radial Velocity,,G7 V
hd 125612 b,,1112.405,510.0,0.38,HD 125612,1.1,1.05,5897.0,57.6207,215.2227183,-17.4818147,2007.0,Radial Velocity,,G3 V
hd 125612 c,,17.48065,4.15514,0.049,HD 125612,1.11,1.05,5841.0,57.6207,215.2227183,-17.4818147,2009.0,Radial Velocity,,G3 V
hd 126525 b,,75.32571,960.41,0.035,HD 126525,0.897,0.979,5638.0,37.6506,216.8852514,-51.9329118,2018.0,Radial Velocity,,G
hd 12661 b,,731.0,262.709,0.3768,HD 12661,1.0,1.21377,5655.0,37.8478,31.1423525,25.4135632,2000.0,Radial Velocity,,G
hd 12661 c,,610.0,1708.0,0.031,HD 12661,1.0,1.21377,5655.0,37.8478,31.1423525,25.4135632,2002.0,Radial Velocity,,G
hd 126614 b,,130.3103,1244.0,0.41,HD 126614,1.26,1.32,5568.0,73.0961,216.7005171,-5.1784093,2009.0,Radial Velocity,,G
hd 129445 b,,508.507,1840.0,0.7,HD 129445,0.99,,,67.4386,221.5104196,-68.7629901,2009.0,Radial Velocity,,G6 V
hd 130322 b,,365.18483964,10.70867,0.015,HD 130322,0.932783,0.872418,5400.49,31.8766,221.8857975,-0.2820782,1999.0,Radial Velocity,,G
hd 13167 b,,1052.0173,2613.0,0.563,HD 13167,1.35,2.39,5671.0,148.934,32.057635,-24.695575,2018.0,Radial Velocity,,G
hd 132406 b,,1970.5361234,964.0,0.303,HD 132406,1.09,,5766.0,70.7832,224.2276121,53.3809615,2007.0,Radial Velocity,,G0 V
hd 133131 a b,,451.3186,649.0,0.33,HD 133131 A,0.95,,5799.0,51.4736,225.8984524,-27.8431369,2016.0,Radial Velocity,,G2 V
hd 133131 a c,,133.4886,3568.0,0.49,HD 133131 A,0.95,,5799.0,51.4736,225.8984524,-27.8431369,2016.0,Radial Velocity,,G2 V
hd 133131 b b,,794.575,5769.0,0.61,HD 133131 B,0.93,,5805.0,51.2993,225.8999745,-27.8415947,2016.0,Radial Velocity,,G2 V
hd 134060 b,,10.1,3.2696,0.45,HD 134060,1.095,,5966.0,24.0125,227.6847587,-61.4223747,2019.0,Radial Velocity,,G3 IV
hd 134060 c,,29.29,1291.5646,0.11,HD 134060,1.095,,5966.0,24.0125,227.6847587,-61.4223747,2019.0,Radial Velocity,,G3 IV
hd 134606 b,,9.09,12.089,0.092,HD 134606,1.046,1.158,5576.0,26.7909,228.8103897,-70.5203328,2024.0,Radial Velocity,,G
hd 134606 c,,11.31,58.883,0.055,HD 134606,1.046,1.158,5576.0,26.7909,228.8103897,-70.5203328,2024.0,Radial Velocity,,G
hd 134606 d,,44.8,966.5,0.092,HD 134606,1.046,1.158,5576.0,26.7909,228.8103897,-70.5203328,2024.0,Radial Velocity,,G
hd 134606 e,,2.34,4.3203,0.2,HD 134606,1.046,1.158,5576.0,26.7909,228.8103897,-70.5203328,2024.0,Radial Velocity,,G
hd 134606 f,,5.63,26.915,0.081,HD 134606,1.046,1.158,5576.0,26.7909,228.8103897,-70.5203328,2024.0,Radial Velocity,,G
hd 134987 b,,516.15333297,258.251,0.2281,HD 134987,1.092644,1.292303,5700.78,26.1804,228.3675397,-25.3096721,1999.0,Radial Velocity,,G
hd 134987 c,,297.16956055,5960.0,0.154,HD 134987,1.092644,1.292303,5700.78,26.1804,228.3675397,-25.3096721,2009.0,Radial Velocity,,G
hd 135625 b,,731.0053361,4055.0,0.16,HD 135625,1.28,,,56.518,229.4511514,-45.9225871,2023.0,Radial Velocity,,G3 IV/V
hd 135694 b,2.857,,15.923475568,,HD 135694,1.02,1.08,5712.0,73.8713,227.8678636,71.8412965,2023.0,Transit,,G
hd 136352 b,,4.81,11.5824,0.14,HD 136352,0.81,,5664.0,14.682,230.4401147,-48.3188174,2019.0,Radial Velocity,,G4 V
hd 136352 c,2.608,11.29,27.5909,0.037,HD 136352,0.906,1.012,5850.0,14.682,230.4401147,-48.3188174,2019.0,Radial Velocity,682.0,G
hd 136352 d,,10.5,107.63,0.075,HD 136352,0.906,1.012,5850.0,14.682,230.4401147,-48.3188174,2019.0,Radial Velocity,433.3,G
hd 136925 b,,266.97586188,4540.0,0.103,HD 136925,0.875104,1.193078,5773.19,47.874,230.7157509,13.3663117,2021.0,Radial Velocity,,G
hd 137496 b,1.31,4.04,1.62116,0.0,HD 137496,1.04,1.59,5799.0,155.317,231.7420543,-16.5090014,2021.0,Transit,2130.0,G
hd 137496 c,,2434.56559762,479.9,0.477,HD 137496,1.04,1.59,5799.0,155.317,231.7420543,-16.5090014,2021.0,Radial Velocity,370.0,G
hd 13931 b,,607.37008578,4449.0,0.02,HD 13931,1.015973,1.301756,5805.45,47.3963,34.1979991,43.7722065,2009.0,Radial Velocity,,G
hd 1397 b,12.215808,,11.535076,,HD 1397,,2.48771,5479.3,79.5702,4.4471631,-66.3589285,2018.0,Transit,,G
hd 141004 b,,12.9,15.5093,0.139,HD 141004,,,5898.0,11.8148,236.6099205,7.3527684,2021.0,Radial Velocity,,G
hd 141399 b,,143.65843996,94.375,0.053,HD 141399,1.091086,1.387236,5594.76,37.0169,236.7235392,46.986288,2014.0,Radial Velocity,,G
hd 141399 d,,401.41727804,1074.8,0.044,HD 141399,1.091086,1.387236,5594.76,37.0169,236.7235392,46.986288,2014.0,Radial Velocity,,G
hd 141399 e,,204.68149411,3336.0,0.047,HD 141399,1.091086,1.387236,5594.76,37.0169,236.7235392,46.986288,2014.0,Radial Velocity,,G
hd 141937 b,,3080.0,653.22,0.41,HD 141937,1.1,,5925.0,33.3622,238.0735585,-18.4359716,2002.0,Radial Velocity,,G2/G3 V
hd 142022 a b,,1433.40611557,1935.0,0.506,HD 142022 A,0.98,,5499.0,34.2802,242.5481731,-84.2317494,2005.0,Radial Velocity,,G9 IV-V
hd 143361 b,,953.49,1086.0,0.18,HD 143361,0.95,,,68.5146,240.4588405,-44.4350575,2008.0,Radial Velocity,,G0 V
hd 1461 b,,7.6,5.7727,0.14,HD 1461,1.018,1.11,5765.0,23.4534,4.6762645,-8.0536206,2010.0,Radial Velocity,,G
hd 1461 c,,7.05579064,13.504,0.11,HD 1461,1.03064,1.152288,5695.23,23.4534,4.6762645,-8.0536206,2015.0,Radial Velocity,,G
hd 147018 b,,674.0,44.236,0.4686,HD 147018,0.927,,5441.0,40.4256,245.7490012,-61.6901291,2009.0,Radial Velocity,,G9 V
hd 147018 c,,2080.0,1008.0,0.133,HD 147018,0.927,,5441.0,40.4256,245.7490012,-61.6901291,2009.0,Radial Velocity,,G9 V
hd 147513 b,,385.0,528.4,0.26,HD 147513,1.11,,5883.0,12.9032,246.0057894,-39.1929661,2003.0,Radial Velocity,,G
hd 147873 b,,1633.6462,116.596,0.207,HD 147873,1.38,2.29,5972.0,109.055,246.4380471,-33.5672217,2016.0,Radial Velocity,,G1 V
hd 147873 c,,731.009,491.54,0.23,HD 147873,1.38,2.29,5972.0,109.055,246.4380471,-33.5672217,2016.0,Radial Velocity,,G1 V
hd 149143 b,,422.7,4.072,0.016,HD 149143,1.21,1.49,5884.0,73.2801,248.2126715,2.0844547,2005.0,Radial Velocity,,G
hd 150706 b,,861.28,5894.0,0.38,HD 150706,1.17,0.96,5961.0,28.2697,247.8255687,79.7894032,2012.0,Radial Velocity,,G0 V
hd 152079 b,,692.8694,2899.0,0.52,HD 152079,1.1,1.15,5726.0,87.8888,253.3732313,-46.3333582,2009.0,Radial Velocity,,G6 V
hd 152843 b,3.41,11.56,11.6264,0.14,HD 152843,1.15,1.43,6310.0,107.898,253.7848853,20.491524,2021.0,Transit,,G0
hd 152843 c,5.83,27.5,24.38,0.115,HD 152843,1.15,1.43,6310.0,107.898,253.7848853,20.491524,2021.0,Transit,,G0
hd 154345 b,,378.21580433,3340.0,0.157,HD 154345,0.88,,5468.0,18.284,255.6524619,47.0855544,2006.0,Radial Velocity,,G9
hd 154672 b,,1706.7471,163.94,0.61,HD 154672,1.18,1.32,5743.0,63.0484,257.520697,-56.4498041,2008.0,Radial Velocity,,G
hd 154857 b,,778.6835,408.60001,0.46,HD 154857,1.96,2.3,5589.0,63.4482,257.816194,-56.681038,2004.0,Radial Velocity,,G
hd 154857 c,,819.97,3452.0,0.06,HD 154857,1.718,1.76,5605.0,63.4482,257.816194,-56.681038,2014.0,Radial Velocity,,G5 V
hd 155358 b,,270.0,194.3,0.17,HD 155358,0.92,,5900.0,43.6197,257.3930947,33.3549277,2007.0,Radial Velocity,,G0
hd 155358 c,,261.0,391.9,0.16,HD 155358,0.92,,5900.0,43.6197,257.3930947,33.3549277,2007.0,Radial Velocity,,G0
hd 156279 b,,3019.3698665,133.4031,0.64779,HD 156279,0.959814,0.966117,5458.24,36.1945,258.0966686,63.3527828,2011.0,Radial Velocity,,G
hd 156846 b,,3321.3235,359.51,0.8472,HD 156846,1.43,,6138.0,47.7332,260.1423366,-19.334365,2007.0,Radial Velocity,,G0 V
hd 158259 b,,2.22,2.178,,HD 158259,1.08,1.21,,27.0498,261.3495847,52.7904721,2020.0,Radial Velocity,,G0
hd 158259 c,,5.6,3.432,,HD 158259,1.08,1.21,,27.0498,261.3495847,52.7904721,2020.0,Radial Velocity,,G0
hd 158259 d,,5.41,5.1980814,,HD 158259,1.08,1.21,,27.0498,261.3495847,52.7904721,2020.0,Radial Velocity,,G0
hd 158259 e,,6.08,7.951,,HD 158259,1.08,1.21,,27.0498,261.3495847,52.7904721,2020.0,Radial Velocity,,G0
hd 158259 f,,6.14,12.028,,HD 158259,1.08,1.21,,27.0498,261.3495847,52.7904721,2020.0,Radial Velocity,,G0
hd 159243 b,,359.13,12.62,0.02,HD 159243,1.125,1.12,6123.0,73.3055,263.3395365,5.7008254,2013.0,Radial Velocity,,G0 V
hd 159243 c,,603.9,248.4,0.075,HD 159243,1.125,1.12,6123.0,73.3055,263.3395365,5.7008254,2013.0,Radial Velocity,,G0 V
hd 159868 b,,667.41,1178.4,0.01,HD 159868,1.087,,5558.0,55.8503,264.7466665,-43.1462347,2006.0,Radial Velocity,,G5 V
hd 159868 c,,232.01,352.3,0.15,HD 159868,1.087,,5558.0,55.8503,264.7466665,-43.1462347,2012.0,Radial Velocity,,G5 V
hd 160691 d,,10.17,9.6369,0.184,HD 160691,1.03,1.37818,5771.56,15.5981,266.0361585,-51.8348751,2004.0,Radial Velocity,,G
hd 160691 e,,2224.798849,307.9,,HD 160691,1.13,1.33,5773.0,15.5981,266.0361585,-51.8348751,2006.0,Radial Velocity,,G3 IV-V
hd 161178 b,,181.16219199,279.3,0.044,HD 161178,1.06,10.95,4786.0,107.188,264.2873565,72.455859,2021.0,Radial Velocity,,G9 III
hd 16141 b,,82.6,75.523,0.252,HD 16141,1.12,,5794.0,37.7861,38.8323674,-3.5624887,2000.0,Radial Velocity,,G
hd 16175 b,,1620.933,990.0,0.6,HD 16175,1.63,1.72,5981.0,59.859,39.2577379,42.0624526,2009.0,Radial Velocity,,G
hd 163607 b,,251.0857,75.195,0.744,HD 163607,1.12,1.76,5522.0,67.7855,268.4181383,56.3924701,2010.0,Radial Velocity,,G5
hd 163607 c,,686.5128,1267.4,0.076,HD 163607,1.12,1.76,5522.0,67.7855,268.4181383,56.3924701,2010.0,Radial Velocity,,G5
hd 16417 b,,22.1,17.24,0.2,HD 16417,1.2,,,25.3936,39.2441029,-34.5790905,2008.0,Radial Velocity,,G1 V
hd 164509 b,,140.79869,280.17,0.238,HD 164509,1.12,1.11,5859.0,53.1119,270.3800811,0.1044685,2010.0,Radial Velocity,,G5
hd 164595 b,,16.14,40.0,0.088,HD 164595,0.99,,5790.0,28.254,270.1613723,29.5726698,2015.0,Radial Velocity,,G2 V
hd 164922 b,,114.414,1155.0,0.05,HD 164922,0.94,,5385.0,22.0016,270.6304652,26.3104077,2005.0,Radial Velocity,,G
hd 164922 c,,13.0,75.74,0.12,HD 164922,0.926,0.946,5390.0,22.0016,270.6304652,26.3104077,2016.0,Radial Velocity,,G
hd 164922 d,,4.73564326,12.4584,0.18,HD 164922,0.921146,1.001813,5393.43,22.0016,270.6304652,26.3104077,2020.0,Radial Velocity,,G
hd 164922 e,,10.52012027,41.763,0.086,HD 164922,0.921146,1.001813,5393.43,22.0016,270.6304652,26.3104077,2021.0,Radial Velocity,,G
hd 165131 b,,6038.739733,2343.0,0.672,HD 165131,1.1,,,57.4263,271.3444007,-21.6737039,2023.0,Radial Velocity,,G3/5 V
hd 165155 b,,918.5287,434.5,0.2,HD 165155,1.02,0.95,5426.0,63.3574,271.4893395,-29.9172536,2016.0,Radial Velocity,,G8 V
hd 167677 b,,905.81095995,1820.0,0.182,HD 167677,0.96,,5474.0,54.3258,274.2067844,-11.4067857,2023.0,Radial Velocity,,G5 V
hd 167768 b,,270.15414595,20.6532,0.149,HD 167768,1.08,9.7,4851.0,107.214,274.2213308,-3.0085807,2022.0,Radial Velocity,,G8 III
hd 168009 b,,9.53485221,15.1479,0.12,HD 168009,0.986073,1.209505,5778.33,23.3032,273.8847918,45.2088229,2021.0,Radial Velocity,,G
hd 168746 b,,78.819,6.404,0.107,HD 168746,0.93,,5564.0,41.5681,275.4573269,-11.9229757,2002.0,Radial Velocity,,G
hd 170469 b,,176.39476588,1130.0,0.15,HD 170469,1.134802,1.27459,5765.62,60.178,277.2955423,11.6954244,2007.0,Radial Velocity,,G
hd 17156 b,,1004.3428,21.2167,0.6753,HD 17156,1.23,1.47,5969.0,78.0863,42.4366123,71.7530882,2007.0,Radial Velocity,,G5
hd 175541 b,,193.87,297.3,0.33,HD 175541,1.65,3.8,5060.0,129.603,283.9203211,4.2649344,2007.0,Radial Velocity,,G8 IV
hd 175607 b,,8.98,29.01,0.11,HD 175607,0.71,0.7,5392.0,40.3303,285.2742901,-66.1943379,2015.0,Radial Velocity,,G6 V
hd 17674 b,,276.5121,623.8,0.13,HD 17674,0.98,1.18,5904.0,44.4264,42.7684964,30.2865981,2017.0,Radial Velocity,,G0 V
hd 178911 b b,,2552.1749,71.484,0.11,HD 178911 B,1.24,1.08,5588.0,40.9727,287.2632091,34.6006972,2001.0,Radial Velocity,,G
hd 179079 b,,25.74423,14.479,0.049,HD 179079,1.14,1.63,5646.0,69.7116,287.7903733,-2.6387703,2008.0,Radial Velocity,,G5 IV
hd 18015 b,,1048.8337431,2240.0,0.092,HD 18015,1.5,,5643.0,123.801,43.3636339,-8.8480392,2018.0,Radial Velocity,,G6 IV
hd 181234 b,,2660.2371,7462.0575,0.73,HD 181234,1.01,1.05,5386.0,47.7458,289.9998695,-9.32497,2019.0,Radial Velocity,,G5
hd 181720 b,,117.59,956.0,0.26,HD 181720,0.92,1.39,5781.0,60.2046,290.7212224,-32.9208401,2009.0,Radial Velocity,,G1 V
hd 183263 b,,1155.263,625.1,0.3728,HD 183263,1.06,1.29106,5867.0,54.1955,292.1022982,8.3579183,2004.0,Radial Velocity,,G
hd 183263 c,,2529.91411972,5010.0,0.0595,HD 183263,1.170583,1.293337,5875.99,54.1955,292.1022982,8.3579183,2008.0,Radial Velocity,,G
hd 183579 b,3.57668278,,17.47130782378,,HD 183579,,0.974669,5783.54,57.2651,293.2866147,-54.5327284,2021.0,Transit,689.36,G
hd 187123 b,,152.55,3.0966,0.01,HD 187123,1.04,1.15043,5790.0,45.9548,296.7428786,34.41899,1998.0,Radial Velocity,,G
hd 187123 c,,577.791,3324.0,0.28,HD 187123,1.04,1.15043,5790.0,45.9548,296.7428786,34.41899,2008.0,Radial Velocity,,G
hd 188015 b,,462.12250378,462.59,0.17,HD 188015,1.042676,1.125296,5649.5,50.6706,298.0191857,28.0999769,2004.0,Radial Velocity,,G
hd 189567 b,,8.5,14.288,0.189,HD 189567,0.83,,5726.0,17.9055,301.3959616,-67.3237992,2021.0,Radial Velocity,,G3 V
hd 189567 c,,8.0,33.571,0.14,HD 189567,,,5730.0,17.9055,301.3959616,-67.3237992,2021.0,Radial Velocity,,G
hd 190360 b,,572.0911326,2854.0,0.34,HD 190360,1.0,,,16.0069,300.9092476,29.894541,2003.0,Radial Velocity,150.0,G V
hd 190360 c,,21.45341747,17.11704,0.165,HD 190360,0.986343,1.165616,5537.68,16.0069,300.9092476,29.894541,2005.0,Radial Velocity,,G
hd 190647 b,,630.89255,1176.45,0.224,HD 190647,1.069,1.376,5656.0,54.4738,301.8318167,-35.5395236,2007.0,Radial Velocity,,G
hd 191939 b,,,8.880318,,HD 191939,0.92,0.945,5427.0,53.6089,302.0256247,66.8503014,2020.0,Transit,,G8 V
hd 191939 c,3.14550353,,28.580474,,HD 191939,,0.920435,5555.7,53.6089,302.0256247,66.8503014,2020.0,Transit,545.0,G
hd 191939 d,3.1168896,2.2,38.352562,0.0,HD 191939,0.8222,0.934,5385.0,53.6089,302.0256247,66.8503014,2020.0,Transit,502.73,G
hd 191939 e,,108.0,101.5,0.0,HD 191939,0.81,0.94,5348.0,53.6089,302.0256247,66.8503014,2022.0,Radial Velocity,397.0,G9 V
hd 191939 f,,915.34581216,2898.0,,HD 191939,0.81,0.94,5348.0,53.6089,302.0256247,66.8503014,2022.0,Radial Velocity,,G
hd 191939 g,,6.88,288.6,,HD 191939,0.81,0.94,5348.0,53.6089,302.0256247,66.8503014,2022.0,Radial Velocity,,G
hd 195019 b,,1264.9634,18.20132,0.01,HD 195019,1.21,1.48,5751.0,37.6681,307.0792427,18.7692509,1998.0,Radial Velocity,,G
hd 196067 b,,3623.2438398,3413.7,0.56292,HD 196067,1.16,1.71,6072.0,39.9346,310.4364195,-75.3514992,2012.0,Radial Velocity,,G0 V
hd 196067 c,,10.4,4.601088,0.235,HD 196067,1.16,1.71,6072.0,39.9346,310.4364195,-75.3514992,2025.0,Radial Velocity,,G0 V
hd 20003 b,,11.66,11.8482,0.36,HD 20003,0.875,,5494.0,41.8316,46.9090081,-72.3219221,2019.0,Radial Velocity,,G8 V
hd 20003 c,,14.44,33.9239,0.1,HD 20003,0.875,,5494.0,41.8316,46.9090081,-72.3219221,2019.0,Radial Velocity,,G8 V
hd 203030 b,,7656.097,,,HD 203030,,,,39.2503,319.7432238,26.2305846,2006.0,Imaging,1206.0,G8 V
hd 20329 b,1.67736,,0.9260632,,HD 20329,,1.11,5640.0,63.6796,49.178124,15.6563542,2022.0,Transit,1576.0,G
hd 2039 b,,1999.1507,1120.0,0.71,HD 2039,1.23,1.19,5945.0,85.6922,6.0851069,-56.649988,2002.0,Radial Velocity,,G
hd 204313 b,,1287.16,1931.0,0.131,HD 204313,1.045,,5767.0,47.7945,322.0510568,-21.7274194,2010.0,Radial Velocity,,G5 V
hd 204313 c,,17.6,34.905,0.155,HD 204313,1.02,,5776.0,47.7945,322.0510568,-21.7274194,2015.0,Radial Velocity,,G5 V
hd 206255 b,,34.2,96.045,0.23,HD 206255,1.42,,5635.0,75.2363,325.5917768,-50.0935884,2019.0,Radial Velocity,,G5 IV/V
hd 20782 b,,572.07,585.86,0.92,HD 20782,1.0,,5758.0,35.9864,50.0166232,-28.8543535,2006.0,Radial Velocity,,G
hd 207832 b,,177.9848,161.97,0.13,HD 207832,0.94,0.901,5710.0,58.9291,328.1517893,-26.0271749,2012.0,Radial Velocity,,G
hd 207832 c,,232.0159,1155.7,0.27,HD 207832,0.94,0.901,5710.0,58.9291,328.1517893,-26.0271749,2012.0,Radial Velocity,,G
hd 20794 b,,2.7,18.315,0.0,HD 20794,0.7,,5401.0,6.00278,49.9997666,-43.0666533,2011.0,Radial Velocity,660.0,G8 V
hd 20794 d,,3.52,88.9,0.25,HD 20794,0.813,,,6.00278,49.9997666,-43.0666533,2011.0,Radial Velocity,,G8
hd 20794 e,,4.77,147.02,0.29,HD 20794,0.813,,,6.00278,49.9997666,-43.0666533,2017.0,Radial Velocity,,G8
hd 20794 f,,5.82,647.6,0.45,HD 20794,0.79,0.93,5368.0,6.00278,49.9997666,-43.0666533,2025.0,Radial Velocity,,G6 V
hd 210193 b,,153.1,649.918,0.24,HD 210193,1.04,,5790.0,42.2029,332.3951324,-41.225205,2019.0,Radial Velocity,,G3 V
hd 210277 b,,410.0007,442.19,0.48,HD 210277,1.01,1.07,5538.0,21.2985,332.3748117,-7.5505962,1998.0,Radial Velocity,,G
hd 211810 b,,212.9461,1558.0,0.68,HD 211810,1.03,1.13,5652.0,64.6353,334.5286724,61.1349912,2018.0,Radial Velocity,,G5
hd 213240 b,,1430.235,951.0,0.45,HD 213240,1.22,,5975.0,40.8707,337.7506266,-49.4341037,2001.0,Radial Velocity,,G
hd 213472 b,,1112.3994245,17000.0,0.53,HD 213472,1.048132,1.433902,5729.54,64.4527,337.7069969,40.7222277,2021.0,Radial Velocity,,G
hd 213885 b,1.7202,,1.0082361,,HD 213885,,1.13,5795.29,48.0883,338.9837166,-59.864829,2019.0,Transit,1835.0,G
hd 213885 c,,19.95,4.78503,0.0,HD 213885,1.068,1.1011,5978.0,48.0883,338.9837166,-59.864829,2019.0,Radial Velocity,1265.4,G
hd 21411 b,,65.9,84.288,0.4,HD 21411,0.89,,5605.0,29.1328,51.5474155,-30.6168403,2019.0,Radial Velocity,,G8 V
hd 214823 b,,6102.336,1877.0,0.154,HD 214823,1.22,,6215.0,101.368,340.0832062,31.7875183,2016.0,Radial Velocity,,G0 V
hd 21520 b,1.93226,,25.1290153,,HD 21520,,1.04,5871.0,79.208,51.6403449,-43.6136649,2024.0,Transit,627.0,G
hd 216435 b,,400.4,1311.0,0.07,HD 216435,1.3,,5999.0,32.9834,343.4094703,-48.5986332,2002.0,Radial Velocity,,G
hd 216437 b,,706.53609,1334.28,0.317,HD 216437,1.165,1.394,5909.0,26.6902,343.6639631,-70.0733957,2002.0,Radial Velocity,,G
hd 216770 b,,181.1631,118.45,0.37,HD 216770,0.74,0.93,5399.0,36.6625,343.9748751,-26.6595286,2003.0,Radial Velocity,,G
hd 21693 b,,8.23,22.6786,0.12,HD 21693,0.8,,5430.0,33.255,51.8040469,-58.3232726,2019.0,Radial Velocity,,G8 V
hd 21693 c,,17.37,53.7357,0.07,HD 21693,0.8,,5430.0,33.255,51.8040469,-58.3232726,2019.0,Radial Velocity,,G8 V
hd 217107 b,,459.57987652,7.1270166,0.1284,HD 217107,1.045,1.2245,,20.0619,344.5647243,-2.3954489,1998.0,Radial Velocity,,G
hd 217107 c,,1369.84043417,5141.0,0.3928,HD 217107,1.059631,1.17195,5606.83,20.0619,344.5647243,-2.3954489,2005.0,Radial Velocity,,G
hd 219139 b,,247.90615746,275.5,0.11,HD 219139,1.46,11.22,4831.0,104.935,348.3604055,11.0649832,2021.0,Radial Velocity,,G5 III
hd 219666 b,4.6585117,,6.03446338952,,HD 219666,,1.05,5586.0,94.1719,349.5592665,-56.9039857,2018.0,Transit,1377.92,G
hd 219828 b,,21.0,3.834887,0.059,HD 219828,1.23,1.69,5891.0,73.114,349.6947029,18.6457524,2007.0,Radial Velocity,,G0 IV
hd 219828 c,,4640.318,4682.0,0.8102,HD 219828,1.18,1.61,5807.0,73.114,349.6947029,18.6457524,2016.0,Radial Velocity,,G0 IV
hd 220197 b,,63.566,1728.0,0.187,HD 220197,0.91,0.98,5683.0,64.411,350.4946927,16.6323305,2018.0,Radial Velocity,,G
hd 220689 b,,381.3940884,2280.0,0.053,HD 220689,1.04,,5921.0,46.8778,351.4707282,-20.6167923,2012.0,Radial Velocity,,G3 V
hd 221585 b,,511.7063,1173.0,0.123,HD 221585,1.19,,5620.0,55.8535,353.2293802,63.1556146,2016.0,Radial Velocity,,G8 IV
hd 222155 b,,581.62598481,3270.0,0.09,HD 222155,1.13,,5765.0,50.6078,354.5025617,48.9960191,2011.0,Radial Velocity,,G2 V
hd 222582 b,,2504.48784716,572.537,0.7615,HD 222582,0.969129,1.145017,5746.66,42.1586,355.4640788,-5.9862379,1999.0,Radial Velocity,,G
hd 224018 b,0.91,4.1,10.6413,0.06,HD 224018,1.013,1.147,5784.0,105.48,358.6390056,-4.7233362,2025.0,Radial Velocity,968.0,G V
hd 224018 c,2.42,10.4,36.57669,0.02,HD 224018,1.013,1.147,5784.0,105.48,358.6390056,-4.7233362,2025.0,Transit,641.0,G V
hd 224018 d,2.4,4.2,138.0731,0.04,HD 224018,1.013,1.147,5784.0,105.48,358.6390056,-4.7233362,2025.0,Transit,411.0,G V
hd 224693 b,,225.65,26.73,0.05,HD 224693,1.33,1.7,6037.0,93.5015,359.9749837,-22.4279999,2006.0,Radial Velocity,,G2 IV
hd 22532 b,,673.79622284,872.6,0.03,HD 22532,1.57,5.69,5038.0,161.183,53.8148478,-49.4172669,2022.0,Radial Velocity,,G8 III/IV
hd 23127 b,,485.32641,1211.17,0.406,HD 23127,1.208,1.49,5843.0,93.8555,54.8491271,-60.077229,2006.0,Radial Velocity,,G
hd 24040 b,,1287.20504835,3552.0,0.012,HD 24040,1.10394,1.387296,5776.49,46.6224,57.5962104,17.4752873,2006.0,Radial Velocity,,G
hd 24040 c,,63.88350981,515.4,0.11,HD 24040,1.10394,1.387296,5776.49,46.6224,57.5962104,17.4752873,2021.0,Radial Velocity,,G
hd 24085 b,,11.8,2.0455,0.22,HD 24085,1.22,,6034.0,54.9004,56.2563447,-70.0245193,2019.0,Radial Velocity,,G0 V
hd 2638 b,,152.55,3.4442,0.0,HD 2638,0.93,,5192.0,54.9621,7.4990038,-5.76496,2005.0,Radial Velocity,,G5
hd 27631 b,,474.83802,2198.14,0.141,HD 27631,0.944,0.923,5737.0,50.2862,64.9392168,-41.9606604,2012.0,Radial Velocity,,G
hd 27969 b,,1525.5763536,654.5,0.182,HD 27969,1.16,1.27,5966.0,67.9328,66.7068364,42.90872,2021.0,Radial Velocity,261.0,G0 V
hd 28185 b,,1776.59,385.9,0.092,HD 28185,0.98,,5546.0,39.3809,66.6100461,-10.5510754,2001.0,Radial Velocity,,G5
hd 28185 c,,1906.970442,9090.0,0.15,HD 28185,0.974,1.048,5602.0,39.3809,66.6100461,-10.5510754,2022.0,Radial Velocity,,G
hd 28254 b,,368.67,1116.0,0.81,HD 28254,1.06,1.48,5664.0,55.2884,66.2108141,-50.6228081,2010.0,Radial Velocity,,G1 IV/V
hd 28471 b,,3.72,3.1649,0.195,HD 28471,0.98,1.08,5766.0,43.6455,66.2875166,-64.0786861,2025.0,Radial Velocity,1377.0,G5 V
hd 28471 c,,5.72,6.1245,0.088,HD 28471,0.98,1.08,5766.0,43.6455,66.2875166,-64.0786861,2025.0,Radial Velocity,1066.0,G5 V
hd 28471 d,,4.91,11.681,0.093,HD 28471,0.98,1.08,5766.0,43.6455,66.2875166,-64.0786861,2025.0,Radial Velocity,945.0,G5 V
hd 29021 b,,1420.69297929,1365.0,0.453,HD 29021,0.86,,,30.9939,69.4681379,60.6762985,2017.0,Radial Velocity,,G5
hd 290327 b,,772.3269,2443.0,0.08,HD 290327,0.84,0.95,5505.0,56.433,80.8399887,-2.2780391,2009.0,Radial Velocity,,G
hd 30177 c,,2415.508,11613.0,0.22,HD 30177,0.988,,5580.0,55.5867,70.4770964,-58.0208085,2016.0,Radial Velocity,,G
hd 30562 b,,387.7526,1157.0,0.76,HD 30562,1.12,1.61,5882.0,26.1597,72.1529519,-5.6751152,2009.0,Radial Velocity,,G
hd 30669 b,,149.37,1684.0,0.18,HD 30669,0.92,0.91,5400.0,58.0844,72.1198522,-28.4190757,2014.0,Radial Velocity,,G9 V
hd 31527 b,,10.47,16.5535,0.1,HD 31527,0.96,,5898.0,38.4473,73.9096193,-23.2413163,2019.0,Radial Velocity,,G2 V
hd 31527 c,,14.16,51.2053,0.04,HD 31527,0.96,,5898.0,38.4473,73.9096193,-23.2413163,2019.0,Radial Velocity,,G2 V
hd 31527 d,,11.82,271.6737,0.24,HD 31527,0.96,,5898.0,38.4473,73.9096193,-23.2413163,2019.0,Radial Velocity,,G2 V
hd 3167 b,1.557,,0.959628,,HD 3167,0.883,0.828,5370.0,47.2899,8.7401487,4.3807215,2016.0,Transit,1860.0,G
hd 3167 c,2.85,,29.8454,,HD 3167,0.883,0.828,5370.0,47.2899,8.7401487,4.3807215,2016.0,Transit,500.0,G
hd 32963 b,,222.481,2372.0,0.07,HD 32963,0.94,,5727.0,38.0786,76.9820146,26.3276805,2015.0,Radial Velocity,,G
hd 34445 b,,260.6206,1049.0,0.27,HD 34445,1.14,1.38,5879.0,46.0907,79.4207483,7.3527156,2009.0,Radial Velocity,,G
hd 34445 c,,53.5,214.67,0.036,HD 34445,1.07,1.38,5836.0,46.0907,79.4207483,7.3527156,2017.0,Radial Velocity,,G0 V
hd 34445 d,,30.7,117.87,0.027,HD 34445,1.07,1.38,5836.0,46.0907,79.4207483,7.3527156,2017.0,Radial Velocity,,G0 V
hd 34445 e,,16.8,49.175,0.09,HD 34445,1.07,1.38,5836.0,46.0907,79.4207483,7.3527156,2017.0,Radial Velocity,,G0 V
hd 34445 f,,37.9,676.8,0.031,HD 34445,1.07,1.38,5836.0,46.0907,79.4207483,7.3527156,2017.0,Radial Velocity,,G0 V
hd 34445 g,,120.6,5700.0,0.032,HD 34445,1.07,1.38,5836.0,46.0907,79.4207483,7.3527156,2017.0,Radial Velocity,,G0 V
hd 35759 b,,1195.0408,82.467,0.389,HD 35759,1.15,,6060.0,71.2423,82.8886636,64.3183753,2016.0,Radial Velocity,,G0
hd 35843 b,,5.84,9.8991,0.0,HD 35843,0.94,0.897,5666.0,69.6026,81.3488924,-44.4312849,2025.0,Radial Velocity,,G
hd 35843 c,2.54,11.32,46.9622,0.153,HD 35843,0.94,0.897,5666.0,69.6026,81.3488924,-44.4312849,2025.0,Transit,479.0,G
hd 360 b,,238.37130525,273.1,0.139,HD 360,1.69,10.86,4770.0,111.542,2.072903,-8.8242618,2021.0,Radial Velocity,,G8 III
hd 37124 c,,320.99,1942.0,0.4,HD 37124,0.91,,,31.6634,84.2599947,20.7289784,2002.0,Radial Velocity,,G4 V
hd 37124 d,,209.76,2295.0,0.2,HD 37124,0.78,,,31.6634,84.2599947,20.7289784,2005.0,Radial Velocity,,G4 IV-V
hd 38283 b,,108.0622,363.2,0.41,HD 38283,1.085,,5998.0,38.0615,84.2605324,-73.6998131,2010.0,Radial Velocity,,G
hd 38529 b,,278.41768453,14.31014,0.26,HD 38529,1.529286,2.857838,5624.21,42.3538,86.6451363,1.1675866,2000.0,Radial Velocity,,G
hd 38529 c,,4163.573,2146.1,0.3551,HD 38529,0.98,2.83515,5541.0,42.3538,86.6451363,1.1675866,2000.0,Radial Velocity,,G
hd 38801 b,,3082.31534,685.25,0.017,HD 38801,1.207,2.029,5338.0,91.4349,86.9963141,-8.3280256,2009.0,Radial Velocity,,G
hd 39855 b,,8.5,3.2498,0.14,HD 39855,0.87,,5576.0,23.2599,88.6260731,-19.7044472,2019.0,Radial Velocity,,G8 V
hd 4113 b,,495.79,526.62,0.903,HD 4113,0.99,,5688.0,41.8727,10.8027515,-37.9831248,2007.0,Radial Velocity,,G5
hd 4203 b,,708.7609,431.88,0.52,HD 4203,1.25,1.42,5596.0,81.3795,11.1722288,20.4483925,2001.0,Radial Velocity,,G
hd 4203 c,,689.66,6700.0,0.24,HD 4203,0.99,1.49795,5582.0,81.3795,11.1722288,20.4483925,2014.0,Radial Velocity,,G
hd 4208 b,,245.0457018,829.5,0.059,HD 4208,0.846671,0.935398,5669.81,34.1937,11.1125532,-26.5150392,2001.0,Radial Velocity,,G
hd 42618 b,,14.4,149.61,0.19,HD 42618,1.015,0.999,5727.0,24.3358,93.0032173,6.7819742,2016.0,Radial Velocity,337.0,G4 V
hd 4308 b,,15.8915,15.56,0.0,HD 4308,0.93,1.02,5686.0,22.0158,11.1652594,-65.6527159,2005.0,Radial Velocity,,G
hd 43197 b,,190.69,327.8,0.83,HD 43197,0.96,1.0,5508.0,62.4112,93.3993231,-29.8971929,2010.0,Radial Velocity,,G8 V
hd 43691 b,,791.36,36.96,0.14,HD 43691,1.38,,6200.0,85.6009,94.8946124,41.0920773,2007.0,Radial Velocity,,G0 IV
hd 44219 b,,184.34047606,472.0,0.41,HD 44219,1.2,,,52.9051,95.0599971,-10.7250799,2010.0,Radial Velocity,,G3 V
hd 45184 b,,11.91856526,5.8858,0.18,HD 45184,1.014904,1.075139,5820.13,21.9532,96.1820205,-28.7806402,2019.0,Radial Velocity,,G
hd 45184 c,,8.81,13.1354,0.07,HD 45184,1.03,,5869.0,21.9532,96.1820205,-28.7806402,2019.0,Radial Velocity,,G1.5 V
hd 45350 b,,568.89,963.6,0.778,HD 45350,0.98,1.26442,5566.0,46.8733,97.1902262,38.9627315,2004.0,Radial Velocity,,G
hd 47186 b,,22.2481,4.0845,0.04,HD 47186,0.96,1.08,5657.0,37.4574,99.0367212,-27.6234285,2008.0,Radial Velocity,,G
hd 48265 b,,380.0,762.0,0.24,HD 48265,0.93,,,90.5446,100.0073683,-48.5418284,2008.0,Radial Velocity,,G5 V
hd 48265 c,,1414.33641115,10418.0,0.41,HD 48265,1.38,,5805.0,90.5446,100.0073683,-48.5418284,2026.0,Radial Velocity,,G5 IV/V
hd 49674 b,,31.783,4.94737,0.09,HD 49674,1.03,1.02,5602.0,43.0399,102.8773483,40.8672284,2002.0,Radial Velocity,,G
hd 50499 c,,1010.69433426,10400.0,0.241,HD 50499,1.253184,1.432954,5978.1,46.2845,103.008075,-33.915267,2019.0,Radial Velocity,,G
hd 50554 b,,1420.0,1224.0,0.444,HD 50554,1.05,,5929.0,31.1664,103.678273,24.2451409,2002.0,Radial Velocity,,G
hd 51608 b,,12.77,14.0726,0.09,HD 51608,0.8,,5358.0,35.0553,103.7137102,-55.2600189,2019.0,Radial Velocity,,G7 V
hd 51608 c,,14.31,95.9446,0.14,HD 51608,0.8,,5358.0,35.0553,103.7137102,-55.2600189,2019.0,Radial Velocity,,G7 V
hd 5319 c,,324.1866,877.0,0.109,HD 5319,1.27,4.06,4871.0,121.405,13.7558096,0.7893425,2014.0,Radial Velocity,,G5
hd 55696 b,,1357.12729789,1706.0,0.681,HD 55696,1.29,,6012.0,77.9693,108.0622029,-38.174639,2018.0,Radial Velocity,,G0 V
hd 564 b,,104.88,492.3,0.096,HD 564,0.961,1.01,5902.0,51.1659,2.4694459,-50.2678998,2014.0,Radial Velocity,,G2/G3 V
hd 6061 b,2.45,10.8,5.254467,0.0,HD 6061,1.0,1.03,5920.0,67.6203,15.5981441,37.1854394,2023.0,Transit,1194.0,G
hd 63433 b,2.15,,7.10793,0.0,HD 63433,0.99,0.912,5640.0,22.4035,117.4793699,27.3631342,2020.0,Transit,,G
hd 63433 c,2.67,,20.5453,0.0,HD 63433,0.99,0.912,5640.0,22.4035,117.4793699,27.3631342,2020.0,Transit,,G
hd 63433 d,1.073,,4.209075,0.16,HD 63433,0.99,0.912,5688.0,22.4035,117.4793699,27.3631342,2023.0,Transit,1040.0,G5 V
hd 63765 b,,168.4499,358.0,0.24,HD 63765,0.65,0.83,5449.0,32.5376,116.9582617,-54.265345,2009.0,Radial Velocity,,G
hd 63935 b,2.67607,,9.0588209,,HD 63935,,0.96,5560.26,48.9739,117.9246417,9.3852412,2021.0,Transit,864.0,G
hd 63935 c,2.9,11.1,21.4023,0.0,HD 63935,0.933,0.959,5534.0,48.9739,117.9246417,9.3852412,2021.0,Radial Velocity,684.0,G
hd 64114 b,,17.8,45.791,0.12,HD 64114,0.95,,5676.0,31.5262,117.982556,-11.0337221,2019.0,Radial Velocity,,G7 V
hd 64121 b,,813.64072192,623.0,0.11,HD 64121,1.64,5.44,5078.0,129.966,117.3651424,-54.8126136,2022.0,Radial Velocity,,G8/K0 III
hd 6434 b,,123.95,21.998,0.17,HD 6434,0.79,,5835.0,42.358,16.1663441,-39.4904909,2003.0,Radial Velocity,,G
hd 65216 b,,400.45,572.4,0.0,HD 65216,1.0,0.886644,5623.44,35.1205,118.4209646,-63.6466892,2003.0,Radial Velocity,,G
hd 65216 c,,645.1949,5370.0,0.17,HD 65216,0.874,,5612.0,35.1205,118.4209646,-63.6466892,2013.0,Radial Velocity,,G
hd 66428 c,,8581.366989,39000.0,0.32,HD 66428,1.050575,1.169119,5647.6,53.2817,120.8691654,-1.1636019,2021.0,Radial Velocity,,G
hd 68402 b,,2510.8444153,1150.0,0.225,HD 68402,1.12,,5950.0,78.4293,121.3474609,-74.4100732,2016.0,Radial Velocity,,G5 IV/V
hd 68988 c,,4767.426105,16000.0,0.45,HD 68988,1.171665,1.255733,5883.41,60.8447,124.5935429,61.4608518,2021.0,Radial Velocity,,G
hd 69830 b,,10.26585755,8.66945,0.112,HD 69830,0.889787,0.886947,5420.58,12.5591,124.6010091,-12.6364246,2006.0,Radial Velocity,,G
hd 69830 c,,11.65,31.6131,0.052,HD 69830,,,5423.0,12.5591,124.6010091,-12.6364246,2006.0,Radial Velocity,,G
hd 69830 d,,14.07979843,200.61,0.1,HD 69830,0.889787,0.886947,5420.58,12.5591,124.6010091,-12.6364246,2006.0,Radial Velocity,,G
hd 70573 b,,1900.0,851.8,0.4,HD 70573,1.0,,5737.0,59.182,125.7079153,1.8591088,2007.0,Radial Velocity,,G1-1.5 V
hd 70642 b,,626.0,2068.0,0.034,HD 70642,1.05,,5706.0,29.276,125.3661079,-39.7044432,2003.0,Radial Velocity,,G
hd 7199 b,,85.8141,615.0,0.19,HD 7199,0.77,0.97,5371.0,36.1531,17.6979344,-66.1886947,2011.0,Radial Velocity,,G
hd 72659 b,,1001.12,3383.0,0.271,HD 72659,1.068,,5920.0,51.8949,128.5128072,-1.5686323,2002.0,Radial Velocity,,G0 V
hd 73256 c,,5085.254512,2690.0,0.16,HD 73256,1.0,,,36.708,129.0949961,-30.0373339,2023.0,Radial Velocity,,G8 IV
hd 73526 b,,978.9164,188.3,0.19,HD 73526,1.14,1.53,5601.0,97.2396,129.318331,-41.3184231,2002.0,Radial Velocity,,G
hd 73534 b,,321.0083,1721.0,0.0,HD 73534,1.16,2.58,4917.0,83.3321,129.8153421,12.9599703,2008.0,Radial Velocity,,G5
hd 74156 c,,2431.38731355,2448.6,0.3691,HD 74156,1.15133,1.510576,5951.71,57.603,130.6047813,4.5772338,2003.0,Radial Velocity,,G
hd 74698 b,,23.0,15.017,0.1,HD 74698,1.039,1.333,5783.0,52.0648,130.0744755,-71.8768726,2023.0,Radial Velocity,,G5 V
hd 74698 c,,126.0,3449.0,0.2,HD 74698,1.039,1.333,5783.0,52.0648,130.0744755,-71.8768726,2023.0,Radial Velocity,,G5 V
hd 75302 b,,1716.2733978,4356.0,0.39,HD 75302,1.06,,,30.3288,132.3015641,3.4850141,2023.0,Radial Velocity,,G5 V
hd 75784 c,,1430.235,3878.0,0.266,HD 75784,1.26,3.4,4867.0,85.4321,133.0992289,13.2330548,2018.0,Radial Velocity,,G5
hd 76700 b,,74.05439,3.97097,0.095,HD 76700,1.13,,5668.0,60.8831,133.4782248,-66.8004747,2002.0,Radial Velocity,,G
hd 77338 b,,15.9,5.7361,0.09,HD 77338,0.93,0.88,5370.0,45.935,135.3022475,-25.5282343,2012.0,Radial Velocity,,G
hd 79181 b,,203.41018048,273.1,0.259,HD 79181,1.28,11.06,4862.0,103.335,137.9944736,-19.7474341,2021.0,Radial Velocity,,G8 III
hd 79498 b,,425.9,1966.1,0.59,HD 79498,1.06,,5740.0,48.9489,138.7885794,23.3748792,2011.0,Radial Velocity,,G5
hd 80653 b,1.613,5.6,0.719573,,HD 80653,1.18,1.22,,109.86,140.3390845,14.3678691,2020.0,Transit,,G2
hd 80869 b,,1802.08706769,1711.0,0.871,HD 80869,1.08,,5837.0,85.3951,140.7912931,33.9048294,2021.0,Radial Velocity,,G5
hd 81040 b,,2301.07766668,1002.7,0.525,HD 81040,0.99,,,34.4341,140.9455027,20.3646078,2005.0,Radial Velocity,,G2/G3
hd 82943 b,,534.25,441.47,0.162,HD 82943,1.08,1.1826,5935.0,27.5902,143.7114034,-12.1302976,2003.0,Radial Velocity,,G
hd 82943 c,,622.603,220.078,0.3663,HD 82943,1.08,1.1826,5935.0,27.5902,143.7114034,-12.1302976,2003.0,Radial Velocity,,G
hd 83443 b,,127.127,2.985625,0.008,HD 83443,0.95,1.00468,5429.0,40.8991,144.2994103,-43.272721,2002.0,Radial Velocity,,G
hd 8535 b,,216.1244,1313.0,0.15,HD 8535,1.13,1.19,6136.0,55.4401,20.9054804,-41.2701007,2010.0,Radial Velocity,,G0 V
hd 85426 c,,10.3,35.73,0.06,TOI-1774,0.991,1.1303,5746.0,53.974,148.1619305,35.111008,2026.0,Radial Velocity,640.0,G
hd 86226 b,,146.20106722,1609.5,0.0389,HD 86226,1.08,1.03,6007.0,45.683,149.1235154,-24.0991859,2009.0,Radial Velocity,,G2 V
hd 86226 c,,,3.9846654,0.075,HD 86226,1.019,1.053,5863.0,45.683,149.1235154,-24.0991859,2020.0,Transit,,G1 V
hd 86728 b,,9.43,31.1515,0.067,HD 86728,0.967,1.237,5610.0,14.9202,150.250054,31.9218216,2025.0,Radial Velocity,,G
hd 87646 b,,3941.092,13.481,0.05,HD 87646,1.12,1.55,5770.0,73.58352,151.6695435,17.8949795,2016.0,Radial Velocity,,G
hd 88133 b,,95.03117,3.41587,0.133,HD 88133,0.94,2.03023,5392.0,73.6123,152.5319349,18.1857284,2004.0,Radial Velocity,,G
hd 88986 b,2.49,17.2,146.05,0.24,HD 88986,1.25,1.543,5861.0,33.2673,154.1166869,28.6820708,2023.0,Radial Velocity,460.0,G2 V
hd 89307 b,,659.152,2199.0,0.25,HD 89307,1.05,1.01,5906.0,32.0104,154.5874958,12.6209392,2009.0,Radial Velocity,,G
hd 89345 b,6.97249322,,11.81417261526,,HD 89345,,1.78598,5609.0,132.345,154.6710977,10.1288464,2018.0,Transit,1039.22,G
hd 90156 b,,11.7914339,49.609,0.16,HD 90156,0.855954,0.920286,5629.62,21.9496,155.9801144,-29.645103,2009.0,Radial Velocity,,G
hd 9174 b,,352.7913,1179.0,0.12,HD 9174,1.03,1.67,5577.0,81.4893,22.5043352,-19.6052945,2016.0,Radial Velocity,,G8 IV
hd 92788 b,,1179.1493,325.81,0.33,HD 92788,1.15,1.11,5738.0,34.6538,160.7021351,-2.1847173,2000.0,Radial Velocity,,G
hd 92788 c,,893.09782367,8360.0,0.355,HD 92788,1.07575,1.161955,5702.25,34.6538,160.7021351,-2.1847173,2019.0,Radial Velocity,,G
hd 93385 b,,4.2,7.3426,0.295,HD 93385,1.04,,5977.0,43.3475,161.5627065,-41.464604,2021.0,Radial Velocity,,G2/G3 V
hd 93385 c,,7.1,13.18,0.2,HD 93385,1.04,,5977.0,43.3475,161.5627065,-41.464604,2021.0,Radial Velocity,,G2/G3 V
hd 93385 d,,8.7,45.85,0.09,HD 93385,1.04,,5977.0,43.3475,161.5627065,-41.464604,2021.0,Radial Velocity,,G2/G3 V
hd 93963 a b,1.35,7.8,1.0391353,,HD 93963 A,1.109,1.043,5987.0,82.3432,162.7766969,25.641065,2022.0,Transit,2042.0,G0 V
hd 93963 a c,2.99324,,3.6451549,,HD 93963 A,,1.05,5922.0,82.3432,162.7766969,25.641065,2022.0,Transit,1143.0,G
hd 9446 b,,222.472,30.052,0.2,HD 9446,1.0,1.0,5793.0,50.3503,23.3350424,29.2649187,2009.0,Radial Velocity,,G5 V
hd 9446 c,,578.426,192.9,0.06,HD 9446,1.0,1.0,5793.0,50.3503,23.3350424,29.2649187,2009.0,Radial Velocity,,G5 V
hd 94771 b,,169.0,2164.0,0.39,HD 94771,1.2,1.903,5631.0,57.7807,163.9746776,-35.1145225,2023.0,Radial Velocity,,G3/G5 V
hd 95872 b,,1188.6842,4375.0,0.06,HD 95872,0.7,0.84,5312.0,72.2195,165.8658796,-22.0943303,2015.0,Radial Velocity,,G
hd 96167 b,,225.6593,498.1,0.681,HD 96167,1.27,1.94,5733.0,85.3006,166.3125657,-10.291345,2009.0,Radial Velocity,,G5
hd 96700 b,,8.9,8.1245,0.138,HD 96700,0.89,,5845.0,25.4111,166.9742616,-30.1751383,2021.0,Radial Velocity,,G0 V
hd 96700 c,,3.5,19.88,0.293,HD 96700,0.89,,5845.0,25.4111,166.9742616,-30.1751383,2021.0,Radial Velocity,,G0 V
hd 96700 d,,12.7,103.5,0.27,HD 96700,0.89,,5845.0,25.4111,166.9742616,-30.1751383,2021.0,Radial Velocity,,G0 V
hd 98649 b,,2161.2,4951.0,0.85,HD 98649,1.0,1.0,5759.0,42.1727,170.2147665,-23.2181063,2012.0,Radial Velocity,,G4 V
hd 99109 b,,150.65066492,441.0,0.06,HD 99109,0.969168,0.986304,5323.91,54.7901,171.0715576,-1.529761,2005.0,Radial Velocity,,G
hip 109384 b,,495.8148,499.48,0.549,HIP 109384,0.78,,5180.0,58.9582,332.408972,71.313956,2016.0,Radial Velocity,,G5
hip 109600 b,,851.7844,232.08,0.163,HIP 109600,0.87,,5530.0,66.3361,333.027079,29.0662082,2016.0,Radial Velocity,,G5
hip 14810 b,,1074.2654,6.67386,0.14,HIP 14810,0.81,1.04,5520.0,50.48,47.809275,21.0971302,2005.0,Radial Velocity,,G
hip 14810 c,,416.3573,147.747,0.1566,HIP 14810,1.01,1.07,5544.0,50.48,47.809275,21.0971302,2006.0,Radial Velocity,,G5
hip 14810 d,,187.5197,981.8,0.185,HIP 14810,1.01,1.07,5544.0,50.48,47.809275,21.0971302,2009.0,Radial Velocity,,G5
hip 63242 b,,2917.56,124.6,0.23,HIP 63242,1.54,,4830.0,156.456,194.3824825,-65.6463263,2013.0,Radial Velocity,,G8
hip 67522 b,10.178,,6.959471,0.0,HIP 67522,,,5675.0,127.28,207.526001,-40.8358961,2020.0,Transit,,G
hip 67522 c,7.93595834,,14.334892,0.077,HIP 67522,1.22,1.38,5675.0,127.28,207.526001,-40.8358961,2024.0,Transit,917.0,G
hip 8152 b,2.53625843,8.9,10.751014,0.0,HIP 8152,0.9373,0.9603,5618.0,101.694,26.2092533,-18.4013844,2023.0,Transit,794.96,G
hip 8152 c,2.48,9.4,19.6053,0.28,HIP 8152,0.91,0.95,5530.0,101.694,26.2092533,-18.4013844,2023.0,Transit,699.0,G
hip 91258 b,,339.428,5.0505,0.024,HIP 91258,0.95,1.0,5519.0,45.8846,279.2211173,61.7015065,2013.0,Radial Velocity,,G5 V
hip 94235 b,3.0,379.0,7.713057,0.32,HIP 94235,1.094,1.08,5991.0,58.5146,287.7411441,-60.2726358,2022.0,Transit,1060.0,G V
hip 9618 b,3.82838127,8.3,20.772858,0.0,HIP 9618,0.942,0.9593,5649.0,67.5478,30.9050061,21.2813274,2023.0,Transit,640.88,G
hip 9618 c,3.28372,,52.56370562152,,HIP 9618,,0.97,5625.56,67.5478,30.9050061,21.2813274,2023.0,Transit,542.0,G
hn peg b,11.7768,6991.57,,,HN Peg,,,,18.1186,326.1315705,14.7714524,2006.0,Imaging,,G0 V
hr 5183 b,,1004.33776612,43000.0,0.886,HR 5183,1.099514,1.555268,5833.8,31.4607,206.7357992,6.3498994,2019.0,Radial Velocity,,G
k2-10 b,4.37,,19.3037,,K2-10,0.92,1.08,5581.0,272.36,172.1216476,1.6906217,2015.0,Transit,,G
k2-11 b,7.55,,39.93767,,K2-11,1.35,5.15,5433.0,329.309,169.0418328,1.9866832,2015.0,Transit,734.0,G
k2-111 b,2.09,,5.35161,,K2-111,,1.17,5788.0,200.394,59.8903081,21.2985263,2017.0,Transit,,G
k2-111 c,,11.08,15.6805,0.071,K2-111,0.84,1.25,5775.0,200.394,59.8903081,21.2985263,2020.0,Radial Velocity,,G
k2-113 b,,,5.8176015,,K2-113,1.007,1.047,5627.0,635.722,19.4493823,6.8688469,2017.0,Transit,,G
k2-115 b,12.06,,20.272615,,K2-115,0.95,0.88,5657.0,413.591,126.5535002,12.281851,2017.0,Transit,619.0,G
k2-12 b,2.14,,8.2824161,,K2-12,,0.92,5615.0,326.381,173.1919022,2.2446794,2015.0,Transit,,G
k2-13 b,2.29,,40.062771,,K2-13,,0.88,5508.0,342.394,170.1554763,2.5027534,2015.0,Transit,,G
k2-138 b,,2.54,,0.02,K2-138,0.891,0.834,5354.7,202.585,348.9490311,-10.8497391,2017.0,Transit,,G
k2-138 c,2.299,6.31,3.56004,0.045,K2-138,0.935,0.863,5356.3,202.585,348.9490311,-10.8497391,2017.0,Transit,,G
k2-138 d,2.39,7.92,5.40479,0.043,K2-138,0.935,0.863,5356.3,202.585,348.9490311,-10.8497391,2017.0,Transit,,G
k2-138 e,,14.11,8.261334,0.014,K2-138,0.891,0.834,5354.7,202.585,348.9490311,-10.8497391,2017.0,Transit,,G
k2-138 g,3.18,,41.96645,,K2-138,0.916,0.839,5283.0,202.585,348.9490311,-10.8497391,2021.0,Transit,445.0,G8 V
k2-139 b,9.11,,28.380619,,K2-139,0.96,0.88,5370.0,153.856,289.066707,-17.9107147,2017.0,Transit,524.0,G
k2-140 b,12.273855,323.86877,6.5693,0.12,K2-140,1.005,0.987,5654.0,347.917,188.1373172,-9.6076115,2017.0,Transit,1114.0,G5
k2-15 b,2.84,,11.8097,,K2-15,0.81,0.78,5314.0,493.992,178.1105741,4.2546649,2015.0,Transit,,G
k2-157 b,0.935,1.14,0.3652575,,K2-157,0.89,0.86,5334.0,298.373,183.7514959,-5.7820178,2018.0,Transit,2432.0,G9 V
k2-157 c,,30.8,25.942,0.2,K2-157,0.89,0.86,5334.0,298.373,183.7514959,-5.7820178,2025.0,Radial Velocity,587.0,G9 V
k2-157 d,,23.3,66.5,0.5,K2-157,0.89,0.86,5334.0,298.373,183.7514959,-5.7820178,2025.0,Radial Velocity,429.1,G9 V
k2-158 b,2.63456976,,10.062106,,K2-158,0.932757,0.892097,5489.0,197.299,179.9397081,-5.7216879,2018.0,Transit,,G
k2-158 c,1.28,,5.90279,,K2-158,0.92,0.95,5503.0,197.299,179.9397081,-5.7216879,2018.0,Transit,948.0,G
k2-159 b,2.20753881,,12.421078,,K2-159,0.8857,0.829915,5419.0,170.998,180.5408896,-3.5809053,2018.0,Transit,,G
k2-160 b,3.17824034,,3.705871,,K2-160,0.982829,0.913754,5649.0,315.363,184.0545174,-3.5530888,2018.0,Transit,,G
k2-164 b,1.81,,17.355681,,K2-164,,1.06,5894.0,375.67,171.933659,-0.0628488,2018.0,Transit,,G
k2-166 b,1.82322896,,8.527219,,K2-166,1.072665,1.196219,5922.0,476.882,185.1880932,2.2823788,2018.0,Transit,,G
k2-168 b,1.86,,15.8523,,K2-168,0.877,0.83,5502.7,243.935,333.1100738,-16.3418863,2018.0,Transit,766.35,G
k2-169 b,1.27328671,,6.380803,,K2-169,0.986144,0.919053,5548.0,235.867,337.0442461,-14.5993376,2018.0,Transit,,G
k2-170 b,1.41817537,,7.576544,,K2-170,0.963657,0.981614,5748.0,392.872,335.4506923,-14.5933554,2018.0,Transit,,G
k2-172 b,1.8,,14.317001,,K2-172,,0.86,5449.0,249.742,335.3081368,-12.5569819,2018.0,Transit,,G
k2-173 b,1.60826194,,5.868699,,K2-173,0.881538,0.843154,5580.0,228.641,60.3752402,15.6251296,2018.0,Transit,,G
k2-175 b,2.03803688,,9.525988,,K2-175,1.094693,1.420038,5909.0,247.266,52.5035514,17.5841081,2018.0,Transit,,G
k2-176 b,1.49090097,,5.329439,,K2-176,0.938545,0.86416,5428.0,247.302,58.2691796,17.9069486,2018.0,Transit,,G
k2-181 b,2.69,,6.8941,,K2-181,0.96,1.06,5528.0,360.911,127.5541103,10.9101444,2018.0,Transit,949.0,G
k2-183 b,1.1,,0.469285,,K2-183,,0.87,5482.0,329.041,125.007177,14.0194586,2018.0,Transit,,G
k2-183 c,,,10.7930529,,K2-183,0.95,0.968558,5436.47,329.041,125.007177,14.0194586,2018.0,Transit,,G
k2-185 b,1.31284773,,10.616646,,K2-185,0.976219,0.914349,5722.0,268.357,130.2596625,14.6902225,2018.0,Transit,,G
k2-185 c,2.39,,52.713494,,K2-185,0.96,0.94,5788.0,268.357,130.2596625,14.6902225,2018.0,Transit,477.0,G
k2-186 b,3.17207779,,41.474219,,K2-186,1.018617,0.98083,5784.0,330.739,135.3350487,18.8252879,2018.0,Transit,,G
k2-187 b,1.2,,0.77401,,K2-187,,0.83,5438.0,330.916,132.5235618,23.1924709,2018.0,Transit,,G
k2-187 c,1.70058746,,2.871788,,K2-187,0.966999,0.894913,5477.0,330.916,132.5235618,23.1924709,2018.0,Transit,,G
k2-187 d,,,7.15,,K2-187,0.93,0.92027,5374.67,330.916,132.5235618,23.1924709,2018.0,Transit,,G
k2-188 b,1.35,,1.742169,,K2-188,1.06,1.19,5977.0,446.821,129.8137008,23.3574367,2018.0,Transit,1692.0,G
k2-188 c,2.70889,,7.8092052,,K2-188,,1.22,5906.9,446.821,129.8137008,23.3574367,2018.0,Transit,1085.0,G
k2-189 b,1.52,,2.588309,,K2-189,0.94,0.87,5519.0,242.113,203.6214411,-15.0365158,2018.0,Transit,1197.0,G
k2-189 c,2.5,,6.679195,,K2-189,0.94,0.87,5519.0,242.113,203.6214411,-15.0365158,2018.0,Transit,872.0,G
k2-19 b,7.46,,7.9194979,,K2-19,,0.84,5368.0,289.827,174.9602543,0.603596,2015.0,Transit,,G
k2-19 d,1.14,,2.50856,,K2-19,0.93,0.86,5430.0,289.827,174.9602543,0.603596,2016.0,Transit,1252.0,G9 V
k2-190 b,1.35673729,,10.098858,,K2-190,0.904597,0.912206,5631.0,160.679,205.3630485,-13.1608686,2018.0,Transit,,G
k2-190 c,1.09308317,,21.574023,,K2-190,0.904597,0.912206,5631.0,160.679,205.3630485,-13.1608686,2018.0,Transit,,G
k2-193 b,4.01454158,,14.787207,,K2-193,0.9943,0.95685,5623.0,411.923,205.2371043,-11.0093342,2018.0,Transit,,G
k2-194 b,3.64229858,,39.721386,,K2-194,1.110086,1.281115,5979.0,629.51,204.6089755,-8.9271609,2018.0,Transit,,G
k2-195 c,2.57581891,,28.482786,,K2-195,0.963364,0.906367,5712.0,315.014,199.8315191,-8.5095364,2018.0,Transit,,G
k2-201 c,3.28568401,,22.779878,,K2-201,0.956055,0.878161,5507.0,197.932,293.5607117,-23.1312775,2018.0,Transit,,G
k2-202 b,2.30165603,,3.405164,,K2-202,0.971461,0.910685,5491.0,300.397,283.2643203,-22.4070553,2018.0,Transit,,G
k2-205 b,1.99552771,,26.672263,,K2-205,0.951027,1.077574,5890.0,405.301,15.2175909,0.425966,2018.0,Transit,,G
k2-207 b,2.60585269,,12.48749,,K2-207,0.941851,0.928158,5522.0,363.064,11.6996481,0.6406182,2018.0,Transit,,G
k2-210 b,0.81864346,,0.570233,,K2-210,0.911717,0.85179,5396.0,176.51,17.6412694,1.5784137,2018.0,Transit,,G
k2-213 b,1.51398464,,8.13087,,K2-213,1.069596,1.20424,5794.0,389.702,13.1403998,3.5077702,2018.0,Transit,,G
k2-214 b,2.51,,8.59656,,K2-214,1.03,1.236,5875.0,300.64,14.8759777,4.2277722,2018.0,Transit,1001.0,G
k2-215 b,2.12381238,,8.269648,,K2-215,0.999987,0.974398,5704.0,403.964,18.4700795,6.1238647,2018.0,Transit,,G
k2-219 d,2.57634456,,11.137278,,K2-219,1.021545,1.189232,5753.0,325.4,12.8452963,8.8675474,2018.0,Transit,,G
k2-220 b,2.21473364,,13.682511,,K2-220,0.959636,0.929546,5599.0,233.514,12.7700071,9.5167694,2018.0,Transit,,G
k2-223 b,0.90973766,,0.50557,,K2-223,1.067005,1.013236,5859.0,198.604,185.306183,-10.2820915,2018.0,Transit,,G
k2-223 c,1.5,,4.562546,,K2-223,,1.0,5859.0,198.604,185.306183,-10.2820915,2018.0,Transit,,G
k2-224 b,1.56,,4.47904,,K2-224,0.91,0.84,5620.0,275.255,189.7041426,-10.0605942,2018.0,Transit,1002.0,G
k2-225 b,2.66099554,,15.871455,,K2-225,1.114596,1.209303,5733.0,357.778,186.5410958,-9.6248232,2018.0,Transit,,G
k2-226 b,1.54,,3.27108,,K2-226,0.88,0.91,5424.0,211.265,183.6456643,-9.5626286,2018.0,Transit,1120.0,G
k2-227 b,1.66551298,,13.621832,,K2-227,0.950811,0.890666,5673.0,187.234,190.9484237,-8.4784159,2018.0,Transit,,G
k2-229 b,1.14,,0.58426,,K2-229,0.87,0.79,5315.0,102.564,186.8729195,-6.7218474,2018.0,Transit,1818.0,G
k2-232 b,12.77,,11.1684037,,K2-232,,1.22,5981.0,130.72,73.7667927,18.654323,2018.0,Transit,1171.0,G
k2-238 b,14.5717,273.3338,3.20466,0.0,K2-238,1.19,1.59,5630.0,537.963,347.7043164,-7.8575592,2018.0,Transit,1587.0,G2 V
k2-24 b,5.25597181,,20.885016,,K2-24,1.095122,1.068173,5744.0,170.562,242.5734559,-24.9906029,2016.0,Transit,,G
k2-24 c,7.1178989,,42.363982,,K2-24,1.095122,1.068173,5744.0,170.562,242.5734559,-24.9906029,2016.0,Transit,,G
k2-244 b,1.75,,21.06884,,K2-244,0.86,0.92,5677.0,212.902,183.4686492,-3.8318097,2018.0,Transit,638.0,G
k2-245 b,2.67,,11.89376,,K2-245,0.88,0.956,5942.0,456.064,185.181563,-1.5909138,2018.0,Transit,769.0,G
k2-246 b,3.49,,5.76918,,K2-246,0.87,0.94,5610.0,703.616,181.6296115,-1.1606,2018.0,Transit,977.0,G
k2-248 b,2.57,,7.17256,,K2-248,0.88,0.92,5528.0,406.254,182.8173343,-9.4141696,2018.0,Transit,886.0,G
k2-253 b,12.96278785,,4.00357732994,,K2-253,,1.08492,5318.0,876.565,186.0853062,-6.3789537,2018.0,Transit,1115.41,G
k2-259 b,2.09663798,,15.482399,,K2-259,,1.077775,5928.0,416.457,186.8026947,1.5668631,2018.0,Transit,,G
k2-261 b,9.26982704,68.96876432,11.6334681,0.274,K2-261,1.107,1.663,5490.0,213.283,163.0323119,0.493167,2018.0,Transit,1036.0,G
k2-263 b,2.41,14.9,50.818947,0.15,K2-263,0.88,0.85,5368.0,162.481,129.6821253,15.6806039,2018.0,Transit,470.0,G
k2-265 b,,,2.36840828,,K2-265,0.94,0.930331,5394.0,138.671,342.0316493,-14.4947789,2018.0,Transit,,G
k2-271 b,6.92239107,,8.56232889439,,K2-271,,1.02304,5545.3,564.454,125.2239144,16.0907958,2018.0,Transit,867.44,G
k2-272 b,2.91,,14.453533,,K2-272,0.81,0.81,5419.0,423.065,132.6211743,17.5423852,2018.0,Transit,655.0,G
k2-277 b,,,6.3297696,,K2-277,1.008,0.975383,5673.0,113.123,202.0161895,-15.9379749,2018.0,Transit,,G
k2-279 b,,,7.125,,K2-279,0.945,0.894218,5425.98,182.983,204.7792935,-6.0417592,2018.0,Transit,,G
k2-280 b,7.5,37.1,19.89526,0.35,K2-280,1.03,1.28,5500.0,391.537,291.5953596,-22.2477071,2018.0,Transit,787.0,G
k2-282 b,2.5,,4.169783,,K2-282,,1.0,5499.0,496.289,13.4321524,7.9952914,2018.0,Transit,,G
k2-287 b,9.494023,100.11645,14.893291,0.478,K2-287,1.056,1.07,5695.0,158.335,233.0743401,-22.3583447,2018.0,Transit,804.0,G
k2-29 b,12.87148683,,3.25883164155,,K2-29,,0.817114,5387.06,178.475,62.670422,24.4016558,2016.0,Transit,1047.39,G
k2-291 b,1.589,6.49,2.225177,0.0,K2-291,0.934,0.899,5520.0,90.0562,76.44594,21.548199,2019.0,Transit,,G
k2-292 b,2.63,24.5,16.9841,0.04,K2-292,1.0,1.09,5725.0,114.293,205.3758786,-9.9460704,2019.0,Transit,795.0,G3 V
k2-293 b,2.45,,13.1225,,K2-293,0.958,0.947,5532.0,392.251,351.6064952,-6.0279068,2019.0,Transit,750.0,G
k2-294 b,1.66,,2.50387,,K2-294,0.987,1.2,5612.0,373.078,352.0516724,-7.6037856,2019.0,Transit,1425.0,G
k2-30 b,12.65164357,,4.098492,,K2-30,0.969658,0.909346,5574.0,333.042,52.3420548,22.2993491,2016.0,Transit,,G
k2-31 b,,,1.2578332,,K2-31,0.922,1.02904,5340.0,110.527,245.4405531,-23.548273,2016.0,Transit,,G
k2-312 c,,1719.45168187,921.2,0.853,HD 80653,1.18,1.22,5959.0,109.86,140.3390845,14.3678691,2023.0,Radial Velocity,,G
k2-319 b,2.79,,26.68,,K2-319,0.954,0.898,5440.0,209.071,166.8010058,3.0399357,2020.0,Transit,641.0,G
k2-331 b,1.79,,9.398977,,K2-331,1.1,1.06,5994.0,211.43,132.7376431,13.170269,2021.0,Transit,909.0,G
k2-331 c,2.72,,22.996591,,K2-331,1.1,1.06,5994.0,211.43,132.7376431,13.170269,2021.0,Transit,673.0,G
k2-333 b,6.18,,14.759287,,K2-333,1.06,1.22,5880.0,343.99,136.7892752,15.2056765,2021.0,Transit,826.0,G
k2-337 b,2.10886389,,16.27284,,K2-337,,1.064948,5656.0,421.636,127.761137,16.9004702,2021.0,Transit,,G
k2-341 b,3.21,,36.552551,,K2-341,0.98,1.16,5817.0,421.408,130.4971951,19.9166357,2021.0,Transit,598.0,G
k2-350 b,1.54,,4.163873,,K2-350,0.98,1.04,5789.0,489.368,204.0355092,-14.0092516,2021.0,Transit,1158.0,G
k2-350 c,2.74,,19.991944,,K2-350,0.98,1.04,5789.0,489.368,204.0355092,-14.0092516,2016.0,Transit,687.0,G
k2-352 b,1.37,,3.665912,,K2-352,0.98,0.95,5791.0,176.051,140.4451478,18.469628,2021.0,Transit,1160.0,G
k2-352 c,2.0,,8.236486,,K2-352,,0.923,5930.0,176.051,140.4451478,18.469628,2021.0,Transit,,G
k2-352 d,2.23,,14.871387,,K2-352,0.98,0.95,5791.0,176.051,140.4451478,18.469628,2021.0,Transit,727.0,G
k2-353 b,5.55,,15.466805,,K2-353,0.87,0.99,5698.0,268.515,201.6168564,-2.2819018,2021.0,Transit,735.0,G
k2-355 b,2.25,,5.7385647,,K2-355,0.96,0.92,5790.0,500.497,124.6426189,13.5027816,2021.0,Transit,1066.0,G
k2-356 b,2.29,,21.0267366,,K2-356,0.9,0.86,5568.0,355.54,128.3219134,13.6613758,2021.0,Transit,624.0,G
k2-357 b,3.72,,16.3488637,,K2-357,0.98,1.0,5794.0,517.687,131.9386628,16.3289144,2021.0,Transit,735.0,G
k2-358 b,2.68,,11.2510285,,K2-358,0.93,0.91,5650.0,480.307,133.8081054,18.9497263,2021.0,Transit,888.0,G
k2-360 c,,15.23,9.79692,0.11,EPIC 201595106,0.958,0.98,5679.0,232.1,183.7203635,1.9681688,2024.0,Radial Velocity,912.0,G
k2-365 b,2.89705396,,23.446873,,K2-365,,0.986872,5869.0,187.222,238.8197061,-21.0269691,2022.0,Transit,,G
k2-37 c,2.65,,6.42973,,K2-37,0.9,0.87,5512.0,179.943,243.4509662,-24.7870527,2016.0,Transit,,G
k2-37 d,2.73,,14.09189,,K2-37,0.9,0.85,5413.0,179.943,243.4509662,-24.7870527,2016.0,Transit,663.0,G3 V
k2-370 b,2.67,11.1,2.1408093,0.0,K2-370,0.962,0.945,5662.0,144.202,67.8205302,19.8316901,2022.0,Transit,,G5 V
k2-372 b,,,9.844,,K2-372,0.96,0.957455,5500.23,463.88,130.7988719,13.0094226,2022.0,Transit,,G
k2-374 b,1.593,,4.521953,,K2-374,0.731,0.907,5789.0,359.439,137.3794986,16.3558324,2022.0,Transit,,G3
k2-374 c,2.213,,16.43445,,K2-374,0.731,0.907,5789.0,359.439,137.3794986,16.3558324,2022.0,Transit,,G3
k2-376 b,1.736,,5.776475,,K2-376,0.908,1.149,5937.0,161.61,132.7193327,25.0380824,2022.0,Transit,,G1
k2-38 b,1.55,12.0,4.01593,,K2-38,1.07,1.1,5757.0,192.69,240.0333095,-23.1894196,2016.0,Transit,1184.0,G2 V
k2-38 c,2.49,7.4,10.56103,0.086,K2-38,1.054,1.141,5705.0,192.69,240.0333095,-23.1894196,2016.0,Transit,949.0,G
k2-382 b,2.77059123,,21.697619,,K2-382,,0.88176,5570.0,278.412,287.4125267,-19.6269336,2022.0,Transit,,G
k2-389 b,2.33,,8.58289,,K2-389,0.99,1.094,5773.0,259.208,355.6304152,-9.7135814,2022.0,Transit,932.0,G
k2-389 c,2.04,,20.851337,,K2-389,0.802,1.084,5782.0,259.208,355.6304152,-9.7135814,2022.0,Transit,,G
k2-390 b,4.662,,3.312792,,K2-390,0.789,0.966,5558.0,456.122,355.702386,-9.5887124,2022.0,Transit,,G
k2-391 b,1.371,,4.622654,,K2-391,0.757,0.566,5543.0,507.94,356.2260152,-7.7015151,2022.0,Transit,,G
k2-392 b,1.85,,15.398723,,K2-392,0.841,1.058,5726.0,406.985,354.6499065,-7.4788816,2022.0,Transit,,G3
k2-393 b,,,10.41144,,K2-393,,1.12,5540.0,265.914,348.5159113,-0.0821031,2022.0,Transit,,G
k2-396 b,1.579,,0.673862,,K2-396,0.954,0.92,5236.0,274.864,74.6928607,17.2690562,2022.0,Transit,,G9
k2-397 b,2.417,,3.572326,,K2-397,0.937,0.966,5387.0,199.354,79.9516586,21.2591617,2022.0,Transit,,G
k2-398 b,2.274,,6.393025,,K2-398,0.945,1.239,5946.0,606.992,161.7349738,1.9367044,2022.0,Transit,,G
k2-398 c,5.098,,18.787839,,K2-398,0.945,1.239,5946.0,606.992,161.7349738,1.9367044,2022.0,Transit,,G2
k2-402 b,2.678,,17.27474,,K2-402,0.944,1.28,5716.0,523.055,161.451913,6.419318,2022.0,Transit,,G
k2-403 b,5.333,,33.589979,,K2-403,0.784,0.886,5511.0,246.599,164.1893864,9.6739464,2022.0,Transit,,G
k2-406 b,4.602,,22.549406,,K2-406,0.798,0.961,5784.0,85.3751,230.8872242,-25.3706149,2022.0,Transit,,G4
k2-407 b,1.283,,4.941907,,K2-407,0.881,0.927,5563.0,218.376,232.5552584,-23.0067371,2022.0,Transit,,G4
k2-407 c,1.36,,9.22453,,K2-407,0.881,0.927,5563.0,218.376,232.5552584,-23.0067371,2022.0,Transit,,G
k2-408 b,1.677,,20.978959,,K2-408,0.813,0.784,5335.0,162.306,227.9168555,-17.6842698,2022.0,Transit,,G
k2-409 b,2.482,,1.908084,,K2-409,0.886,1.228,5742.0,431.031,228.4551125,-16.3512966,2022.0,Transit,,G4
k2-411 b,0.9898,,3.2141,,K2-411,1.018,1.375,5711.0,298.219,58.003631,19.3909877,2022.0,Transit,,G
k2-412 b,2.116,,5.9382,,K2-412,0.893,0.977,5590.0,654.085,76.2621295,21.580162,2022.0,Transit,,G
k2-44 b,2.72,,5.65688,,K2-44,1.15,1.58,5912.0,476.703,174.011661,-2.5209338,2016.0,Transit,,G
k2-60 b,9.46238398,,3.0026494836,,K2-60,,1.45,5630.0,491.87,338.6062312,-13.7318044,2016.0,Transit,1822.19,G
k2-61 b,1.93284331,,2.573413,,K2-61,1.030202,1.015751,5761.0,405.732,339.6748444,-13.5600447,2016.0,Transit,,G
k2-63 b,2.08,,20.258209,,K2-63,,0.95,5686.0,517.534,333.4267738,-12.0663429,2016.0,Transit,,G
k2-64 b,,,6.53147301,,K2-64,0.94,0.875405,5391.0,499.891,332.4138478,-11.4286687,2016.0,Transit,,G
k2-66 b,2.49,21.3,5.06963,0.0,K2-66,1.11,1.67,5887.0,513.877,331.5266563,-10.7115362,2016.0,Transit,1372.0,G
k2-73 b,2.58,9.2,7.49556,,K2-73,1.02,1.058,5867.0,269.183,335.025662,-9.0560881,2016.0,Transit,968.0,G
k2-73 c,,1142.0,1000.0,,K2-73,1.02,1.058,5867.0,269.183,335.025662,-9.0560881,2025.0,Radial Velocity,186.1,G
k2-74 b,2.95906745,,19.565557,,K2-74,0.987182,1.086156,5929.0,377.822,339.9192984,-8.7145697,2016.0,Transit,,G
k2-79 b,4.15,5.9,10.995039,0.032,K2-79,1.06,1.269,5897.0,256.011,55.2559307,13.5191871,2016.0,Transit,1033.0,G1
k2-80 b,2.01,,19.0918,,K2-80,0.9,0.87,5441.0,200.802,59.037486,13.5590288,2016.0,Transit,,G
k2-80 c,1.48914397,,5.605309,,K2-80,0.913111,0.841458,5377.0,200.802,59.037486,13.5590288,2016.0,Transit,,G
k2-80 d,2.55211506,,28.867253,,K2-80,0.913111,0.841458,5377.0,200.802,59.037486,13.5590288,2018.0,Transit,,G
k2-84 b,2.41,,6.4215,,K2-84,0.95,0.93,5652.0,284.876,55.8093566,16.6344396,2016.0,Transit,,G
k2-84 c,2.03,,27.86,,K2-84,0.95,0.93,5652.0,284.876,55.8093566,16.6344396,2016.0,Transit,,G
k2-87 b,4.6,,9.72739,,K2-87,0.947,0.93,5406.0,491.242,66.2363638,18.8273617,2016.0,Transit,,G
kelt-11 b,15.13215,54.34893,4.7361,0.0007,KELT-11,1.44,2.69,5375.0,99.1596,161.7069053,-9.3993646,2017.0,Transit,,G
kelt-14 b,17.03768,380.12468,1.7100588,0.0,KELT-14,1.178,1.368,5802.0,250.121,108.301409,-42.4097623,2016.0,Transit,1904.0,G
kelt-23 a b,14.829507,298.12454,2.255251,0.0,KELT-23 A,0.944,0.996,5899.0,126.261,232.1466406,66.3587097,2019.0,Transit,1561.0,G2 V
kelt-8 b,,,3.24408156,0.04,KELT-8,1.211,1.67,5754.0,197.572,283.3054489,24.1272483,2015.0,Transit,,G2 V
kic 5437945 b,,,440.7843755,,KIC 5437945,1.1,1.95204,5976.19,1274.01,288.4749028,40.6512848,2015.0,Transit,,G
kic 5479689 b,,158.9142035,1.701531,,KIC 5479689,0.966,0.894,5459.1,454.95,299.3254983,40.6381229,2021.0,Orbital Brightness Modulation,,G
kic 8121913 b,,667.4396547,3.294601,,KIC 8121913,1.456,2.233,5975.3,707.303,298.9677981,43.909378,2021.0,Orbital Brightness Modulation,,G
koi-142 c,,214.1,22.26492,0.05724,KOI-142,0.99,0.897,5466.0,376.863,291.1481028,40.669413,2013.0,Transit Timing Variations,,G
koi-1599.01,1.9,,20.41724,0.0,KOI-1599,0.94,0.92,5760.0,1131.64,298.3738383,40.6184483,2019.0,Transit,645.0,G
koi-1599.02,22.29,,13.6164547,0.0,KOI-1599,1.02,0.972,5823.0,1131.64,298.3738383,40.6184483,2019.0,Transit,755.0,G
koi-1783.01,8.954,,134.4786723,,KOI-1783,1.076,1.143,5923.0,865.73,289.3414629,46.988155,2020.0,Transit,,G
koi-1783.02,6.36,,284.063137,0.0,KOI-1783,0.996,1.336,5791.0,865.73,289.3414629,46.988155,2020.0,Transit,321.0,G
koi-1831 d,1.3,,34.2069,0.0,Kepler-324,0.85,0.75,5319.0,501.574,286.4714473,49.6490933,2018.0,Transit,459.0,G
koi-217 b,11.7,,3.905081,0.0,KOI-217,0.923,0.82,5595.0,914.699,294.8654667,46.2858128,2010.0,Transit,1028.0,G
koi-351 f,3.37,,124.922516,0.0,KOI-351,1.089,1.2,5970.0,848.254,284.4334642,49.3051239,2013.0,Transit,407.0,G
koi-3680 b,11.49,,141.2415405,0.0,KOI-3680,0.941,1.017,5705.0,921.986,293.2815266,45.3096572,2018.0,Transit,352.0,G
koi-4978 b,0.7,,0.941967,,KOI-4978,0.859,0.966,5050.28,936.341,286.5907635,38.5582993,2024.0,Transit,,G
koi-984 b,3.19,,4.2873775,0.0,KOI-984,1.01,0.92,5515.0,252.667,291.0489438,36.8400772,2022.0,Transit,1023.0,G
kepler-10 b,1.43,,0.837491225,0.0,Kepler-10,0.884,1.044,5676.0,185.506,285.679298,50.2414842,2011.0,Transit,1980.0,G
kepler-10 c,2.355,11.4,45.294301,0.13,Kepler-10,0.91,1.065,5708.0,185.506,285.679298,50.2414842,2011.0,Transit,578.0,G
kepler-10 d,,12.68,151.04,0.26,Kepler-10,0.91,1.065,5708.0,185.506,285.679298,50.2414842,2023.0,Radial Velocity,,G
kepler-100 b,,,6.88707073,,Kepler-100,1.059,1.5582,5859.0,304.645,291.3861294,41.9901394,2014.0,Transit,,G
kepler-100 c,,,12.815863973,,Kepler-100,1.059,1.5582,5859.0,304.645,291.3861294,41.9901394,2014.0,Transit,,G
kepler-100 d,1.61,3.0,35.3331,,Kepler-100,1.08,1.49,5825.0,304.645,291.3861294,41.9901394,2014.0,Transit,,G
kepler-1001 b,2.9,,14.3052,0.0,Kepler-1001,0.959,0.85,5734.0,928.978,286.2739151,48.6186972,2016.0,Transit,693.0,G
kepler-1001 c,1.45,,9.18186435,,Kepler-1001,0.902,0.796,5440.0,928.978,286.2739151,48.6186972,2020.0,Transit,,G
kepler-1003 b,2.035,,,,Kepler-1003,,1.315,5672.0,941.902,292.0204349,44.8762427,2016.0,Transit,,G
kepler-101 b,4.43,,3.487689428,,Kepler-101,0.98,1.23,5450.0,927.981,283.255507,48.3552474,2014.0,Transit,,G
kepler-101 c,0.91,,6.02979518,0.0,Kepler-101,1.125,1.208,5761.0,927.981,283.255507,48.3552474,2014.0,Transit,1075.0,G
kepler-1011 b,2.501,,,,Kepler-1011,,0.74,5456.0,736.779,297.4015491,46.8239976,2016.0,Transit,,G
kepler-1012 b,1.29,,5.50860439,,Kepler-1012,0.95,0.91,5556.0,411.077,289.2962253,46.4579889,2016.0,Transit,,G
kepler-1016 b,2.18,,1.954524342,,Kepler-1016,0.99,1.0,5821.0,1402.82,294.613689,45.9846265,2016.0,Transit,,G
kepler-1016 c,,,105.653571735,,Kepler-1016,1.0,1.20599,5643.68,1402.82,294.613689,45.9846265,2016.0,Transit,,G
kepler-1017 b,2.017,,7.23400469,,Kepler-1017,0.949,0.87,5400.0,552.058,283.469299,40.1325185,2016.0,Transit,,G
kepler-1018 b,3.007,,,,Kepler-1018,,1.017,5374.0,1010.01,283.5967317,45.4078654,2016.0,Transit,,G
kepler-1021 b,1.96,,13.47472742,0.0,Kepler-1021,0.821,0.734,5395.0,810.082,295.2048999,42.5596699,2016.0,Transit,634.0,G
kepler-1027 b,,,1.907810683,,Kepler-1027,0.92,1.17894,5348.19,405.104,287.5711746,42.8138159,2016.0,Transit,,G
kepler-1028 b,1.33,,2.51462432,,Kepler-1028,0.9,0.87,5522.0,607.916,289.5931004,49.7812447,2016.0,Transit,,G
kepler-103 b,3.14,,15.96533687,0.0,Kepler-103,1.094,1.436,5845.0,494.832,288.9845512,40.0644857,2014.0,Transit,864.0,G
kepler-103 c,5.47,,179.609803,0.0,Kepler-103,1.068,1.433,5880.0,494.832,288.9845512,40.0644857,2014.0,Transit,389.0,G
kepler-1033 b,2.4,,7.56052209,0.0,Kepler-1033,1.026,0.94,5895.0,1455.5,283.8450963,44.6090251,2016.0,Transit,914.0,G
kepler-1035 b,1.0,,2.714077555,0.0,Kepler-1035,0.734,0.818,5709.0,562.116,289.042243,42.8824991,2016.0,Transit,1228.0,G
kepler-1036 b,2.8,,122.8767,0.0,Kepler-1036,0.919,0.82,5590.0,489.435,295.1817093,49.9458172,2016.0,Transit,325.0,G
kepler-1038 c,1.17,,7.12768673,0.0,Kepler-1038,0.828,0.759,5463.0,584.136,298.9721472,44.1323499,2021.0,Transit,805.0,G
kepler-104 b,2.35,,11.427550984,0.0,Kepler-104,0.913,1.005,5979.0,400.785,287.6046621,42.1665104,2014.0,Transit,852.0,G
kepler-104 c,3.13,,23.668205,,Kepler-104,,1.349,5711.0,400.785,287.6046621,42.1665104,2014.0,Transit,,G
kepler-104 d,3.41,,51.75529576,0.0,Kepler-104,0.814,1.361,5755.0,400.785,287.6046621,42.1665104,2014.0,Transit,588.0,G
kepler-1040 b,1.84,,201.1214,0.0,Kepler-1040,0.819,0.845,5804.0,482.119,283.1137663,48.1312774,2016.0,Transit,297.0,G
kepler-1043 b,,,38.5050133836,,Kepler-1043,1.02,0.939367,5710.0,903.332,281.6629579,47.5685927,2016.0,Transit,,G
kepler-1044 b,,,6.7741029393,,Kepler-1044,1.05,1.01944,5819.58,1278.96,293.1444017,46.6662155,2016.0,Transit,,G
kepler-1045 b,2.69,,26.41045478,,Kepler-1045,0.86,0.82,5301.0,942.485,284.1832668,45.0740897,2016.0,Transit,,G
kepler-1046 b,2.05,,14.37504582,0.0,Kepler-1046,1.023,1.053,5931.0,721.534,296.7558056,46.9982799,2016.0,Transit,786.0,G
kepler-1047 b,1.79,,56.1886887,0.0,Kepler-1047,0.98,0.958,5798.0,817.647,288.6462564,50.7889645,2016.0,Transit,468.0,G
kepler-1047 c,1.368,,,,Kepler-1047,,1.645,5659.0,817.647,288.6462564,50.7889645,2016.0,Transit,,G
kepler-105 b,2.802,,,,Kepler-105,,1.036,5933.0,459.223,287.8872376,46.2761224,2013.0,Transit,,G
kepler-105 c,,,7.12594387,,Kepler-105,1.09,1.05138,5950.98,459.223,287.8872376,46.2761224,2014.0,Transit,,G
kepler-1050 c,,,21.1285655,,Kepler-1050,1.06,1.03426,5870.68,490.488,282.9249847,48.6264015,2016.0,Transit,,G
kepler-1052 b,2.93,,34.8538276,,Kepler-1052,1.03,1.03,5888.0,943.444,295.34273,46.6022134,2016.0,Transit,,G
kepler-1052 c,2.36800003,,180.9259949,,Kepler-1052,0.937,0.848,5818.0,943.444,295.34273,46.6022134,2023.0,Transit,,G
kepler-1054 b,2.689,,,,Kepler-1054,,1.423,5909.0,1090.51,290.6011085,44.5563604,2016.0,Transit,,G
kepler-1055 b,1.127,,2.295036233,,Kepler-1055,0.951,0.862,5682.0,389.397,290.4867838,44.932541,2016.0,Transit,,G
kepler-1056 b,2.6,,27.4954,0.0,Kepler-1056,0.901,1.03,5707.0,982.51,299.5259832,46.8992561,2016.0,Transit,617.0,G
kepler-106 b,0.85,,6.16491696,0.0,Kepler-106,0.944,1.029,5881.0,444.322,300.864006,44.3375497,2014.0,Transit,1035.0,G
kepler-106 c,,,13.57078354,,Kepler-106,1.068,1.0568,5888.0,444.322,300.864006,44.3375497,2014.0,Transit,,G
kepler-106 d,0.99,,23.9802348,0.0,Kepler-106,0.944,1.029,5881.0,444.322,300.864006,44.3375497,2014.0,Transit,658.0,G
kepler-106 e,2.87,,43.84439721,0.0,Kepler-106,0.951,1.012,5854.0,444.322,300.864006,44.3375497,2014.0,Transit,531.0,G
kepler-1060 b,2.38,,46.8779367,,Kepler-1060,0.99,0.99,5797.0,946.565,286.0252285,39.6309204,2016.0,Transit,,G
kepler-1061 b,1.69,,2.757977384,0.0,Kepler-1061,0.994,1.0,5919.0,543.375,296.2300306,50.2752091,2016.0,Transit,1332.0,G
kepler-1063 b,,,14.07969236,,Kepler-1063,,,5571.73,343.226,290.5267975,38.1428283,2016.0,Transit,,G
kepler-1065 b,3.73,,3.609308907,,Kepler-1065,0.94,0.93,5635.0,1122.48,294.511319,38.7904648,2016.0,Transit,,G
kepler-1065 c,1.29,,2.3702932,0.0,Kepler-1065,0.963,0.868,5668.0,1122.48,294.511319,38.7904648,2016.0,Transit,1256.0,G
kepler-1066 b,,,1.93155546,,Kepler-1066,0.98,0.865904,5560.36,344.251,298.866621,46.5022325,2016.0,Transit,,G
kepler-1067 b,0.734,,,,Kepler-1067,,0.911,5584.0,667.693,285.3873706,45.0490265,2016.0,Transit,,G
kepler-1067 c,1.33,,5.42587228,0.0,Kepler-1067,0.908,0.827,5614.0,667.693,285.3873706,45.0490265,2021.0,Transit,931.0,G
kepler-1069 b,2.636,,23.8990296,,Kepler-1069,1.064,1.572,5579.0,695.967,290.9792378,47.9889097,2016.0,Transit,,G
kepler-107 b,,,3.180027898,,Kepler-107,1.04,1.50416,5805.0,525.997,297.028162,48.2086019,2014.0,Transit,,G
kepler-107 c,1.7,,4.90144976,0.0,Kepler-107,1.113,1.402,5847.0,525.997,297.028162,48.2086019,2014.0,Transit,1262.0,G
kepler-107 d,1.06,,7.95825328,0.0,Kepler-107,1.113,1.402,5847.0,525.997,297.028162,48.2086019,2014.0,Transit,1074.0,G
kepler-107 e,2.92,,14.749176,0.02,Kepler-107,1.04,1.50416,5805.0,525.997,297.028162,48.2086019,2014.0,Transit,,G
kepler-1073 b,1.95,,8.67888593,0.0,Kepler-1073,0.91,0.833,5741.0,809.897,294.1527259,38.2330886,2016.0,Transit,816.0,G
kepler-1073 c,1.79,,4.02582434,0.0,Kepler-1073,0.924,1.116,5509.0,809.897,294.1527259,38.2330886,2016.0,Transit,1169.0,G
kepler-1073 d,1.16,,2.50475882,0.0,Kepler-1073,0.91,0.833,5741.0,809.897,294.1527259,38.2330886,2021.0,Transit,1235.0,G
kepler-1078 b,1.9,,3.00725242,,Kepler-1078,0.94,0.92,5612.0,2481.71,293.2005664,43.0500379,2016.0,Transit,,G
kepler-1079 b,3.14,,13.24503188,0.0,Kepler-1079,1.416,2.541,5750.0,591.098,299.5495794,45.7696769,2016.0,Transit,1152.0,G
kepler-108 b,9.56,,49.18354,0.22,Kepler-108,,,5584.26,338.732,294.5589885,46.0623952,2014.0,Transit,,G
kepler-108 c,8.15,,190.3216564,0.0,Kepler-108,1.377,2.192,5854.0,338.732,294.5589885,46.0623952,2014.0,Transit,449.0,G
kepler-1085 b,6.228,,,,Kepler-1085,,1.031,5856.0,1364.53,287.4776359,46.1411685,2016.0,Transit,,G
kepler-1085 c,3.26817741,,56.7771,,Kepler-1085,1.05,1.0783,5816.0,1364.53,287.4776359,46.1411685,2020.0,Transit,,G
kepler-1087 b,0.83,,0.693842661,0.0,Kepler-1087,0.903,1.196,5457.0,362.623,294.9789253,46.0056741,2016.0,Transit,2161.0,G
kepler-1088 b,,,23.1274171,,Kepler-1088,1.06,1.07453,5864.52,280.629,281.5614578,42.4504087,2016.0,Transit,,G
kepler-109 b,2.29,,6.481628092,0.0,Kepler-109,1.039,1.323,5952.0,474.861,290.3926795,40.2849074,2014.0,Transit,1150.0,G
kepler-109 c,2.5,,21.22258525,0.0,Kepler-109,1.039,1.323,5952.0,474.861,290.3926795,40.2849074,2014.0,Transit,774.0,G
kepler-1090 b,2.25,,198.680179,,Kepler-1090,0.86,0.82,5321.0,858.77,295.6629002,44.5258237,2016.0,Transit,,G
kepler-1091 b,1.09,,1.434741564,0.0,Kepler-1091,0.81,0.754,5672.0,914.299,299.7854426,43.6707235,2016.0,Transit,1426.0,G
kepler-1092 b,2.07,,58.6017925,,Kepler-1092,0.99,1.0,5862.0,981.233,297.7232008,47.1126833,2016.0,Transit,,G
kepler-1095 b,1.29,,4.271024,0.0,Kepler-1095,1.03,0.93,5983.0,792.522,293.2624215,41.3650155,2016.0,Transit,1115.0,G
kepler-1097 b,3.6,,187.7465,0.0,Kepler-1097,0.81,0.83,5323.0,719.802,281.5941261,42.5963949,2016.0,Transit,277.0,G
kepler-1098 b,1.13,,2.543072855,0.0,Kepler-1098,0.852,0.88,5753.0,1049.19,295.502673,43.2326992,2016.0,Transit,1280.0,G
kepler-11 b,1.84,,10.30401132,0.0,Kepler-11,0.921,1.046,5657.0,646.346,297.1150949,41.9091092,2010.0,Transit,849.0,G
kepler-11 d,3.26,,22.68714105,0.0,Kepler-11,0.921,1.046,5657.0,646.346,297.1150949,41.9091092,2010.0,Transit,653.0,G
kepler-11 e,3.89,,31.99550624,0.0,Kepler-11,0.921,1.046,5657.0,646.346,297.1150949,41.9091092,2010.0,Transit,582.0,G
kepler-11 f,2.43,,46.68641,0.0,Kepler-11,0.984,1.06,5685.0,646.346,297.1150949,41.9091092,2010.0,Transit,514.0,G
kepler-11 g,3.4,,118.3786735,0.0,Kepler-11,0.921,1.046,5657.0,646.346,297.1150949,41.9091092,2010.0,Transit,376.0,G
kepler-110 b,1.83,,12.691112,,Kepler-110,,1.149,5960.0,586.531,292.9291693,48.6028303,2014.0,Transit,,G
kepler-1100 b,,,6.4220154843,,Kepler-1100,1.09,1.04134,5949.92,693.618,291.8713535,44.0873907,2016.0,Transit,,G
kepler-1101 b,2.47,,81.3151059,,Kepler-1101,0.94,0.91,5614.0,742.473,294.5693544,45.6711623,2016.0,Transit,,G
kepler-1106 b,1.602,,,,Kepler-1106,,1.119,5909.0,1090.7,291.1451576,44.0624715,2016.0,Transit,,G
kepler-1108 b,1.39,,4.510142,0.0,Kepler-1108,0.913,0.81,5554.0,767.701,296.0422962,45.98514,2016.0,Transit,966.0,G
kepler-1109 b,,,37.6468519,,Kepler-1109,0.93,1.05454,5380.67,685.087,291.6462654,39.3966122,2016.0,Transit,,G
kepler-111 b,1.82,,3.341802938,,Kepler-111,1.1,1.2,5933.0,657.223,291.653163,44.6882613,2014.0,Transit,,G
kepler-111 c,7.52,,224.7782093,0.0,Kepler-111,1.098,1.145,5906.0,657.223,291.653163,44.6882613,2014.0,Transit,323.0,G
kepler-1113 b,2.3,,42.3002,0.0,Kepler-1113,0.91,0.97,5719.0,1073.88,289.4066969,39.338813,2016.0,Transit,518.0,G
kepler-1114 b,,,14.97435448,,Kepler-1114,0.94,0.810557,5415.53,418.417,299.2370531,45.8347781,2016.0,Transit,,G
kepler-1116 b,2.37,,41.6977827,0.0,Kepler-1116,0.969,0.872,5737.0,1008.57,291.9336573,44.1154992,2016.0,Transit,489.0,G
kepler-1117 b,1.01,,4.79028459,0.0,Kepler-1117,0.902,0.827,5573.0,568.487,292.0847866,49.2374206,2016.0,Transit,964.0,G
kepler-1118 b,2.848,,,,Kepler-1118,,1.06,5411.0,888.325,299.9656619,44.1608805,2016.0,Transit,,G
kepler-112 b,,,8.408878137,,Kepler-112,0.976,0.981539,5544.25,513.206,296.9811361,43.2097025,2014.0,Transit,,G
kepler-112 c,2.4,,28.574263,,Kepler-112,,0.841,5544.0,513.206,296.9811361,43.2097025,2014.0,Transit,,G
kepler-1122 b,2.01,,42.1917357,0.0,Kepler-1122,0.951,0.857,5674.0,1230.42,288.2805801,46.3408747,2016.0,Transit,479.0,G
kepler-1123 b,1.69,,4.33946454,0.0,Kepler-1123,0.977,0.894,5602.0,704.323,294.5177291,50.6703927,2016.0,Transit,1028.0,G
kepler-1125 b,,,17.6700291,,Kepler-1125,1.08,1.99916,5926.0,2011.41,295.4812018,40.7319316,2016.0,Transit,,G
kepler-1126 c,1.68200004,,199.6679993,,Kepler-1126,0.794,0.921,5678.0,635.736,285.691955,45.6893993,2023.0,Transit,,G
kepler-1127 b,1.58,,5.12330347,0.0,Kepler-1127,0.833,0.762,5510.0,842.459,293.2173563,42.7205846,2016.0,Transit,907.0,G
kepler-1128 b,3.59,,61.6178167,0.0,Kepler-1128,1.019,0.898,5609.0,1083.41,293.063315,39.4034052,2016.0,Transit,423.0,G
kepler-1129 b,,,24.3398202,,Kepler-1129,0.99,1.03118,5595.1,1183.88,291.6044965,41.3093275,2016.0,Transit,,G
kepler-1130 b,0.848,,5.45298175,,Kepler-1130,0.95,0.863,5402.0,249.343,285.207421,45.384333,2016.0,Transit,,G
kepler-1130 c,,,3.26662733,,Kepler-1130,0.919,0.8707,5327.0,249.343,285.207421,45.384333,2021.0,Transit,,G
kepler-1130 d,0.64,,4.27226421,0.0,Kepler-1130,0.944,0.842,5450.0,249.343,285.207421,45.384333,2021.0,Transit,981.0,G
kepler-1131 b,1.44,,3.53232449,0.0,Kepler-1131,1.026,0.937,5957.0,1030.7,295.6514492,49.2612954,2016.0,Transit,1189.0,G
kepler-1133 b,1.97,,11.55562343,,Kepler-1133,0.93,0.9,5569.0,753.135,293.3224114,42.8674925,2016.0,Transit,,G
kepler-1134 b,2.6,,17.13263989,0.0,Kepler-1134,0.872,0.798,5489.0,944.445,295.5678578,42.4781064,2016.0,Transit,613.0,G
kepler-1135 b,,,76.9592118535,,Kepler-1135,0.98,1.78259,5559.78,1314.64,286.0029904,44.7565551,2016.0,Transit,,G
kepler-1138 b,,,3.1705876036,,Kepler-1138,0.96,0.750918,5499.0,872.328,285.8993164,48.307285,2016.0,Transit,,G
kepler-1141 b,,,2.3445064256,,Kepler-1141,1.07,1.1411,5908.0,393.642,290.5436836,47.7259073,2016.0,Transit,,G
kepler-1142 b,1.16,,18.30216,0.0,Kepler-1142,0.96,0.86,5744.0,1273.51,292.7144796,44.0822816,2016.0,Transit,642.0,G
kepler-1144 b,1.99,,17.14647302,,Kepler-1144,0.98,0.96,5753.0,1140.57,290.0432936,47.2578857,2016.0,Transit,,G
kepler-1149 b,,,3.73090026,,Kepler-1149,0.99,1.28305,5604.94,1217.73,294.1891824,45.1515263,2016.0,Transit,,G
kepler-115 b,1.09,,2.403679,,Kepler-115,,1.205,5979.0,623.609,297.7119299,45.261985,2014.0,Transit,,G
kepler-115 c,2.5,,8.99088871,,Kepler-115,1.07,1.15,5931.0,623.609,297.7119299,45.261985,2014.0,Transit,,G
kepler-1151 b,,,65.6478598521,,Kepler-1151,0.93,0.784985,5350.63,682.436,292.2477819,47.8784257,2016.0,Transit,,G
kepler-1153 b,1.51,,1.755846,0.0,Kepler-1153,0.91,0.81,5545.0,1119.49,289.1471849,45.86613,2016.0,Transit,1313.0,G
kepler-1156 b,1.32,,11.89520511,,Kepler-1156,1.0,1.0,5778.0,691.331,288.9240901,46.0575865,2016.0,Transit,,G
kepler-1160 b,1.95,,7.97083,0.0,Kepler-1160,0.974,0.87,5796.0,1077.63,287.8793899,43.3640752,2016.0,Transit,857.0,G
kepler-1162 b,2.22,,32.5637069,0.0,Kepler-1162,0.917,0.834,5575.0,940.211,283.2920273,45.4339813,2016.0,Transit,510.0,G
kepler-1166 b,1.94,,33.2406882,0.0,Kepler-1166,0.904,1.015,5605.0,634.906,290.3484956,50.9028387,2016.0,Transit,563.0,G
kepler-1172 b,3.2,,26.0204423,,Kepler-1172,0.92,0.89,5558.0,1306.53,290.4744875,37.7665499,2016.0,Transit,,G
kepler-1175 b,2.453,,,,Kepler-1175,,0.761,5865.0,1121.89,289.1426847,46.8129656,2016.0,Transit,,G
kepler-1176 b,2.068,,,,Kepler-1176,,0.906,5467.0,864.699,297.919724,45.2742038,2016.0,Transit,,G
kepler-1177 b,1.9,,106.247547,,Kepler-1177,0.98,0.97,5712.0,1299.97,286.6714813,49.4062964,2016.0,Transit,,G
kepler-1182 b,2.05,,11.17394617,0.0,Kepler-1182,1.006,0.914,5911.0,1545.39,296.3079895,43.8213706,2016.0,Transit,796.0,G
kepler-1183 b,4.222,,,,Kepler-1183,,1.443,5710.0,1919.19,292.2324228,38.8921946,2016.0,Transit,,G
kepler-1185 b,1.39,,104.3519624,0.0,Kepler-1185,0.971,0.87,5650.0,459.273,287.2411783,39.3326977,2016.0,Transit,355.0,G
kepler-1186 b,2.23,,16.07677615,,Kepler-1186,0.95,0.93,5635.0,1337.25,288.4796333,47.1017438,2016.0,Transit,,G
kepler-1189 b,1.23,,3.788753,0.0,Kepler-1189,0.94,1.1,5817.0,782.852,298.4264116,47.9468194,2016.0,Transit,1242.0,G
kepler-119 b,3.55,,2.422084188,0.0,Kepler-119,0.928,0.83,5598.0,701.996,295.9463854,42.6588324,2014.0,Transit,1213.0,G
kepler-119 c,0.88,,4.12511935,0.0,Kepler-119,0.928,0.83,5598.0,701.996,295.9463854,42.6588324,2014.0,Transit,1016.0,G
kepler-1192 b,2.2,,25.2033,0.0,Kepler-1192,0.98,0.87,5796.0,1304.19,282.1405603,43.8964934,2016.0,Transit,583.0,G
kepler-1193 b,1.37,,2.832647249,0.0,Kepler-1193,1.088,1.272,5865.0,802.116,288.1447323,51.2756446,2016.0,Transit,1453.0,G
kepler-1194 b,1.9,,16.22391,0.0,Kepler-1194,0.96,1.15,5862.0,757.382,291.6994841,38.1452065,2016.0,Transit,786.0,G
kepler-1196 b,2.01,,66.1849031,0.0,Kepler-1196,0.946,0.866,5893.0,922.333,292.369585,43.9108663,2016.0,Transit,431.0,G
kepler-1198 b,1.47,,7.6847716,,Kepler-1198,0.93,0.9,5517.0,743.03,288.8339659,44.838198,2016.0,Transit,,G
kepler-1199 b,1.08,,15.0447198,0.0,Kepler-1199,0.908,1.055,5934.0,563.493,293.7258092,47.2469219,2016.0,Transit,791.0,G
kepler-12 b,19.122554,136.6669,4.4379637,,Kepler-12,1.157,1.49,5947.0,881.386,286.2434458,50.0403671,2011.0,Transit,1485.0,G
kepler-1201 b,,,15.1872763462,,Kepler-1201,1.08,1.00301,5912.0,944.241,294.6147908,40.8331158,2016.0,Transit,,G
kepler-1202 b,2.4,,28.6851324,0.0,Kepler-1202,0.918,0.835,5722.0,1175.38,292.290606,44.6532281,2016.0,Transit,546.0,G
kepler-1205 b,1.75,,1.078390352,0.0,Kepler-1205,0.857,0.985,5325.0,698.485,290.2796734,41.5150499,2016.0,Transit,1665.0,G
kepler-121 b,2.34,,3.177422,,Kepler-121,,0.701,5311.0,510.523,286.1621273,39.6780204,2014.0,Transit,,G
kepler-121 c,,,41.00820122,,Kepler-121,0.92,0.682614,5318.0,510.523,286.1621273,39.6780204,2014.0,Transit,,G
kepler-1210 b,1.56,,8.07124073,0.0,Kepler-1210,0.874,0.853,5766.0,1176.53,292.8321598,48.2193376,2016.0,Transit,856.0,G
kepler-1215 b,,,4.7670445073,,Kepler-1215,0.95,0.915914,5432.0,661.022,297.4636477,48.1813978,2016.0,Transit,,G
kepler-1216 b,1.455,,,,Kepler-1216,,1.105,5654.0,1258.36,287.4052661,45.917979,2016.0,Transit,,G
kepler-1218 b,1.742,,,,Kepler-1218,,1.413,5832.0,840.503,291.5788505,44.5316825,2016.0,Transit,,G
kepler-1220 b,1.38,,7.42716,0.0,Kepler-1220,0.942,0.99,5811.0,961.907,297.070398,42.9777396,2016.0,Transit,944.0,G
kepler-1227 b,2.11,,94.289223,0.0,Kepler-1227,1.026,0.904,5632.0,623.706,287.0664109,41.8749712,2016.0,Transit,369.0,G
kepler-1230 b,,,9.9567996476,,Kepler-1230,1.05,1.08946,5845.0,1364.22,283.2645129,41.7114526,2016.0,Transit,,G
kepler-1231 b,,,10.417367726,,Kepler-1231,0.98,1.10189,5572.0,987.237,288.5882888,42.6056644,2016.0,Transit,,G
kepler-1235 b,0.807,,,,Kepler-1235,,0.941,5327.0,540.604,284.9030677,43.9540616,2016.0,Transit,,G
kepler-1236 b,1.85,,31.0572947,0.0,Kepler-1236,0.821,0.734,5395.0,999.64,295.6247375,42.5458739,2016.0,Transit,480.0,G
kepler-1237 b,2.8,,84.5733226,0.0,Kepler-1237,1.005,0.888,5418.0,1064.31,295.6292745,44.6905815,2016.0,Transit,366.0,G
kepler-1240 b,1.597,,,,Kepler-1240,,1.342,5670.0,862.186,282.9997682,40.5574322,2016.0,Transit,,G
kepler-1241 b,2.53,,18.5525162,0.0,Kepler-1241,0.928,0.829,5569.0,968.722,294.5762033,38.4569588,2016.0,Transit,612.0,G
kepler-1243 b,1.6,,16.83192,0.0,Kepler-1243,0.94,0.93,5782.0,758.17,294.009397,42.8807779,2016.0,Transit,694.0,G
kepler-1245 b,1.8,,4.354075,0.0,Kepler-1245,0.82,0.93,5447.0,805.936,290.7443078,43.260753,2016.0,Transit,1046.0,G
kepler-1245 c,1.64,,2.936584681,0.0,Kepler-1245,0.795,0.909,5455.0,805.936,290.7443078,43.260753,2016.0,Transit,1189.0,G
kepler-1247 b,,,13.71234606,,Kepler-1247,0.92,0.789254,5326.0,1045.92,294.5335974,46.6182365,2016.0,Transit,,G
kepler-1250 b,,,2.607545159,,Kepler-1250,1.01,1.52652,5690.0,2126.85,287.7938184,45.9802492,2016.0,Transit,,G
kepler-1251 b,,,45.091056799,,Kepler-1251,0.98,0.904617,5558.2,902.204,292.1151093,49.2563792,2016.0,Transit,,G
kepler-1252 b,1.44,,15.0539886,0.0,Kepler-1252,0.734,0.818,5475.0,648.979,298.9503634,46.6928437,2016.0,Transit,665.0,G
kepler-1253 b,1.33,,68.8861915,,Kepler-1253,0.97,1.1,5850.0,514.524,283.8852196,47.6371507,2016.0,Transit,,G
kepler-1255 b,,,36.292017,,Kepler-1255,1.08,1.35224,5924.0,1617.07,295.2392569,42.7264842,2016.0,Transit,,G
kepler-1257 b,1.55,,2.668313762,0.0,Kepler-1257,0.996,0.899,5806.0,1105.95,296.0756231,45.6270165,2016.0,Transit,1252.0,G
kepler-1258 b,,,0.9849449013,,Kepler-1258,1.03,1.11834,5761.02,717.555,285.4049723,49.9948186,2016.0,Transit,,G
kepler-1260 b,1.45,,19.1187753,0.0,Kepler-1260,0.809,0.866,5923.0,1734.43,295.5912652,42.5552261,2016.0,Transit,673.0,G
kepler-1262 b,,,8.679037,,Kepler-1262,1.01,0.913995,5682.0,1054.87,288.7718287,42.2131694,2016.0,Transit,,G
kepler-1264 b,1.25,,0.96852,0.0,Kepler-1264,0.992,0.99,5944.0,801.993,289.8844102,45.2115075,2016.0,Transit,1895.0,G
kepler-1267 b,2.88,,13.0313583,0.0,Kepler-1267,0.926,1.071,5514.0,1379.43,299.1695093,43.4410533,2016.0,Transit,774.0,G
kepler-1269 b,1.63,,37.3331536,,Kepler-1269,1.1,1.15,5998.0,1097.23,287.8055442,45.3405371,2016.0,Transit,,G
kepler-1272 b,,,51.1323302228,,Kepler-1272,1.04,1.51323,5807.0,1206.37,285.2197605,38.8058393,2016.0,Transit,,G
kepler-1273 b,2.3,,28.62525,0.0,Kepler-1273,0.941,0.84,5679.0,1114.24,285.8032016,44.8733983,2016.0,Transit,542.0,G
kepler-1277 b,1.482,,40.8365012,,Kepler-1277,0.834,0.855,5478.0,557.193,295.1025166,40.5723736,2016.0,Transit,,G
kepler-1281 b,1.69,,3.11602791,0.0,Kepler-1281,0.977,0.86,5591.0,,295.3543571,48.5153932,2016.0,Transit,1123.0,G
kepler-1282 b,,,2.131945045,,Kepler-1282,0.95,0.910714,5444.0,1103.29,290.1761688,46.6983036,2016.0,Transit,,G
kepler-1286 b,2.42,,11.25401871,0.0,Kepler-1286,1.022,1.118,5995.0,1354.46,280.2583709,43.8357433,2016.0,Transit,888.0,G
kepler-1287 b,,,11.4768648398,,Kepler-1287,1.02,0.923016,5702.0,1003.26,289.1346298,47.063018,2016.0,Transit,,G
kepler-1289 b,1.58,,7.990251,0.0,Kepler-1289,1.021,0.92,5956.0,1053.57,296.388767,41.040509,2016.0,Transit,895.0,G
kepler-129 b,2.409,,15.791619,0.01,Kepler-129,1.02,1.74549,5705.33,408.845,285.3111845,47.8484775,2014.0,Transit,,G
kepler-129 c,2.522,,82.1908,0.2,Kepler-129,1.02,1.74549,5705.33,408.845,285.3111845,47.8484775,2014.0,Transit,,G
kepler-129 d,,2637.9757781,2646.0,0.15,Kepler-129,1.178,1.653,5770.0,408.845,285.3111845,47.8484775,2021.0,Radial Velocity,,G4 V
kepler-1290 b,1.52,,4.69500134,0.0,Kepler-1290,1.045,0.959,5999.0,1593.7,290.6852287,43.8596155,2016.0,Transit,1098.0,G
kepler-1291 b,1.39,,8.62989,0.0,Kepler-1291,0.856,0.76,5342.0,897.352,289.3770051,40.0010791,2016.0,Transit,733.0,G
kepler-1292 b,1.779,,,,Kepler-1292,,0.999,5814.0,1493.43,284.9057222,43.9491434,2016.0,Transit,,G
kepler-1294 b,3.52,,115.6863392,0.0,Kepler-1294,1.021,1.149,5800.0,1855.7,291.2681037,44.4881624,2016.0,Transit,401.0,G
kepler-1295 b,1.37,,3.81371423,0.0,Kepler-1295,0.918,0.82,5547.0,1174.46,291.3978451,45.588553,2016.0,Transit,1029.0,G
kepler-1296 b,0.91,,8.3839865,,Kepler-1296,0.87,0.83,5359.0,1551.54,292.1251038,41.4077928,2016.0,Transit,,G
kepler-1297 b,,,1.68189051,,Kepler-1297,1.05,1.39385,5817.0,1439.47,289.9564415,47.0203466,2016.0,Transit,,G
kepler-1299 b,2.47,,19.9400874,0.0,Kepler-1299,0.827,0.755,5609.0,1404.94,286.1501263,37.4113438,2016.0,Transit,585.0,G
kepler-130 b,1.02,,8.45744892,0.0,Kepler-130,0.95,1.137,5903.0,316.663,288.4505905,40.2452006,2014.0,Transit,982.0,G
kepler-130 c,2.811,,27.508686,0.08,Kepler-130,1.091,1.17925,5958.0,316.663,288.4505905,40.2452006,2014.0,Transit,,G
kepler-130 d,,,87.5173179822,,Kepler-130,1.091,1.17925,5958.0,316.663,288.4505905,40.2452006,2014.0,Transit,,G
kepler-1301 b,1.35,,9.08233411,0.0,Kepler-1301,0.884,0.788,5354.0,854.28,286.6041816,42.4403309,2016.0,Transit,734.0,G
kepler-1302 b,1.585,,,,Kepler-1302,,0.712,5335.0,634.58,290.9892462,50.308064,2016.0,Transit,,G
kepler-1303 b,1.16,,7.561207,0.0,Kepler-1303,0.984,0.88,5823.0,897.783,284.287147,42.3555784,2016.0,Transit,878.0,G
kepler-1305 b,1.75,,13.5630972,0.0,Kepler-1305,0.99,0.895,5853.0,1575.23,297.3394624,46.3472165,2016.0,Transit,733.0,G
kepler-1306 b,1.867,,,,Kepler-1306,,0.982,5493.0,1107.5,294.4783627,46.9458638,2016.0,Transit,,G
kepler-131 b,1.98,,16.09197176,0.0,Kepler-131,1.071,0.958,5791.0,228.678,288.5308924,40.942373,2014.0,Transit,700.0,G
kepler-131 c,0.84,,25.51704,0.0,Kepler-131,1.021,1.034,5687.0,228.678,288.5308924,40.942373,2014.0,Transit,617.0,G
kepler-1310 b,1.353,,,,Kepler-1310,,0.88,5463.0,569.185,283.9200236,40.7400419,2016.0,Transit,,G
kepler-1311 b,1.535,,,,Kepler-1311,,1.718,5754.0,866.331,289.6512597,43.8244445,2016.0,Transit,,G
kepler-1311 c,,,2.5357165688,,Kepler-1311,1.02,1.75366,5719.0,866.331,289.6512597,43.8244445,2016.0,Transit,,G
kepler-1311 d,7.22,,197.5107678,0.0,Kepler-1311,1.002,1.236,5988.0,866.331,289.6512597,43.8244445,2021.0,Transit,360.0,G
kepler-1312 b,2.1,,5.448325286,,Kepler-1312,0.99,0.92,5719.0,299.104,292.9712801,41.0357494,2016.0,Transit,,G
kepler-1312 c,0.93,,1.1161319,0.0,Kepler-1312,0.951,0.84,5706.0,299.104,292.9712801,41.0357494,2021.0,Transit,1595.0,G
kepler-1313 b,1.675,,3.833091178,,Kepler-1313,0.894,0.787,5416.0,174.234,292.388582,42.2332767,2016.0,Transit,,G
kepler-1316 b,2.7,,87.9732136,0.0,Kepler-1316,0.937,0.848,5821.0,800.871,298.8358277,40.2930714,2016.0,Transit,384.0,G
kepler-132 c,,,6.41491277,,Kepler-132,,,5904.77,349.549,283.23581,41.343037,2014.0,Transit,,G
kepler-132 d,1.41,,18.01017554,0.0,Kepler-132,0.919,1.045,5921.0,349.549,283.23581,41.343037,2014.0,Transit,738.0,G
kepler-132 e,,,110.2867031,,Kepler-132,,,5904.77,349.549,283.23581,41.343037,2016.0,Transit,,G
kepler-1322 b,1.48,,0.962867382,0.0,Kepler-1322,0.88,0.802,5693.0,1350.32,293.2045009,45.4353919,2016.0,Transit,1662.0,G
kepler-1322 c,2.0,,6.460056,0.0,Kepler-1322,0.96,0.85,5720.0,1350.32,293.2045009,45.4353919,2021.0,Transit,899.0,G
kepler-1325 b,3.053,,,,Kepler-1325,,0.931,5533.0,973.368,285.0171505,42.085312,2016.0,Transit,,G
kepler-1328 b,0.94,,4.52158888,0.0,Kepler-1328,1.001,0.911,5941.0,813.543,284.6753857,44.4177225,2016.0,Transit,1081.0,G
kepler-133 b,1.87,,8.13000457,0.0,Kepler-133,0.998,1.498,5588.0,653.6,297.2778906,48.3203542,2014.0,Transit,1073.0,G
kepler-133 c,3.181,,,,Kepler-133,,1.636,5712.0,653.6,297.2778906,48.3203542,2014.0,Transit,,G
kepler-1330 b,1.65,,10.10769068,,Kepler-1330,0.97,0.94,5608.0,1720.48,290.5767116,39.9568913,2016.0,Transit,,G
kepler-1332 b,,,11.87457664,,Kepler-1332,0.975,0.926114,5541.94,528.685,291.0286411,43.9137055,2016.0,Transit,,G
kepler-1333 b,,,109.6469948,,Kepler-1333,0.96,0.890843,5488.86,932.446,293.5275797,41.111394,2016.0,Transit,,G
kepler-1334 b,2.31,,15.64591713,0.0,Kepler-1334,1.008,0.916,5896.0,1223.04,289.311532,51.3209059,2016.0,Transit,710.0,G
kepler-1336 b,1.3,,23.198681,0.0,Kepler-1336,0.958,0.864,5717.0,1126.64,296.2776587,46.8998006,2016.0,Transit,592.0,G
kepler-1336 c,2.17,,5.77721259,0.0,Kepler-1336,1.004,1.756,5416.0,1126.64,296.2776587,46.8998006,2016.0,Transit,1260.0,G
kepler-1338 b,,,0.9351200117,,Kepler-1338,1.04,1.31234,5809.0,753.26,284.0422701,41.6990348,2016.0,Transit,,G
kepler-1339 b,0.72,,1.3415609,0.0,Kepler-1339,0.855,0.886,5516.0,371.049,283.7457695,48.373469,2016.0,Transit,1510.0,G
kepler-134 b,,,5.31743891,,Kepler-134,1.05,1.05464,5819.72,334.797,284.7391156,49.5984448,2014.0,Transit,,G
kepler-134 c,1.26,,10.105785,,Kepler-134,,1.176,5983.0,334.797,284.7391156,49.5984448,2014.0,Transit,,G
kepler-1342 b,1.64,,2.215710358,0.0,Kepler-1342,0.83,0.901,5417.0,890.724,297.0200549,43.4325382,2016.0,Transit,1282.0,G
kepler-1348 b,1.48,,27.5722742,0.0,Kepler-1348,0.887,0.801,5977.0,1213.82,292.0874126,49.788709,2016.0,Transit,570.0,G
kepler-1349 b,,,2.128224736,,Kepler-1349,1.05,1.4515,5835.47,276.323,286.3385562,48.7442697,2016.0,Transit,,G
kepler-135 c,,,11.44865823,,Kepler-135,1.1,1.55505,5990.67,621.855,290.4950939,38.7954956,2014.0,Transit,,G
kepler-1354 b,,,76.61352894,,Kepler-1354,1.05,1.3817,5843.03,1119.45,291.2451266,37.7590079,2016.0,Transit,,G
kepler-1355 b,1.38,,1.289590179,0.0,Kepler-1355,0.906,0.808,5467.0,911.269,283.7414249,49.0679833,2016.0,Transit,1448.0,G
kepler-1357 b,1.26,,3.009121,0.0,Kepler-1357,1.007,0.9,5900.0,1015.69,291.5480665,50.3532584,2016.0,Transit,1219.0,G
kepler-1358 b,1.16,,7.06317341,0.0,Kepler-1358,0.753,0.818,5305.0,546.998,286.1705469,43.0089,2016.0,Transit,826.0,G
kepler-1365 b,0.79,,7.69993485,0.0,Kepler-1365,1.016,0.921,5831.0,840.128,292.1996573,42.0459944,2016.0,Transit,891.0,G
kepler-1365 c,1.201,,,,Kepler-1365,,1.646,5700.0,840.128,292.1996573,42.0459944,2016.0,Transit,,G
kepler-1368 b,,,0.675650404,,Kepler-1368,1.0,1.11356,5632.0,1635.82,294.7669795,41.6446434,2016.0,Transit,,G
kepler-137 c,2.15,,18.73575579,0.0,Kepler-137,0.907,0.809,5343.0,302.979,282.1355875,43.0391951,2014.0,Transit,580.0,G
kepler-1371 b,0.64,,3.4462039,0.0,Kepler-1371,0.68,0.721,5374.0,515.334,288.8314251,47.5519753,2016.0,Transit,1015.0,G
kepler-1371 c,0.65,,2.005414293,0.0,Kepler-1371,0.68,0.721,5374.0,515.334,288.8314251,47.5519753,2016.0,Transit,1216.0,G
kepler-1372 b,1.27,,1.311555568,,Kepler-1372,0.98,0.97,5677.0,1303.22,288.8865895,44.8394672,2016.0,Transit,,G
kepler-1374 b,,,10.65292573,,Kepler-1374,0.92,0.770767,5319.0,1078.46,291.3499783,45.1722521,2016.0,Transit,,G
kepler-1376 b,1.07,,5.30880656,0.0,Kepler-1376,1.011,0.955,5914.0,868.056,286.9584368,42.541409,2016.0,Transit,1043.0,G
kepler-1377 b,1.4,,0.7409258,0.0,Kepler-1377,0.89,0.89,5613.0,1146.1,289.1954229,46.6516055,2016.0,Transit,1906.0,G
kepler-1380 b,1.34,,10.3108245,0.0,Kepler-1380,0.967,0.893,5708.0,2462.94,288.1160421,42.4403832,2016.0,Transit,786.0,G
kepler-1385 b,0.55,,2.88879862,0.0,Kepler-1385,0.945,0.854,5751.0,688.795,282.6313559,46.481022,2016.0,Transit,1187.0,G
kepler-1386 b,1.24,,6.73972381,,Kepler-1386,1.02,1.03,5733.0,835.882,280.8233646,42.6360518,2016.0,Transit,,G
kepler-139 b,,,15.7711339373,,Kepler-139,0.98,1.10169,5550.0,391.038,282.3919451,43.8894167,2014.0,Transit,,G
kepler-139 c,,,157.065115678,,Kepler-139,0.98,1.10169,5550.0,391.038,282.3919451,43.8894167,2014.0,Transit,,G
kepler-139 d,,,7.30571223,,Kepler-139,0.98,1.10169,5550.0,391.038,282.3919451,43.8894167,2023.0,Transit,,G
kepler-139 e,,378.0,1904.0,,Kepler-139,1.078,1.045,5630.0,391.038,282.3919451,43.8894167,2023.0,Radial Velocity,,G
kepler-139 f,,36.0,355.0,,Kepler-139,1.078,1.045,5630.0,391.038,282.3919451,43.8894167,2025.0,Transit Timing Variations,,G
kepler-1390 b,1.18,,6.48021673,,Kepler-1390,0.98,0.98,5753.0,723.431,298.6624419,48.2488659,2016.0,Transit,,G
kepler-1391 b,,,54.4101523709,,Kepler-1391,0.98,1.77507,5579.13,1038.35,294.8309749,46.6595768,2016.0,Transit,,G
kepler-1393 b,0.7,,2.44357812,0.0,Kepler-1393,0.905,0.825,5771.0,544.456,284.4594558,40.1424756,2016.0,Transit,1247.0,G
kepler-1396 b,1.78,,18.2206024,0.0,Kepler-1396,1.117,1.262,5951.0,1066.46,294.3363936,44.9182296,2016.0,Transit,786.0,G
kepler-1398 b,,,2.7881793,,Kepler-1398,1.11,1.32637,5998.2,852.204,294.8661073,48.6389923,2016.0,Transit,,G
kepler-1404 b,2.017,,,,Kepler-1404,,0.822,5384.0,962.183,296.0094827,50.4983929,2016.0,Transit,,G
kepler-1405 b,3.08,,28.2274184,0.0,Kepler-1405,0.929,0.842,5864.0,1530.3,295.6848822,39.2561274,2016.0,Transit,564.0,G
kepler-1411 b,3.1,,86.1151,0.0,Kepler-1411,1.07,0.88,5924.0,1660.48,286.3615236,42.9638889,2016.0,Transit,392.0,G
kepler-1412 b,0.83,,3.6146051,,Kepler-1412,1.06,1.27,5880.0,755.678,292.1801539,49.202481,2016.0,Transit,,G
kepler-1413 b,1.92,,13.1829642,0.0,Kepler-1413,0.928,0.827,5382.0,1167.49,294.3416065,46.4987624,2016.0,Transit,661.0,G
kepler-1415 b,1.33,,0.63642408,0.0,Kepler-1415,0.988,0.885,5343.0,1043.56,285.1568015,47.8732512,2016.0,Transit,1848.0,G
kepler-1416 b,1.2,,1.49515,0.0,Kepler-1416,0.9,1.16,5692.0,949.59,298.6634624,43.8940593,2016.0,Transit,1709.0,G
kepler-1417 b,,,20.3504704,,Kepler-1417,1.03,1.58688,5750.42,991.845,290.9498966,40.605197,2016.0,Transit,,G
kepler-1419 b,2.6,,42.52146,0.0,Kepler-1419,1.01,0.9,5900.0,1498.58,292.2545917,37.971376,2016.0,Transit,506.0,G
kepler-142 b,1.86,,2.0241346,0.0,Kepler-142,0.988,1.14,5744.0,548.686,295.1190067,48.4813635,2014.0,Transit,1540.0,G
kepler-142 c,2.459,,4.761705259,,Kepler-142,0.978,1.101,5759.0,548.686,295.1190067,48.4813635,2014.0,Transit,,G
kepler-142 d,1.526,,,,Kepler-142,,1.116,5759.0,548.686,295.1190067,48.4813635,2014.0,Transit,,G
kepler-1424 b,1.74,,29.6099055,0.0,Kepler-1424,0.977,1.122,5812.0,661.421,290.9916648,40.2293347,2016.0,Transit,629.0,G
kepler-1425 b,,,14.4540329,,Kepler-1425,0.96,1.74686,5490.38,863.873,294.9510368,43.0124348,2016.0,Transit,,G
kepler-1427 b,1.09,,0.968972376,0.0,Kepler-1427,1.075,1.007,5853.0,,295.3496546,45.1145372,2016.0,Transit,1851.0,G
kepler-1428 b,1.26,,10.676126,0.0,Kepler-1428,1.015,1.046,5952.0,1530.32,297.6422563,49.594958,2016.0,Transit,871.0,G
kepler-1431 b,1.47,,5.86601526,,Kepler-1431,1.03,1.03,5806.0,1623.24,292.6583919,49.8651522,2016.0,Transit,,G
kepler-1436 b,1.31,,9.705716,,Kepler-1436,1.06,1.09,5972.0,2530.62,297.711553,46.7679816,2016.0,Transit,,G
kepler-1437 b,1.32,,10.9295461,0.0,Kepler-1437,0.966,0.871,5796.0,2101.69,291.8649164,49.325869,2016.0,Transit,773.0,G
kepler-1438 b,0.86,,2.31942009,0.0,Kepler-1438,0.891,0.848,5551.0,1154.13,289.289819,40.6816262,2016.0,Transit,1241.0,G
kepler-1440 b,1.39,,39.859484,0.0,Kepler-1440,0.95,1.073,5906.0,1115.35,285.3469737,48.3122283,2016.0,Transit,570.0,G
kepler-1441 b,,,39.43986217,,Kepler-1441,0.98,1.55943,5572.13,1110.48,293.7191177,43.1245756,2016.0,Transit,,G
kepler-1444 b,,,33.4203001,,Kepler-1444,1.01,1.05926,5677.43,319.675,285.3306799,42.0405016,2016.0,Transit,,G
kepler-1447 b,3.068,,,,Kepler-1447,,0.99,5546.0,890.296,289.6434285,50.727016,2016.0,Transit,,G
kepler-1448 b,1.61,,12.27065865,,Kepler-1448,0.95,0.93,5774.0,768.903,287.8674123,50.5955846,2016.0,Transit,,G
kepler-1451 b,3.35,,35.622233,,Kepler-1451,1.0,0.99,5782.0,1058.72,293.4464227,40.4098813,2016.0,Transit,,G
kepler-1452 b,,,42.91411148,,Kepler-1452,1.07,2.20098,5892.3,996.32,292.422792,38.2662824,2016.0,Transit,,G
kepler-1453 b,,,47.1613426975,,Kepler-1453,0.99,0.904492,5600.0,1196.04,286.1255037,47.9475586,2016.0,Transit,,G
kepler-1454 b,1.7,,47.0319479,0.0,Kepler-1454,0.824,0.764,5544.0,780.566,284.2233265,48.8317229,2016.0,Transit,437.0,G
kepler-1457 b,,,51.1100085839,,Kepler-1457,1.05,1.25146,5841.0,889.885,283.7705481,42.027203,2016.0,Transit,,G
kepler-1458 b,2.425,,47.9872764,,Kepler-1458,0.89,0.813,5414.0,544.45,283.2115971,41.0380135,2016.0,Transit,,G
kepler-146 c,3.13,,76.732171,,Kepler-146,,1.208,5948.0,716.797,294.1107631,38.7102222,2014.0,Transit,,G
kepler-1462 b,3.82,,65.6488341,,Kepler-1462,1.0,1.0,5756.0,1017.82,296.397542,42.3969273,2016.0,Transit,,G
kepler-1463 b,,,25.1573134114,,Kepler-1463,0.98,1.19033,5578.0,1687.47,294.4872785,42.0069064,2016.0,Transit,,G
kepler-1464 b,,,31.7785247624,,Kepler-1464,1.0,1.70936,5654.0,1151.73,287.2356828,38.7540824,2016.0,Transit,,G
kepler-1464 c,1.546,,,,Kepler-1464,,1.666,5845.0,1151.73,287.2356828,38.7540824,2016.0,Transit,,G
kepler-1468 b,,,8.23989847,,Kepler-1468,1.03,1.84166,5774.53,1899.24,293.5198289,41.2773671,2016.0,Transit,,G
kepler-1468 c,1.07,,3.54553021,0.0,Kepler-1468,1.019,0.976,5973.0,1899.24,293.5198289,41.2773671,2016.0,Transit,1215.0,G
kepler-1468 d,3.33187146,,19.59059906,,Kepler-1468,1.072,1.496,5794.0,1899.24,293.5198289,41.2773671,2021.0,Transit,,G
kepler-1469 b,2.37,,21.8634638,0.0,Kepler-1469,0.885,0.789,5383.0,1159.3,293.8213286,39.3913385,2016.0,Transit,551.0,G
kepler-147 b,1.33,,12.61102,0.0,Kepler-147,0.98,1.19,5894.0,1042.02,287.9757213,39.087168,2014.0,Transit,877.0,G
kepler-147 c,,,33.41573724,,Kepler-147,1.07,1.57208,5887.37,1042.02,287.9757213,39.087168,2014.0,Transit,,G
kepler-1471 b,,,3.63898953,,Kepler-1471,0.96,0.875927,5499.89,978.678,289.6649171,50.0200612,2016.0,Transit,,G
kepler-1471 c,1.46,,11.6044694,0.0,Kepler-1471,0.794,0.848,5881.0,978.678,289.6649171,50.0200612,2023.0,Transit,784.0,G
kepler-1473 b,1.53,,14.42735088,0.0,Kepler-1473,1.0,1.04,5929.0,652.253,290.6365144,48.9961494,2016.0,Transit,783.0,G
kepler-1474 b,2.2,,36.4337867,0.0,Kepler-1474,0.938,1.099,5566.0,1180.9,294.6940261,45.866809,2016.0,Transit,561.0,G
kepler-1476 b,,,10.35857039,,Kepler-1476,0.96,0.841223,5472.0,1002.74,284.5320743,43.9898971,2016.0,Transit,,G
kepler-1478 b,1.73,,26.0840594,,Kepler-1478,1.04,1.06,5904.0,1845.58,293.1650085,41.746184,2016.0,Transit,,G
kepler-1482 b,1.0,,12.25384348,0.0,Kepler-1482,0.931,0.82,5413.0,567.556,285.3138209,48.72527,2016.0,Transit,678.0,G
kepler-1484 b,,,30.4547139,,Kepler-1484,0.99,2.65525,5599.53,2879.83,292.6842738,38.1262604,2016.0,Transit,,G
kepler-1485 b,,,19.91586679,,Kepler-1485,1.1,1.28054,5993.0,615.66,298.0954404,44.7370612,2016.0,Transit,,G
kepler-1487 b,5.05,,7.31945294,0.0,Kepler-1487,1.801,3.955,5745.0,1014.62,295.4980737,38.6444499,2016.0,Transit,1682.0,G
kepler-1488 c,1.2,,6.15828666,0.0,Kepler-1488,1.003,1.524,5710.0,905.825,286.6464265,49.9377735,2021.0,Transit,1212.0,G
kepler-1489 b,,,82.292865,,Kepler-1489,1.0,1.30799,5655.0,1283.05,281.2957984,44.4654063,2016.0,Transit,,G
kepler-1489 c,0.51,,0.680741,,Kepler-1489,0.977,0.957,5565.53,1283.05,281.2957984,44.4654063,2024.0,Transit,,G
kepler-149 b,4.14,,29.1989838,,Kepler-149,0.92,0.9,5377.0,571.034,285.8537014,38.3840916,2014.0,Transit,,G
kepler-149 c,2.66,,55.3285,0.0,Kepler-149,0.909,1.58,5363.0,571.034,285.8537014,38.3840916,2014.0,Transit,567.0,G
kepler-149 d,7.31,,160.0172,0.0,Kepler-149,0.909,1.58,5363.0,571.034,285.8537014,38.3840916,2014.0,Transit,397.0,G
kepler-1490 b,2.59,,92.4362973,0.0,Kepler-1490,0.806,0.745,5598.0,862.92,295.6935734,42.6094543,2016.0,Transit,349.0,G
kepler-1491 b,1.39,,16.5861762,0.0,Kepler-1491,1.01,0.917,5880.0,2065.59,293.6297645,45.7406293,2016.0,Transit,695.0,G
kepler-1491 c,3.12599993,,61.5685997,,Kepler-1491,0.991,1.389,5626.0,2065.59,293.6297645,45.7406293,2023.0,Transit,,G
kepler-1493 b,,,15.0219784,,Kepler-1493,,,5743.16,555.051,288.5493683,38.5651973,2016.0,Transit,,G
kepler-1494 b,3.34,,91.080482,0.0,Kepler-1494,1.014,1.008,5915.0,1285.48,282.6573891,43.1625334,2016.0,Transit,415.0,G
kepler-1497 b,1.69,,8.74199772,0.0,Kepler-1497,1.003,0.998,5878.0,,296.196155,45.6343124,2016.0,Transit,898.0,G
kepler-1498 b,1.46,,48.051405,0.0,Kepler-1498,0.828,0.889,5359.0,,284.7780883,44.9167513,2016.0,Transit,452.0,G
kepler-15 b,,,4.94278333,,Kepler-15,0.98,1.32567,5550.93,739.412,296.2005506,49.1400304,2011.0,Transit,,G
kepler-150 b,1.21,,3.42806306,0.0,Kepler-150,0.899,0.914,5559.0,891.092,288.2341025,40.520897,2014.0,Transit,1131.0,G
kepler-150 c,3.431,,7.381977254,,Kepler-150,0.956,0.863,5588.0,891.092,288.2341025,40.520897,2014.0,Transit,,G
kepler-150 d,2.88,,12.56092796,0.0,Kepler-150,0.963,0.931,5862.0,891.092,288.2341025,40.520897,2014.0,Transit,772.0,G
kepler-150 e,2.95,,30.8264713,0.0,Kepler-150,0.963,0.931,5862.0,891.092,288.2341025,40.520897,2014.0,Transit,572.0,G
kepler-150 f,3.64,,637.2093,,Kepler-150,0.97,0.905339,5528.0,891.092,288.2341025,40.520897,2017.0,Transit,,G
kepler-1503 b,2.07,,96.169569,0.0,Kepler-1503,0.783,0.702,5340.0,1225.57,293.7271604,42.8067119,2016.0,Transit,321.0,G
kepler-1504 b,,,82.305363,,Kepler-1504,0.97,1.8831,5507.61,2435.94,289.7119947,50.1282265,2016.0,Transit,,G
kepler-1505 b,1.591,,,,Kepler-1505,,1.223,5526.0,495.148,292.0020614,41.7869639,2016.0,Transit,,G
kepler-1506 b,,,14.0320810125,,Kepler-1506,1.0,1.71753,5627.0,2366.02,290.1498822,41.4645625,2016.0,Transit,,G
kepler-1507 b,,,16.0504490127,,Kepler-1507,0.919,0.808014,5327.83,320.478,288.5616269,46.5361247,2016.0,Transit,,G
kepler-1509 b,,,25.4321337978,,Kepler-1509,1.05,1.55087,5832.0,2002.96,283.7977792,46.9310139,2016.0,Transit,,G
kepler-151 b,2.98,,15.22895698,0.0,Kepler-151,0.874,0.818,5460.0,649.919,292.1627933,41.0231947,2014.0,Transit,643.0,G
kepler-151 c,2.09,,24.67464211,0.0,Kepler-151,0.874,0.818,5460.0,649.919,292.1627933,41.0231947,2014.0,Transit,547.0,G
kepler-1513 b,9.16,,160.88465087,0.0,Kepler-1513,0.818,1.044,5650.0,349.247,289.7917561,39.2852655,2016.0,Transit,346.0,G
kepler-1513 c,,84.54235626,841.4,0.125,Kepler-1513,0.943,0.95,5491.0,349.247,289.7917561,39.2852655,2023.0,Transit Timing Variations,,G V
kepler-1516 b,,,7.2593378398,,Kepler-1516,1.03,1.68158,5753.0,1358.95,291.4945795,44.5234227,2016.0,Transit,,G
kepler-1519 b,7.06,,240.7989397,,Kepler-1519,0.94,0.91,5644.0,1441.63,296.6679448,49.4617774,2016.0,Transit,,G
kepler-1522 b,,,1.847892736,,Kepler-1522,1.01,1.14923,5676.14,814.125,289.8432347,52.0702094,2016.0,Transit,,G
kepler-1523 b,1.55,,0.93875077,0.0,Kepler-1523,1.019,0.923,5825.0,865.596,296.0540705,45.8270447,2016.0,Transit,1796.0,G
kepler-1524 b,2.86,,70.9674603,0.0,Kepler-1524,0.876,1.002,5900.0,381.773,293.8853557,39.5198348,2016.0,Transit,460.0,G
kepler-1525 b,,,2.4165983266,,Kepler-1525,0.985,1.0558,5581.31,382.989,290.5594479,49.9428629,2016.0,Transit,,G
kepler-1528 b,1.46,,1.791110205,,Kepler-1528,1.03,1.03,5857.0,817.534,287.4029864,46.5740084,2016.0,Transit,,G
kepler-153 b,2.87,,18.87021566,0.0,Kepler-153,0.774,0.865,5402.0,459.368,282.460502,48.2570293,2014.0,Transit,621.0,G
kepler-1530 b,1.581,,,,Kepler-1530,,0.807,5371.0,489.876,288.1624396,48.165153,2016.0,Transit,,G
kepler-1530 c,,,5.3236651575,,Kepler-1530,0.92,0.817288,5338.57,489.876,288.1624396,48.165153,2016.0,Transit,,G
kepler-1530 d,3.002,,9.2077989,,Kepler-1530,0.891,0.797,5371.0,489.876,288.1624396,48.165153,2021.0,Transit,,G
kepler-1532 b,1.29,,1.093665854,0.0,Kepler-1532,0.968,0.874,5845.0,798.246,296.902784,41.1981424,2016.0,Transit,1681.0,G
kepler-1534 b,1.92,,5.71668787,0.0,Kepler-1534,0.875,0.883,5638.0,,292.395373,43.8691326,2016.0,Transit,955.0,G
kepler-1538 b,,,175.14020053,,Kepler-1538,1.04,0.899629,5795.0,1125.3,283.345611,45.2743573,2016.0,Transit,,G
kepler-154 b,2.605,,,,Kepler-154,,1.071,5666.0,915.212,289.7805393,49.8965624,2014.0,Transit,,G
kepler-154 c,,,62.30261745,,Kepler-154,1.03,1.0506,5740.0,915.212,289.7805393,49.8965624,2014.0,Transit,,G
kepler-154 d,,,20.5498184,,Kepler-154,1.03,1.0506,5740.0,915.212,289.7805393,49.8965624,2016.0,Transit,,G
kepler-154 e,1.652,,,,Kepler-154,,1.071,5666.0,915.212,289.7805393,49.8965624,2016.0,Transit,,G
kepler-154 f,1.26,,9.91935684,0.0,Kepler-154,0.916,0.832,5937.0,915.212,289.7805393,49.8965624,2016.0,Transit,806.0,G
kepler-1541 b,2.15,,8.40691199,0.0,Kepler-1541,0.899,1.533,5365.0,416.692,283.7870875,48.0296019,2016.0,Transit,1048.0,G
kepler-1542 b,,,3.95116635,,Kepler-1542,0.99,1.14724,5611.29,399.114,285.7284757,42.6544651,2016.0,Transit,,G
kepler-1542 c,,,2.8922287112,,Kepler-1542,0.99,1.14724,5611.29,399.114,285.7284757,42.6544651,2016.0,Transit,,G
kepler-1542 d,1.03,,5.99273738,0.0,Kepler-1542,0.866,1.19,5731.0,399.114,285.7284757,42.6544651,2016.0,Transit,1111.0,G
kepler-1542 e,0.94,,5.10115756,0.0,Kepler-1542,0.866,1.19,5731.0,399.114,285.7284757,42.6544651,2016.0,Transit,1173.0,G
kepler-1546 b,3.286,,,,Kepler-1546,,0.885,5570.0,931.956,297.5839183,41.5411993,2016.0,Transit,,G
kepler-1548 b,1.901,,,,Kepler-1548,,0.764,5331.0,872.279,287.4711817,46.0805706,2016.0,Transit,,G
kepler-1549 b,2.71,,214.886545,0.0,Kepler-1549,0.972,0.876,5375.0,803.052,286.0524399,39.0960281,2016.0,Transit,266.0,G
kepler-1553 b,1.11,,4.24261881,0.0,Kepler-1553,0.875,0.78,5328.0,692.594,291.9191348,39.0221769,2016.0,Transit,939.0,G
kepler-1555 b,1.61,,8.10501635,,Kepler-1555,1.04,1.06,5866.0,2013.27,287.6354587,45.7160327,2016.0,Transit,,G
kepler-1556 b,,,8.82715903,,Kepler-1556,0.98,0.824385,5566.78,944.54,288.3969751,40.2131892,2016.0,Transit,,G
kepler-1559 b,0.7,,0.971915428,0.0,Kepler-1559,0.927,0.822,5406.0,614.827,292.2866565,42.0725948,2016.0,Transit,1581.0,G
kepler-1560 b,0.89,,3.03195744,,Kepler-1560,1.02,1.02,5815.0,502.497,292.7846013,43.21601,2016.0,Transit,,G
kepler-1561 b,0.89,,1.005207007,0.0,Kepler-1561,0.958,0.864,5717.0,839.076,296.9235822,43.5664628,2016.0,Transit,1683.0,G
kepler-1562 b,,,64.27386328,,Kepler-1562,1.03,1.75955,5771.76,2060.72,294.4556567,46.7435353,2016.0,Transit,,G
kepler-1563 b,0.72,,3.43276598,0.0,Kepler-1563,0.974,0.881,5757.0,616.697,288.5735936,51.4727698,2016.0,Transit,1134.0,G
kepler-1564 b,1.39,,18.0540381,0.0,Kepler-1564,0.953,0.852,5576.0,908.805,290.5861316,46.6427486,2016.0,Transit,623.0,G
kepler-1567 b,2.483,,,,Kepler-1567,,0.886,5859.0,1206.11,286.695153,40.2918894,2016.0,Transit,,G
kepler-1568 b,1.38,,20.925392,0.0,Kepler-1568,1.025,1.21,5821.0,916.313,289.1826808,47.8733301,2016.0,Transit,730.0,G
kepler-157 b,1.27,,1.732345491,0.0,Kepler-157,1.021,0.934,5988.0,773.713,291.0972257,38.8756049,2014.0,Transit,1512.0,G
kepler-157 c,2.33,,13.54056874,0.0,Kepler-157,1.021,0.934,5988.0,773.713,291.0972257,38.8756049,2014.0,Transit,762.0,G
kepler-157 d,,,7.0257381175,,Kepler-157,1.02,1.12809,5727.26,773.713,291.0972257,38.8756049,2016.0,Transit,,G
kepler-1570 b,,,26.54846521,,Kepler-1570,0.99,1.7202,5586.0,918.995,299.8617842,45.8274232,2016.0,Transit,,G
kepler-1572 b,,,5.4954129143,,Kepler-1572,1.08,1.46132,5917.22,946.602,281.8973341,46.7227061,2016.0,Transit,,G
kepler-1573 b,1.2,,2.6157554,,Kepler-1573,1.01,1.0,5808.0,1455.36,292.9883129,49.4849664,2016.0,Transit,,G
kepler-1575 b,1.31,,2.55314213,,Kepler-1575,0.95,0.92,5667.0,1246.92,293.7432102,45.7615507,2016.0,Transit,,G
kepler-1576 b,,,6.9847101232,,Kepler-1576,1.01,0.96195,5674.51,460.91,289.0739641,40.3660239,2016.0,Transit,,G
kepler-1581 b,0.75,,6.28385491,0.0,Kepler-1581,1.07,1.219,5989.0,493.175,287.3713199,39.6036225,2016.0,Transit,1117.0,G
kepler-1583 b,0.699,,,,Kepler-1583,,1.056,5471.0,403.933,286.3869335,47.0165188,2016.0,Transit,,G
kepler-1585 b,1.72,,3.5827463,0.0,Kepler-1585,0.912,0.872,5448.0,944.465,296.1589897,44.5630457,2016.0,Transit,1064.0,G
kepler-1587 b,1.32,,9.4060467,0.0,Kepler-1587,1.02,1.268,5855.0,1026.48,292.6777294,49.6638666,2016.0,Transit,981.0,G
kepler-1588 b,1.108,,7.84931739,,Kepler-1588,0.883,1.407,5659.0,924.141,288.2327232,48.0021967,2016.0,Transit,,G
kepler-1591 b,0.93,,8.18504859,0.0,Kepler-1591,0.993,0.906,5984.0,1419.58,296.5166659,44.6086233,2016.0,Transit,892.0,G
kepler-1595 b,1.28,,4.56380468,0.0,Kepler-1595,0.848,0.861,5408.0,845.022,285.7227502,43.0094855,2016.0,Transit,980.0,G
kepler-1598 b,0.799,,,,Kepler-1598,,0.93,5763.0,619.862,288.469107,46.7836464,2016.0,Transit,,G
kepler-1599 b,,,122.358116,,Kepler-1599,1.02,1.33622,5737.0,1328.2,286.2208685,41.1511886,2016.0,Transit,,G
kepler-160 b,1.89,,4.309381978,0.0,Kepler-160,0.929,1.089,5541.0,937.013,287.773573,42.8692755,2014.0,Transit,1134.0,G
kepler-160 c,3.768,,,,Kepler-160,,1.066,5616.0,937.013,287.773573,42.8692755,2014.0,Transit,,G
kepler-160 d,,100.0,30.0,,Kepler-160,,1.118,5471.0,937.013,287.773573,42.8692755,2020.0,Transit Timing Variations,,G
kepler-1601 b,,,2.2092179925,,Kepler-1601,1.08,1.04837,5920.0,644.456,285.5129496,38.079839,2016.0,Transit,,G
kepler-1605 b,5.18,,85.7565495,0.0,Kepler-1605,1.658,4.001,5447.0,546.23,287.1349405,47.4886251,2016.0,Transit,716.0,G
kepler-1606 b,1.98,,196.435224,0.0,Kepler-1606,0.895,0.816,5536.0,831.287,286.3782987,43.0732287,2016.0,Transit,276.0,G
kepler-1607 b,1.25,,13.6471211,0.0,Kepler-1607,0.89,1.382,5771.0,1286.1,296.0598685,42.6560582,2016.0,Transit,913.0,G
kepler-1608 b,1.8,,16.4735686,0.0,Kepler-1608,0.702,0.754,5364.0,,295.563555,39.41757,2016.0,Transit,612.0,G
kepler-1609 b,,,114.336052,,Kepler-1609,1.05,1.71327,5826.0,1826.04,290.1465356,39.6658026,2016.0,Transit,,G
kepler-1611 b,0.66,,5.1762429,0.0,Kepler-1611,0.786,0.72,5511.0,908.444,296.5120204,49.7277506,2016.0,Transit,887.0,G
kepler-1612 b,0.88,,3.91795101,0.0,Kepler-1612,0.891,0.813,5543.0,764.726,291.2503022,45.6550536,2016.0,Transit,1019.0,G
kepler-1619 b,0.76,,23.6225913,,Kepler-1619,1.0,1.0,5852.0,734.85,285.703595,44.4221528,2016.0,Transit,,G
kepler-162 b,,,6.91986988,,Kepler-162,1.03,1.20802,5743.0,855.641,297.2789115,43.7239693,2014.0,Transit,,G
kepler-162 c,3.28,,19.44638698,0.0,Kepler-162,0.875,0.954,5815.0,855.641,297.2789115,43.7239693,2014.0,Transit,681.0,G
kepler-1623 b,1.3,,4.36128348,0.0,Kepler-1623,1.057,0.962,5817.0,837.481,294.082697,39.5560655,2016.0,Transit,1090.0,G
kepler-1625 b,5.4,,287.378949,0.0,Kepler-1625,0.861,0.838,5645.0,2310.11,295.429322,39.8865068,2016.0,Transit,253.0,G
kepler-1627 b,,,7.20280608,,Kepler-1627,0.99,0.754519,5580.71,317.437,284.0566675,41.5767277,2016.0,Transit,,G
kepler-1629 b,0.669,,,,Kepler-1629,,0.882,5708.0,336.09,280.2066276,43.7743281,2016.0,Transit,,G
kepler-163 b,1.05,,7.81104673,0.0,Kepler-163,0.999,0.901,5772.0,689.814,295.0027458,46.9873389,2014.0,Transit,870.0,G
kepler-163 c,2.23,,21.3473612,0.0,Kepler-163,0.999,0.901,5772.0,689.814,295.0027458,46.9873389,2014.0,Transit,623.0,G
kepler-1631 b,1.35,,4.09513932,,Kepler-1631,0.97,0.95,5679.0,1305.99,294.6325781,43.8076687,2016.0,Transit,,G
kepler-1634 b,2.568,,,,Kepler-1634,,0.815,5637.0,617.339,294.043399,45.1398201,2016.0,Transit,,G
kepler-1635 b,3.64,,469.63111,,Kepler-1635,0.89,0.85,5347.0,1069.45,285.3490542,45.5561768,2016.0,Transit,,G
kepler-1636 b,,,425.483539,,Kepler-1636,0.99,1.38556,5619.51,1947.54,294.0575681,46.4409844,2016.0,Transit,,G
kepler-1638 b,,,259.302834529,,Kepler-1638,1.03,1.62302,5745.0,1525.52,295.4823299,48.5244695,2016.0,Transit,,G
kepler-164 b,1.545,,,,Kepler-164,,1.041,5923.0,890.758,287.7808115,47.6298453,2014.0,Transit,,G
kepler-164 c,2.418,,10.94577222,,Kepler-164,1.036,1.022,5923.0,890.758,287.7808115,47.6298453,2014.0,Transit,,G
kepler-164 e,4.00199986,,94.8864975,,Kepler-164,0.966,1.097,5888.0,890.758,287.7808115,47.6298453,2023.0,Transit,,G
kepler-1642 b,3.2,,12.2057513,,Kepler-1642,0.88,0.84,5355.0,413.873,297.2121215,43.643789,2016.0,Transit,,G
kepler-1644 b,1.8,,21.0907758,0.0,Kepler-1644,0.856,0.821,5722.0,629.27,285.4750512,48.0348356,2016.0,Transit,607.0,G
kepler-1645 b,,,16.1782317601,,Kepler-1645,1.01,1.52015,5680.0,1202.47,297.4795142,48.418582,2016.0,Transit,,G
kepler-1654 b,9.180171,158.915,1047.8356,0.26,Kepler-1654,1.011,1.179,5597.0,568.117,282.1856949,44.4344617,2018.0,Transit,206.0,G5 V
kepler-1656 b,4.52,,31.578651216,0.0,Kepler-1656,0.987,0.99,5733.0,185.875,284.4722473,39.911889,2018.0,Transit,570.0,G
kepler-166 b,2.39,,7.650241916,0.0,Kepler-166,0.819,0.759,5413.0,603.53,293.1600977,48.8812074,2014.0,Transit,780.0,G
kepler-166 c,2.41,,34.25951418,0.0,Kepler-166,0.835,0.746,5409.0,603.53,293.1600977,48.8812074,2014.0,Transit,468.0,G
kepler-166 d,1.58,,1.554003928,0.0,Kepler-166,0.819,0.759,5413.0,603.53,293.1600977,48.8812074,2016.0,Transit,1326.0,G
kepler-1664 b,3.03320653,,14.3868,,Kepler-1664,,,5735.81,626.691,286.8527157,49.2616668,2020.0,Transit,,G
kepler-1668 b,4.47,,15.4339775,0.0,Kepler-1668,1.065,0.951,5900.0,1335.64,297.3523076,46.0959309,2020.0,Transit,721.0,G
kepler-1670 b,3.3564801,,20.4998,,Kepler-1670,1.05,1.51889,5838.0,2065.98,290.3264599,43.121755,2020.0,Transit,,G
kepler-1674 b,3.54,,62.5613879,0.0,Kepler-1674,0.937,0.84,5662.0,1012.48,294.8160447,45.3060844,2020.0,Transit,417.0,G
kepler-1675 b,2.688,,63.0381121,,Kepler-1675,1.118,1.074,5860.0,651.117,283.8095478,41.0412517,2020.0,Transit,,G
kepler-1678 b,3.33,,147.97391,0.0,Kepler-1678,0.905,0.95,5578.0,847.339,292.5916297,38.3995629,2020.0,Transit,329.0,G
kepler-1679 b,2.18,,9.75369069,0.0,Kepler-1679,0.996,0.899,5806.0,909.28,293.9005786,50.4270507,2020.0,Transit,813.0,G
kepler-1681 b,2.1,,69.8941,0.0,Kepler-1681,0.9,0.84,5584.0,758.3,296.6972773,46.3716969,2020.0,Transit,398.0,G
kepler-1682 b,,,14.83340944,,Kepler-1682,0.99,0.842301,5619.12,1159.85,293.9835827,39.5728474,2020.0,Transit,,G
kepler-1683 b,,,15.03353729,,Kepler-1683,0.95,0.900327,5429.0,733.143,298.4501035,44.2840193,2020.0,Transit,,G
kepler-1685 b,,,20.49054658,,Kepler-1685,0.96,0.835451,5484.0,1141.89,296.1882618,43.9368118,2020.0,Transit,,G
kepler-1686 b,1.169,,9.30989826,,Kepler-1686,1.057,1.11,5860.0,729.823,291.6067189,42.0359783,2020.0,Transit,,G
kepler-1689 b,0.84,,8.48293296,0.0,Kepler-1689,0.916,0.999,5798.0,294.122,291.5741663,38.6559433,2020.0,Transit,909.0,G
kepler-1690 b,2.56,,234.635652,0.0,Kepler-1690,0.867,0.885,5422.0,703.789,288.1566649,41.8779417,2020.0,Transit,267.0,G
kepler-1691 b,1.72,,3.84822189,0.0,Kepler-1691,1.094,1.193,5927.0,1267.67,286.2543962,41.0218373,2020.0,Transit,1283.0,G
kepler-1693 b,1.12,,12.09997831,0.0,Kepler-1693,0.95,0.856,5693.0,760.065,290.2015581,48.1857799,2020.0,Transit,729.0,G
kepler-1693 c,0.95,,5.36374214,0.0,Kepler-1693,0.95,0.856,5693.0,760.065,290.2015581,48.1857799,2021.0,Transit,957.0,G
kepler-1695 b,1.08,,4.732914,0.0,Kepler-1695,0.923,0.82,5604.0,791.175,293.6193001,46.4134015,2020.0,Transit,962.0,G
kepler-1696 b,2.35,,65.941326,0.0,Kepler-1696,1.047,0.96,5982.0,1506.36,295.5761011,42.0233639,2020.0,Transit,454.0,G
kepler-1699 b,,,3.490785878,,Kepler-1699,,,5575.53,818.759,292.1373281,48.9171579,2020.0,Transit,,G
kepler-17 b,14.48,,1.485710994,0.0,Kepler-17,1.021,1.018,5624.0,720.753,298.3952437,47.8149865,2011.0,Transit,1562.0,G
kepler-170 b,3.05,,7.930583519,0.0,Kepler-170,1.086,1.032,5674.0,738.657,284.5211975,41.6296562,2014.0,Transit,899.0,G
kepler-170 c,2.86,,16.665863,,Kepler-170,,1.035,5679.0,738.657,284.5211975,41.6296562,2014.0,Transit,,G
kepler-1700 b,2.884,,234.244257,,Kepler-1700,1.07,1.072,5942.0,717.597,286.9497376,45.3537626,2020.0,Transit,,G
kepler-1701 b,1.99,,169.133455,0.0,Kepler-1701,0.864,0.779,5380.0,584.142,286.6088625,41.8892986,2020.0,Transit,278.0,G
kepler-1704 b,11.441,,988.8811177,,Kepler-1704,1.21,1.639,5804.0,835.455,291.2012559,51.1442437,2021.0,Transit,,G
kepler-1709 b,3.12424875,,65.70459747,,Kepler-1709,1.003,1.043,5918.0,273.946,283.3748873,43.7883708,2021.0,Transit,,G
kepler-171 b,,,4.16696628,,Kepler-171,0.97,0.997769,5521.0,863.855,296.7719082,41.7555958,2014.0,Transit,,G
kepler-171 c,2.64,,11.4634736,0.0,Kepler-171,0.908,0.831,5641.0,863.855,296.7719082,41.7555958,2014.0,Transit,731.0,G
kepler-171 d,,,39.6034,,Kepler-171,0.97,0.997769,5521.0,863.855,296.7719082,41.7555958,2014.0,Transit,,G
kepler-1710 b,2.95,,14.910755,0.0,Kepler-1710,0.908,0.955,5531.0,305.193,291.6832878,37.7514726,2021.0,Transit,703.0,G
kepler-1711 b,,,21.06075303,,Kepler-1711,,1.08991,5745.26,590.268,298.1772916,42.2370289,2021.0,Transit,,G
kepler-1718 b,2.52,,135.1898,0.0,Kepler-1718,0.84,0.909,5714.0,375.522,292.2349191,42.9094618,2021.0,Transit,344.0,G
kepler-1719 b,3.95000623,,6.149559975,,Kepler-1719,1.08,1.775,5687.0,905.406,284.7068546,38.9367566,2021.0,Transit,,G
kepler-172 b,,,2.940304817,,Kepler-172,0.95,1.08963,5429.0,828.592,283.3684093,41.821839,2014.0,Transit,,G
kepler-172 c,,,6.38900035,,Kepler-172,0.95,1.08963,5429.0,828.592,283.3684093,41.821839,2014.0,Transit,,G
kepler-172 d,2.25,,14.62698952,,Kepler-172,1.0,1.03,5599.0,828.592,283.3684093,41.821839,2014.0,Transit,,G
kepler-172 e,3.0,,35.11836,0.0,Kepler-172,0.85,0.97,5540.0,828.592,283.3684093,41.821839,2014.0,Transit,540.0,G
kepler-1720 b,3.17,,12.70637048,0.0,Kepler-1720,0.937,0.85,5582.0,629.445,296.8086813,47.1718557,2021.0,Transit,703.0,G
kepler-1721 b,3.11856756,,4.592380047,,Kepler-1721,0.89,0.796,5351.0,641.374,283.5441984,45.2256548,2021.0,Transit,,G
kepler-1722 b,2.33,,9.17858057,0.0,Kepler-1722,0.859,0.795,5500.0,772.283,296.6627402,41.2611985,2021.0,Transit,758.0,G
kepler-1724 b,,,6.45442931,,Kepler-1724,1.02,1.08301,5726.0,1060.77,296.1207272,47.9214736,2021.0,Transit,,G
kepler-1726 b,,,18.39629744,,Kepler-1726,0.92,0.763872,5338.0,390.552,284.3861498,45.7197342,2021.0,Transit,,G
kepler-1727 b,2.57,,9.02930689,0.0,Kepler-1727,0.824,0.82,5349.0,894.187,290.3336142,38.7282722,2021.0,Transit,757.0,G
kepler-173 b,,,4.263740975,,Kepler-173,1.0,1.14448,5629.05,833.165,294.6466171,41.8840952,2014.0,Transit,,G
kepler-173 c,2.77,,8.005783665,,Kepler-173,1.04,1.06,5926.0,833.165,294.6466171,41.8840952,2014.0,Transit,,G
kepler-1730 b,,,13.81019506,,Kepler-1730,0.99,1.15841,5598.0,1427.08,281.9605834,43.7030386,2021.0,Transit,,G
kepler-1732 b,4.09903273,,32.31240082,,Kepler-1732,1.043,1.494,5821.0,1289.41,292.2910129,37.5807686,2021.0,Transit,,G
kepler-1739 b,,,7.34372235,,Kepler-1739,1.02,0.871746,5703.0,783.666,296.2320536,47.6788626,2021.0,Transit,,G
kepler-1740 b,3.75,,8.17242018,0.0,Kepler-1740,1.093,0.986,5993.0,1061.77,293.873663,38.9224548,2021.0,Transit,918.0,G
kepler-1742 b,1.88,,49.4781446,0.0,Kepler-1742,0.939,0.849,5776.0,669.573,286.9668086,44.9924315,2021.0,Transit,462.0,G
kepler-1743 b,1.43,,7.64970832,0.0,Kepler-1743,1.266,1.613,5855.0,538.807,290.5523552,48.1262575,2021.0,Transit,1144.0,G
kepler-1744 b,3.42,,37.101107,0.0,Kepler-1744,0.886,0.85,5986.0,1091.63,291.0206823,42.4624633,2021.0,Transit,532.0,G
kepler-1747 b,4.11,,6.230330323,0.0,Kepler-1747,0.983,0.865,5477.0,1321.38,284.2096557,45.258082,2021.0,Transit,875.0,G
kepler-1748 b,2.71,,5.82349237,0.0,Kepler-1748,0.916,0.864,5774.0,1083.28,285.967897,45.7390789,2021.0,Transit,955.0,G
kepler-175 b,,,11.90349774,,Kepler-175,1.02,1.27267,5721.0,1312.34,289.553232,43.876116,2014.0,Transit,,G
kepler-1750 b,4.83,,205.912082,0.0,Kepler-1750,0.85,0.897,5717.0,1497.33,292.3514917,48.5110714,2021.0,Transit,297.0,G
kepler-1752 b,5.26,,56.3592236,0.0,Kepler-1752,0.824,0.821,5446.0,962.888,290.8541401,51.2227435,2021.0,Transit,419.0,G
kepler-1758 b,1.37,,9.97726191,0.0,Kepler-1758,0.943,0.854,5806.0,1588.41,297.7968197,39.9213378,2021.0,Transit,793.0,G
kepler-1760 b,1.83,,38.326218,0.0,Kepler-1760,0.977,0.857,5448.0,,284.1326058,48.8251452,2021.0,Transit,473.0,G
kepler-1763 b,,,1.480283464,,Kepler-1763,1.1,1.28177,5969.97,756.486,294.1130368,40.3628861,2021.0,Transit,,G
kepler-1765 b,2.82,,10.41890782,0.0,Kepler-1765,0.946,1.064,5692.0,764.456,298.0144601,42.9574314,2021.0,Transit,855.0,G
kepler-1766 b,1.89,,105.0141157,0.0,Kepler-1766,0.917,1.069,5855.0,501.229,294.2772343,46.6752351,2021.0,Transit,410.0,G
kepler-1767 b,2.9,,59.65943,0.0,Kepler-1767,0.746,0.695,5349.0,820.506,293.6441248,46.9896696,2021.0,Transit,378.0,G
kepler-1770 b,2.95,,16.84192204,0.0,Kepler-1770,0.941,1.009,5602.0,582.942,299.2502851,43.4103663,2021.0,Transit,699.0,G
kepler-1771 b,2.5,,88.6442364,0.0,Kepler-1771,0.966,0.872,5861.0,565.752,292.0134714,49.0191267,2021.0,Transit,389.0,G
kepler-1772 b,2.69,,3.215106337,0.0,Kepler-1772,1.098,2.142,5779.0,871.564,289.4381201,39.2703594,2021.0,Transit,1779.0,G
kepler-1775 b,2.553,,85.6535849,,Kepler-1775,1.125,1.154,5999.0,657.023,286.4023452,38.7385674,2021.0,Transit,,G
kepler-1776 b,2.61157023,,35.01190186,,Kepler-1776,1.041,1.153,5872.0,690.336,291.5344017,47.0424958,2021.0,Transit,,G
kepler-1779 b,2.33,,16.34357,0.0,Kepler-1779,0.935,0.83,5640.0,908.501,300.4174607,45.6054854,2021.0,Transit,647.0,G
kepler-178 b,2.4,,,,Kepler-178,,0.897,5386.0,716.025,287.1010275,46.8964033,2014.0,Transit,,G
kepler-178 c,2.94,,20.55280793,0.0,Kepler-178,0.861,1.042,5675.0,716.025,287.1010275,46.8964033,2014.0,Transit,683.0,G
kepler-178 d,3.43,,96.6781926,0.0,Kepler-178,0.861,1.042,5675.0,716.025,287.1010275,46.8964033,2014.0,Transit,408.0,G
kepler-1780 b,3.60600667,,109.4449997,,Kepler-1780,0.868,0.868,5403.0,790.516,294.0839282,42.8095104,2021.0,Transit,,G
kepler-1781 b,2.5,,4.887533,0.0,Kepler-1781,0.87,0.77,5394.0,962.63,291.7114906,42.3415097,2021.0,Transit,897.0,G
kepler-1784 b,,,13.59051547,,Kepler-1784,0.96,0.966878,5475.0,883.045,297.9541684,44.6674491,2021.0,Transit,,G
kepler-1785 b,2.70422447,,19.58550072,,Kepler-1785,0.911,0.996,5618.0,745.74,295.7921797,47.6000699,2021.0,Transit,,G
kepler-1786 b,3.16305828,,78.5460968,,Kepler-1786,1.058,1.397,5808.0,863.909,292.5877743,38.5219827,2021.0,Transit,,G
kepler-1789 b,2.83137505,,80.23190308,,Kepler-1789,0.92,0.888,5436.0,611.461,282.8631419,41.7966332,2021.0,Transit,,G
kepler-179 b,1.64,,2.735926,,Kepler-179,,0.759,5302.0,605.68,298.6636163,47.7619329,2014.0,Transit,,G
kepler-1797 b,,,23.35900015,,Kepler-1797,1.02,1.09739,5709.57,1338.49,292.4642406,45.9682799,2021.0,Transit,,G
kepler-1799 b,2.67,,11.92976844,0.0,Kepler-1799,1.016,0.921,5831.0,2254.69,288.3086994,51.4783348,2021.0,Transit,770.0,G
kepler-18 b,1.778,,,,Kepler-18,,0.923,5441.0,433.047,298.0794448,44.746248,2011.0,Transit,,G
kepler-180 b,1.52,,13.81752,0.0,Kepler-180,0.91,1.04,5730.0,695.65,295.5712566,49.774514,2014.0,Transit,779.0,G
kepler-180 c,,,41.8853868,,Kepler-180,0.95,0.968088,5437.0,695.65,295.5712566,49.774514,2014.0,Transit,,G
kepler-1800 b,1.33,,4.56204856,0.0,Kepler-1800,0.896,1.46,5445.0,350.455,297.6513317,40.3524154,2021.0,Transit,1274.0,G
kepler-1801 b,2.5,,10.440887,0.0,Kepler-1801,0.91,0.96,5705.0,839.332,295.1640095,39.2014024,2021.0,Transit,818.0,G
kepler-1801 c,,,116.583183,,Kepler-1801,0.95,0.866395,5455.0,839.332,295.1640095,39.2014024,2023.0,Transit,,G
kepler-1806 b,2.05,,9.03322647,0.0,Kepler-1806,0.884,0.788,5311.0,978.066,287.5349528,49.8016283,2021.0,Transit,729.0,G
kepler-1808 b,2.36,,23.34031664,0.0,Kepler-1808,0.773,0.892,5530.0,1022.01,287.2924737,39.3832039,2021.0,Transit,602.0,G
kepler-181 b,1.33,,3.137848829,0.0,Kepler-181,0.84,0.761,5324.0,609.283,296.1512831,50.0957806,2014.0,Transit,1031.0,G
kepler-181 c,2.29,,4.302163,0.0,Kepler-181,0.853,0.75,5325.0,609.283,296.1512831,50.0957806,2014.0,Transit,918.0,G
kepler-1810 b,3.5,,101.1337,0.0,Kepler-1810,0.933,0.91,5736.0,1009.87,291.8129995,38.0880964,2021.0,Transit,374.0,G
kepler-1815 b,2.8,,12.19138811,0.0,Kepler-1815,0.856,0.967,5516.0,1006.63,300.170472,43.9849048,2021.0,Transit,763.0,G
kepler-1817 b,2.27349126,,44.29919815,,Kepler-1817,0.878,0.915,5316.0,748.569,282.0333419,44.4779955,2021.0,Transit,,G
kepler-1819 b,,,16.48686712,,Kepler-1819,1.01,1.14482,5670.0,1363.19,296.5600307,46.8574644,2021.0,Transit,,G
kepler-182 c,,,20.6839790399,,Kepler-182,1.07,1.4297,5883.25,1549.09,289.8301128,50.5862025,2014.0,Transit,,G
kepler-1820 b,,,31.03255293,,Kepler-1820,0.98,1.0496,5563.0,1425.39,296.71274,48.2722828,2021.0,Transit,,G
kepler-1821 b,,,16.4581861,,Kepler-1821,0.97,0.946827,5524.03,799.699,294.5254573,49.872484,2021.0,Transit,,G
kepler-1827 b,1.85644292,,3.700619936,,Kepler-1827,0.915,1.404,5423.0,686.461,292.2525301,40.7927895,2021.0,Transit,,G
kepler-1828 b,2.11598626,,10.2737999,,Kepler-1828,0.996,0.899,5806.0,871.81,292.4275963,37.3207616,2021.0,Transit,,G
kepler-183 b,,,5.6880835731,,Kepler-183,1.01,1.06777,5670.06,1050.64,293.5308112,39.3159329,2014.0,Transit,,G
kepler-183 c,2.63,,11.63701734,,Kepler-183,0.99,1.039,5686.0,1050.64,293.5308112,39.3159329,2014.0,Transit,,G
kepler-1832 b,1.8,,3.138691,0.0,Kepler-1832,0.8,0.86,5314.0,486.174,299.8517779,43.7320611,2021.0,Transit,1101.0,G
kepler-1835 b,2.73,,11.96721766,0.0,Kepler-1835,0.922,0.961,5903.0,1404.38,280.3148152,43.9856885,2021.0,Transit,808.0,G
kepler-1837 b,1.77,,5.90608902,0.0,Kepler-1837,1.049,0.961,5966.0,1229.18,288.2076012,45.6834463,2021.0,Transit,1012.0,G
kepler-1839 b,1.9493759,,5.056759834,,Kepler-1839,1.03,0.939,5926.0,1136.6,294.2244432,50.0755761,2021.0,Transit,,G
kepler-184 b,2.9,,10.687549,0.0,Kepler-184,0.97,0.89,5817.0,610.326,291.9518784,43.0746172,2014.0,Transit,791.0,G
kepler-184 c,,,20.3030503544,,Kepler-184,0.95,0.869668,5437.21,610.326,291.9518784,43.0746172,2014.0,Transit,,G
kepler-184 d,2.53,,29.02235261,0.0,Kepler-184,0.869,0.86,5783.0,610.326,291.9518784,43.0746172,2014.0,Transit,563.0,G
kepler-1841 b,,,25.88648226,,Kepler-1841,0.92,0.855913,5315.0,631.7,287.7069031,40.6852161,2021.0,Transit,,G
kepler-1842 b,2.66,,14.02634692,0.0,Kepler-1842,1.057,1.131,5970.0,923.551,286.2516039,42.3784353,2021.0,Transit,822.0,G
kepler-1843 b,1.99,,25.54004,0.0,Kepler-1843,0.975,1.7,5490.0,784.625,292.8852302,41.279169,2021.0,Transit,770.0,G
kepler-1844 b,3.03648191,,3.924510002,,Kepler-1844,0.939,0.849,5776.0,1804.36,292.6903973,37.9345682,2021.0,Transit,,G
kepler-1851 b,18.49,,12.02298773,0.0,Kepler-1851,0.967,0.879,5982.0,1589.81,285.6737597,45.6398375,2021.0,Transit,776.0,G
kepler-1860 b,0.89,,12.73726137,0.0,Kepler-1860,0.971,0.87,5650.0,438.703,294.3508497,50.0809627,2021.0,Transit,715.0,G
kepler-1862 b,63.94,,16.0573732,0.0,Kepler-1862,0.895,0.815,5658.0,1232.19,296.7533555,49.3780726,2021.0,Transit,650.0,G
kepler-1863 b,,,44.99784967,,Kepler-1863,1.05,1.57153,5828.35,865.546,282.2397185,43.2440854,2021.0,Transit,,G
kepler-1864 b,0.59,,3.88148385,0.0,Kepler-1864,1.03,0.979,5854.0,298.894,289.6867653,41.5889178,2021.0,Transit,1156.0,G
kepler-1865 b,1.5,,2.524074,0.0,Kepler-1865,0.82,0.86,5392.0,922.255,293.941238,41.5904136,2021.0,Transit,1199.0,G
kepler-1867 b,,,9.88736642,,Kepler-1867,0.991,1.36632,5603.03,680.583,294.9971007,43.4358698,2021.0,Transit,,G
kepler-1869 b,2.07,,8.16735028,0.0,Kepler-1869,1.241,2.014,5895.0,113.025,292.6149958,42.7643438,2021.0,Transit,1263.0,G
kepler-1869 c,0.74,,1.716828304,0.0,Kepler-1869,0.987,0.902,5808.0,113.025,292.6149958,42.7643438,2023.0,Transit,1455.0,G
kepler-187 b,1.804,,4.93886507,,Kepler-187,1.081,1.574,5997.0,1143.0,299.7964955,44.0892448,2014.0,Transit,,G
kepler-187 c,3.695,,10.64022272,,Kepler-187,1.081,1.574,5997.0,1143.0,299.7964955,44.0892448,2014.0,Transit,,G
kepler-1870 b,2.04,,3.606940379,0.0,Kepler-1870,0.955,0.84,5508.0,407.216,293.9335076,40.590704,2021.0,Transit,1046.0,G
kepler-1871 b,,,1.952711161,,Kepler-1871,0.92,1.18198,5318.1,854.623,292.4275044,38.4728824,2021.0,Transit,,G
kepler-1877 b,0.48,,2.37752807,0.0,Kepler-1877,0.902,0.821,5637.0,285.312,294.866924,46.7904816,2021.0,Transit,1227.0,G
kepler-1878 b,1.96,,4.44588291,0.0,Kepler-1878,0.953,0.863,5918.0,1494.3,300.7324154,44.1070231,2021.0,Transit,1062.0,G
kepler-1879 b,1.79,,10.61345435,,Kepler-1879,1.036,1.442,5875.0,627.171,289.3644209,41.5332589,2021.0,Transit,,G
kepler-188 b,,,2.0619067077,,Kepler-188,1.02,1.06544,5704.0,968.544,281.2797173,44.3154743,2014.0,Transit,,G
kepler-188 c,,,5.996533443,,Kepler-188,1.02,1.06544,5704.0,968.544,281.2797173,44.3154743,2014.0,Transit,,G
kepler-1881 b,2.58,,159.388051,0.0,Kepler-1881,0.911,0.812,5418.0,1057.21,293.6393065,44.9825447,2021.0,Transit,289.0,G
kepler-1882 b,1.48674404,,13.78730011,,Kepler-1882,1.068,1.458,5691.0,443.371,290.6640856,43.4997866,2021.0,Transit,,G
kepler-1883 b,,,103.42742336,,Kepler-1883,1.01,1.01895,5667.0,1377.61,291.922557,42.002522,2021.0,Transit,,G
kepler-1886 b,2.25,,24.2758992,0.0,Kepler-1886,0.928,0.837,5745.0,1059.51,296.2645118,39.4059745,2021.0,Transit,580.0,G
kepler-1887 b,2.52,,19.94752741,0.0,Kepler-1887,0.961,0.864,5749.0,1366.18,288.9555263,44.705707,2021.0,Transit,625.0,G
kepler-1888 b,1.31,,11.39153,0.0,Kepler-1888,0.96,1.58,5582.0,402.947,289.3945523,41.7822597,2021.0,Transit,990.0,G
kepler-1891 b,1.65,,4.022294,0.0,Kepler-1891,0.881,0.82,5506.0,596.24,290.0438524,44.3705375,2021.0,Transit,1014.0,G
kepler-1892 b,1.48,,6.3312784,0.0,Kepler-1892,0.849,0.758,5376.0,851.595,299.081007,42.0180957,2021.0,Transit,821.0,G
kepler-1893 b,1.6,,4.17938195,0.0,Kepler-1893,0.934,1.155,5632.0,1050.72,298.4012866,44.8381709,2021.0,Transit,1198.0,G
kepler-1894 b,1.25,,2.76263737,0.0,Kepler-1894,0.999,0.901,5772.0,935.191,295.5864604,49.6668523,2021.0,Transit,1231.0,G
kepler-1894 c,1.21,,5.05368985,0.0,Kepler-1894,0.999,0.901,5772.0,935.191,295.5864604,49.6668523,2023.0,Transit,1007.0,G
kepler-1896 b,,,44.8702042,,Kepler-1896,1.08,1.15654,5932.0,1732.91,289.6785786,40.2496475,2021.0,Transit,,G
kepler-19 b,2.69962515,,9.28667326119,,Kepler-19,,0.911823,5511.0,218.562,290.4209694,37.8516556,2011.0,Transit,793.9,G
kepler-19 d,,22.5,62.95,0.05,Kepler-19,0.936,0.859,5544.0,218.562,290.4209694,37.8516556,2017.0,Radial Velocity,,G
kepler-1905 b,1.14,,3.42391461,0.0,Kepler-1905,0.999,0.91,5955.0,1051.53,292.5733475,46.3668273,2021.0,Transit,1188.0,G
kepler-1906 b,1.87,,7.36272058,0.0,Kepler-1906,0.987,0.894,5868.0,1360.63,293.8266166,38.8565906,2021.0,Transit,901.0,G
kepler-1912 b,,,6.05922094,,Kepler-1912,1.0,0.988958,5641.52,297.017,282.1178211,46.2239547,2021.0,Transit,,G
kepler-1914 b,2.76,,30.8277926,0.0,Kepler-1914,1.047,0.96,5982.0,1621.56,291.4314024,38.6543635,2021.0,Transit,585.0,G
kepler-1917 b,1.47,,12.90237151,0.0,Kepler-1917,0.862,0.796,5534.0,909.037,294.1038932,45.0013533,2021.0,Transit,680.0,G
kepler-1918 b,2.82,,47.0564621,0.0,Kepler-1918,0.967,0.924,5889.0,1030.11,292.530546,42.2145765,2021.0,Transit,497.0,G
kepler-1919 b,2.09,,37.8862977,0.0,Kepler-1919,0.868,0.818,5513.0,1177.53,283.1319153,43.956005,2021.0,Transit,479.0,G
kepler-192 b,2.76,,9.9267215,0.0,Kepler-192,0.947,0.982,5475.0,651.674,287.9179379,45.5928829,2014.0,Transit,803.0,G
kepler-192 c,2.79,,21.2234,,Kepler-192,,1.007,5479.0,651.674,287.9179379,45.5928829,2014.0,Transit,,G
kepler-192 d,1.07,,6.47027579,,Kepler-192,1.028,0.981,5527.0,651.674,287.9179379,45.5928829,2016.0,Transit,,G
kepler-1922 b,,,13.2226149,,Kepler-1922,1.0,1.25398,5626.42,1344.29,292.3303706,37.9970696,2021.0,Transit,,G
kepler-1923 b,1.13,,52.607947,0.0,Kepler-1923,0.83,0.767,5751.0,990.838,298.0834457,40.3462551,2021.0,Transit,437.0,G
kepler-1924 b,,,15.3317719,,Kepler-1924,1.01,1.73618,5683.3,1910.77,293.767386,42.8291562,2021.0,Transit,,G
kepler-1925 b,,,46.7162336,,Kepler-1925,1.02,1.54405,5731.0,1771.31,289.8287452,45.1026883,2021.0,Transit,,G
kepler-1928 b,2.1461328,,19.57780075,,Kepler-1928,0.971,0.884,5620.0,326.362,290.4406294,38.5235721,2021.0,Transit,,G
kepler-1929 b,,,59.3627946,,Kepler-1929,1.01,2.03867,5686.6,508.201,299.5833362,47.4481244,2021.0,Transit,,G
kepler-193 c,3.58,,50.6985408,0.0,Kepler-193,1.093,1.456,5876.0,1009.1,296.4985951,46.5772484,2014.0,Transit,595.0,G
kepler-1932 b,1.42,,0.524176094,0.0,Kepler-1932,0.978,0.93,5396.0,713.733,285.3314903,41.0638435,2021.0,Transit,2045.0,G
kepler-1933 b,1.17984089,,4.943290234,,Kepler-1933,0.964,1.008,5661.0,328.007,283.995085,39.9170121,2021.0,Transit,,G
kepler-1934 b,,,1.41975831,,Kepler-1934,1.059,1.09935,5859.78,428.514,290.9193265,37.2871677,2021.0,Transit,,G
kepler-1935 b,23.51,,3.951383138,0.0,Kepler-1935,0.845,0.899,5570.0,904.702,296.4037783,39.7227036,2021.0,Transit,1083.0,G
kepler-194 c,3.56,,17.30795548,0.0,Kepler-194,0.989,1.439,5565.0,1097.97,291.971429,47.8640498,2014.0,Transit,815.0,G
kepler-194 d,,,52.8148051,,Kepler-194,1.02,1.06547,5731.0,1097.97,291.971429,47.8640498,2014.0,Transit,,G
kepler-1940 b,1.4,,4.95062352,0.0,Kepler-1940,0.782,0.725,5435.0,798.595,291.2042027,45.2383344,2021.0,Transit,892.0,G
kepler-1942 b,1.6,,4.626027246,0.0,Kepler-1942,0.852,0.797,5834.0,842.492,294.9805416,44.4252384,2021.0,Transit,1011.0,G
kepler-1944 b,2.41,,9.84262076,0.0,Kepler-1944,1.064,0.972,5585.0,1076.48,296.5105045,39.1732645,2021.0,Transit,801.0,G
kepler-1946 b,2.48812698,,3.035190105,,Kepler-1946,0.887,0.873,5505.0,1002.12,282.3355387,42.8453417,2021.0,Transit,,G
kepler-1950 b,1.52696349,,10.77690029,,Kepler-1950,0.759,0.852,5455.0,697.253,287.0874563,42.6686537,2021.0,Transit,,G
kepler-1951 b,0.88,,20.6577602,0.0,Kepler-1951,0.782,0.9,5497.0,1277.32,290.4999139,40.2877161,2021.0,Transit,624.0,G
kepler-1952 b,,,27.21038339,,Kepler-1952,,,5908.74,852.062,288.0764082,43.9584839,2021.0,Transit,,G
kepler-1954 b,1.34,,5.88346916,0.0,Kepler-1954,0.935,0.847,5835.0,1373.83,298.0029203,43.3545882,2021.0,Transit,948.0,G
kepler-1955 b,0.987,,14.2652558,,Kepler-1955,1.119,1.228,5894.0,449.351,299.5347603,40.4777528,2021.0,Transit,,G
kepler-1958 b,,,9.32867952,,Kepler-1958,0.96,1.11067,5474.0,1320.38,289.1041643,41.6901138,2021.0,Transit,,G
kepler-196 c,4.28,,47.42766,0.0,Kepler-196,0.926,1.501,5313.0,451.312,284.9685077,42.0791214,2014.0,Transit,574.0,G
kepler-196 d,5.92,,122.0799221,0.0,Kepler-196,0.926,1.501,5313.0,451.312,284.9685077,42.0791214,2021.0,Transit,419.0,G
kepler-1962 b,1.21,,7.99147383,0.0,Kepler-1962,0.931,0.93,5931.0,866.826,289.5483989,40.1641457,2021.0,Transit,913.0,G
kepler-1963 b,0.686,,1.96227924,,Kepler-1963,0.857,0.814,5443.0,492.847,296.5875182,47.207129,2021.0,Transit,,G
kepler-1965 b,,,41.8681996,,Kepler-1965,0.976,0.993645,5542.49,521.791,292.5147146,38.0219872,2021.0,Transit,,G
kepler-197 c,1.514,,,,Kepler-197,,1.169,5945.0,330.575,295.2264739,50.5592348,2014.0,Transit,,G
kepler-197 d,1.191,,15.67756112,,Kepler-197,0.857,1.163,5945.0,330.575,295.2264739,50.5592348,2014.0,Transit,,G
kepler-1972 b,0.631,,7.5459119,,Kepler-1972,1.201,1.415,5907.0,287.339,288.3953074,39.8725067,2022.0,Transit,,G
kepler-1976 b,12.21,,4.959319244,0.0,Kepler-1976,0.976,1.082,5712.0,1314.51,292.16706,48.7275345,2023.0,Transit Timing Variations,1103.0,G
kepler-1979 b,5.28,,18.5084405,0.0,Kepler-1979,1.028,0.938,5942.0,1076.27,289.8429062,38.309622,2023.0,Transit,683.0,G
kepler-198 b,2.62,,17.79002419,0.0,Kepler-198,0.947,0.855,5733.0,495.358,290.6731326,38.6910045,2014.0,Transit,646.0,G
kepler-198 c,2.44,,49.5675359,0.0,Kepler-198,0.947,0.855,5733.0,495.358,290.6731326,38.6910045,2014.0,Transit,459.0,G
kepler-198 d,,,1.311842968,,Kepler-198,0.982,0.94755,5569.29,495.358,290.6731326,38.6910045,2016.0,Transit,,G
kepler-1980 b,2.84500003,,33.0257988,,Kepler-1980,1.049,0.99,5819.0,1709.4,295.1672065,38.637039,2023.0,Transit,,G
kepler-1981 b,9.4119997,,453.5429993,,Kepler-1981,1.519,3.006,5874.0,659.395,287.9754691,38.7402988,2023.0,Transit,,G
kepler-1986 b,1.69,,19.5489365,0.0,Kepler-1986,0.776,0.729,5548.0,912.085,292.9582727,42.8548909,2023.0,Transit,578.0,G
kepler-199 b,2.9,,23.6421965,0.0,Kepler-199,0.98,0.882,5750.0,521.054,295.5594278,40.236249,2014.0,Transit,595.0,G
kepler-199 c,3.15,,67.0932997,,Kepler-199,0.96,0.88,5709.0,521.054,295.5594278,40.236249,2014.0,Transit,,G
kepler-1990 b,3.69,,1.7351365,0.0,Kepler-1990,1.112,1.079,5838.0,392.739,299.7047433,44.4357068,2023.0,Transit,1571.0,G
kepler-1990 c,1.09,,4.068545,0.0,Kepler-1990,1.112,1.079,5838.0,392.739,299.7047433,44.4357068,2023.0,Transit,1173.0,G
kepler-1991 b,1.23,,13.26107,0.0,Kepler-1991,0.923,0.82,5603.0,855.82,285.0360506,45.0709909,2023.0,Transit,683.0,G
kepler-1991 c,2.446,,22.79021423,,Kepler-1991,0.941,0.961,5486.0,855.82,285.0360506,45.0709909,2023.0,Transit,,G
kepler-1992 b,0.91,,15.611223,0.0,Kepler-1992,0.821,0.946,5466.0,532.955,295.0902409,45.0811045,2023.0,Transit,693.0,G
kepler-1994 b,0.51,,4.61225043,0.0,Kepler-1994,0.932,0.961,5495.0,241.991,297.1487941,46.2969247,2023.0,Transit,1032.0,G
kepler-1998 b,0.6,,3.03267135,0.0,Kepler-1998,0.962,0.921,5640.0,340.965,283.4291536,47.5923973,2023.0,Transit,1187.0,G
kepler-20 b,2.11,,3.696119675,0.0,Kepler-20,0.876,0.925,5465.0,282.563,287.6979913,42.3385782,2011.0,Transit,1095.0,G
kepler-20 c,3.17,,10.8540894,0.0,Kepler-20,0.901,0.939,5443.0,282.563,287.6979913,42.3385782,2011.0,Transit,763.0,G
kepler-20 d,2.62,,77.6115987,0.0,Kepler-20,0.876,0.925,5465.0,282.563,287.6979913,42.3385782,2011.0,Transit,397.0,G
kepler-20 e,0.82,,6.09853672,0.0,Kepler-20,0.876,0.925,5465.0,282.563,287.6979913,42.3385782,2011.0,Transit,927.0,G
kepler-20 f,,,19.5776073,,Kepler-20,0.96,0.914982,5489.0,282.563,287.6979913,42.3385782,2011.0,Transit,,G
kepler-200 b,1.75,,8.59481851,0.0,Kepler-200,0.878,0.915,5675.0,665.912,284.4099503,41.2374928,2014.0,Transit,854.0,G
kepler-200 c,1.46,,10.22214214,,Kepler-200,0.98,0.95,5773.0,665.912,284.4099503,41.2374928,2014.0,Transit,,G
kepler-203 b,2.29,,3.162691238,0.0,Kepler-203,1.013,0.937,5949.0,703.302,297.089959,41.3880686,2014.0,Transit,1234.0,G
kepler-203 c,2.14,,5.370645868,0.0,Kepler-203,1.013,0.937,5949.0,703.302,297.089959,41.3880686,2014.0,Transit,1034.0,G
kepler-203 d,1.18,,11.32984,0.0,Kepler-203,1.01,0.91,5924.0,703.302,297.089959,41.3880686,2014.0,Transit,793.0,G
kepler-206 b,1.263,,,,Kepler-206,,1.092,5691.0,594.447,291.6346564,41.8338415,2014.0,Transit,,G
kepler-206 c,1.57,,13.13745719,0.0,Kepler-206,0.981,1.06,5762.0,594.447,291.6346564,41.8338415,2014.0,Transit,795.0,G
kepler-206 d,0.967,,23.4432353,,Kepler-206,0.957,1.078,5691.0,594.447,291.6346564,41.8338415,2014.0,Transit,,G
kepler-207 b,1.57,,1.611865,,Kepler-207,,1.588,5920.0,875.519,290.0305195,42.1660555,2014.0,Transit,,G
kepler-207 c,1.815,,,,Kepler-207,,1.709,5969.0,875.519,290.0305195,42.1660555,2014.0,Transit,,G
kepler-208 e,1.72,,16.25951967,0.0,Kepler-208,1.213,1.499,5966.0,775.328,293.8901979,42.5279413,2014.0,Transit,880.0,G
kepler-209 b,2.6,,16.08786478,0.0,Kepler-209,0.876,1.043,5514.0,576.946,291.1694567,42.6407281,2014.0,Transit,719.0,G
kepler-209 c,,,41.74945104,,Kepler-209,0.96,0.962384,5463.31,576.946,291.1694567,42.6407281,2014.0,Transit,,G
kepler-212 b,0.87,,16.2583586,0.0,Kepler-212,1.137,1.141,5914.0,687.194,287.6208165,43.1416239,2014.0,Transit,769.0,G
kepler-212 c,2.06,,31.80474045,0.0,Kepler-212,1.137,1.141,5914.0,687.194,287.6208165,43.1416239,2014.0,Transit,615.0,G
kepler-213 b,1.462,,,,Kepler-213,,1.104,5658.0,634.939,290.8241931,44.6472832,2014.0,Transit,,G
kepler-213 c,1.68,,4.82297735,0.0,Kepler-213,0.994,0.898,5822.0,634.939,290.8241931,44.6472832,2014.0,Transit,1030.0,G
kepler-215 b,,,9.36064358,,Kepler-215,1.015,0.896627,5697.97,485.997,294.9735313,45.2136867,2014.0,Transit,,G
kepler-215 c,,,14.6672293,,Kepler-215,1.015,0.896627,5697.97,485.997,294.9735313,45.2136867,2014.0,Transit,,G
kepler-215 e,1.45,,68.1609897,0.0,Kepler-215,0.92,0.828,5677.0,485.997,294.9735313,45.2136867,2014.0,Transit,405.0,G
kepler-218 b,1.48,,3.619337,,Kepler-218,,1.063,5502.0,656.38,295.4128785,46.2665801,2014.0,Transit,,G
kepler-218 c,3.074,,,,Kepler-218,,1.053,5594.0,656.38,295.4128785,46.2665801,2014.0,Transit,,G
kepler-218 d,2.69,,124.5245224,0.0,Kepler-218,0.988,1.046,5497.0,656.38,295.4128785,46.2665801,2016.0,Transit,356.0,G
kepler-219 b,,,4.585466941,,Kepler-219,1.03,1.28163,5766.61,787.07,288.7389481,46.7625929,2014.0,Transit,,G
kepler-219 c,,,22.71443351,,Kepler-219,1.03,1.28163,5766.61,787.07,288.7389481,46.7625929,2014.0,Transit,,G
kepler-219 d,2.806,,,,Kepler-219,,1.18,5873.0,787.07,288.7389481,46.7625929,2014.0,Transit,,G
kepler-22 b,2.04,,289.864456,,Kepler-22,0.9,0.94,5698.0,194.642,289.2172051,47.8841427,2011.0,Transit,,G
kepler-223 b,1.8,,7.38441403,0.0,Kepler-223,0.902,1.003,5825.0,1859.71,298.3183909,47.2794824,2014.0,Transit,961.0,G
kepler-223 d,3.46,,14.78767172,0.0,Kepler-223,1.055,1.248,5814.0,1859.71,298.3183909,47.2794824,2014.0,Transit,827.0,G
kepler-223 e,,,19.7243672,,Kepler-223,1.04,1.51701,5803.0,1859.71,298.3183909,47.2794824,2014.0,Transit,,G
kepler-226 c,2.7,,5.34955671,0.0,Kepler-226,0.883,0.806,5559.0,980.138,292.3760942,47.8809596,2014.0,Transit,918.0,G
kepler-226 d,,,8.1090679999,,Kepler-226,0.92,0.887751,5338.0,980.138,292.3760942,47.8809596,2014.0,Transit,,G
kepler-227 b,,,9.48803557,,Kepler-227,0.97,0.949466,5524.63,1083.06,291.9342748,48.141676,2014.0,Transit,,G
kepler-227 c,2.83,,54.4183827,0.0,Kepler-227,0.919,0.927,5455.0,1083.06,291.9342748,48.141676,2014.0,Transit,443.0,G
kepler-228 b,1.5,,2.56659092,,Kepler-228,0.95,0.92,5630.0,1644.61,296.2860853,48.2246328,2014.0,Transit,,G
kepler-228 c,,,4.1344785877,,Kepler-228,1.01,1.1757,5675.0,1644.61,296.2860853,48.2246328,2014.0,Transit,,G
kepler-23 c,3.036,,10.74242766,,Kepler-23,0.99,1.491,5823.0,835.756,294.2189131,49.4792536,2011.0,Transit,,G
kepler-23 d,2.28,,15.27438229,0.0,Kepler-23,1.078,1.548,5828.0,835.756,294.2189131,49.4792536,2014.0,Transit,910.0,G
kepler-230 b,,,32.62876672,,Kepler-230,0.92,0.766994,5333.0,740.754,285.7185682,48.5058038,2014.0,Transit,,G
kepler-230 c,2.13,,91.77221,0.0,Kepler-230,0.846,0.796,5588.0,740.754,285.7185682,48.5058038,2014.0,Transit,358.0,G
kepler-232 b,3.07,,4.431242593,0.0,Kepler-232,1.047,0.931,5841.0,1349.13,295.8161668,51.1217249,2014.0,Transit,1074.0,G
kepler-232 c,,,11.379391064,,Kepler-232,0.98,1.13988,5570.0,1349.13,295.8161668,51.1217249,2014.0,Transit,,G
kepler-233 c,2.72,,60.4186137,0.0,Kepler-233,0.884,0.788,5354.0,856.417,296.3665054,51.3194548,2014.0,Transit,390.0,G
kepler-238 b,1.62,,2.090811305,0.0,Kepler-238,1.083,1.384,5739.0,1798.75,287.8971066,40.6378141,2014.0,Transit,1642.0,G
kepler-238 c,2.734,,,,Kepler-238,,1.633,5800.0,1798.75,287.8971066,40.6378141,2014.0,Transit,,G
kepler-238 d,3.06,,13.23352214,0.0,Kepler-238,1.083,1.384,5739.0,1798.75,287.8971066,40.6378141,2014.0,Transit,888.0,G
kepler-238 e,,,23.6537012966,,Kepler-238,1.0,1.72535,5630.0,1798.75,287.8971066,40.6378141,2013.0,Transit,,G
kepler-238 f,2.67,,50.4467417,0.0,Kepler-238,1.083,1.384,5739.0,1798.75,287.8971066,40.6378141,2013.0,Transit,568.0,G
kepler-244 b,,,4.31178046,,Kepler-244,0.95,0.831792,5461.0,1036.49,287.242641,42.3014185,2014.0,Transit,,G
kepler-244 c,,,9.76732448,,Kepler-244,0.95,0.831792,5461.0,1036.49,287.242641,42.3014185,2014.0,Transit,,G
kepler-251 b,1.66,,4.790873,0.0,Kepler-251,0.96,1.09,5870.0,924.625,296.5662171,44.1058077,2014.0,Transit,1153.0,G
kepler-251 c,3.59,,16.5141282,0.0,Kepler-251,0.941,1.074,5883.0,924.625,296.5662171,44.1058077,2014.0,Transit,762.0,G
kepler-251 d,4.25,,30.1329303,0.0,Kepler-251,0.941,1.074,5883.0,924.625,296.5662171,44.1058077,2014.0,Transit,624.0,G
kepler-251 e,2.52,,,,Kepler-251,,0.828,5492.0,924.625,296.5662171,44.1058077,2014.0,Transit,,G
kepler-254 b,,,5.826663494,,Kepler-254,0.99,0.914836,5616.0,1389.48,288.1646541,45.8164257,2014.0,Transit,,G
kepler-254 c,2.32,,12.41217869,,Kepler-254,0.849,0.902,5503.0,1389.48,288.1646541,45.8164257,2014.0,Transit,,G
kepler-254 d,2.676,,,,Kepler-254,,0.931,5503.0,1389.48,288.1646541,45.8164257,2014.0,Transit,,G
kepler-255 b,1.55,,5.714606,,Kepler-255,,0.933,5573.0,1052.53,296.0642702,45.9767647,2014.0,Transit,,G
kepler-255 d,1.28,,1.045632,0.0,Kepler-255,0.878,0.8,5463.0,1052.53,296.0642702,45.9767647,2016.0,Transit,1561.0,G
kepler-256 b,1.37,,1.620467836,0.0,Kepler-256,1.075,0.965,5936.0,1026.43,292.58042,46.0973588,2014.0,Transit,1545.0,G
kepler-256 c,1.79,,3.388011854,0.0,Kepler-256,1.075,0.965,5936.0,1026.43,292.58042,46.0973588,2014.0,Transit,1209.0,G
kepler-256 d,2.48,,5.839172,,Kepler-256,,1.301,5551.0,1026.43,292.58042,46.0973588,2014.0,Transit,,G
kepler-256 e,1.8,,10.68167916,0.0,Kepler-256,1.075,0.965,5936.0,1026.43,292.58042,46.0973588,2014.0,Transit,825.0,G
kepler-259 b,2.9,,8.115313,0.0,Kepler-259,1.015,0.91,5931.0,1002.14,288.2119707,46.6150461,2014.0,Transit,888.0,G
kepler-259 c,2.71,,36.9249531,0.0,Kepler-259,0.978,0.887,5926.0,1002.14,288.2119707,46.6150461,2014.0,Transit,530.0,G
kepler-260 b,2.303,,8.1874109,,Kepler-260,1.013,0.917,5541.0,627.365,291.9259658,38.0140525,2014.0,Transit,,G
kepler-262 b,1.49,,13.06076688,0.0,Kepler-262,0.97,0.876,5830.0,613.129,290.7287168,37.2526575,2014.0,Transit,734.0,G
kepler-262 c,,,21.85378912,,Kepler-262,0.95,0.959919,5435.5,613.129,290.7287168,37.2526575,2014.0,Transit,,G
kepler-265 b,,,6.8461878566,,Kepler-265,1.09,0.942897,5963.0,1280.25,290.5104788,41.244743,2014.0,Transit,,G
kepler-265 c,2.321,,,,Kepler-265,,0.973,5871.0,1280.25,290.5104788,41.244743,2014.0,Transit,,G
kepler-265 e,,,67.8321638,,Kepler-265,1.09,0.942897,5963.0,1280.25,290.5104788,41.244743,2014.0,Transit,,G
kepler-266 b,,,6.61833608,,Kepler-266,0.97,1.11215,5510.0,1370.79,294.4843821,44.1669355,2014.0,Transit,,G
kepler-266 c,4.75,,107.7214092,0.0,Kepler-266,0.947,1.294,5529.0,1370.79,294.4843821,44.1669355,2014.0,Transit,421.0,G
kepler-269 b,4.217,,,,Kepler-269,,1.718,5619.0,2257.32,290.2151459,41.775981,2014.0,Transit,,G
kepler-269 c,1.69,,8.127899,,Kepler-269,,0.959,5847.0,2257.32,290.2151459,41.775981,2014.0,Transit,,G
kepler-27 c,7.34,,31.330554,0.0,Kepler-27,0.996,0.919,5399.0,1044.36,292.2367608,41.085871,2011.0,Transit,518.0,G
kepler-271 b,1.32,,10.43547805,0.0,Kepler-271,0.82,0.895,5516.0,404.542,283.0029316,44.284108,2014.0,Transit,778.0,G
kepler-271 c,1.0,,7.410935,,Kepler-271,,0.88,5524.0,404.542,283.0029316,44.284108,2014.0,Transit,,G
kepler-271 d,0.67,,5.24972541,,Kepler-271,0.829,0.849,5470.0,404.542,283.0029316,44.284108,2016.0,Transit,,G
kepler-272 d,,,10.9372594521,,Kepler-272,0.97,1.17661,5528.34,889.608,299.1275257,47.5938319,2014.0,Transit,,G
kepler-273 b,1.7,,2.936526966,,Kepler-273,0.94,0.92,5584.0,713.964,291.3021458,47.6976573,2014.0,Transit,,G
kepler-273 c,,,8.01497676,,Kepler-273,0.95,0.759979,5441.0,713.964,291.3021458,47.6976573,2014.0,Transit,,G
kepler-274 b,1.92,,11.634864,,Kepler-274,1.08,1.1,5954.0,1333.62,292.9227926,38.4772173,2014.0,Transit,,G
kepler-274 c,2.18,,33.1981054,,Kepler-274,1.08,1.1,5954.0,1333.62,292.9227926,38.4772173,2014.0,Transit,,G
kepler-277 c,,,33.00669147,,Kepler-277,1.08,1.83166,5914.0,976.643,286.5831894,39.0772582,2013.0,Transit,,G
kepler-280 b,1.42,,2.139556503,0.0,Kepler-280,0.934,0.856,5741.0,780.361,291.3905325,42.1804735,2014.0,Transit,1314.0,G
kepler-280 c,,,4.80710342,,Kepler-280,0.95,1.04079,5451.96,780.361,291.3905325,42.1804735,2014.0,Transit,,G
kepler-281 b,,,14.64633684,,Kepler-281,0.95,1.32221,5461.0,1745.45,294.1081465,44.7706524,2014.0,Transit,,G
kepler-281 c,,,36.3375548681,,Kepler-281,0.95,1.32221,5461.0,1745.45,294.1081465,44.7706524,2014.0,Transit,,G
kepler-281 d,4.52,,148.2722671,0.0,Kepler-281,0.984,0.884,5717.0,1745.45,294.1081465,44.7706524,2021.0,Transit,321.0,G
kepler-282 c,1.471,,,,Kepler-282,,1.162,5656.0,1337.61,284.6772402,44.7976401,2014.0,Transit,,G
kepler-282 d,2.16,,24.8056775,0.0,Kepler-282,0.793,0.872,5600.0,1337.61,284.6772402,44.7976401,2013.0,Transit,588.0,G
kepler-282 e,3.266,,,,Kepler-282,,1.162,5656.0,1337.61,284.6772402,44.7976401,2013.0,Transit,,G
kepler-284 b,2.54,,12.69906,0.0,Kepler-284,0.923,0.82,5603.0,1031.95,293.1465698,47.7297053,2014.0,Transit,692.0,G
kepler-285 c,1.11,,6.18666218,0.0,Kepler-285,0.895,0.801,5400.0,824.31,291.3908469,48.0655392,2014.0,Transit,847.0,G
kepler-286 b,,,1.7962979403,,Kepler-286,0.99,0.929313,5600.0,1226.85,290.6761874,48.2942362,2014.0,Transit,,G
kepler-286 c,,,3.4680344451,,Kepler-286,0.99,0.929313,5600.0,1226.85,290.6761874,48.2942362,2014.0,Transit,,G
kepler-286 d,1.48,,5.91428767,0.0,Kepler-286,0.996,0.908,5970.0,1226.85,290.6761874,48.2942362,2014.0,Transit,992.0,G
kepler-286 e,1.81,,29.2214959,0.0,Kepler-286,0.8,0.829,5576.0,1226.85,290.6761874,48.2942362,2014.0,Transit,539.0,G
kepler-287 b,2.4,,20.34234237,0.0,Kepler-287,0.947,1.012,5800.0,835.86,290.9274282,48.4434588,2014.0,Transit,680.0,G
kepler-287 c,,,44.851978,,Kepler-287,0.96,0.94821,5486.3,835.86,290.9274282,48.4434588,2014.0,Transit,,G
kepler-288 b,1.64,,6.09750607,0.0,Kepler-288,0.931,1.068,5918.0,1194.15,288.9163997,39.5947523,2014.0,Transit,1068.0,G
kepler-288 c,,,19.30572737,,Kepler-288,1.01,1.10538,5670.0,1194.15,288.9163997,39.5947523,2014.0,Transit,,G
kepler-288 d,,,56.63849917,,Kepler-288,1.01,1.10538,5670.0,1194.15,288.9163997,39.5947523,2014.0,Transit,,G
kepler-289 d,2.68,4.0,66.0634,,Kepler-289,1.08,1.0,5990.0,704.438,297.4653351,42.8828517,2014.0,Transit,,G
kepler-289 e,2.94,,330.071558,0.0,Kepler-289,0.998,1.115,5933.0,704.438,297.4653351,42.8828517,2025.0,Transit,286.0,G
kepler-29 b,,,10.3392924,,Kepler-29,0.93,0.824495,5358.15,832.532,298.348382,47.4913021,2011.0,Transit,,G
kepler-29 c,3.5,,13.28992,0.0,Kepler-29,1.028,0.92,5966.0,832.532,298.348382,47.4913021,2011.0,Transit,759.0,G
kepler-291 c,1.93,,5.70071153,0.0,Kepler-291,1.093,0.986,5993.0,1786.48,287.9163029,42.4372666,2014.0,Transit,1034.0,G
kepler-292 b,1.65,,2.58082149,0.0,Kepler-292,0.921,0.915,5513.0,1056.48,295.7661979,42.4242822,2014.0,Transit,1229.0,G
kepler-292 e,2.86,,11.978822,0.0,Kepler-292,0.921,0.915,5513.0,1056.48,295.7661979,42.4242822,2014.0,Transit,737.0,G
kepler-293 b,,,19.2540693,,Kepler-293,0.94,0.870183,5412.0,974.633,286.3580611,42.4064917,2014.0,Transit,,G
kepler-293 c,3.83,,54.155743,,Kepler-293,,0.957,5804.0,974.633,286.3580611,42.4064917,2014.0,Transit,,G
kepler-294 b,1.77,,3.701212,,Kepler-294,,0.976,5913.0,1357.01,287.3920392,46.0592578,2014.0,Transit,,G
kepler-294 c,,,6.62643441,,Kepler-294,0.95,0.943307,5459.0,1357.01,287.3920392,46.0592578,2014.0,Transit,,G
kepler-295 b,1.53,,12.64481,0.0,Kepler-295,0.885,0.94,5631.0,1699.19,285.3458383,45.3677754,2014.0,Transit,752.0,G
kepler-295 c,,,21.5266551,,Kepler-295,,2.38169,5327.0,1699.19,285.3458383,45.3677754,2014.0,Transit,,G
kepler-297 b,,,38.86848956,,Kepler-297,1.04,0.891882,5783.0,692.14,283.2091605,48.7776156,2014.0,Transit,,G
kepler-297 c,,,74.92847668,,Kepler-297,1.04,0.891882,5783.0,692.14,283.2091605,48.7776156,2014.0,Transit,,G
kepler-299 b,1.25,,2.92721559,,Kepler-299,0.95,0.96,5650.0,1052.24,283.2070156,48.5805222,2014.0,Transit,,G
kepler-299 c,1.98,,6.88595559,0.0,Kepler-299,1.008,0.916,5896.0,1052.24,283.2070156,48.5805222,2014.0,Transit,933.0,G
kepler-299 d,1.598,,,,Kepler-299,,0.999,5678.0,1052.24,283.2070156,48.5805222,2014.0,Transit,,G
kepler-299 e,,,38.2860831998,,Kepler-299,1.0,0.999357,5631.0,1052.24,283.2070156,48.5805222,2014.0,Transit,,G
kepler-30 b,1.91,,29.1598615,0.0,Kepler-30,0.986,0.867,5485.0,914.221,285.2836483,38.9472625,2012.0,Transit,524.0,G
kepler-30 c,12.88,,60.32488611,0.0,Kepler-30,0.986,0.867,5485.0,914.221,285.2836483,38.9472625,2012.0,Transit,411.0,G
kepler-30 d,8.581,,,,Kepler-30,,0.836,5464.0,914.221,285.2836483,38.9472625,2012.0,Transit,,G
kepler-300 b,,,10.44635944,,Kepler-300,1.07,1.42226,5886.0,1098.45,295.2886934,48.5997243,2014.0,Transit,,G
kepler-300 c,2.15,,40.7151103,0.0,Kepler-300,0.97,0.881,5968.0,1098.45,295.2886934,48.5997243,2014.0,Transit,516.0,G
kepler-301 b,1.35,,2.508553,,Kepler-301,,0.9,5815.0,719.166,283.982904,49.2329512,2014.0,Transit,,G
kepler-301 c,1.495,,,,Kepler-301,,0.955,5656.0,719.166,283.982904,49.2329512,2014.0,Transit,,G
kepler-301 d,2.09,,13.75134642,,Kepler-301,1.022,0.94,5656.0,719.166,283.982904,49.2329512,2014.0,Transit,,G
kepler-302 b,2.88,,30.1836854,0.0,Kepler-302,0.966,0.883,5938.0,1402.58,294.3169307,43.6292436,2014.0,Transit,568.0,G
kepler-302 c,,,127.282546313,,Kepler-302,1.03,1.06452,5756.0,1402.58,294.3169307,43.6292436,2014.0,Transit,,G
kepler-307 c,3.21,,13.08424096,0.0,Kepler-307,0.983,1.084,5671.0,575.581,297.7950939,40.4176403,2013.0,Transit,792.0,G
kepler-308 b,2.12,,9.694928,,Kepler-308,,0.941,5895.0,1335.92,295.7852423,40.4395753,2014.0,Transit,,G
kepler-308 c,2.083,,,,Kepler-308,,0.892,5895.0,1335.92,295.7852423,40.4395753,2014.0,Transit,,G
kepler-310 b,1.189,,13.93072278,,Kepler-310,0.854,0.839,5451.0,602.268,288.839278,46.9867472,2014.0,Transit,,G
kepler-310 c,3.38,,56.47542,,Kepler-310,,0.876,5797.0,602.268,288.839278,46.9867472,2014.0,Transit,,G
kepler-310 d,,,92.8751222877,,Kepler-310,0.96,0.839151,5490.0,602.268,288.839278,46.9867472,2014.0,Transit,,G
kepler-311 b,,,9.17617167,,Kepler-311,1.05,1.2198,5841.2,778.654,282.0612731,47.0854984,2014.0,Transit,,G
kepler-311 c,1.46,,19.7383913,0.0,Kepler-311,0.97,1.081,5897.0,778.654,282.0612731,47.0854984,2014.0,Transit,719.0,G
kepler-311 d,2.07299995,,232.0469971,,Kepler-311,0.974,1.156,5903.0,778.654,282.0612731,47.0854984,2023.0,Transit,,G
kepler-313 b,2.682,,14.9702081,,Kepler-313,1.114,1.507,5709.0,,298.2948708,48.7754,2014.0,Transit,,G
kepler-314 c,2.87,,5.96040108,0.0,Kepler-314,1.028,0.909,5497.0,268.881,294.6741507,42.0756037,2014.0,Transit,907.0,G
kepler-315 b,,,96.109323,,Kepler-315,1.04,1.0006,5783.0,1160.63,298.0230967,43.3634761,2014.0,Transit,,G
kepler-315 c,4.387,,,,Kepler-315,,1.049,5683.0,1160.63,298.0230967,43.3634761,2014.0,Transit,,G
kepler-317 b,2.11,,5.52417517,0.0,Kepler-317,0.978,0.936,5497.0,940.584,294.9438822,39.0320499,2014.0,Transit,951.0,G
kepler-317 c,,,8.77514782,,Kepler-317,0.92,0.927723,5317.0,940.584,294.9438822,39.0320499,2014.0,Transit,,G
kepler-318 b,3.893,,4.662719058,,Kepler-318,1.073,0.972,5873.0,489.141,298.4828337,46.7936357,2014.0,Transit,,G
kepler-318 c,2.98,,11.8150013,,Kepler-318,1.02,0.94,5708.0,489.141,298.4828337,46.7936357,2014.0,Transit,,G
kepler-319 b,3.24,,4.362744362,0.0,Kepler-319,1.349,1.784,5903.0,503.436,288.8119782,39.7706431,2014.0,Transit,1447.0,G
kepler-319 c,2.63,,6.941357,,Kepler-319,,0.903,5526.0,503.436,288.8119782,39.7706431,2014.0,Transit,,G
kepler-319 d,2.29,,31.781925,,Kepler-319,,0.903,5526.0,503.436,288.8119782,39.7706431,2014.0,Transit,,G
kepler-321 b,,,4.9153857927,,Kepler-321,1.031,0.994273,5762.08,384.542,294.4536991,44.1457626,2014.0,Transit,,G
kepler-321 c,2.32,,13.093921,,Kepler-321,,1.194,5740.0,384.542,294.4536991,44.1457626,2014.0,Transit,,G
kepler-322 b,,,1.6538917041,,Kepler-322,0.919,0.841918,5330.0,400.48,281.3487514,44.2952525,2014.0,Transit,,G
kepler-322 c,1.59,,4.337224039,0.0,Kepler-322,0.738,0.827,5496.0,400.48,281.3487514,44.2952525,2014.0,Transit,1016.0,G
kepler-324 b,1.11,,4.38536461,0.0,Kepler-324,0.901,0.803,5355.0,501.574,286.4714473,49.6490933,2014.0,Transit,941.0,G
kepler-324 c,3.25,,51.8096695,0.0,Kepler-324,0.901,0.803,5355.0,501.574,286.4714473,49.6490933,2014.0,Transit,413.0,G
kepler-325 b,,,4.54443059,,Kepler-325,0.99,0.796602,5585.15,823.242,289.8354219,49.825607,2014.0,Transit,,G
kepler-325 c,3.18,,12.76220558,0.0,Kepler-325,0.919,0.937,5445.0,823.242,289.8354219,49.825607,2014.0,Transit,721.0,G
kepler-325 d,,,38.7149617,,Kepler-325,0.99,0.796602,5585.15,823.242,289.8354219,49.825607,2014.0,Transit,,G
kepler-33 b,1.85,,5.66815821,0.0,Kepler-33,1.1,1.694,5900.0,1209.16,289.0775348,46.0051696,2011.0,Transit,1336.0,G
kepler-33 c,,,13.1753729952,,Kepler-33,1.07,1.71415,5904.0,1209.16,289.0775348,46.0051696,2011.0,Transit,,G
kepler-33 d,,,21.7757143871,,Kepler-33,1.07,1.71415,5904.0,1209.16,289.0775348,46.0051696,2011.0,Transit,,G
kepler-33 e,3.66,,31.78476785,0.0,Kepler-33,1.1,1.694,5900.0,1209.16,289.0775348,46.0051696,2011.0,Transit,752.0,G
kepler-33 f,4.14,,41.0280637,0.0,Kepler-33,1.1,1.694,5900.0,1209.16,289.0775348,46.0051696,2011.0,Transit,691.0,G
kepler-334 b,,,5.47032469,,Kepler-334,1.07,1.01761,5907.82,426.59,287.1406177,47.1151153,2014.0,Transit,,G
kepler-334 d,1.459,,,,Kepler-334,,1.008,5866.0,426.59,287.1406177,47.1151153,2014.0,Transit,,G
kepler-335 c,3.07,,67.844469,,Kepler-335,,1.854,5877.0,1278.97,296.0642944,45.4285986,2014.0,Transit,,G
kepler-336 b,,,2.0248276571,,Kepler-336,,,5956.94,768.86,290.2376224,41.3313637,2014.0,Transit,,G
kepler-336 c,,,9.59993246,,Kepler-336,,,5956.94,768.86,290.2376224,41.3313637,2014.0,Transit,,G
kepler-337 b,,,3.29279396,,Kepler-337,1.01,1.78665,5694.42,677.975,290.0605123,47.1639533,2014.0,Transit,,G
kepler-337 c,1.76,,9.69315566,0.0,Kepler-337,0.975,1.415,5684.0,677.975,290.0605123,47.1639533,2014.0,Transit,1004.0,G
kepler-338 c,2.48,,24.31168,0.03,Kepler-338,1.06,1.90361,5860.88,552.798,282.9790593,40.7844188,2014.0,Transit,,G
kepler-338 d,2.8,,44.4301361,0.0,Kepler-338,1.142,1.735,5923.0,552.798,282.9790593,40.7844188,2014.0,Transit,680.0,G
kepler-338 e,1.76,,9.34144548,0.0,Kepler-338,1.142,1.735,5923.0,552.798,282.9790593,40.7844188,2014.0,Transit Timing Variations,1143.0,G
kepler-339 b,1.58,,4.977671,0.0,Kepler-339,0.934,0.83,5639.0,616.637,293.351701,48.4445922,2014.0,Transit,956.0,G
kepler-339 c,,,6.98802652,,Kepler-339,0.96,0.769161,5495.56,616.637,293.351701,48.4445922,2014.0,Transit,,G
kepler-339 d,1.07,,,,Kepler-339,,0.775,5446.0,616.637,293.351701,48.4445922,2014.0,Transit,,G
kepler-34 b,8.564,69.92,288.822,0.182,Kepler-34,1.0479,1.1618,5913.0,1800.82,296.4358022,44.6415369,2011.0,Transit,,G
kepler-341 b,1.08,,5.19556758,,Kepler-341,1.0,0.99,5755.0,1047.03,289.8615609,43.4727412,2014.0,Transit,,G
kepler-341 d,2.306,,27.6665971,,Kepler-341,0.976,1.185,5722.0,1047.03,289.8615609,43.4727412,2014.0,Transit,,G
kepler-341 e,2.867,,42.4730575,,Kepler-341,0.976,1.185,5722.0,1047.03,289.8615609,43.4727412,2014.0,Transit,,G
kepler-344 b,2.372,,21.96399084,,Kepler-344,0.931,0.86,5459.0,1002.94,292.4996101,46.3243406,2014.0,Transit,,G
kepler-344 c,2.861,,125.602302,,Kepler-344,0.931,0.86,5459.0,1002.94,292.4996101,46.3243406,2014.0,Transit,,G
kepler-346 b,,,6.511104,,Kepler-346,0.98,0.909664,5543.0,984.105,288.0119248,46.1176003,2014.0,Transit,,G
kepler-349 b,2.002,,5.92973644,,Kepler-349,1.083,0.966,5884.0,940.724,293.6764689,44.6155972,2014.0,Transit,,G
kepler-349 c,2.09,,12.24769,0.0,Kepler-349,1.017,0.91,5934.0,940.724,293.6764689,44.6155972,2014.0,Transit,772.0,G
kepler-35 b,8.16,40.363,131.458,0.042,Kepler-35,0.8877,1.0284,5606.0,1819.17,294.496955,46.6896733,2011.0,Transit,,G
kepler-351 b,,,37.0551884812,,Kepler-351,0.91,0.756405,5313.0,1083.91,286.4527949,42.6577891,2014.0,Transit,,G
kepler-351 c,3.26,,57.2486691,0.0,Kepler-351,0.914,0.841,5646.0,1083.91,286.4527949,42.6577891,2014.0,Transit,430.0,G
kepler-351 d,,,142.540115116,,Kepler-351,0.91,0.756405,5313.0,1083.91,286.4527949,42.6577891,2016.0,Transit,,G
kepler-355 b,1.59,,11.03158,0.0,Kepler-355,1.09,1.03,5929.0,1432.17,285.7994917,42.8117427,2014.0,Transit,841.0,G
kepler-355 c,3.189,,25.7624524,,Kepler-355,0.933,1.173,5769.0,1432.17,285.7994917,42.8117427,2014.0,Transit,,G
kepler-358 b,,,34.0607473283,,Kepler-358,0.96,0.940506,5496.97,1101.1,293.2302333,48.2813901,2014.0,Transit,,G
kepler-358 c,,,83.4887405,,Kepler-358,0.96,0.940506,5496.97,1101.1,293.2302333,48.2813901,2014.0,Transit,,G
kepler-359 c,,,57.6896212,,Kepler-359,1.01,0.923027,5683.0,1443.21,293.2936129,42.1963497,2014.0,Transit,,G
kepler-36 b,1.21,,13.84943,0.0,Kepler-36,1.091,1.61,5973.0,527.956,291.2501859,49.2318073,2012.0,Transit,981.0,G
kepler-36 c,3.679,8.08,16.23855,0.033,Kepler-36,1.071,1.626,5911.0,527.956,291.2501859,49.2318073,2012.0,Transit,928.0,G
kepler-360 b,1.4,,3.289722169,,Kepler-360,0.95,0.92,5631.0,876.044,286.2847077,44.7815817,2014.0,Transit,,G
kepler-360 c,1.9,,7.1864526,,Kepler-360,0.95,0.92,5631.0,876.044,286.2847077,44.7815817,2014.0,Transit,,G
kepler-362 b,1.25,,10.32736351,0.0,Kepler-362,1.016,1.017,5757.0,1090.51,291.771603,47.5299192,2014.0,Transit,838.0,G
kepler-362 c,1.68,,37.8658982,0.0,Kepler-362,0.807,0.726,5776.0,1090.51,291.771603,47.5299192,2014.0,Transit,479.0,G
kepler-363 b,1.0,,3.61461353,,Kepler-363,1.1,1.29,5681.0,762.596,283.1920779,41.3054172,2014.0,Transit,,G
kepler-363 c,1.41,,7.54233911,,Kepler-363,1.1,1.29,5681.0,762.596,283.1920779,41.3054172,2014.0,Transit,,G
kepler-363 d,,,11.9320757324,,Kepler-363,0.97,1.65796,5529.7,762.596,283.1920779,41.3054172,2014.0,Transit,,G
kepler-368 b,3.2,,26.8475962,0.0,Kepler-368,1.136,1.988,5508.0,770.978,291.880018,45.3878419,2014.0,Transit,800.0,G
kepler-368 c,,,72.3826983,,Kepler-368,0.94,2.18669,5395.36,770.978,291.880018,45.3878419,2014.0,Transit,,G
kepler-37 b,0.32,10.0,13.3675,,Kepler-37,0.8,0.77,5417.0,63.9207,284.0592503,44.5183733,2013.0,Transit,,G
kepler-37 c,,,21.30191004,,Kepler-37,0.94,0.79137,5391.0,63.9207,284.0592503,44.5183733,2013.0,Transit,,G
kepler-37 e,,,51.20690303,,Kepler-37,0.94,0.79137,5391.0,63.9207,284.0592503,44.5183733,2014.0,Transit Timing Variations,,G
kepler-370 b,1.35,,4.57948235,0.0,Kepler-370,0.955,0.954,5569.0,1167.94,292.1710683,40.9162381,2014.0,Transit,1040.0,G
kepler-370 c,,,19.02314741,,Kepler-370,1.0,1.05062,5651.01,1167.94,292.1710683,40.9162381,2014.0,Transit,,G
kepler-371 b,1.89,,34.763278,,Kepler-371,,0.992,5666.0,813.192,292.3264835,38.6575441,2014.0,Transit,,G
kepler-371 c,,,67.96821443,,Kepler-371,1.04,1.31417,5794.01,813.192,292.3264835,38.6575441,2014.0,Transit,,G
kepler-373 b,2.166,,,,Kepler-373,,1.362,5602.0,1090.45,289.3879904,50.5970115,2014.0,Transit,,G
kepler-373 c,1.24,,16.725948,,Kepler-373,,0.845,5787.0,1090.45,289.3879904,50.5970115,2014.0,Transit,,G
kepler-374 b,1.04,,1.897834018,0.0,Kepler-374,0.891,0.9,5975.0,1265.61,294.1378921,42.3704075,2014.0,Transit,1471.0,G
kepler-374 d,,,5.0281857988,,Kepler-374,1.01,1.42107,5670.31,1265.61,294.1378921,42.3704075,2014.0,Transit,,G
kepler-375 b,1.58,,12.12582991,0.0,Kepler-375,0.937,0.848,5821.0,1238.81,288.6178715,48.0983639,2014.0,Transit,743.0,G
kepler-375 c,,,19.9865916,,Kepler-375,0.96,0.913476,5499.0,1238.81,288.6178715,48.0983639,2014.0,Transit,,G
kepler-376 b,0.95,,4.92031217,0.0,Kepler-376,0.95,1.073,5906.0,923.067,291.6071451,38.4103192,2014.0,Transit,1143.0,G
kepler-376 c,,,14.17222858,,Kepler-376,1.08,1.42392,5939.36,923.067,291.6071451,38.4103192,2014.0,Transit,,G
kepler-377 b,1.491,,12.5094525,,Kepler-377,1.043,1.172,5924.0,823.804,295.4220717,38.7356737,2014.0,Transit,,G
kepler-377 c,,,27.0142622,,Kepler-377,1.1,1.19923,5974.0,823.804,295.4220717,38.7356737,2014.0,Transit,,G
kepler-38 b,4.3,122.0,105.599,0.032,Kepler-38,0.941,1.752,5623.0,1174.59,286.830312,42.2791434,2012.0,Transit,475.0,G4 V
kepler-382 b,1.3,,5.26212693,,Kepler-382,0.88,0.85,5443.0,935.446,299.1362435,45.8699582,2014.0,Transit,,G
kepler-382 c,,,12.1628195,,Kepler-382,1.0,1.23947,5637.57,935.446,299.1362435,45.8699582,2014.0,Transit,,G
kepler-384 b,1.3,,22.5968256,0.0,Kepler-384,0.889,1.104,5610.0,895.678,286.0261113,44.7828571,2014.0,Transit,670.0,G
kepler-384 c,2.404,,,,Kepler-384,,1.648,5541.0,895.678,286.0261113,44.7828571,2014.0,Transit,,G
kepler-385 c,,,15.16221349,,Kepler-385,1.05,1.157,5829.0,1432.61,294.3385109,50.3365178,2014.0,Transit,,G
kepler-385 d,2.325,,56.414742,,Kepler-385,0.992,1.09,5837.0,1432.61,294.3385109,50.3365178,2020.0,Transit,,G
kepler-387 b,0.98,,6.79164786,,Kepler-387,0.95,1.0,5888.0,801.052,287.7982699,45.6567655,2014.0,Transit,,G
kepler-387 c,,,11.8376933,,Kepler-387,1.05,1.14606,5835.36,801.052,287.7982699,45.6567655,2014.0,Transit,,G
kepler-389 c,1.45,,14.5123099,0.0,Kepler-389,0.823,0.785,5380.0,816.559,291.9600082,44.9000587,2014.0,Transit,636.0,G
kepler-392 b,0.968,,5.34185804,,Kepler-392,0.874,1.141,5951.0,681.428,288.660826,43.3681938,2014.0,Transit,,G
kepler-392 c,1.067,,10.42312041,,Kepler-392,0.874,1.141,5951.0,681.428,288.660826,43.3681938,2014.0,Transit,,G
kepler-396 b,3.11,,42.99255302,,Kepler-396,0.97,0.95,5651.0,223.757,296.1328135,48.9773095,2013.0,Transit,,G
kepler-396 c,,,88.5127,,Kepler-396,0.97,0.95,5651.0,223.757,296.1328135,48.9773095,2013.0,Transit,,G
kepler-397 b,2.07,,22.2508509,0.0,Kepler-397,0.782,0.757,5307.0,,295.8940373,42.3805156,2014.0,Transit,539.0,G
kepler-399 b,1.68,,14.4252635,0.0,Kepler-399,0.902,1.152,5467.0,740.537,299.5017242,40.6707669,2014.0,Transit,773.0,G
kepler-4 b,4.14,,3.213668628,0.0,Kepler-4,1.092,1.533,5781.0,487.916,285.6154492,50.1357712,2009.0,Transit,1507.0,G
kepler-400 b,1.65,,9.024389,,Kepler-400,,1.145,5886.0,845.97,290.9444679,40.4800528,2014.0,Transit,,G
kepler-400 c,,,17.3406287154,,Kepler-400,,,5915.11,845.97,290.9444679,40.4800528,2014.0,Transit,,G
kepler-404 b,1.3,,11.82913,0.0,Kepler-404,0.925,0.82,5612.0,812.524,286.3985796,45.3435241,2014.0,Transit,712.0,G
kepler-404 c,1.63,,14.7512034,0.0,Kepler-404,0.952,0.857,5653.0,812.524,286.3985796,45.3435241,2014.0,Transit,678.0,G
kepler-405 b,2.34,,10.61369479,0.0,Kepler-405,0.965,0.87,5817.0,1065.08,291.4094615,38.3400107,2014.0,Transit,783.0,G
kepler-405 c,3.84,,29.7272142,,Kepler-405,0.91,0.88,5525.0,1065.08,291.4094615,38.3400107,2014.0,Transit,,G
kepler-406 b,,,2.4262999782,,Kepler-406,0.99,1.1242,5597.0,364.03,291.8481764,44.9682807,2014.0,Transit,,G
kepler-406 c,0.76,,4.62333557,0.0,Kepler-406,1.058,0.973,5697.0,364.03,291.8481764,44.9682807,2014.0,Transit,1053.0,G
kepler-407 b,1.07,,0.669309686,,Kepler-407,0.96,1.05757,5487.0,338.368,286.0363025,49.6145027,2014.0,Transit,,G
kepler-407 c,,4000.0,3000.0,,Kepler-407,1.0,1.01,5476.0,338.368,286.0363025,49.6145027,2014.0,Radial Velocity,,G
kepler-409 b,0.98,,68.958608,0.0,Kepler-409,0.918,0.893,5460.0,68.173,293.6792058,46.8527337,2014.0,Transit,402.0,G
kepler-41 b,10.24,,1.85555754,0.0,Kepler-41,0.903,0.947,5657.0,1093.08,294.5132465,45.9816453,2011.0,Transit,1436.0,G
kepler-412 b,13.46463141,,1.72085545095,,Kepler-412,,1.33402,5832.83,1086.24,286.1103053,43.6809612,2014.0,Transit,1758.4,G
kepler-414 b,2.19,,4.699653236,0.0,Kepler-414,0.892,0.946,5523.0,413.46,297.9615616,48.2443363,2014.0,Transit Timing Variations,1030.0,G
kepler-414 c,,,7.170710381,,Kepler-414,0.944,0.932373,5423.0,413.46,297.9615616,48.2443363,2014.0,Transit Timing Variations,,G
kepler-416 c,2.5,,12.20942,0.0,Kepler-416,1.08,1.12,5708.0,690.819,291.5569554,39.2272923,2014.0,Transit Timing Variations,816.0,G
kepler-416 d,1.61,,3.07644709,0.0,Kepler-416,0.949,1.022,5670.0,690.819,291.5569554,39.2272923,2023.0,Transit,1253.0,G
kepler-417 b,2.49,,12.33090437,0.0,Kepler-417,0.897,0.806,5376.0,973.989,293.8241813,42.779648,2014.0,Transit Timing Variations,671.0,G
kepler-418 c,5.22108654,,12.21829987,,Kepler-418,0.957,1.081,5822.0,1002.53,294.4335228,38.3554729,2021.0,Transit,,G
kepler-421 b,4.16,,704.1984,0.041,Kepler-421,0.794,0.757,5308.0,348.558,283.2568116,45.0876823,2014.0,Transit,185.0,G9/K0
kepler-422 b,11.27,,7.8914502,0.0,Kepler-422,1.156,1.112,5972.0,722.795,282.6296334,46.3232807,2014.0,Transit,976.0,G
kepler-423 b,13.97484988,,2.68430809911,,Kepler-423,,1.01895,5616.02,758.753,292.8557189,46.3911883,2014.0,Transit,1288.42,G
kepler-424 b,9.13,,3.311864499,0.0,Kepler-424,0.892,0.946,5523.0,698.646,298.6249797,48.57745,2014.0,Transit,1158.0,G
kepler-424 c,,2215.18,223.3,,Kepler-424,1.01,0.94,5460.0,698.646,298.6249797,48.57745,2014.0,Radial Velocity,,G
kepler-426 b,11.38,,3.217518511,0.0,Kepler-426,0.882,0.903,5720.0,843.695,289.4346668,49.473455,2014.0,Transit,1185.0,G
kepler-427 b,12.696,,,,Kepler-427,,1.298,5800.0,1017.8,288.2545808,43.7048379,2014.0,Transit,,G
kepler-430 c,1.45,,110.97378,,Kepler-430,1.08,1.21,5917.0,917.477,292.8085984,49.5794242,2015.0,Transit,,G
kepler-431 b,0.925,,6.80252171,,Kepler-431,1.101,1.604,5976.0,486.546,281.1123072,43.2277663,2015.0,Transit,,G
kepler-431 c,0.875,,8.70337044,,Kepler-431,1.101,1.604,5976.0,486.546,281.1123072,43.2277663,2015.0,Transit,,G
kepler-434 b,8.0,,12.874711418,0.0,Kepler-434,1.03,0.939,5926.0,1222.54,293.5863887,42.9288624,2015.0,Transit,768.0,G
kepler-439 b,2.33,,178.140456,0.0,Kepler-439,0.856,0.782,5592.0,757.048,280.8015188,44.0339733,2015.0,Transit,284.0,G
kepler-44 b,12.71,,3.246732651,0.0,Kepler-44,1.093,1.457,5763.0,1188.0,300.1023512,45.7621918,2011.0,Transit,1460.0,G
kepler-447 b,,,7.794303,,Kepler-447,1.0,1.05,5493.0,268.041,285.2685283,48.5598835,2015.0,Transit,,G8 V
kepler-449 b,1.53,,12.58229808,0.0,Kepler-449,0.911,1.423,5587.0,241.949,293.732787,41.9006366,2015.0,Transit,917.0,G
kepler-449 c,,,33.67280658,,Kepler-449,,,5649.18,241.949,293.732787,41.9006366,2015.0,Transit,,G
kepler-452 b,1.63,,384.843,,Kepler-452,1.037,1.11,5757.0,551.727,296.003752,44.2775861,2015.0,Transit,265.0,G2
kepler-453 b,6.204,16.0,240.503,0.0359,Kepler-453,0.944,0.833,5527.0,442.846,283.2413322,46.3784691,2015.0,Transit,,G
kepler-454 b,1.86,,10.573757029,0.0,Kepler-454,1.069,1.081,5739.0,230.869,287.4786474,38.2290751,2015.0,Transit,848.0,G
kepler-454 c,,1433.40611557,524.19,0.0053,Kepler-454,1.03,1.066,5687.0,230.869,287.4786474,38.2290751,2015.0,Radial Velocity,,G
kepler-461 b,2.58,,8.313783059,,Kepler-461,0.98,0.91,5634.0,692.158,292.2490563,46.1647909,2016.0,Transit,,G
kepler-463 b,3.35,,8.981008,0.0,Kepler-463,0.844,0.96,5649.0,394.804,298.9368228,44.8578644,2016.0,Transit,861.0,G
kepler-464 b,,,7.25696737,,Kepler-464,1.06,1.6855,5873.66,667.604,294.8351052,48.9823204,2016.0,Transit,,G
kepler-466 b,2.523,,51.07926307,,Kepler-466,0.979,0.936,5805.0,530.122,295.6486585,48.4955191,2016.0,Transit,,G
kepler-467 b,2.28,,24.99324193,0.0,Kepler-467,1.023,1.357,5747.0,466.265,287.3629145,38.6497341,2016.0,Transit,719.0,G
kepler-468 b,13.44,,38.478757067,0.0,Kepler-468,0.973,0.879,5510.0,442.871,288.9022829,49.3704079,2016.0,Transit,484.0,G
kepler-473 b,,,14.55730433,,Kepler-473,1.0,1.92735,5624.0,905.937,286.6300796,38.9455907,2016.0,Transit,,G
kepler-474 b,3.74,,5.660691,0.0,Kepler-474,0.956,1.3,5723.0,841.496,292.3215174,43.8811723,2016.0,Transit,1164.0,G
kepler-476 b,2.8,,14.00640607,0.0,Kepler-476,1.036,1.005,5883.0,813.535,295.1637592,43.9630716,2016.0,Transit,767.0,G
kepler-481 b,2.82,,10.06082567,,Kepler-481,0.936,1.234,5676.0,813.724,291.9069862,49.262076,2016.0,Transit,,G
kepler-484 b,,,10.04556377,,Kepler-484,0.99,0.909065,5601.0,382.136,284.3942844,46.2491109,2016.0,Transit,,G
kepler-485 b,,,3.2432596672,,Kepler-485,1.04,1.09304,5778.0,1140.95,294.9963415,50.4700458,2016.0,Transit,,G
kepler-487 b,,,15.35876766,,Kepler-487,0.95,0.915391,5462.0,872.343,295.2872318,41.2220033,2016.0,Transit,,G
kepler-487 c,2.68,,38.6519976,,Kepler-487,0.91,0.88,5444.0,872.343,295.2872318,41.2220033,2016.0,Transit,,G
kepler-487 d,2.3,,2.4183985,0.0,Kepler-487,0.93,0.88,5696.0,872.343,295.2872318,41.2220033,2021.0,Transit,1277.0,G
kepler-490 b,16.91,,3.268695042,0.0,Kepler-490,1.161,1.691,5927.0,1523.0,295.025662,46.9559536,2016.0,Transit,1597.0,G
kepler-491 b,,,4.225384543,,Kepler-491,0.96,1.03122,5501.0,630.785,287.1305782,42.3501533,2016.0,Transit,,G
kepler-495 b,4.55,,3.413036221,0.0,Kepler-495,0.766,0.714,5332.0,658.924,285.9307362,39.0981201,2016.0,Transit,986.0,G
kepler-495 c,1.28,,5.89661966,0.0,Kepler-495,0.888,1.087,5392.0,658.924,285.9307362,39.0981201,2021.0,Transit,1000.0,G
kepler-497 b,8.653,,,,Kepler-497,,1.609,5644.0,1291.98,290.7659557,38.9279468,2016.0,Transit,,G
kepler-498 b,3.487,,,,Kepler-498,,1.185,5997.0,938.844,290.3581592,44.5187225,2016.0,Transit,,G
kepler-500 b,,,8.50831464,,Kepler-500,1.01,1.18285,5674.12,807.48,295.9513472,43.8519884,2016.0,Transit,,G
kepler-501 c,1.68119739,,3.622760057,,Kepler-501,1.032,1.216,5794.0,1125.24,297.2014919,41.7301534,2021.0,Transit,,G
kepler-508 b,1.77,,25.30893566,0.0,Kepler-508,1.14,1.292,5949.0,324.618,295.4042546,42.9812789,2016.0,Transit,710.0,G
kepler-509 b,,,41.74598855,,Kepler-509,1.096,1.22162,5971.55,332.443,289.664394,48.706165,2016.0,Transit,,G
kepler-51 b,6.657,,45.15530074,,Kepler-51,0.929,0.82,5674.0,783.831,296.4797624,49.9376486,2012.0,Transit,,G
kepler-51 e,,3.8,256.86,0.08,Kepler-51,0.96,0.87,5674.0,783.831,296.4797624,49.9376486,2024.0,Transit Timing Variations,,G
kepler-510 b,,,19.5565343936,,Kepler-510,1.0,1.53514,5641.07,386.177,287.6550196,39.2441716,2016.0,Transit,,G
kepler-511 c,3.13,,26.62941953,0.0,Kepler-511,0.958,1.417,5866.0,651.999,282.9455384,47.5749181,2021.0,Transit,742.0,G
kepler-513 b,2.274,,28.86235584,,Kepler-513,0.9,1.079,5748.0,468.258,285.0416235,50.0753913,2016.0,Transit,,G
kepler-514 b,,,5.65178735,,Kepler-514,1.11,1.38938,5998.99,455.336,286.2471739,50.2423694,2016.0,Transit,,G
kepler-517 b,,,60.92818866,,Kepler-517,0.991,1.0384,5604.05,289.907,293.6755138,41.2952061,2016.0,Transit,,G
kepler-518 b,2.11,,8.512035877,,Kepler-518,0.96,0.88,5842.0,337.901,287.090019,41.3737576,2016.0,Transit,,G
kepler-519 b,2.14,,24.30784323,0.0,Kepler-519,0.913,0.82,5313.0,246.61,299.3196708,41.3847447,2016.0,Transit,532.0,G
kepler-523 b,1.93,,5.835983111,0.0,Kepler-523,0.937,0.836,5509.0,253.295,284.0611224,45.5068127,2016.0,Transit,892.0,G
kepler-524 b,2.756,,,,Kepler-524,,1.614,5838.0,1058.24,296.8591787,49.1620125,2016.0,Transit,,G
kepler-524 c,0.83,,1.88899036,0.0,Kepler-524,1.036,1.081,5973.0,1058.24,296.8591787,49.1620125,2016.0,Transit,1574.0,G
kepler-525 b,4.564,,18.68404933,,Kepler-525,1.136,1.992,5506.0,992.852,296.1834239,47.3587776,2016.0,Transit,,G
kepler-526 b,1.91,,5.45849914,0.0,Kepler-526,1.172,1.135,5914.0,666.146,297.6509281,47.3962246,2016.0,Transit,1099.0,G
kepler-528 b,,,19.7830259,,Kepler-528,0.99,1.28083,5585.22,784.23,295.6848595,47.7480914,2016.0,Transit,,G
kepler-53 d,2.76,,9.75192101,0.0,Kepler-53,1.026,1.053,5775.0,1366.07,290.4617926,40.5624966,2014.0,Transit,870.0,G
kepler-530 b,3.58,,39.30941904,0.0,Kepler-530,0.901,1.051,5957.0,457.709,283.3402948,48.549062,2016.0,Transit,576.0,G
kepler-534 b,,,15.95995611,,Kepler-534,1.08,1.12377,5927.0,570.659,296.4185696,49.540148,2016.0,Transit,,G
kepler-534 c,1.06,,7.37862283,0.0,Kepler-534,1.075,0.965,5936.0,570.659,296.4185696,49.540148,2021.0,Transit,932.0,G
kepler-536 b,5.73,,1.8270813,0.0,Kepler-536,0.916,1.6,5364.0,462.322,297.7363605,49.637101,2016.0,Transit,1791.0,G
kepler-537 b,1.34,,3.247555219,0.0,Kepler-537,1.018,0.937,5726.0,439.4,289.8805804,51.2769907,2016.0,Transit,1176.0,G
kepler-538 b,2.26,,81.73780699,,Kepler-538,0.96,0.9,5650.0,155.956,297.4865503,49.6233975,2016.0,Transit,,G
kepler-539 b,8.149,,125.62887621,,Kepler-539,0.987,0.913,5816.0,307.318,299.1224639,41.8667953,2016.0,Transit,,G
kepler-539 c,,762.792,1000.0,0.5,Kepler-539,1.048,0.952,5820.0,307.318,299.1224639,41.8667953,2016.0,Transit Timing Variations,253.0,G2 V
kepler-540 b,,,172.7046083,,Kepler-540,1.04,1.25142,5811.26,390.374,290.6249953,44.8737757,2016.0,Transit,,G
kepler-542 b,,,13.14496978,,Kepler-542,0.933,1.00034,5380.12,436.016,292.2149697,38.5485469,2016.0,Transit,,G
kepler-545 b,2.86,,13.24931848,0.0,Kepler-545,0.972,1.078,5799.0,818.001,290.5663221,40.6920756,2016.0,Transit,806.0,G
kepler-546 b,,,4.14701989,,Kepler-546,1.01,1.40314,5694.0,1019.65,283.257573,40.9904095,2016.0,Transit,,G
kepler-548 b,11.428,,,,Kepler-548,,0.889,5349.0,751.776,299.9059167,45.4396103,2016.0,Transit,,G
kepler-549 b,2.501,,,,Kepler-549,,0.828,5333.0,635.145,283.0228527,47.2611431,2016.0,Transit,,G
kepler-549 c,2.68,,117.033521,0.0,Kepler-549,0.859,0.986,5312.0,635.145,283.0228527,47.2611431,2016.0,Transit,349.0,G
kepler-549 d,4.2,,24.61480613,0.0,Kepler-549,0.859,0.986,5312.0,635.145,283.0228527,47.2611431,2023.0,Transit,586.0,G
kepler-554 b,3.6,,1.90221,0.0,Kepler-554,0.86,0.76,5363.0,690.525,296.4068982,51.3581938,2016.0,Transit,1209.0,G
kepler-555 b,2.83,,16.21775407,,Kepler-555,1.03,1.04,5894.0,973.121,285.516872,38.9324587,2016.0,Transit,,G
kepler-556 b,2.013,,,,Kepler-556,,0.922,5641.0,674.598,290.5294799,38.9427306,2016.0,Transit,,G
kepler-557 b,2.55,,3.70597,0.0,Kepler-557,1.09,1.08,5935.0,2097.12,293.7084179,41.6151084,2016.0,Transit,1242.0,G
kepler-559 b,3.7,,17.587568,0.0,Kepler-559,0.84,0.98,5517.0,776.708,296.6368878,43.8027948,2016.0,Transit,683.0,G
kepler-561 b,6.527,,58.3620495,,Kepler-561,0.98,0.884,5479.0,621.378,293.7471107,45.1071981,2016.0,Transit,,G
kepler-561 c,,,5.35016878,,Kepler-561,0.94,0.925904,5408.89,621.378,293.7471107,45.1071981,2016.0,Transit,,G
kepler-562 b,5.21,,18.009314436,,Kepler-562,0.93,0.9,5575.0,992.769,290.1196007,46.2737393,2016.0,Transit,,G
kepler-564 b,4.74,,3.750832285,0.0,Kepler-564,1.068,0.95,5776.0,863.037,296.8383661,46.6263912,2016.0,Transit,1129.0,G
kepler-565 b,3.22,,4.243747226,0.0,Kepler-565,0.926,0.84,5876.0,,283.6180825,47.1967793,2016.0,Transit,1061.0,G
kepler-569 b,3.16,,34.18890521,,Kepler-569,0.95,0.93,5616.0,638.301,283.507219,48.552633,2016.0,Transit,,G
kepler-570 b,,,4.30165843,,Kepler-570,0.93,0.823456,5363.89,568.148,290.4376111,48.7918597,2016.0,Transit,,G
kepler-571 b,2.517,,,,Kepler-571,,0.849,5637.0,723.875,286.5510448,49.418731,2016.0,Transit,,G
kepler-573 b,2.44,,22.18339,0.0,Kepler-573,1.009,0.9,5911.0,771.471,289.5211955,51.2374057,2016.0,Transit,629.0,G
kepler-574 b,2.25,,7.65880414,0.0,Kepler-574,0.858,0.855,5657.0,682.896,290.2470519,52.1491051,2016.0,Transit,858.0,G
kepler-575 b,,,9.3788428215,,Kepler-575,0.98,0.983912,5545.0,853.977,286.9638856,37.8296147,2016.0,Transit,,G
kepler-576 b,3.0,,29.9115,0.0,Kepler-576,0.83,0.95,5447.0,617.55,295.1828896,38.6542028,2016.0,Transit,555.0,G
kepler-578 b,2.54,,1.616883696,0.0,Kepler-578,0.877,1.066,5417.0,541.432,288.7549882,39.563696,2016.0,Transit,1536.0,G
kepler-58 b,,,10.21864532,,Kepler-58,1.02,1.01795,5707.0,969.252,296.3586251,39.1152033,2012.0,Transit,,G
kepler-58 c,2.674,,,,Kepler-58,,0.986,5776.0,969.252,296.3586251,39.1152033,2012.0,Transit,,G
kepler-58 d,2.95,,40.1014272,,Kepler-58,1.024,0.965,5776.0,969.252,296.3586251,39.1152033,2014.0,Transit,,G
kepler-581 b,2.67,,40.606895,0.0,Kepler-581,0.93,1.027,5538.0,703.758,295.4326552,40.6481874,2016.0,Transit,521.0,G
kepler-582 b,3.68,,18.49235668,,Kepler-582,0.93,0.91,5564.0,613.179,297.503718,41.0570326,2016.0,Transit,,G
kepler-583 b,2.28,,6.5100253,,Kepler-583,0.94,0.91,5523.0,867.271,282.1113206,42.3545514,2016.0,Transit,,G
kepler-585 b,3.64,,2.752359753,0.0,Kepler-585,0.994,1.17,5749.0,585.187,286.5284924,43.8733751,2016.0,Transit,1400.0,G
kepler-586 b,2.89,,2.104721971,0.0,Kepler-586,1.091,0.975,5703.0,693.766,293.0571982,45.5511266,2016.0,Transit,1365.0,G
kepler-587 b,2.08,,10.94026745,0.0,Kepler-587,0.961,0.864,5749.0,787.894,288.6706571,47.3991249,2016.0,Transit,764.0,G
kepler-588 b,,,4.22162342,,Kepler-588,1.03,1.2826,5742.0,1209.4,284.2572531,47.6889081,2016.0,Transit,,G
kepler-589 b,2.4,,16.549414,0.0,Kepler-589,0.8,0.87,5337.0,612.803,280.6414331,47.7520581,2016.0,Transit,638.0,G
kepler-59 c,2.144,,17.9776157,,Kepler-59,0.93,1.338,5884.0,1163.22,287.0394932,46.6401677,2012.0,Transit,,G
kepler-590 b,,,5.8529635546,,Kepler-590,1.04,1.71547,5799.81,1421.81,296.3855467,48.2334177,2016.0,Transit,,G
kepler-591 b,,,81.16951302,,Kepler-591,0.99,0.976707,5583.99,785.137,286.024052,48.431729,2016.0,Transit,,G
kepler-593 b,,,21.21712312,,Kepler-593,1.07,1.04777,5902.23,973.76,294.9513923,48.6511709,2016.0,Transit,,G
kepler-594 b,2.248,,,,Kepler-594,,0.904,5566.0,769.2,288.9217259,49.7620237,2016.0,Transit,,G
kepler-596 b,3.375,,,,Kepler-596,,1.319,5984.0,1023.85,289.5006797,51.6857106,2016.0,Transit,,G
kepler-597 b,,,13.02363236,,Kepler-597,1.0,1.00322,5652.97,663.418,293.4700919,39.2528182,2016.0,Transit,,G
kepler-6 b,14.616536,212.31044,3.2346996,,Kepler-6,1.209,1.391,5647.0,587.039,296.8372475,48.2399695,2009.0,Transit,1460.0,G
kepler-60 c,2.47,,8.9193459,,Kepler-60,1.11,1.5,5915.0,1025.1,288.9612535,42.2650472,2012.0,Transit,,G
kepler-60 d,1.52,,11.8984932,,Kepler-60,1.09,1.28,5961.0,1025.1,288.9612535,42.2650472,2012.0,Transit,,G
kepler-602 b,,,15.28467725,,Kepler-602,0.98,1.57201,5554.67,1159.31,296.0318985,42.1418634,2016.0,Transit,,G
kepler-603 b,2.35,,21.05358596,0.0,Kepler-603,0.983,0.906,5960.0,1539.63,294.2809679,42.2909295,2016.0,Transit,650.0,G
kepler-603 c,,,127.909809185,,Kepler-603,1.05,1.54113,5825.0,1539.63,294.2809679,42.2909295,2016.0,Transit,,G
kepler-603 d,1.22,,6.2171292,0.0,Kepler-603,0.983,0.906,5960.0,1539.63,294.2809679,42.2909295,2016.0,Transit,976.0,G
kepler-604 b,,,25.8550459904,,Kepler-604,1.04,1.10571,5787.0,1026.49,292.3159795,42.6262429,2016.0,Transit,,G
kepler-605 b,1.33,,3.383538066,0.0,Kepler-605,0.92,0.82,5438.0,556.58,287.2954015,43.2798677,2016.0,Transit,1049.0,G
kepler-605 c,0.8,,2.358951515,0.0,Kepler-605,0.92,0.82,5438.0,556.58,287.2954015,43.2798677,2016.0,Transit,1183.0,G
kepler-609 b,3.036,,,,Kepler-609,,1.074,5836.0,1065.82,292.2203009,44.6999902,2016.0,Transit,,G
kepler-610 b,,,6.9969254384,,Kepler-610,0.99,0.942016,5581.0,845.824,293.1713241,45.0655934,2016.0,Transit,,G
kepler-610 c,2.63,,151.86392,0.0,Kepler-610,1.01,0.893,5713.0,845.824,293.1713241,45.0655934,2016.0,Transit,318.0,G
kepler-611 b,1.61,,2.437033302,0.0,Kepler-611,1.09,0.984,5984.0,1395.56,286.0049121,45.4803043,2016.0,Transit,1371.0,G
kepler-612 b,2.42,,3.722156413,0.0,Kepler-612,0.884,0.811,5618.0,1445.53,291.3546278,45.7478551,2016.0,Transit,1051.0,G
kepler-613 b,2.19,,15.77979614,0.0,Kepler-613,1.001,0.911,5941.0,861.494,282.7868415,46.2449846,2016.0,Transit,713.0,G
kepler-619 c,1.375,,1.208465026,,Kepler-619,0.993,0.884,5816.0,900.678,290.8490899,48.4159782,2016.0,Transit,,G
kepler-623 b,3.23,,9.07097734,0.0,Kepler-623,1.008,0.929,5672.0,737.702,296.9867284,47.4773531,2016.0,Transit,825.0,G
kepler-625 c,1.0,,4.16536757,0.0,Kepler-625,1.004,0.912,5604.0,760.708,292.1504723,39.6375254,2016.0,Transit,1048.0,G
kepler-626 b,,,14.48586384,,Kepler-626,0.986,1.01824,5583.62,635.643,288.6986828,39.7082044,2016.0,Transit,,G
kepler-629 b,,,7.2384964055,,Kepler-629,0.924,0.84085,5346.96,372.05,289.4179128,39.9450757,2016.0,Transit,,G
kepler-63 b,6.31,,9.4341577,0.0,Kepler-63,1.069,0.993,5721.0,194.033,289.2262876,49.5482814,2013.0,Transit,843.0,G
kepler-638 b,,,6.07972016,,Kepler-638,0.92,2.15251,5342.68,991.214,284.9194213,41.6172093,2016.0,Transit,,G
kepler-639 b,2.17,,10.21420496,0.0,Kepler-639,0.98,1.187,5850.0,850.242,292.1868271,41.726944,2016.0,Transit,929.0,G
kepler-640 b,2.73,,22.24813967,0.0,Kepler-640,1.104,0.991,5749.0,557.787,296.0322,42.1317392,2016.0,Transit,631.0,G
kepler-641 b,,,9.4896334832,,Kepler-641,0.96,1.74026,5476.78,969.918,291.8235292,42.5161945,2016.0,Transit,,G
kepler-646 b,1.53,,15.87360981,0.0,Kepler-646,0.801,0.737,5656.0,451.794,290.4714596,44.3870422,2016.0,Transit,632.0,G
kepler-647 b,1.21,,16.2254975,0.0,Kepler-647,0.922,1.098,5956.0,1087.87,284.7882977,44.5916225,2016.0,Transit,788.0,G
kepler-647 c,2.7,,29.66629667,0.0,Kepler-647,0.93,1.053,5955.0,1087.87,284.7882977,44.5916225,2020.0,Transit,630.0,G
kepler-648 b,2.85,,17.4211749,0.0,Kepler-648,0.966,0.871,5796.0,636.03,283.8996207,45.0169137,2016.0,Transit,661.0,G
kepler-649 b,2.243,,29.90722674,,Kepler-649,0.801,0.921,5694.0,513.748,285.6558336,45.0794516,2016.0,Transit,,G
kepler-650 b,2.96,,3.032145588,,Kepler-650,1.08,1.35,5849.0,884.378,289.0009451,45.1542968,2016.0,Transit,,G
kepler-651 b,2.37,,21.38521506,,Kepler-651,0.92,0.87,5522.0,509.408,287.3327284,46.2034366,2016.0,Transit,,G
kepler-652 b,2.58,,4.1820097,0.0,Kepler-652,0.906,0.898,5396.0,394.55,288.0080899,46.4736108,2016.0,Transit,1019.0,G
kepler-653 b,1.95,,14.70748976,,Kepler-653,1.02,1.19,5665.0,595.634,282.2130447,46.7177898,2016.0,Transit,,G
kepler-653 c,0.95,,3.601506,0.0,Kepler-653,1.098,1.077,5686.0,595.634,282.2130447,46.7177898,2016.0,Transit,1201.0,G
kepler-654 b,,,13.7248231983,,Kepler-654,1.05,1.66143,5843.0,974.124,297.0683931,46.8342497,2016.0,Transit,,G
kepler-656 b,3.69,,1.260259094,0.0,Kepler-656,1.042,0.956,5546.0,890.352,288.3278778,47.381538,2016.0,Transit,1570.0,G
kepler-656 c,1.31,,5.25448795,0.0,Kepler-656,1.042,0.956,5546.0,890.352,288.3278778,47.381538,2023.0,Transit,977.0,G
kepler-657 b,3.17,,24.54350418,0.0,Kepler-657,0.999,0.91,5955.0,1691.88,291.1973006,47.3077545,2016.0,Transit,616.0,G
kepler-66 b,2.81,,17.81595067,0.0,Kepler-66,0.968,0.933,5964.0,1202.96,293.9815378,46.687728,2013.0,Transit,699.0,G
kepler-663 b,2.7,,4.99678284,0.0,Kepler-663,0.931,0.847,5339.0,1063.09,297.8082232,47.9466342,2016.0,Transit,917.0,G
kepler-667 b,5.73,,41.43962808,0.0,Kepler-667,0.93,1.046,5468.0,2302.45,295.5549918,49.0172956,2016.0,Transit,516.0,G
kepler-668 b,2.8,,8.353917,0.0,Kepler-668,0.927,0.82,5612.0,784.618,285.4992845,49.2772713,2016.0,Transit,799.0,G
kepler-670 b,,,2.8165048,,Kepler-670,0.94,1.01304,5413.0,939.744,297.0154644,49.2252988,2016.0,Transit,,G
kepler-671 b,,,4.28096128,,Kepler-671,0.94,1.03215,5423.0,1168.26,294.2657519,49.3140933,2016.0,Transit,,G
kepler-672 b,,,38.3775486,,Kepler-672,0.97,0.961413,5518.52,1033.93,291.7219993,49.4808492,2016.0,Transit,,G
kepler-673 b,6.27,,3.728731093,0.0,Kepler-673,0.911,0.812,5492.0,918.21,290.7857595,50.0540561,2016.0,Transit,1022.0,G
kepler-677 b,5.38,,6.57531678,,Kepler-677,1.0,0.99,5723.0,1954.08,290.0980478,50.3215731,2016.0,Transit,,G
kepler-678 b,,,7.275040844,,Kepler-678,0.91,1.98346,5308.0,1826.15,295.4552577,50.4945093,2016.0,Transit,,G
kepler-679 b,2.66,,12.3935651,0.0,Kepler-679,0.832,0.75,5557.0,922.244,296.0213374,50.5678019,2016.0,Transit,677.0,G
kepler-68 b,2.21,,5.398752862,0.0,Kepler-68,0.997,1.198,5790.0,144.166,291.0323102,49.0402129,2013.0,Transit,1140.0,G
kepler-68 d,,267.0,625.0,,Kepler-68,1.08,1.24,5793.0,144.166,291.0323102,49.0402129,2013.0,Radial Velocity,,G
kepler-68 e,,86.4493267,3455.0,0.33,Kepler-68,1.057,1.2564,5847.0,144.166,291.0323102,49.0402129,2023.0,Radial Velocity,,G
kepler-680 b,1.96,,3.689926291,0.0,Kepler-680,1.01,0.917,5880.0,1492.48,291.622381,50.6181793,2016.0,Transit,1147.0,G
kepler-682 b,7.37,,12.611906672,,Kepler-682,0.92,0.89,5559.0,1979.25,289.1122204,51.7373589,2016.0,Transit,,G
kepler-683 b,,,2.539183147,,Kepler-683,0.97,1.04285,5521.79,1023.07,291.4399598,37.9056293,2016.0,Transit,,G
kepler-684 b,,,6.770300385,,Kepler-684,0.95,1.43405,5435.15,1731.27,290.8704935,38.2735978,2016.0,Transit,,G
kepler-685 b,9.73,,1.625522174,0.0,Kepler-685,0.935,1.106,5539.0,938.715,293.8719143,38.4229184,2016.0,Transit,1579.0,G
kepler-686 b,12.1,,1.59474469,0.0,Kepler-686,1.01,0.96,5973.0,1490.94,285.213819,39.027466,2016.0,Transit,1569.0,G
kepler-688 b,7.92,,3.895936844,0.0,Kepler-688,0.845,0.781,5557.0,1357.75,294.6552312,39.3083446,2016.0,Transit,1011.0,G
kepler-689 b,,,22.3663045026,,Kepler-689,0.92,0.977875,5344.0,1131.73,294.7106347,39.5216975,2016.0,Transit,,G
kepler-69 b,2.29,,13.72237104,,Kepler-69,0.94,0.95,5745.0,730.625,293.2609013,44.8688656,2013.0,Transit,,G
kepler-69 c,,,242.466342954,,Kepler-69,1.03,1.25389,5757.89,730.625,293.2609013,44.8688656,2013.0,Transit,,G
kepler-690 b,,,7.748094239,,Kepler-690,0.97,1.27664,5539.0,1665.31,294.4899225,39.7714758,2016.0,Transit,,G
kepler-692 b,,,21.81295996,,Kepler-692,0.92,0.896329,5330.0,991.336,294.7768068,40.1537027,2016.0,Transit,,G
kepler-694 b,2.54,,6.365841612,0.0,Kepler-694,0.941,0.851,5787.0,1023.06,291.1495269,40.4204569,2016.0,Transit,917.0,G
kepler-697 b,4.35,,3.709870784,0.0,Kepler-697,1.013,0.978,5727.0,1277.33,283.8643937,41.3463859,2016.0,Transit,1151.0,G
kepler-698 b,3.97,,16.32976218,0.0,Kepler-698,0.987,0.983,5870.0,1995.57,288.5099994,41.3017465,2016.0,Transit,725.0,G
kepler-7 b,,,4.88548837,,Kepler-7,1.347,1.843,5933.0,922.562,288.5814928,41.0897335,2009.0,Transit,,G
kepler-700 b,4.73,,80.8720639,0.0,Kepler-700,0.779,0.764,5665.0,1491.76,287.154224,41.5657775,2016.0,Transit,376.0,G
kepler-701 b,3.09,,10.35533177,0.0,Kepler-701,0.891,0.918,5501.0,774.152,288.99418,41.6333125,2016.0,Transit,777.0,G
kepler-702 b,8.4,,10.5262937,0.0,Kepler-702,0.84,0.81,5388.0,992.071,293.8781041,41.6617245,2016.0,Transit,716.0,G
kepler-703 b,5.69,,4.583521756,0.0,Kepler-703,0.973,0.877,5815.0,1156.83,299.1868586,41.742699,2016.0,Transit,1039.0,G
kepler-704 b,2.61,,3.76182115,,Kepler-704,0.97,0.96,5616.0,1228.83,283.3163671,41.8370942,2016.0,Transit,,G
kepler-708 b,2.93,,3.167891938,,Kepler-708,0.97,0.96,5692.0,1394.22,293.8164588,42.2125159,2016.0,Transit,,G
kepler-710 b,1.88,,4.347285527,,Kepler-710,0.94,0.91,5611.0,1448.34,291.9641255,42.6961308,2016.0,Transit,,G
kepler-713 b,2.33,,7.411141,0.0,Kepler-713,1.014,0.919,5849.0,1089.87,295.6513819,43.0297781,2016.0,Transit,904.0,G
kepler-718 b,22.51056206,,2.05234165653,,Kepler-718,,1.16875,5767.0,1302.33,299.5618676,43.5035173,2016.0,Transit,1539.42,G
kepler-719 b,7.4,,5.007312,0.0,Kepler-719,0.997,0.89,5878.0,2497.51,295.5360628,43.8844116,2016.0,Transit,1025.0,G
kepler-720 b,10.6,,4.708326451,0.0,Kepler-720,0.94,1.21,5560.0,1065.37,298.6356478,44.1709388,2016.0,Transit,1162.0,G
kepler-722 c,2.82,,105.144749,,Kepler-722,1.03,1.05,5863.0,1239.5,290.2632874,44.5564051,2016.0,Transit,,G
kepler-723 b,10.85,,4.082275068,0.0,Kepler-723,0.868,0.797,5649.0,1071.8,284.8304434,44.6580932,2016.0,Transit,1019.0,G
kepler-724 b,3.94,,3.314947362,0.0,Kepler-724,0.983,0.944,5609.0,853.119,293.4548441,44.7927823,2016.0,Transit,1155.0,G
kepler-725 b,10.52,,39.64317811,0.0,Kepler-725,0.909,0.833,5552.0,758.469,283.9774949,44.8115613,2016.0,Transit,476.0,G
kepler-725 c,,9.7,207.541,0.436,Kepler-725,0.95,0.88,5395.0,758.469,283.9774949,44.8115613,2025.0,Transit Timing Variations,268.0,G
kepler-726 b,3.26,,21.80451088,,Kepler-726,0.88,0.85,5452.0,762.081,291.7172776,44.8873466,2016.0,Transit,,G
kepler-728 b,,,5.74348015,,Kepler-728,0.98,1.3965,5567.0,1765.23,291.0923621,45.1155087,2016.0,Transit,,G
kepler-733 b,2.42,,20.83495,0.0,Kepler-733,0.878,0.78,5429.0,916.706,293.0181882,45.9147063,2016.0,Transit,559.0,G
kepler-734 b,3.56,,6.104852856,,Kepler-734,0.85,0.78,5326.0,1157.21,297.0456122,46.0273893,2016.0,Transit,,G
kepler-738 b,2.31,,24.58721573,0.0,Kepler-738,0.817,0.75,5465.0,1113.65,287.5696516,46.5679011,2016.0,Transit,531.0,G
kepler-739 b,3.24,,12.53248222,0.0,Kepler-739,0.991,0.904,5997.0,1370.65,290.067994,46.5791535,2016.0,Transit,775.0,G
kepler-740 b,4.907,,,,Kepler-740,,0.971,5750.0,1442.02,286.4822566,46.692456,2016.0,Transit,,G
kepler-741 b,,,7.0390031955,,Kepler-741,1.09,1.38133,5944.0,1661.87,289.4317294,46.6174978,2016.0,Transit,,G
kepler-743 b,1.292,,,,Kepler-743,,0.916,5509.0,278.987,295.57423,42.8064255,2016.0,Transit,,G
kepler-744 b,1.62,,12.06222962,0.0,Kepler-744,0.897,0.933,5547.0,449.964,296.4960493,47.1827848,2016.0,Transit,750.0,G
kepler-745 b,,,9.9313455303,,Kepler-745,1.0,1.60555,5654.67,1780.38,291.4994412,37.0592571,2016.0,Transit,,G
kepler-748 b,2.23,,7.40742793,0.0,Kepler-748,1.002,0.961,5922.0,1705.99,292.2628779,37.2369732,2016.0,Transit,938.0,G
kepler-751 b,,,17.4442401479,,Kepler-751,0.92,0.866325,5327.0,760.43,294.8438103,44.0776872,2016.0,Transit,,G
kepler-752 b,,,18.8276133925,,Kepler-752,0.96,0.965766,5466.0,1232.29,292.2681469,37.955672,2016.0,Transit,,G
kepler-754 b,1.76,,14.5596237,0.0,Kepler-754,0.983,0.966,5959.0,1770.27,293.2541121,37.8461519,2016.0,Transit,759.0,G
kepler-756 b,1.19,,1.224866322,0.0,Kepler-756,0.902,0.827,5573.0,,290.6079736,41.201094,2016.0,Transit,1518.0,G
kepler-757 b,0.95,,1.022678821,0.0,Kepler-757,0.883,0.806,5559.0,1068.68,296.6804876,41.3865279,2016.0,Transit,1593.0,G
kepler-762 b,15.82246197,,3.77058645414,,Kepler-762,,1.38188,5897.0,1898.26,291.2756631,47.3295107,2016.0,Transit,1388.68,G
kepler-764 b,1.59,,7.33683936,0.0,Kepler-764,0.932,0.847,5798.0,1047.84,297.3931183,47.1645814,2016.0,Transit,876.0,G
kepler-766 b,,,6.10027621,,Kepler-766,1.0,1.74979,5658.0,2297.62,293.1845144,37.9698357,2016.0,Transit,,G
kepler-767 b,6.15,,161.5280101,0.0,Kepler-767,0.959,0.867,5870.0,2251.03,291.5791562,38.0358066,2016.0,Transit,318.0,G
kepler-77 b,12.14160424,,3.57875698546,,Kepler-77,,1.06062,5482.59,639.411,289.6079433,44.3454347,2013.0,Transit,1171.96,G
kepler-770 b,,,18.92537246,,Kepler-770,0.96,1.17497,5493.0,930.457,286.4904589,38.374872,2016.0,Transit,,G
kepler-770 c,0.95,,1.475322314,0.0,Kepler-770,0.822,0.753,5513.0,930.457,286.4904589,38.374872,2016.0,Transit,1368.0,G
kepler-770 d,,,4.15246118,,Kepler-770,0.96,1.17497,5493.0,930.457,286.4904589,38.374872,2016.0,Transit,,G
kepler-771 b,1.67,,8.73485836,0.0,Kepler-771,1.047,0.96,5982.0,1393.85,287.4441104,38.0884183,2016.0,Transit,890.0,G
kepler-772 b,,,12.99204853,,Kepler-772,0.98,1.85723,5567.78,1130.21,291.423582,38.2165603,2016.0,Transit,,G
kepler-773 b,1.68,,3.749105745,0.0,Kepler-773,0.987,0.983,5751.0,547.026,290.8846217,38.0575539,2016.0,Transit,1160.0,G
kepler-775 b,,,0.97487027,,Kepler-775,0.928,0.852051,5362.23,398.676,291.4332781,41.7033162,2016.0,Transit,,G
kepler-778 b,1.72,,3.75574426,0.0,Kepler-778,0.884,0.788,5311.0,938.168,287.4774867,44.2374702,2016.0,Transit,977.0,G
kepler-78 b,1.16,8.0,0.35500744,,Kepler-78,0.81,0.74,5089.0,124.376,293.7419543,44.4482521,2013.0,Transit,,G
kepler-780 b,0.97,,0.677375164,0.0,Kepler-780,0.955,1.099,5735.0,557.652,281.7663511,44.2924898,2016.0,Transit,2173.0,G
kepler-781 b,2.88,,13.21415,0.0,Kepler-781,0.861,0.759,5363.0,1064.47,287.6535874,47.4147762,2016.0,Transit,639.0,G
kepler-783 b,0.707,,4.29264638,,Kepler-783,0.881,0.848,5381.0,516.09,291.0628615,47.484789,2016.0,Transit,,G
kepler-783 c,2.33153725,,7.05395,,Kepler-783,0.94,0.872088,5411.49,516.09,291.0628615,47.484789,2020.0,Transit,,G
kepler-784 b,3.494,,31.5922646,,Kepler-784,1.443,2.789,5640.0,1303.72,295.9206663,47.4486164,2016.0,Transit,,G
kepler-784 c,,,17.15699192,,Kepler-784,0.98,2.87389,5576.0,1303.72,295.9206663,47.4486164,2023.0,Transit,,G
kepler-789 b,2.12,,8.63847725,,Kepler-789,1.01,1.02,5870.0,1480.16,295.9751549,38.9466396,2016.0,Transit,,G
kepler-792 b,1.75,,11.30119217,0.0,Kepler-792,1.014,0.994,5948.0,1425.47,292.0068239,38.8207001,2016.0,Transit,831.0,G
kepler-793 b,,,4.2415470187,,Kepler-793,0.99,1.21429,5581.0,985.699,295.2167334,38.7744269,2016.0,Transit,,G
kepler-795 b,1.851,,29.6193421,,Kepler-795,0.89,1.038,5582.0,492.122,291.0189951,38.5455728,2016.0,Transit,,G
kepler-796 b,,,6.4008380671,,Kepler-796,,2.45824,5317.0,817.584,287.3078999,39.1447097,2016.0,Transit,,G
kepler-797 b,,,27.07237655,,Kepler-797,1.06,1.65769,5875.0,1315.26,297.2089078,41.781645,2016.0,Transit,,G
kepler-802 b,3.46,,40.0587473,0.0,Kepler-802,0.972,0.872,5674.0,780.585,286.0157998,45.0077413,2016.0,Transit,490.0,G
kepler-803 b,,,50.286791997,,Kepler-803,1.08,1.25037,5928.59,639.771,299.2216728,44.6939033,2016.0,Transit,,G
kepler-804 b,1.94,,14.37457351,,Kepler-804,1.01,1.05,5817.0,649.65,293.3722109,44.7851812,2016.0,Transit,,G
kepler-804 c,1.198,,9.65185017,,Kepler-804,0.927,1.051,5705.0,649.65,293.3722109,44.7851812,2016.0,Transit,,G
kepler-806 b,1.506,,8.09219642,,Kepler-806,0.923,1.558,5737.0,361.896,296.0071956,44.8535698,2016.0,Transit,,G
kepler-809 b,3.01,,55.63934,,Kepler-809,0.99,0.98,5734.0,961.405,289.0836324,48.0180689,2016.0,Transit,,G
kepler-810 b,,,4.5972469747,,Kepler-810,0.99,1.02739,5592.0,1458.59,296.6148615,48.0825642,2016.0,Transit,,G
kepler-811 b,3.0,,23.58444746,0.0,Kepler-811,0.947,1.354,5655.0,985.041,285.4241593,47.8345586,2016.0,Transit,730.0,G
kepler-813 b,2.14,,19.12947337,,Kepler-813,0.95,0.93,5743.0,,285.6626752,48.4353251,2016.0,Transit,,G
kepler-817 b,8.02,,3.990106229,0.0,Kepler-817,1.004,0.913,5926.0,1484.46,296.0818498,39.161614,2016.0,Transit,1125.0,G
kepler-818 b,4.69,,10.035385814,0.0,Kepler-818,0.935,0.847,5835.0,925.037,296.2351072,39.3702865,2016.0,Transit,793.0,G
kepler-819 b,2.56,,33.1995648,0.0,Kepler-819,0.83,0.76,5307.0,664.306,295.3708312,39.1772925,2016.0,Transit,468.0,G
kepler-82 b,4.7,,26.44435456,0.0,Kepler-82,0.966,0.928,5739.0,904.326,292.8733696,42.9661583,2012.0,Transit,588.0,G
kepler-82 c,6.11,,51.53998542,0.0,Kepler-82,0.966,0.928,5739.0,904.326,292.8733696,42.9661583,2012.0,Transit,471.0,G
kepler-82 d,1.86,,2.382951591,0.0,Kepler-82,0.915,0.929,5427.0,904.326,292.8733696,42.9661583,2014.0,Transit,1253.0,G
kepler-82 e,2.55,,5.902246921,0.0,Kepler-82,0.966,0.928,5739.0,904.326,292.8733696,42.9661583,2014.0,Transit,970.0,G
kepler-822 b,1.47,,3.222975318,0.0,Kepler-822,0.899,0.96,5823.0,860.391,292.2760929,39.5501136,2016.0,Transit,1239.0,G
kepler-823 b,,,4.16811839,,Kepler-823,0.98,1.5801,5570.0,1389.27,284.5825682,39.2201737,2016.0,Transit,,G
kepler-824 b,,,4.51436096,,Kepler-824,1.1,1.0739,5975.64,1201.4,290.477406,39.7319975,2016.0,Transit,,G
kepler-827 b,8.133,,,,Kepler-827,,1.381,5674.0,2046.68,294.9660027,42.7085608,2016.0,Transit,,G
kepler-829 b,1.87,,6.883593,0.0,Kepler-829,0.952,0.84,5707.0,1073.76,282.3328312,42.4638125,2016.0,Transit,874.0,G
kepler-831 b,,,5.62154315,,Kepler-831,1.03,1.02145,5750.35,593.54,294.9855607,42.7277355,2016.0,Transit,,G
kepler-835 b,,,11.41911886,,Kepler-835,1.06,1.42093,5855.0,2406.33,283.5742181,45.7348003,2016.0,Transit,,G
kepler-837 b,2.9,,,,Kepler-837,,0.845,5815.0,901.907,285.2467607,45.95011,2016.0,Transit,,G
kepler-838 b,,,15.74958583,,Kepler-838,1.03,0.89231,5773.0,1104.04,285.4354695,45.975959,2016.0,Transit,,G
kepler-839 b,,,37.8145252,,Kepler-839,1.08,1.56856,5927.07,944.561,291.074684,45.242544,2016.0,Transit,,G
kepler-843 b,,,2.05388429,,Kepler-843,1.0,0.998644,5621.0,1165.66,296.3219786,48.9714373,2016.0,Transit,,G
kepler-846 b,2.052,,,,Kepler-846,,0.83,5781.0,1127.12,287.0570731,49.0460112,2016.0,Transit,,G
kepler-848 b,2.926,,6.91134416,,Kepler-848,1.218,2.006,5722.0,1378.47,293.2882949,48.8116114,2016.0,Transit,,G
kepler-85 b,,,8.30537702,,Kepler-85,0.96,0.864111,5495.0,765.025,290.9734395,45.2902761,2012.0,Transit,,G
kepler-85 c,1.865,,,,Kepler-85,,0.868,5520.0,765.025,290.9734395,45.2902761,2012.0,Transit,,G
kepler-85 d,1.27,,17.9133739,0.0,Kepler-85,0.971,0.872,5695.0,765.025,290.9734395,45.2902761,2014.0,Transit,644.0,G
kepler-85 e,1.21,,25.2152875,0.0,Kepler-85,0.971,0.872,5695.0,765.025,290.9734395,45.2902761,2014.0,Transit,574.0,G
kepler-850 b,1.78,,7.19303878,,Kepler-850,1.06,1.09,5932.0,1661.28,293.0844515,48.5753645,2016.0,Transit,,G
kepler-851 b,1.547,,,,Kepler-851,,0.805,5822.0,839.255,294.6802199,49.1401106,2016.0,Transit,,G
kepler-855 b,8.35,,7.886631104,,Kepler-855,1.03,1.03,5835.0,1506.58,295.0949565,43.537565,2016.0,Transit,,G
kepler-856 b,,,8.0276822757,,Kepler-856,0.93,1.12772,5368.0,1351.17,289.6038379,46.3149097,2016.0,Transit,,G
kepler-857 b,5.56,,85.35129427,0.0,Kepler-857,0.876,0.804,5635.0,983.502,294.6323978,43.4004526,2016.0,Transit,370.0,G
kepler-858 b,6.07620712,,,,Kepler-858,,0.940603,5576.31,298.532,288.8488552,51.2090375,2016.0,Transit,241.17,G
kepler-860 b,,,5.1013840913,,Kepler-860,0.97,0.909132,5529.64,1056.36,295.5772681,46.2547028,2016.0,Transit,,G
kepler-863 b,2.87,,15.59461874,0.0,Kepler-863,0.995,0.929,5900.0,1499.66,297.6644677,43.2489903,2016.0,Transit,718.0,G
kepler-864 b,,,5.83376197,,Kepler-864,1.0,1.33944,5621.0,2022.9,285.0570943,46.3206074,2016.0,Transit,,G
kepler-864 c,,,2.42149592,,Kepler-864,1.0,1.33944,5621.0,2022.9,285.0570943,46.3206074,2023.0,Transit,,G
kepler-867 b,,,150.24187578,,Kepler-867,,,5595.28,1195.54,287.2852554,51.2499499,2016.0,Transit,,G
kepler-868 b,2.22,,5.032589,0.0,Kepler-868,1.023,0.93,5963.0,1593.13,282.3635315,46.6752384,2016.0,Transit,1050.0,G
kepler-869 b,3.25,,40.4287755,0.0,Kepler-869,0.917,0.838,5812.0,939.455,289.4245955,50.9941198,2016.0,Transit,496.0,G
kepler-87 b,13.49,324.2,114.73635,0.036,Kepler-87,1.1,1.82,5600.0,1232.9,297.9168433,46.9651146,2013.0,Transit,478.0,G
kepler-87 c,3.2,,573.96,0.0,Kepler-87,0.956,0.85,5723.0,1232.9,297.9168433,46.9651146,2013.0,Transit,202.0,G
kepler-871 b,3.14,,22.0459018,0.0,Kepler-871,1.065,0.951,5900.0,1976.05,294.5270634,43.3681317,2016.0,Transit,640.0,G
kepler-872 b,,,2.578852119,,Kepler-872,1.0,0.88089,5655.0,879.683,295.4174725,43.6056117,2016.0,Transit,,G
kepler-875 b,3.316,,,,Kepler-875,,1.132,5799.0,1242.62,297.3012497,43.1418313,2016.0,Transit,,G
kepler-877 b,2.3,,18.45847097,0.0,Kepler-877,0.865,0.865,5413.0,602.176,289.8591023,46.5227429,2016.0,Transit,615.0,G
kepler-879 b,2.54,,33.3855938,0.0,Kepler-879,0.974,1.022,5833.0,802.672,295.8065515,50.9097521,2016.0,Transit,580.0,G
kepler-879 c,0.4,,0.646716,,Kepler-879,0.974,1.022,5456.75,802.672,295.8065515,50.9097521,2024.0,Transit,,G
kepler-881 b,1.78,,4.44448017,,Kepler-881,1.06,1.09,5961.0,1375.18,288.9925529,46.6706513,2016.0,Transit,,G
kepler-882 b,,,3.9895436112,,Kepler-882,0.92,0.857919,5325.0,504.605,294.6500256,43.3356106,2016.0,Transit,,G
kepler-883 b,2.018,,12.98495573,,Kepler-883,0.86,1.25,5954.0,627.455,286.433726,50.3002266,2016.0,Transit,,G
kepler-886 b,,,6.2414813034,,Kepler-886,1.05,1.0336,5815.18,711.297,286.2717162,43.5952037,2016.0,Transit,,G
kepler-888 b,1.76,,70.6979061,,Kepler-888,0.97,0.9,5875.0,420.817,295.5212866,49.7386804,2016.0,Transit,,G
kepler-889 b,,,3.7444463906,,Kepler-889,1.09,1.45695,5963.0,598.313,291.467454,50.7595597,2016.0,Transit,,G
kepler-891 b,6.04,,53.44945593,0.0,Kepler-891,1.114,1.0,5919.0,2340.58,291.0837644,40.3552252,2016.0,Transit,486.0,G
kepler-896 b,7.893,,,,Kepler-896,,2.074,5437.0,2334.93,282.4391402,43.7344291,2016.0,Transit,,G
kepler-896 c,,,29.54221239,,Kepler-896,0.92,2.04297,5328.0,2334.93,282.4391402,43.7344291,2023.0,Transit,,G
kepler-897 b,1.95,,8.0472642,0.0,Kepler-897,0.935,0.847,5835.0,1519.25,290.5867992,51.6957731,2016.0,Transit,854.0,G
kepler-899 b,,,19.17896177,,Kepler-899,1.0,1.10257,5652.0,1246.43,297.4825612,40.6807412,2016.0,Transit,,G
kepler-9 c,7.98,,38.90787517,0.0,Kepler-9,1.034,0.956,5779.0,628.257,285.5739904,38.4008192,2010.0,Transit,523.0,G
kepler-9 d,1.527,,,,Kepler-9,,0.984,5788.0,628.257,285.5739904,38.4008192,2010.0,Transit,,G
kepler-902 b,3.0,,40.10999,0.0,Kepler-902,1.024,0.93,5966.0,1165.34,289.7317067,46.953875,2016.0,Transit,527.0,G
kepler-903 b,2.01,,10.3507721,,Kepler-903,0.98,0.97,5682.0,1369.24,288.7710137,40.6641771,2016.0,Transit,,G
kepler-903 c,,,62.92279994,,Kepler-903,0.98,1.63874,5562.0,1369.24,288.7710137,40.6641771,2016.0,Transit,,G
kepler-905 b,1.4,,5.082748362,0.0,Kepler-905,0.961,0.858,5430.0,529.268,290.0511468,46.7134077,2016.0,Transit,928.0,G
kepler-906 b,2.03,,41.6980186,0.0,Kepler-906,1.004,0.971,5997.0,757.791,291.4055614,40.1254254,2016.0,Transit,537.0,G
kepler-908 b,1.22,,1.340597468,,Kepler-908,1.11,1.12,5973.0,290.843,295.3225434,39.3764624,2016.0,Transit,,G
kepler-912 b,2.0,,2.534756273,0.0,Kepler-912,0.808,0.806,5662.0,2004.72,298.1111779,41.758324,2016.0,Transit,1218.0,G
kepler-914 b,1.45,,4.40966548,,Kepler-914,1.112,1.262,5804.0,753.723,290.4120774,44.8993227,2016.0,Transit,,G
kepler-917 b,,,2.97041801,,Kepler-917,1.03,2.43267,5744.0,3460.51,299.0512562,47.9492677,2016.0,Transit,,G
kepler-92 b,,,13.74882953,,Kepler-92,1.07,1.81719,5904.34,477.992,289.0860607,41.5630224,2013.0,Transit,,G
kepler-92 d,1.99,,49.3568849,0.0,Kepler-92,1.207,1.703,5871.0,477.992,289.0860607,41.5630224,2015.0,Transit,639.0,G
kepler-920 b,,,6.53194024,,Kepler-920,0.92,0.946461,5340.0,1001.68,284.2969363,49.1585983,2016.0,Transit,,G
kepler-920 c,4.35,,100.8276725,0.0,Kepler-920,0.856,0.977,5301.0,1001.68,284.2969363,49.1585983,2016.0,Transit,364.0,G
kepler-921 b,2.87,,51.300634,,Kepler-921,0.93,0.91,5663.0,934.49,284.6162253,49.1907438,2016.0,Transit,,G
kepler-922 b,1.357,,0.938466832,,Kepler-922,0.875,0.907,5534.0,536.323,284.7316084,49.533149,2016.0,Transit,,G
kepler-923 b,1.38,,6.93366476,,Kepler-923,1.11,1.26,5988.0,1000.28,294.1710831,40.0551372,2016.0,Transit,,G
kepler-926 b,1.82,,52.0688601,0.0,Kepler-926,0.88,0.802,5693.0,921.361,289.6793396,40.7004265,2016.0,Transit,440.0,G
kepler-927 b,,,9.1151112944,,Kepler-927,0.98,0.978421,5554.0,831.685,289.3834807,41.3926651,2016.0,Transit,,G
kepler-929 b,1.614,,,,Kepler-929,,1.614,5988.0,1311.23,298.4811022,41.6152603,2016.0,Transit,,G
kepler-93 b,1.59,,4.726739475,0.0,Kepler-93,0.909,0.921,5669.0,95.9115,291.4181275,38.6723124,2014.0,Transit,1039.0,G
kepler-93 c,,2701.555,3650.0,,Kepler-93,1.0,0.922487,5655.0,95.9115,291.4181275,38.6723124,2014.0,Radial Velocity,,G
kepler-930 b,2.106,,71.4517775,,Kepler-930,1.081,1.361,5856.0,848.396,298.3144494,42.2473698,2016.0,Transit,,G
kepler-933 b,2.46,,14.20443009,,Kepler-933,0.87,0.84,5346.0,1017.2,289.5685257,43.5385438,2016.0,Transit,,G
kepler-937 b,,,67.6690554,,Kepler-937,1.01,1.43698,5660.37,1571.46,294.1688142,46.7146161,2016.0,Transit,,G
kepler-937 c,,,153.3506228,,Kepler-937,1.01,1.43698,5660.37,1571.46,294.1688142,46.7146161,2016.0,Transit,,G
kepler-938 b,3.68,,52.6298542,0.0,Kepler-938,0.933,1.433,5339.0,1182.05,294.7890593,46.9839352,2016.0,Transit,544.0,G
kepler-939 b,1.75,,14.878296,,Kepler-939,0.88,0.85,5471.0,2093.62,293.8656181,47.0268148,2016.0,Transit,,G
kepler-940 b,,,59.6220946208,,Kepler-940,0.97,1.02988,5505.07,1260.78,294.2413053,47.2759642,2016.0,Transit,,G
kepler-943 b,,,49.7690354687,,Kepler-943,0.99,1.70909,5580.0,2300.53,284.2739322,41.5349809,2016.0,Transit,,G
kepler-944 b,2.63,,43.3167737,,Kepler-944,0.86,0.83,5409.0,1349.43,293.6012911,42.379791,2016.0,Transit,,G
kepler-946 b,,,11.79161234,,Kepler-946,1.06,1.13658,5849.0,1137.29,300.9295551,44.028671,2016.0,Transit,,G
kepler-947 b,,,26.96456482,,Kepler-947,0.96,1.30237,5490.0,1730.78,294.3667312,42.2526408,2016.0,Transit,,G
kepler-948 b,1.79,,7.76846622,0.0,Kepler-948,0.906,0.92,5798.0,868.017,293.3002774,41.5233244,2016.0,Transit,900.0,G
kepler-950 b,13.468,,,,Kepler-950,,1.514,5819.0,2161.6,287.9565768,41.1302834,2016.0,Transit,,G
kepler-952 b,,,130.354961333,,Kepler-952,1.0,1.17191,5637.0,1304.25,285.3718781,41.9938697,2016.0,Transit,,G
kepler-953 b,4.55,,88.40678718,0.0,Kepler-953,1.026,1.073,5611.0,258.893,288.9716297,44.6246451,2016.0,Transit,410.0,G
kepler-953 c,1.19,,9.10967112,,Kepler-953,0.95,0.99,5416.0,258.893,288.9716297,44.6246451,2016.0,Transit,,G
kepler-955 b,3.19,,14.53244172,0.0,Kepler-955,0.802,0.86,5345.0,550.383,288.4714969,40.2698157,2016.0,Transit,664.0,G
kepler-956 b,,,5.24866995,,Kepler-956,1.08,1.00889,5921.42,544.939,292.5308289,49.0616555,2016.0,Transit,,G
kepler-958 b,1.994,,9.7678805,,Kepler-958,0.898,0.822,5419.0,449.773,287.2566578,46.0667247,2016.0,Transit,,G
kepler-96 b,2.65,,16.238465,0.0,Kepler-96,0.995,1.017,5692.0,122.881,297.0698263,40.5252039,2014.0,Transit,716.0,G
kepler-961 b,,,16.87725775,,Kepler-961,0.98,0.864387,5553.0,574.314,282.0354942,43.6312491,2016.0,Transit,,G
kepler-962 b,1.97,,12.05707239,,Kepler-962,0.93,0.86,5478.0,411.486,295.3131906,46.2375024,2016.0,Transit,,G
kepler-963 b,2.89,,9.97683705,0.0,Kepler-963,0.821,0.928,5500.0,771.494,296.7529742,45.0411049,2016.0,Transit,802.0,G
kepler-963 c,0.6,,0.919783,,Kepler-963,0.821,0.928,5169.47,771.494,296.7529742,45.0411049,2024.0,Transit,,G
kepler-964 b,4.15,,13.5225106,0.0,Kepler-964,1.08,1.626,5659.0,454.626,295.300065,40.5565792,2016.0,Transit,943.0,G
kepler-966 b,,,99.7468804,,Kepler-966,0.99,1.39009,5598.0,1027.8,297.270576,50.1218365,2016.0,Transit,,G
kepler-969 c,1.16,,1.682934604,0.0,Kepler-969,0.835,0.952,5346.0,390.354,288.3724989,47.9335642,2016.0,Transit,1424.0,G
kepler-97 b,1.48,3.51,2.58664,,Kepler-97,0.94,0.98,5779.0,400.907,287.3265292,48.6733443,2014.0,Transit,,G
kepler-97 c,,344.0,789.0,,Kepler-97,0.94,0.98,5779.0,400.907,287.3265292,48.6733443,2014.0,Radial Velocity,,G
kepler-971 b,3.93,,9.59068586,0.0,Kepler-971,0.819,1.673,5476.0,338.522,284.0945699,41.1828131,2016.0,Transit,1087.0,G
kepler-976 b,3.79,,105.9566815,0.0,Kepler-976,0.891,0.8,5327.0,1012.41,289.8696232,46.7296855,2016.0,Transit,324.0,G
kepler-980 b,2.641,,,,Kepler-980,,1.287,5831.0,961.468,294.6129869,45.060174,2016.0,Transit,,G
kepler-981 b,2.27,,4.469757736,0.0,Kepler-981,1.021,0.934,5988.0,878.082,289.2489051,47.6501141,2016.0,Transit,1104.0,G
kepler-984 b,3.01,,43.0342272,0.0,Kepler-984,0.948,1.341,5650.0,460.188,296.9588566,46.3940661,2016.0,Transit,594.0,G
kepler-985 b,,,116.3311739,,Kepler-985,0.95,0.809632,5451.0,679.361,290.144339,44.0498808,2016.0,Transit,,G
kepler-986 b,,,56.43504953,,Kepler-986,0.97,1.03752,5515.94,548.364,293.0940391,42.8964457,2016.0,Transit,,G
kepler-987 b,3.18,,105.3035093,0.0,Kepler-987,0.914,0.875,5534.0,914.126,289.4110582,46.1308443,2016.0,Transit,351.0,G
kepler-990 b,,,9.9172227466,,Kepler-990,0.97,1.03161,5521.54,802.163,297.9381813,46.8813194,2016.0,Transit,,G
kepler-990 c,1.355,,0.538354308,,Kepler-990,0.86,0.96,5577.0,802.163,297.9381813,46.8813194,2016.0,Transit,,G
kepler-998 b,,,5.65376987,,Kepler-998,1.05,1.22732,5822.0,986.364,296.7541629,49.2087085,2016.0,Transit,,G
ltt 9779 b,4.72,29.32,0.7920641,0.058,LTT 9779,1.02,0.949,5480.0,80.4373,358.6688767,-37.6282237,2020.0,Transit,1978.0,G
moa-2010-blg-477l b,,480.0,,,MOA-2010-BLG-477L,0.67,,5950.0,2300.0,271.531006,-31.4544773,2012.0,Microlensing,,G
moa-2022-blg-091l b,,1141.00398113,,,MOA-2022-BLG-091L,0.75,,,4250.0,268.9422083,-32.3414389,2025.0,Microlensing,,G8 V
ngc 2682 ybp 1194 b,,108.06,6.958,0.24,NGC 2682 YBP 1194,1.01,0.99,5780.0,872.92,132.7533077,11.8146537,2014.0,Radial Velocity,,G5 V
ngc 2682 ybp 1514 b,,127.13,5.118,0.39,NGC 2682 YBP 1514,0.96,0.89,5725.0,914.221,132.7531307,11.8865128,2014.0,Radial Velocity,,G5 V
ngts-10 b,19.27626769,,0.7668220579,,NGTS-10,,1.0,5780.0,,91.8722801,-25.5948963,2020.0,Transit,1991.33,G
ngts-12 b,11.747032,66.10864,7.532806,0.0,NGTS-12,1.021,1.589,5690.0,446.442,176.2499418,-35.640563,2020.0,Transit,1257.0,G
ngts-13 b,9.06392,,4.1197036,,NGTS-13,,1.79,5848.8,647.595,176.2402326,-38.1397158,2021.0,Transit,1584.0,G
ngts-15 b,10.43485812,,3.27579445185,,NGTS-15,,0.955708,5620.0,786.485,73.3553101,-32.8003484,2021.0,Transit,1166.53,G
ngts-16 b,14.57167491,211.99154747,4.84532,0.0,NGTS-16,1.002,1.213,5550.0,898.168,58.2639299,-30.8046405,2021.0,Transit,1177.0,G7 V
ngts-17 b,13.89913607,242.82090295,3.24253,0.0,NGTS-17,1.025,1.337,5650.0,1040.28,72.9005729,-34.2262128,2021.0,Transit,1457.0,G4 V
ngts-18 b,13.56286665,129.99181846,3.05125,0.0,NGTS-18,1.003,1.392,5610.0,1096.19,180.5462193,-35.5486091,2021.0,Transit,1381.0,G5 V
ngts-20 b,11.99360935,947.12865286,54.18915,0.432,NGTS-20,1.47,1.78,5980.0,382.898,46.2926368,-21.9336472,2022.0,Transit,688.0,G1 IV
ngts-24 b,13.60770257,165.27077164,3.4678796,0.0,NGTS-24,1.26,1.64,5820.0,683.062,168.5638892,-37.9101328,2022.0,Transit,1499.0,G2 IV
ngts-26 b,14.88552637,92.80589484,4.5199279,0.0,NGTS-26,0.96,1.16,5550.0,1093.69,217.6832961,-31.7324526,2024.0,Transit,1331.0,G
ngts-27 b,15.64773706,188.47224535,3.3704181,0.0,NGTS-27,1.07,1.77,5700.0,942.122,206.0265266,-32.5229747,2024.0,Transit,1783.0,G
ngts-3 a b,16.58932,756.4354,1.6753728,,NGTS-3 A,1.017,0.93,5600.0,743.972,94.4447595,-35.706364,2018.0,Transit,,G6 V
ngts-30 b,10.40193409,305.11527072,98.29838,0.294,NGTS-30,0.94,0.913,5455.0,238.377,173.714867,-24.6054801,2024.0,Transit,500.0,G
ngts-31 b,18.04645893,355.96781584,4.162734,0.0,NGTS-31,0.96,1.7,5710.0,497.376,80.4212533,-38.656827,2025.0,Transit,1410.0,G
ngts-32 b,15.91675259,181.16219199,3.31211,0.0,NGTS-32,1.07,1.85,5680.0,837.457,223.8576228,-18.4323191,2025.0,Transit,1750.0,G
ogle-2012-blg-0026l b,,35.0,,,OGLE-2012-BLG-0026L,0.82,,,4080.0,263.5779167,-27.14275,2012.0,Microlensing,,G5 V
ogle-2018-blg-0740l b,,1200.0,,,OGLE-2018-BLG-0740L,0.83,,5912.0,4200.0,272.1769583,-29.8358056,2019.0,Microlensing,,G
ogle-2019-blg-0468l b,,1020.22918647,,,OGLE-2019-BLG-0468L,0.92,,,4400.0,266.406,-24.4472778,2022.0,Microlensing,,G
ogle-2019-blg-0468l c,,3222.78004698,,,OGLE-2019-BLG-0468L,0.92,,,4400.0,266.406,-24.4472778,2022.0,Microlensing,,G
ogle-tr-182 b,16.47723,336.8998,3.9791,,OGLE-TR-182,1.187,1.53,5924.0,2501.75,167.3279228,-61.0952624,2007.0,Transit,1550.0,G
ph2 b,9.33708092,87.08498352,282.52542,0.215,PH2,0.966,0.949,5734.0,343.863,289.7636212,51.962683,2013.0,Transit,295.1,G
pz tel b,,8581.366989,44000.0,0.52,PZ Tel,1.36,,,47.0648,283.2745823,-50.1808952,2023.0,Imaging,,G9 IV
qatar-3 b,12.285064,1369.8473,2.5079204,0.0,Qatar-3,1.145,1.272,6007.0,735.601,359.1519716,36.2129562,2017.0,Transit,1681.0,G0 V
qatar-5 b,12.408363,1373.0256,2.8792319,0.0,Qatar-5,1.128,1.076,5747.0,367.658,7.0539375,42.0613451,2017.0,Transit,1415.0,G2 V
qatar-8 b,15.2308,,3.7146478,,Qatar-8,,1.32,5783.0,281.498,157.4123405,70.5270835,2019.0,Transit,1432.0,G
tic 117642575 b,2.82716337,,4.94459060181,,TIC 117642575,,1.08102,5719.98,188.758,9.4800698,-37.0662905,2026.0,Transit,,G
tic 139270665 b,7.22979255,147.15455244,23.624,0.105,TIC 139270665,1.035,1.016,5844.0,189.875,124.0338967,33.2914532,2024.0,Transit,703.0,G2
tic 139270665 c,,1554.18091023,1010.0,0.566,TIC 139270665,1.035,1.016,5844.0,189.875,124.0338967,33.2914532,2024.0,Radial Velocity,200.0,G2
tic 139702105 b,2.45316949,,6.83601903383,,TIC 139702105,,1.25423,5742.35,91.7884,66.498034,-18.214545,2026.0,Transit,,G
tic 161045582 b,2.24566738,,8.85577189959,,TIC 161045582,,1.07976,5683.87,162.246,223.6258514,49.097725,2026.0,Transit,,G
tic 178172313 b,2.80405322,,4.3731816136,,TIC 178172313,,0.84345,5405.59,178.137,43.4062672,-32.077048,2026.0,Transit,,G
tic 183374187 b,14.03364384,177.98390792,5.05907,0.506,TIC 183374187,0.853,1.344,5768.0,1208.75,357.6160382,-41.4124228,2026.0,Transit,1379.0,G
tic 188624430 b,3.64811843,,6.21860433132,,TIC 188624430,,0.786574,5369.46,300.743,258.5566927,53.7060189,2026.0,Transit,,G
tic 237913194 b,11.79529659,,15.16897229768,,TIC 237913194,,1.12898,5713.0,306.063,22.4458116,-60.7399096,2020.0,Transit,770.71,G
tic 249022743 b,4.79568155,,2.25719681538,,TIC 249022743,,1.2084,5567.58,396.46,78.5762192,-3.4466123,2026.0,Transit,,G
tic 279401253 b,11.2089807,1951.46641898,76.8,0.448,TIC 279401253,1.13,1.06,5951.0,285.584,57.6572277,-15.0262251,2023.0,Transit,,G
tic 279401253 c,,2548.98382414,155.3,0.254,TIC 279401253,1.13,1.06,5951.0,285.584,57.6572277,-15.0262251,2023.0,Transit,,G
tic 290487717 b,6.63777941,,3.400818229,,TIC 290487717,,0.943767,5328.97,395.574,139.0870563,2.5508053,2026.0,Transit,,G
tic 32032563 b,3.47739942,,13.83460487791,,TIC 32032563,,1.00188,5567.93,507.858,56.0905221,-68.8580554,2026.0,Transit,,G
tic 320419023 b,2.77280763,,5.26375651589,,TIC 320419023,,0.952319,5703.36,288.893,118.0726215,11.8241773,2026.0,Transit,,G
tic 356227008 b,2.39024009,,2.96147448702,,TIC 356227008,,0.959792,5731.86,387.609,267.2508238,50.130808,2026.0,Transit,,G
tic 393818343 b,,,,,TIC 393818343,,,,93.7345,310.2917002,3.6382967,2024.0,Transit,,G0
tic 434398831 b,3.51,,3.685504,0.04,TIC 434398831,0.992,0.909,5638.0,217.011,93.9592639,16.0238459,2025.0,Transit,1250.0,G4 V
tic 434398831 c,5.63,,6.210291,0.013,TIC 434398831,0.992,0.909,5638.0,217.011,93.9592639,16.0238459,2025.0,Transit,1050.0,G4 V
tic 445839811 b,2.47771211,,11.1086260318,,TIC 445839811,,0.850041,5408.25,235.655,200.1188173,48.4072699,2026.0,Transit,,G
tic 4672985 b,11.5004142,4049.13390518,69.048,0.018,TIC 4672985,1.01,1.15,5757.0,253.385,38.4706782,-10.6573827,2024.0,Transit,517.2,G
tic 62895484 b,3.49391667,,2.83985434327,,TIC 62895484,,0.874291,5520.79,294.857,116.6385519,22.5903733,2026.0,Transit,,G
tic 65612701 b,5.07802804,,10.22467974953,,TIC 65612701,,1.73709,5692.29,151.624,310.4738195,36.3388288,2026.0,Transit,,G
tic 77319217 b,3.10879526,,7.54830765124,,TIC 77319217,,1.18439,5961.52,267.62,71.0406969,-39.8976018,2026.0,Transit,,G
tic 86380416 b,2.4123612,,6.0408643461,,TIC 86380416,,0.989724,5723.74,244.68,145.160376,65.7327948,2026.0,Transit,,G
toi-1011 b,1.45,4.04,2.470498,0.0,TOI-1011,0.91,0.92,5475.0,52.62,113.9847611,-32.8419988,2025.0,Transit,,G
toi-1036 b,5.98375,,3.7795212,,TOI-1036,,1.18,5771.0,184.015,157.8671116,-42.2404483,2026.0,Transit,1294.0,G
toi-1052 b,3.0629855,,9.13980396599,,TOI-1052,,1.58,5958.2,129.804,337.5102738,-75.6465606,2023.0,Transit,1006.99,G
toi-1062 b,2.30057,,4.1150576,,TOI-1062,,0.89,5394.0,82.1733,38.1209678,-78.0236828,2021.0,Transit,826.0,G
toi-1062 c,,9.78,7.972,0.14,TOI-1062,0.94,0.84,5328.0,82.1733,38.1209678,-78.0236828,2021.0,Radial Velocity,859.0,G9 V
toi-1117 b,2.46,8.9,2.22816,0.0,TOI-1117,0.97,1.05,5635.0,167.598,273.6020606,-66.4199742,2025.0,Transit,1538.0,G5 V
toi-1117 c,,8.78,4.579,0.0,TOI-1117,0.97,1.05,5635.0,167.598,273.6020606,-66.4199742,2025.0,Radial Velocity,1210.0,G5 V
toi-1117 d,,10.71,8.665,0.0,TOI-1117,0.97,1.05,5635.0,167.598,273.6020606,-66.4199742,2025.0,Radial Velocity,978.0,G5 V
toi-1135 b,9.02,51.42,8.02773,0.0,TOI-1135,1.125,1.16,6122.0,114.048,193.3963704,85.1294952,2024.0,Transit,1198.9,G0
toi-1136 b,1.9,,4.17278,0.031,TOI-1136,1.022,0.968,5770.0,84.5362,192.1848981,64.8552755,2022.0,Transit,,G
toi-1136 c,2.879,,6.25725,0.117,TOI-1136,1.022,0.968,5770.0,84.5362,192.1848981,64.8552755,2022.0,Transit,,G
toi-1136 d,,8.35,12.5199,0.042,TOI-1136,1.022,0.968,5770.0,84.5362,192.1848981,64.8552755,2022.0,Transit,843.0,G
toi-1136 e,,6.07,18.801,0.0425,TOI-1136,1.022,0.968,5770.0,84.5362,192.1848981,64.8552755,2022.0,Transit,737.0,G
toi-1136 f,3.88,,26.3162,0.012,TOI-1136,1.022,0.968,5770.0,84.5362,192.1848981,64.8552755,2022.0,Transit,,G
toi-1136 g,2.53,12.2,39.5387,0.0,TOI-1136,1.0404,0.9573,5805.0,84.5362,192.1848981,64.8552755,2022.0,Transit,574.0,G
toi-1173 b,9.19,27.4,7.06466,0.023,TOI-1173,0.911,0.934,5350.0,132.353,197.6830975,70.7680117,2024.0,Transit,868.0,G9
toi-1194 b,8.5972882,144.92975359,2.310644,0.076,TOI-1194,1.007,0.963,5446.0,149.667,167.8214811,69.9647749,2023.0,Transit,1391.0,G
toi-1199 b,10.678,,3.6714717,,TOI-1199,,1.54,5618.0,248.427,166.8806581,61.3525723,2024.0,Transit,1182.0,G
toi-1203 b,1.52,3.51,4.1572888,0.067,TOI-1203,0.886,1.179,5737.0,64.9943,168.2267358,-34.4069371,2025.0,Radial Velocity,1361.2,G3 V
toi-1203 c,,5.46,13.0766,0.092,TOI-1203,0.886,1.179,5737.0,64.9943,168.2267358,-34.4069371,2025.0,Radial Velocity,,G3 V
toi-1203 e,,42.1,204.59,0.152,TOI-1203,0.886,1.179,5737.0,64.9943,168.2267358,-34.4069371,2025.0,Radial Velocity,,G3 V
toi-1203.01,2.9641461,,25.51953069147,,TOI-1203,,1.17321,5742.22,64.9943,168.2267358,-34.4069371,2021.0,Transit,662.89,G
toi-1221 b,3.23985502,,91.68278322762,,TOI-1221,,1.01814,5802.0,138.411,107.9210254,-65.5088568,2023.0,Transit,399.08,G
toi-1226 b,2.4101112,,3.92880881576,,TOI-1226,,0.986943,5434.91,257.93,103.7548364,-69.8671293,2026.0,Transit,,G
toi-1230.01,3.23968384,,25.05713123288,,TOI-1230,,1.15281,5696.0,143.138,118.1295936,-83.8250629,2021.0,Transit,688.61,G
toi-1232 b,10.92875618,220.57291446,14.256,0.065,TOI-1232,1.058,1.072,5823.0,328.604,116.501399,-61.8797935,2026.0,Transit,,G1 V
toi-1232 c,,58.48042689,30.356,0.027,TOI-1232,1.058,1.072,5823.0,328.604,116.501399,-61.8797935,2026.0,Transit Timing Variations,,G1 V
toi-1233.01,,,14.175876,0.17,HD 108236,0.97,0.888,5730.0,64.5978,186.5740627,-51.3630519,2021.0,Transit,,G3 V
toi-1249 b,3.2710301,11.9,13.079151,0.0,TOI-1249,1.0062,0.9785,5497.0,139.49,200.5615762,66.3085331,2024.0,Transit,726.89,G
toi-1269 b,2.34833829,,4.25296414061,,TOI-1269,,0.848906,5591.0,172.138,249.6966397,64.559181,2024.0,Transit,994.53,G
toi-1269 c,2.22995,,9.2378703,,TOI-1269,,0.85,5591.0,172.138,249.6966397,64.559181,2026.0,Transit,757.0,G
toi-1273 b,9.34848,,4.6313014,,TOI-1273,,1.07,5736.0,177.118,214.1208564,58.3902534,2024.0,Transit,1078.0,G
toi-1279 b,3.22647351,,9.61416356822,,TOI-1279,,0.840608,5477.0,107.055,185.0628734,56.2014094,2024.0,Transit,749.9,G
toi-1288 c,,85.7,416.0,0.0,TOI-1288,0.9552,0.9583,5388.0,114.865,313.1670294,65.6087833,2022.0,Radial Velocity,,G
toi-1294 b,10.12369881,63.9,3.915292,0.0,TOI-1294,1.1578,1.5566,5718.0,332.648,223.0926408,70.4765573,2024.0,Transit,1392.74,G
toi-1294 c,,147.0,159.9,0.0,TOI-1294,1.1578,1.5566,5718.0,332.648,223.0926408,70.4765573,2024.0,Radial Velocity,,G
toi-1296 b,14.11645916,95.3,3.9443736,0.0,TOI-1296,1.1576,1.7031,5567.0,323.265,256.7706392,70.2384806,2021.0,Transit,1414.84,G
toi-1298 b,9.42675277,113.14691289,4.537164,0.032,TOI-1298,1.44,1.412,5889.0,319.036,241.3229012,70.1900397,2021.0,Transit,1388.0,G
toi-132 b,,,2.1096935,,TOI-132,0.97,0.9,5397.0,163.678,338.3996623,-43.436872,2020.0,Transit,,G8 V
toi-1347 b,1.81434694,12.2,0.84742431,0.0,TOI-1347,0.9279,0.8401,5493.0,147.476,280.3266806,70.2900536,2024.0,Transit,1698.5,G
toi-1386 b,4.31235,,25.8386422,,TOI-1386,,1.03,5769.0,146.858,334.5041029,54.3190454,2024.0,Transit,667.0,G
toi-1386 c,,98.20897776,227.6,0.27,TOI-1386,1.038,1.015,5793.0,146.858,334.5041029,54.3190454,2024.0,Radial Velocity,327.4,G5V
toi-1420 b,12.09082297,,6.95611336692,,TOI-1420,,0.940037,5387.0,201.918,322.9418092,66.3490054,2023.0,Transit,872.5,G
toi-1422 b,3.96,9.0,12.9972,0.04,TOI-1422,0.981,1.019,5840.0,155.141,354.240829,39.6392793,2022.0,Transit,867.0,G2 V
toi-1422 c,2.61,14.0,34.5633,0.2,TOI-1422,,,,155.141,354.240829,39.6392793,2025.0,Radial Velocity,628.0,G2 V
toi-1438 c,2.49195,,9.4280902,,TOI-1438,,0.82,5374.0,110.513,280.9237844,74.9378327,2025.0,Transit,623.0,G
toi-1439 b,3.68027,,27.6438617,,TOI-1439,,1.62,5873.0,230.306,241.7639371,67.8776404,2024.0,Transit,801.0,G
toi-1444 b,1.42,3.34,0.470269,,TOI-1444,0.88,0.91,5377.0,125.463,305.4749252,70.9437054,2021.0,Transit,,G
toi-1451 b,2.61143902,15.2,16.537944,0.0,TOI-1451,1.0022,1.0162,5801.0,91.9362,186.5242821,61.2589289,2024.0,Transit,723.33,G
toi-1478 b,,,10.1803074,0.024,TOI-1478,0.947,1.048,5597.0,152.892,126.4337428,-13.5595485,2021.0,Transit,,G
toi-157 b,,,2.08453882,,TOI-157,0.948,1.167,5404.0,355.683,73.7014398,-76.6806061,2020.0,Transit,,G9 IV
toi-1601 b,14.6101,,5.33155,,TOI-1601,,2.22,5917.0,336.608,38.361569,41.0134321,2021.0,Transit,1593.0,G
toi-1630.01,2.417,,12.055734733,,TOI-1630,0.95,0.83,5504.0,66.0929,352.0166759,75.5526069,2024.0,Transit,,G
toi-1659.01,2.18229043,,5.87755477969,,TOI-1659,,1.00568,5977.0,122.494,277.9251938,82.3059487,2024.0,Transit,1031.14,G
toi-1669 b,,182.11567721,502.0,0.14,TOI-1669,1.0,,5542.3,111.276,45.9564744,83.5874273,2023.0,Radial Velocity,,G
toi-1669 c,2.2963977,13.0,2.6800535,0.0,TOI-1669,0.9867,1.0561,5497.0,111.276,45.9564744,83.5874273,2024.0,Transit,1285.16,G
toi-169 b,,,2.2554454,,TOI-169,1.147,1.288,5880.0,407.84,16.7786879,-75.1989452,2020.0,Transit,,G1 V
toi-1691 b,2.88015,,16.7368995,,TOI-1691,,1.0,5759.0,111.445,272.4041179,86.860343,2024.0,Transit,834.0,G
toi-1710 b,5.20315158,22.4,24.283377,0.0,TOI-1710,1.0258,0.9574,5684.0,81.2271,94.2838373,76.21102,2022.0,Transit,602.99,G
toi-1716.01,3.143,,8.082376554,,TOI-1716,1.07,1.24,5879.0,104.158,105.0833291,56.8241941,2024.0,Transit,,G
toi-1718 b,4.24332,,5.5870396,,TOI-1718,,0.94,5378.0,52.3044,112.0180254,30.3217322,2026.0,Transit,948.0,G
toi-172 b,,,9.476936,0.3806,TOI-172,1.128,1.777,5645.0,342.831,316.6318791,-26.6928654,2019.0,Transit,,G
toi-1723 b,2.95921,,13.7270395,,TOI-1723,,1.09,5777.0,100.727,116.7971978,68.4766845,2024.0,Transit,802.0,G
toi-1736 b,2.44,12.8,7.073088,0.21,TOI-1736,1.08,1.15,5807.0,88.9482,43.4344615,69.101345,2023.0,Transit,1076.0,G
toi-1736 c,,2477.0,571.3,0.369,TOI-1736,1.06,1.38,5670.0,88.9482,43.4344615,69.101345,2023.0,Radial Velocity,274.0,G
toi-1742 b,1.87711,,21.2690422,,TOI-1742,,1.16,5707.0,72.8871,257.3288678,71.8766724,2024.0,Transit,770.0,G
toi-1751 b,2.77,14.5,37.46849,0.0,TOI-1751,0.9,1.2,5996.0,113.335,243.4888534,63.5335297,2024.0,Transit,,G
toi-1753 b,2.61706334,,5.38462389661,,TOI-1753,,0.959022,5700.0,226.671,252.4698351,61.1735768,2024.0,Transit,1001.76,G
toi-1768.01,3.2807,,7.3377236,,TOI-1768,,1.1,5994.0,157.597,152.1027826,55.5399599,2024.0,Transit,1566.0,G
toi-1772.01,2.905,,8.054246874,,TOI-1772,0.99,0.995,5583.0,97.7562,156.837704,34.3909497,2024.0,Transit,,G
toi-1774.01,2.9,,16.71,,TOI-1774,1.06,1.09271,5853.7,53.974,148.1619305,35.111008,2021.0,Transit,,G
toi-1776 b,1.21612741,1.4,2.799868,0.0,TOI-1776,0.9196,0.9356,5785.0,44.647,164.7772913,40.9837182,2024.0,Transit,1269.21,G
toi-1777.01,1.81908,,14.6503935,,TOI-1777,,0.98,5859.45,79.7665,151.807032,46.1148814,2024.0,Transit,580.0,G
toi-1794 b,3.33026651,,8.76554684874,,TOI-1794,,1.29921,5707.0,155.791,203.3974857,49.0608433,2024.0,Transit,992.06,G
toi-1799 b,1.642,,7.094570865,,TOI-1799,1.01,0.957,5690.0,62.1274,167.2329152,34.3030149,2024.0,Transit,,G
toi-1820 b,12.778238,731.0053361,4.860674,0.043,TOI-1820,1.04,1.51,5734.0,248.504,187.6867207,27.4520016,2022.0,Transit,1375.0,G
toi-1839 b,2.21895097,,1.42378440907,,TOI-1839,,0.848099,5315.91,116.086,196.8331106,5.8520458,2026.0,Transit,,G
toi-1839 c,2.40867246,,4.02393854207,,TOI-1839,,0.848099,5315.91,116.086,196.8331106,5.8520458,2026.0,Transit,,G
toi-1855 b,19.5876,,1.3641482,,TOI-1855,,1.08,5347.0,176.833,205.3539534,17.6868719,2024.0,Transit,1505.0,G
toi-1860 b,1.0883,,1.0662082,,TOI-1860,,0.93,5668.0,45.864,226.4567308,64.0476821,2022.0,Transit,1515.0,G
toi-1873 b,2.86356397,,7.00572708834,,TOI-1873,,0.971675,5597.99,182.014,212.5684755,84.3718582,2026.0,Transit,,G
toi-1937 a b,13.97759893,638.83509807,0.94667944,0.0,TOI-1937 A,1.072,1.08,5814.0,415.135,116.3707214,-52.3832587,2023.0,Transit,2097.0,G
toi-199 b,10.05196383,,104.87242523178,,TOI-199,,0.88,5350.0,102.27,80.1058735,-59.8954326,2023.0,Transit,476.27,G
toi-199 c,,88.99195396,273.69,0.096,TOI-199,0.936,0.82,5255.0,102.27,80.1058735,-59.8954326,2023.0,Transit Timing Variations,,G9 V
toi-2000 b,2.7,11.0,3.09833,0.0,TOI-2000,1.082,1.134,5611.0,175.713,146.3970631,-66.6866307,2023.0,Transit,1488.0,G
toi-2000 c,8.34235,,9.1270519,,TOI-2000,,1.18,5400.0,175.713,146.3970631,-66.6866307,2023.0,Transit,970.0,G
toi-2019 b,5.33275337,34.4,15.3444,0.0,TOI-2019,1.1832,1.7457,5626.0,198.007,234.4317651,48.955206,2024.0,Transit,917.46,G
toi-2025 b,12.52043144,1398.4449908,8.872078,0.41,TOI-2025,1.32,1.56,5880.0,335.985,282.7952558,82.2454143,2022.0,Transit,1167.0,G
toi-2071 b,2.58758199,,5.67393360152,,TOI-2071,,1.00286,5873.3,231.311,256.6011813,57.6610327,2026.0,Transit,1029.33,G
toi-2092 b,2.94892961,,4.30325528074,,TOI-2092,,1.0519,5842.06,176.759,212.5474866,45.5638685,2026.0,Transit,,G
toi-2107 b,14.183,,2.45457,,TOI-2107,,0.97,5565.0,236.705,286.7965405,-58.6968348,2024.0,Transit,1322.0,G
toi-2128 b,2.08874836,4.5,16.34136,0.0,TOI-2128,1.0251,1.1174,5968.0,36.578,256.9817998,32.1053027,2024.0,Transit,780.53,G
toi-2141 b,2.85973,,18.2616878,,TOI-2141,,0.94,5674.0,77.682,258.7623456,18.3403449,2023.0,Transit,767.0,G
toi-2141 c,,6.14,5.4624,,TOI-2141,0.896,0.95,5635.0,77.682,258.7623456,18.3403449,2025.0,Radial Velocity,1095.0,G
toi-2141 d,,14.9,60.45,,TOI-2141,0.896,0.95,5635.0,77.682,258.7623456,18.3403449,2025.0,Radial Velocity,491.4,G
toi-2158 b,10.7988,,8.6007557,,TOI-2158,,1.5,5389.0,198.473,276.8100527,20.5268868,2022.0,Transit,837.0,G
toi-2180 b,,,260.15764,,TOI-2180,1.111,1.636,5695.0,116.685,277.94363,56.6506789,2022.0,Transit,,G5
toi-2184 b,11.39953337,206.58846455,6.90683,0.08,TOI-2184,1.53,2.9,5966.0,788.317,100.8331246,-66.9476563,2022.0,Transit,,G
toi-2193 a b,19.83989584,298.75870258,2.1225735,0.0,TOI-2193 A,1.082,1.248,5966.0,337.064,313.691232,-72.8046404,2022.0,Transit,1763.0,G
toi-2196 b,3.51,26.0,1.1947268,0.0,TOI-2196,1.032,1.043,5634.0,259.947,312.3400744,-70.4850723,2022.0,Transit,1860.0,G V
toi-2227 b,2.81922,,4.2217717,,TOI-2227,,1.21,5763.48,165.441,337.5177563,-67.8501459,2026.0,Transit,1164.0,G
toi-2260 b,1.62,,0.3524728,,TOI-2260,0.99,0.94,5534.0,101.251,247.6669998,49.0467891,2022.0,Transit,2609.0,G V
toi-2295 b,7.64759,,60.06632,,TOI-2295,,1.47,5660.0,126.279,281.5761962,50.4924657,2024.0,Transit,709.0,G
toi-2295 c,,1783.01736327,966.5,0.194,TOI-2295,1.168,1.459,5730.0,126.279,281.5761962,50.4924657,2024.0,Radial Velocity,234.9,G
toi-2328 b,9.97599282,50.85254512,17.10197,0.057,TOI-2328,0.95,0.9,5525.0,231.782,31.6907424,-81.247376,2025.0,Transit,842.0,G
toi-2338 b,12.2765,,22.6539607,,TOI-2338,,1.12,5523.0,313.996,81.3445824,-34.6682491,2023.0,Transit,537.0,G
toi-2364 b,8.60849718,71.51139158,4.0197517,0.0,TOI-2364,0.954,0.886,5306.0,219.614,89.1300265,-5.0120298,2023.0,Transit,1091.0,G
toi-2368 b,10.83908434,206.58846455,5.1750073,0.061,TOI-2368,0.897,0.846,5360.0,210.915,134.9576234,-48.4884929,2024.0,Transit,1000.0,G
toi-2373 b,11.2448,,13.3368173,,TOI-2373,,1.2,5517.0,508.686,61.6862197,-16.7557546,2023.0,Transit,805.0,G
toi-2382 b,12.77097465,,4.66120249661,,TOI-2382,,1.52373,5884.5,434.92,356.3751852,-16.114124,2025.0,Transit,1366.46,G
toi-2416 b,9.86390302,953.485221,8.275479,0.32,TOI-2416,1.118,1.236,5808.0,557.733,57.3389409,-60.7871861,2023.0,Transit,1080.0,G
toi-2421 b,10.36830715,105.83685953,4.3474032,0.0,TOI-2421,1.131,1.75,5607.0,327.927,33.1540208,-35.3909182,2022.0,Transit,1534.0,G
toi-2447 b,10.2185,,,,TOI-2447,,1.04,5825.0,148.987,70.9975864,-31.9066369,2024.0,Transit,719.0,G
toi-2449 b,11.24,222.0,106.14468,0.098,TOI-2449,1.079,1.065,6021.0,156.786,67.984371,-34.4555327,2025.0,Transit,400.0,G
toi-2498 b,4.77412302,,3.73823810638,,TOI-2498,,1.29068,5938.0,275.265,95.4162204,11.2516477,2023.0,Transit,1352.36,G
toi-251 b,,,4.9377254,,TOI-251,1.036,0.881,5875.0,99.523,353.0620655,-37.2558629,2021.0,Transit,,G
toi-2524 b,11.2089807,203.41018048,7.18585,0.0,TOI-2524,1.007,1.119,5831.0,438.842,160.8868435,-1.9126984,2023.0,Transit,1100.0,G
toi-2529 b,11.54525012,743.71847238,64.5949,0.021,TOI-2529,1.11,1.7,5802.0,296.271,118.9945352,-52.3548332,2024.0,Transit,636.0,G
toi-2545 b,2.75,,7.994037,,TOI-2545,1.055,1.25324,5846.29,107.118,135.5458029,-3.4208194,2022.0,Transit,,G
toi-2567 b,10.92875618,63.88350981,5.983944,0.0,TOI-2567,1.13,1.686,5611.0,504.775,288.4656683,66.3479375,2022.0,Transit,1352.0,G
toi-2570 b,13.64132951,260.61929374,2.9887615,0.0,TOI-2570,1.063,1.095,5771.0,361.857,87.1880397,32.0840435,2022.0,Transit,1431.0,G
toi-2583 a b,14.4595851,79.45710175,4.5207265,0.0,TOI-2583 A,1.215,1.477,5936.0,566.189,272.2670293,45.3368996,2023.0,Transit,1456.0,G
toi-2587 a b,12.07207221,69.28659273,5.45664,0.0,TOI-2587 A,1.15,1.726,5760.0,373.675,115.9317105,-1.073333,2023.0,Transit,1445.0,G
toi-2589 b,12.10569916,1112.3994245,61.6277,0.522,TOI-2589,0.93,1.07,5579.0,200.273,107.4881501,-37.230948,2023.0,Transit,592.0,G
toi-261.01,3.0449863,,3.3639254,,TOI-261,0.496728,1.28018,5890.3,114.495,15.2181412,-24.4239934,2021.0,Transit,1722.49,G
toi-261.02,2.52,,13.04,,TOI-261,1.069,1.28018,5890.3,114.495,15.2181412,-24.4239934,2021.0,Transit,,G
toi-2714 b,13.72,228.0,2.499387,0.164,TOI-2714,1.07,1.25,5665.0,597.873,61.4012482,-14.9267458,2024.0,Transit,1603.0,G
toi-2719 b,6.03548,,3.3759446,,TOI-2719,,1.69,5701.0,588.368,71.5549449,-0.8048725,2025.0,Transit,1514.0,G
toi-2796 b,15.0839,,4.808498,,TOI-2796,,1.38,5449.5,350.343,84.1527191,0.8962788,2023.0,Transit,797.0,G
toi-2818 b,14.2282,,4.0397189,,TOI-2818,,1.14,5758.5,312.674,119.0598183,-35.1167104,2023.0,Transit,1515.0,G
toi-2977 b,12.9823,,2.3505698,,TOI-2977,,1.22,5356.0,,143.9265177,-60.3574758,2023.0,Transit,1434.0,G
toi-2986 b,9.292245,96.61983573,3.2783662,0.14,TOI-2986,1.122,1.458,5906.0,563.149,163.7715605,-6.4784524,2025.0,Transit,1622.0,G
toi-2992 b,13.75341932,1058.36859531,3.007812,0.089,TOI-2992,1.21,1.545,6000.0,542.026,164.3165643,-32.3224375,2025.0,Transit,1726.0,G
toi-3023 b,16.43236571,197.05361234,3.9014971,0.0,TOI-3023,1.12,1.668,5760.0,389.916,165.3158231,-72.3567044,2023.0,Transit,1596.0,G
toi-3135 b,12.9758,,3.7065603,,TOI-3135,,1.03,5632.0,221.673,207.8592276,-69.7725635,2025.0,Transit,1114.0,G
toi-329 b,4.94057819,40.4,5.70439,0.39,TOI-329,1.0678,1.5326,5614.0,284.388,351.3210955,-15.6346313,2024.0,Transit,1213.02,G
toi-3321 b,14.7302,,3.6525305,,TOI-3321,,1.47,5930.0,285.895,265.7603351,-65.0082516,2024.0,Transit,1553.0,G
toi-3331 a b,12.168,,2.0180196,,TOI-3331 A,,0.96,5544.0,217.193,271.3241672,-34.107171,2022.0,Transit,1330.0,G
toi-3364 b,12.39250082,,5.87694378399,,TOI-3364,,1.4484,5805.0,277.899,144.5377709,-49.3352226,2023.0,Transit,1212.81,G
toi-3493 b,3.37094443,,8.15948702679,,TOI-3493,,1.21151,5860.0,96.7224,205.7990331,-22.5854441,2025.0,Transit,1000.52,G
toi-3593 b,11.02963701,565.73456446,3.8212867,0.105,TOI-3593,1.015,0.918,5550.0,226.63,331.506364,34.2116583,2025.0,Transit,1170.0,G
toi-3682 b,12.1727,,3.3462671,,TOI-3682,,1.91,5501.0,404.211,50.2752271,25.2972658,2025.0,Transit,1438.0,G
toi-3807 b,10.0928,,2.8989758,,TOI-3807,,1.47,5908.0,421.745,139.1125648,69.0741284,2023.0,Transit,1247.0,G
toi-3819 b,12.92730565,,3.24429897599,,TOI-3819,,1.55859,5999.0,558.141,121.8632568,29.3886446,2023.0,Transit,1567.79,G
toi-3837 b,11.0233,,11.8886495,,TOI-3837,,1.21,5773.9,311.705,152.6662832,24.2731213,2025.0,Transit,954.0,G
toi-3856 b,13.59649359,171.62733978,2.04360352,0.083,TOI-3856,1.096,1.055,5622.0,314.443,145.2229223,27.950158,2025.0,Transit,1544.0,G
toi-3877 b,11.67975789,99.7981198,4.123596,0.22,TOI-3877,1.16,1.445,5731.0,493.77,170.4544727,33.9913822,2025.0,Transit,1445.0,G
toi-3912 b,14.28024141,129.03833324,3.4936264,0.0,TOI-3912,1.088,1.392,5725.0,465.992,215.8014956,24.0765639,2023.0,Transit,1512.0,G
toi-3976 a b,12.27383387,55.61997123,6.607662,0.0,TOI-3976 A,1.254,1.501,5975.0,516.087,224.3560083,44.2743223,2023.0,Transit,1295.0,G
toi-3980 b,14.4595851,187.51876013,3.6089254,0.16,TOI-3980,1.24,1.626,5840.0,486.721,12.8419374,59.5758606,2025.0,Transit,1621.0,G
toi-4029 b,6.61503,,5.8850401,,TOI-4029,,1.18,5712.4,274.436,239.2337189,16.9802854,2026.0,Transit,1142.0,G
toi-4030 b,5.8462559,,2.50900199461,,TOI-4030,,0.991737,5640.37,571.615,277.6228367,56.7704522,2026.0,Transit,,G
toi-4156 b,2.32515,,4.461878,,TOI-4156,,1.04,5986.0,213.719,230.7808336,76.3318816,2026.0,Transit,1289.0,G
toi-4156 c,2.92303762,,12.82282706375,,TOI-4156,,1.03963,5971.64,213.719,230.7808336,76.3318816,2026.0,Transit,,G
toi-421 b,2.64,6.7,5.197576,0.13,TOI-421,0.833,0.866,5291.0,74.7969,81.8532824,-14.2767404,2020.0,Transit,922.0,G9 V
toi-421 c,5.09,14.1,16.067541,0.19,TOI-421,0.833,0.866,5291.0,74.7969,81.8532824,-14.2767404,2020.0,Transit,635.0,G9 V
toi-4329 b,16.81347105,143.02278315,2.9223,0.068,TOI-4329,1.538,2.31,6000.0,717.128,329.5639152,71.1316048,2022.0,Transit,,G
toi-4443.01,1.7193265,,1.8498567,,TOI-4443,1.049133,1.01733,5834.0,56.0739,274.2686643,21.9095459,2024.0,Transit,1638.82,G
toi-4463 a b,13.26022417,252.35575516,2.8807198,0.0,TOI-4463 A,1.056,1.062,5640.0,173.117,279.3581286,18.7299522,2023.0,Transit,1395.0,G
toi-4465 b,14.01122587,1872.00931723,101.94054,0.24,TOI-4465,0.93,1.014,5545.0,121.139,276.1340312,15.8418856,2025.0,Transit,427.0,G V
toi-451 b,1.91,,1.858703,0.0,TOI-451,0.95,0.879,5550.0,123.739,62.966385,-37.93973,2020.0,Transit,1491.0,G
toi-451 c,2.93,3.7,9.192463,0.0,TOI-451,0.93,0.85,5490.0,123.739,62.966385,-37.93973,2020.0,Transit,865.0,G8 V
toi-451 d,3.92483216,,16.36487303732,,TOI-451,,0.856226,5481.0,123.739,62.966385,-37.93973,2020.0,Transit,634.22,G
toi-4511 b,5.76837,,10.9776867,,TOI-4511,,1.0,5708.0,121.832,49.3052786,15.5017268,2026.0,Transit,1542.0,G
toi-4513 b,2.22799,,9.7607632,,TOI-4513,,0.8,5558.0,102.609,18.0905179,13.7550796,2026.0,Transit,653.0,G
toi-4515 b,12.26639677,,15.26646581815,,TOI-4515,,0.874078,5420.82,193.499,21.1861778,21.5130638,2024.0,Transit,650.43,G
toi-4561 b,1.77789214,,8.93547936706,,TOI-4561,,0.851957,5537.93,179.008,60.9618951,-76.0214574,2026.0,Transit,,G
toi-4578 b,2.26974262,,8.62392630369,,TOI-4578,,0.878735,5951.32,182.249,184.2109675,75.1402358,2026.0,Transit,,G
toi-4633 c,3.52959232,,271.938638971,,TOI-4633,,1.5819,5490.04,95.2016,256.8431021,62.475548,2024.0,Transit,268.57,G
toi-4638.01,2.71867163,,10.2829582518,,TOI-4638,,0.894563,5700.0,168.248,12.8206627,12.7879858,2024.0,Transit,779.83,G
toi-4640 b,2.86223252,,2.68572291133,,TOI-4640,,1.06715,5978.0,245.089,38.205319,10.0724659,2026.0,Transit,1378.86,G
toi-470 b,4.6131319,,12.19145582957,,TOI-470,,0.840971,5418.0,130.46,94.0099043,-25.0314111,2023.0,Transit,659.68,G
toi-4734 b,9.02698,,6.2356356,,TOI-4734,,1.76,5854.0,563.068,90.3581219,12.5478825,2025.0,Transit,1397.0,G
toi-4747 b,3.8343,,5.2192426,,TOI-4747,,0.99,5688.0,304.615,86.427665,-45.0292291,2026.0,Transit,1035.0,G
toi-481 b,,,10.3311562,,TOI-481,1.14,1.66,5735.0,179.366,110.5126861,-57.384998,2020.0,Transit,,G
toi-4914 b,12.87,227.0,10.60057,0.408,TOI-4914,1.03,1.0,5805.0,299.89,204.5426717,-28.1429206,2024.0,Transit,894.0,G
toi-4930 b,6.93277225,,6.78130241498,,TOI-4930,,1.15926,5624.72,413.757,208.6418883,-45.1544786,2026.0,Transit,,G
toi-4940 b,6.75553691,,25.8663868915,,TOI-4940,,1.17513,5418.7,345.659,58.2511684,-62.4079681,2025.0,Transit,643.25,G
toi-4994 b,8.54124329,88.99195396,21.491984,0.319,TOI-4994,1.005,1.055,5640.0,329.304,283.1325335,-78.4344302,2024.0,Transit,717.6,G
toi-5005 b,6.00429,,6.3084728,,TOI-5005,,0.97,5840.0,207.891,238.108194,-48.1451,2024.0,Transit,1012.0,G
toi-5027 b,10.76062147,642.01338214,10.24368,0.385,TOI-5027,1.02,0.92,5909.0,204.429,243.8850212,-69.2170972,2025.0,Transit,1056.0,G
toi-5082.01,2.54811,,4.240122,,TOI-5082,0.99665,0.93,5670.0,43.1406,106.569578,22.6831477,2024.0,Transit,1164.91,G
toi-5108 b,6.6,32.0,6.753581,,TOI-5108,1.1,1.29,5808.0,130.919,166.2695041,11.2464069,2025.0,Transit,1180.0,G
toi-512 b,1.52545823,,7.18873321304,,TOI-512,,0.882675,5581.0,67.3975,96.6467023,-38.6072095,2025.0,Transit,830.56,G
toi-5160 b,2.23474,,4.2807509,,TOI-5160,,1.03,5653.3,151.465,114.6393985,31.3944536,2026.0,Transit,1016.0,G
toi-5174 b,4.80454584,,12.21933924299,,TOI-5174,,1.09457,5643.77,197.243,174.1094967,-2.0233506,2022.0,Transit,808.37,G
toi-5210 b,10.72699453,81.99972901,4.5661061,0.066,TOI-5210,1.105,1.209,5723.0,302.086,314.316923,21.9502055,2025.0,Transit,1286.0,G
toi-5238 b,4.89644,,4.8721904,,TOI-5238,,1.02,5430.5,290.646,223.3588909,68.859472,2022.0,Transit,1042.0,G
toi-5261 b,11.60129502,3651.84839643,4.1509768,0.1585,TOI-5261,1.037,1.021,5790.0,377.054,305.4585453,19.4358468,2025.0,Transit,1244.0,G
toi-5322 b,16.6117094,184.02264765,5.4233207,0.055,TOI-5322,0.998,1.462,5692.0,476.899,6.5293373,14.3364283,2025.0,Transit,1350.0,G
toi-5335 b,4.08922,,3.6139919,,TOI-5335,,0.92,5427.0,331.289,46.9523734,15.3590831,2026.0,Transit,1048.0,G
toi-5340 b,15.07607904,270.15414595,4.9394392,0.13,TOI-5340,1.35,1.842,5990.0,532.629,59.3094816,22.3783373,2025.0,Transit,1566.0,G
toi-5386 a b,15.1893,,3.6215615,,TOI-5386 A,,1.43,5920.2,394.486,226.1069193,60.5362318,2025.0,Transit,1202.0,G
toi-5422 b,10.56541961,,5.37679969837,,TOI-5422,,1.57294,5663.5,346.141,86.8436173,25.6260342,2026.0,Transit,1277.23,G
toi-5515 b,2.65362762,,8.59225810839,,TOI-5515,,0.835682,5483.65,135.459,139.6163639,16.9899558,2026.0,Transit,,G
toi-5542 b,13.8062,,75.1247037,,TOI-5542,,1.27,5392.9,348.849,302.7984228,-61.1354659,2022.0,Transit,462.0,G
toi-559 b,12.2398,,6.9839072,,TOI-559,,1.21,5972.0,233.266,46.8186159,-31.1629951,2021.0,Transit,1249.0,G
toi-561 b,1.37,2.24,0.4465688,0.0,TOI-561,0.805,0.832,5326.0,85.799,148.1851516,6.216103,2020.0,Transit,,G
toi-561 c,2.878,5.4,10.779,0.06,TOI-561,0.785,0.849,5455.0,85.799,148.1851516,6.216103,2020.0,Transit,,G9 V
toi-561 d,2.87813921,,25.7122157303,,TOI-561,,0.840576,5391.0,85.799,148.1851516,6.216103,2020.0,Transit,331.79,G
toi-561 e,3.18580584,,,,TOI-561,,0.840576,5391.0,85.799,148.1851516,6.216103,2020.0,Transit,156.67,G
toi-5624 b,2.27887,,3.3903593,,TOI-5624,,0.83,5342.0,101.913,180.8443476,49.2512257,2026.0,Transit,1108.0,G
toi-5624 c,2.23283,,7.8854383,,TOI-5624,,0.83,5342.0,101.913,180.8443476,49.2512257,2026.0,Transit,873.0,G
toi-5624 d,3.584,4.9,13.731468,0.0,TOI-5624,0.858,0.82,5327.0,101.913,180.8443476,49.2512257,2026.0,Transit,712.6,G
toi-5624 e,3.247,8.9,21.489936,0.0,TOI-5624,0.858,0.82,5327.0,101.913,180.8443476,49.2512257,2026.0,Transit,613.8,G
toi-5624 f,,13.0,45.37,0.0,TOI-5624,0.858,0.82,5327.0,101.913,180.8443476,49.2512257,2026.0,Transit Timing Variations,478.5,G
toi-5630 b,2.37117553,,3.22118452536,,TOI-5630,,0.933361,5385.64,134.047,236.4538532,40.3748618,2026.0,Transit,,G
toi-564 b,7.7514065,,1.65114558035,,TOI-564,,1.12196,5752.0,199.581,130.2951535,-16.0363275,2020.0,Transit,1574.49,G
toi-5678 b,4.91,20.0,47.73022,0.14,TOI-5678,0.905,0.938,5485.0,165.393,47.3841872,-34.1984808,2023.0,Transit,513.0,G7 V
toi-5726.01,2.554,,5.491125215,,TOI-5726,1.06,1.106,5874.0,108.848,123.3950504,68.5745899,2024.0,Transit,,G
toi-5788 b,1.528,3.72,6.340758,0.061,TOI-5788,0.87,0.87,5615.0,97.614,287.4249017,31.7615284,2026.0,Transit,910.0,G
toi-5788 c,1.99447,,16.2134274,,TOI-5788,,0.86,5664.0,97.614,287.4249017,31.7615284,2026.0,Transit,696.0,G
toi-5795 b,5.62,23.66,6.1406325,0.25,TOI-5795,0.901,1.082,5715.0,156.53,304.868782,-7.5476595,2025.0,Transit,1136.78,G3 V
toi-5817 b,3.02725841,,15.61460575154,,TOI-5817,,1.38207,5809.0,80.7542,322.3777987,21.474527,2025.0,Transit,855.96,G
toi-5882 b,14.1861,,7.1487697,,TOI-5882,,2.35,5706.0,416.104,311.8886385,34.7374918,2025.0,Transit,2317.0,G
toi-5926 b,7.38288,,3.8116176,,TOI-5926,,0.89,5430.0,275.103,308.0784435,15.5030795,2026.0,Transit,987.0,G
toi-6041 b,4.55,28.9,26.04945,,TOI-6041,0.885,0.879,5445.0,72.4731,46.0610334,43.5576668,2025.0,Transit,605.6,G7
toi-6041 c,,77.9,88.0,,TOI-6041,0.885,0.879,5445.0,72.4731,46.0610334,43.5576668,2025.0,Radial Velocity,403.5,G7
toi-6080 b,3.37788363,,8.05557162699,,TOI-6080,,1.06221,5680.0,188.183,266.6044226,38.0787076,2026.0,Transit,919.33,G
toi-6109 b,4.8704,,5.690476,,TOI-6109,1.03,1.021,5660.0,151.738,50.1319206,42.6069564,2025.0,Transit,,G3
toi-6109 c,4.04578,,8.5386633,,TOI-6109,,0.95,5416.1,151.738,50.1319206,42.6069564,2025.0,Transit,786.0,G
toi-6448 b,8.47398941,,14.844261,0.2,TOI-6448,1.03,0.897,5910.0,386.879,110.1704109,-33.9223285,2025.0,Transit,745.0,G
toi-6628 b,10.98480109,235.19302118,18.18424,0.67,TOI-6628,0.97,1.01,5463.0,320.527,225.8370504,-35.2305793,2025.0,Transit,833.0,G
toi-6651 b,5.09264,,5.0569708,,TOI-6651,,1.8,5818.9,212.128,15.7885904,35.3890405,2024.0,Transit,1227.0,G
toi-669 b,2.6,9.8,3.94515,0.23,TOI-669,0.9,0.99,5600.0,142.867,158.9007013,-5.1813735,2023.0,Transit,1235.0,G
toi-6692 b,11.67975789,197.05361234,131.125,0.537,TOI-6692,1.047,1.385,5890.0,312.903,312.6940436,-81.2723982,2026.0,Transit,467.0,G
toi-697 b,2.35859364,,8.60788713593,,TOI-697,,0.968149,5681.95,93.7714,69.7042208,-36.6813257,2026.0,Transit,,G
toi-733 b,1.94753,,4.8847937,,TOI-733,,0.94,5969.0,75.2092,159.4093183,-40.888259,2023.0,Transit,1076.0,G
toi-7510 b,7.34188236,7.94571018,11.5075,,TOI-7510,1.02,1.02,5820.0,249.006,273.728188,-54.4340547,2025.0,Transit,872.0,G
toi-7510 c,9.25092411,,22.57099907595,,TOI-7510,,1.079,5586.0,249.006,273.728188,-54.4340547,2025.0,Transit,863.55,G
toi-7510 d,6.31985446,,48.86217278727,,TOI-7510,,1.079,5586.0,249.006,273.728188,-54.4340547,2025.0,Transit,593.78,G
toi-757 b,2.17884,,17.4682298,,TOI-757,,0.76,5499.0,60.3418,187.9948428,-35.5544523,2024.0,Transit,618.0,G
toi-763 b,2.4097088,,5.60577479919,,TOI-763,,0.906761,5767.0,95.1274,194.468098,-39.7580613,2020.0,Transit,937.98,G
toi-763 c,2.63,9.32,12.2737,0.04,TOI-763,0.917,0.897,5450.0,95.1274,194.468098,-39.7580613,2020.0,Transit,800.0,G
toi-784 b,1.93,9.67,2.7970365,0.0,HD 307842,0.91,0.907,5558.0,64.5997,159.3412205,-63.6556923,2023.0,Transit,,G
toi-799 b,2.06631784,,5.54519139676,,TOI-799,,0.915519,5662.81,158.526,98.4691249,-52.4602958,2026.0,Transit,,G
toi-813 b,6.71,,83.8911,0.0,TOI-813,1.32,1.94,5907.0,263.145,72.6940102,-60.9054608,2020.0,Transit,610.0,G0 IV
toi-849 b,3.54139,,0.76566,,TOI-849,,0.92,5311.0,225.734,28.7157956,-29.4217086,2020.0,Transit,1932.0,G
toi-858 b b,14.06727078,349.6112477,3.2797178,0.15,TOI-858 B,1.081,1.308,5842.0,250.489,60.1998256,-54.5929177,2023.0,Transit,1529.0,G0
toi-883 b,7.17665,,10.0577297,,TOI-883,,1.01,5651.0,102.637,103.3690609,-6.5078349,2026.0,Transit,861.0,G
toi-905 b,,,3.739493,,TOI-905,0.968,0.918,5570.0,158.649,227.6586754,-71.3616316,2020.0,Transit,,G
toi-908 b,3.10801631,,3.18377891634,,TOI-908,,1.05236,5500.0,175.748,53.1594266,-81.250745,2023.0,Transit,1217.65,G
toi-938 b,4.82401567,,8.80733882211,,TOI-938,,0.985134,5829.42,215.034,63.0323442,-12.1188357,2026.0,Transit,,G
toi-941 b,6.51165317,,8.51460888787,,TOI-941,,1.1849,5745.88,263.386,78.3005249,6.5459146,2026.0,Transit,,G
toi-954 b,,,3.6849729,,TOI-954,1.201,1.892,5710.0,238.768,61.9410587,-25.2088028,2020.0,Transit,,G
tres-3 b,16.75888299,,1.3061880169,,TrES-3,,0.820181,5489.0,231.337,268.0291106,37.5463268,2007.0,Transit,1443.29,G
wasp-102 b,14.9972,,2.709631,,WASP-102,,1.47,5838.0,535.689,336.4643016,15.8566392,2025.0,Transit,1582.0,G
wasp-108 b,14.39233122,283.50293904,2.676,0.0,WASP-108,1.167,1.215,6000.0,258.777,195.8281644,-49.6397727,2020.0,Transit,1590.0,G
wasp-110 b,13.19297028,154.78243421,3.7784022,,WASP-110,0.814,0.853,5392.0,274.96,305.8724366,-44.0587001,2021.0,Transit,1158.0,G
wasp-113 b,16.47720163,,,,WASP-113,,,,435.156,224.8728589,46.9600996,2016.0,Transit,1460.0,G1
wasp-114 b,,,1.5487752,,WASP-114,1.289,1.43,5940.0,523.337,327.6656953,10.4629385,2016.0,Transit,,G0
wasp-119 b,,,2.4998048,,WASP-119,1.0,1.13732,5650.0,302.448,55.9336392,-65.19378,2016.0,Transit,,G
wasp-123 b,15.13212395,,,,WASP-123,,,,197.996,289.4792124,-32.8601244,2016.0,Transit,1500.0,G5
wasp-126 c,,64.2,7.63,0.05,WASP-126,1.12,1.27,5800.0,216.526,63.374706,-69.2265926,2019.0,Transit Timing Variations,,G
wasp-127 b,,,4.17806513,,WASP-127,1.08,1.39,5620.0,159.507,160.5587646,-3.8349989,2016.0,Transit,,G
wasp-129 b,,,5.74813571,,WASP-129,1.0,0.9,5900.0,301.462,176.2990518,-42.0639575,2016.0,Transit,,G1
wasp-13 b,16.2509,,4.3532339,,WASP-13,,1.59,5914.0,227.537,140.1029654,33.8823291,2009.0,Transit,1388.0,G
wasp-130 b,11.0252,,11.5509742,,WASP-130,,1.06,5625.0,172.256,203.1060194,-42.4752733,2016.0,Transit,763.0,G
wasp-133 b,,,2.1764231,,WASP-133,1.16,1.44,5700.0,559.084,314.5754375,-35.7966224,2016.0,Transit,,G4
wasp-135 b,14.5717,603.877,1.4013794,0.0,WASP-135,0.98,0.96,5675.0,298.214,267.2848846,29.8790428,2015.0,Transit,,G5 V
wasp-139 b,9.34404416,,5.92426613248,,WASP-139,,0.846671,5310.0,212.472,49.562173,-41.3020235,2016.0,Transit,845.38,G
wasp-147 b,,,4.602744,,WASP-147,1.044,1.429,5702.0,436.098,359.1915117,-22.1532316,2018.0,Transit,,G4
wasp-148 b,8.0704661,92.17023803,8.80381,0.22,WASP-148,1.0,1.03,5460.0,246.353,254.1305022,44.3025361,2020.0,Transit,,G
wasp-148 c,,124.58873554,34.524,0.1809,WASP-148,0.954,0.912,5555.0,246.353,254.1305022,44.3025361,2020.0,Radial Velocity,,G
wasp-149 b,15.24421375,314.96795134,1.332813,0.0,WASP-149,1.05,1.08,5750.0,211.73,124.073681,-8.6865813,2025.0,Transit,1855.0,G
wasp-153 b,15.63990824,,3.33261886913,,WASP-153,,1.69483,5768.2,610.176,279.2624729,40.0186905,2017.0,Transit,1590.67,G
wasp-155 b,13.4185,,3.1106751,,WASP-155,,1.22,5660.5,399.63,347.979723,33.0476125,2025.0,Transit,1522.0,G
wasp-16 b,13.67498,394.1092,3.1186,0.0,WASP-16,1.78,1.14,5700.0,194.134,214.6830109,-20.2754374,2009.0,Transit,,G
wasp-162 b,12.3182,,9.6246665,,WASP-162,,1.2,5473.0,310.841,168.2929079,-17.6577794,2018.0,Transit,925.0,G
wasp-164 b,12.90846349,,1.77711087925,,WASP-164,,0.97906,5627.0,327.506,344.8735878,-60.4478194,2018.0,Transit,1449.48,G
wasp-165 b,14.27761841,,3.46549525168,,WASP-165,,1.77738,5570.3,602.236,357.5806472,-17.0775947,2018.0,Transit,1552.67,G
wasp-168 b,12.7595,,4.1536624,,WASP-168,,1.09,5818.8,303.941,96.7446427,-46.8213635,2018.0,Transit,1138.0,G
wasp-170 b,,,2.34477786,,WASP-170,0.93,0.938,5600.0,305.603,135.4163028,-20.7203686,2018.0,Transit,,G
wasp-173 a b,13.4508,1172.7927,1.38665318,0.0,WASP-173 A,1.05,1.11,5800.0,232.98,354.1686959,-34.6113042,2018.0,Transit,1880.0,G3
wasp-181 b,13.271456,95.03117,4.5195064,,WASP-181,1.04,0.965,5839.0,437.495,26.7932253,3.1329325,2019.0,Transit,1186.0,G2
wasp-182 b,9.52765,47.03884,3.3769848,0.0,WASP-182,1.076,1.34,5638.0,327.602,311.673345,-41.8209828,2019.0,Transit,1479.0,G5
wasp-184 b,14.90797,181.1631,5.1817,0.0,WASP-184,1.23,1.65,6000.0,663.231,209.51701,-30.348153,2019.0,Transit,1480.0,G0 V
wasp-185 b,14.01125,311.4734,9.38755,0.24,WASP-185,1.12,1.5,5900.0,279.35,214.0595791,-19.5423062,2019.0,Transit,1160.0,G0 V
wasp-19 b,,,0.788839092,0.002,WASP-19,,,5500.0,268.325,148.4167672,-45.6591078,2009.0,Transit,,G8 V
wasp-21 b,,,4.32250416,,WASP-21,,,,258.426,347.4928024,18.3961597,2010.0,Transit,,G3 V
wasp-22 b,12.98,186.876,3.5327313,0.0,WASP-22,1.109,1.219,5958.0,317.652,52.8180374,-23.8197924,2010.0,Transit,,G
wasp-25 b,13.977623,190.06234,3.7648327,,WASP-25,1.053,0.924,5736.0,211.416,195.3597581,-27.5222273,2010.0,Transit,1210.0,G
wasp-26 b,14.359,326.715,2.7566004,0.0,WASP-26,1.111,1.303,5939.0,252.759,4.6030424,-15.2674044,2010.0,Transit,,G
wasp-36 b,14.874343,750.39663,1.53736596,,WASP-36,1.081,0.985,5959.0,386.346,131.5803897,-8.0269855,2011.0,Transit,1733.0,G
wasp-39 b,15.8533676,,4.05528321079,,WASP-39,,1.01342,5326.6,213.982,217.3266477,-3.4444994,2011.0,Transit,1075.56,G
wasp-4 b,15.031269,397.2875,1.3382299,0.0182,WASP-4,0.93,0.903,5500.0,267.206,353.5629149,-42.0617794,2007.0,Transit,,G8
wasp-41 b,,,3.05240175,,WASP-41,0.93,0.9,5450.0,163.371,190.6188034,-30.6398176,2012.0,Transit,,G
wasp-41 c,,1010.6994,421.0,0.294,WASP-41,0.93,0.87,5545.0,163.371,190.6188034,-30.6398176,2015.0,Radial Velocity,241.0,G
wasp-42 b,10.7801,,4.9816784,,WASP-42,,0.79,5315.0,177.291,192.981203,-42.0736165,2012.0,Transit,953.0,G
wasp-44 b,,,2.42381127,,WASP-44,0.951,0.927,5410.0,364.512,3.9032733,-11.9382645,2011.0,Transit,,G
wasp-47 b,,,4.15915035,,WASP-47,1.084,1.15,5350.0,264.78,331.203092,-12.019067,2012.0,Transit,,G
wasp-47 c,,394.0,592.5,,WASP-47,1.01,1.144,5476.0,264.78,331.203092,-12.019067,2015.0,Radial Velocity,219.3,G
wasp-47 d,3.58,13.3,9.03101,,WASP-47,1.01,1.144,5476.0,264.78,331.203092,-12.019067,2015.0,Transit,885.0,G
wasp-47 e,,,0.7895933,0.0,WASP-47,1.04,1.137,5552.0,264.78,331.203092,-12.019067,2015.0,Transit,,G9
wasp-5 b,,,1.62843033,,WASP-5,0.972,1.026,5880.0,309.137,359.3490277,-41.2772202,2008.0,Transit,,G4 V
wasp-50 b,,,1.9550929,0.009,WASP-50,0.892,0.843,5400.0,184.848,43.6880738,-10.8980242,2011.0,Transit,,G
wasp-56 b,,,4.6170654,,WASP-56,1.017,1.112,5600.0,321.084,183.3660401,23.055687,2012.0,Transit,,G6
wasp-57 b,,,2.838918,,WASP-57,0.954,0.836,5600.0,398.276,223.8199788,-2.0576866,2012.0,Transit,,G6
wasp-58 b,,,5.0172133,,WASP-58,0.94,1.17,5800.0,290.404,274.7012534,45.1722194,2012.0,Transit,,G2 V
wasp-6 b,11.54527,117.5971,3.36101,0.05,WASP-6,0.55,0.73,5450.0,197.119,348.1571282,-22.6741248,2009.0,Transit,,G
wasp-63 b,14.90797,107.74437,4.37809,0.086,WASP-63,1.1,1.76,5550.0,290.684,94.3363562,-38.3233826,2012.0,Transit,,G
wasp-64 b,14.72475239,,1.57328484098,,WASP-64,,1.09539,5400.0,369.926,101.1149223,-32.8583878,2012.0,Transit,1603.81,G
wasp-65 b,12.464,492.62,2.3114243,0.0,WASP-65,0.93,1.01,5600.0,273.703,133.3242982,8.5230171,2013.0,Transit,1480.0,G6
wasp-68 b,13.35263443,,5.08433397784,,WASP-68,,1.73938,5692.5,226.399,305.0957239,-19.3147271,2014.0,Transit,1374.48,G
wasp-70 a b,13.047276,189.74451,3.7130203,0.053,WASP-70 A,1.106,1.215,5700.0,222.355,315.4771912,-13.4333821,2014.0,Transit,,G
wasp-74 b,17.48604,300.03152,2.13775,0.03,WASP-74,1.48,1.64,5990.0,149.216,304.538843,-1.0760033,2015.0,Transit,,G
wasp-77 a b,,,1.36002922,,WASP-77 A,1.002,0.955,5500.0,105.166,37.1555223,-7.0606675,2012.0,Transit,,G8 V
wasp-8 b,11.635,713.18,8.158715,0.31,WASP-8,1.03,0.945,5600.0,89.9606,359.9008737,-35.0313349,2010.0,Transit,,G
wasp-81 b,,,2.7164835,,WASP-81,1.08,1.283,5870.0,398.505,304.2079924,3.2939492,2017.0,Transit,,G
wasp-95 b,13.56,359.13,2.184673,0.0,WASP-95,1.11,1.13,5630.0,137.544,337.4578243,-48.0030988,2014.0,Transit,1570.0,G2
wasp-98 b,,,2.96264191,,WASP-98,0.69,0.7,5525.0,281.742,58.4290113,-34.3282716,2014.0,Transit,,G7
wts-2 b,,,1.01869894431,,WTS-2,,,5780.0,,293.7327826,36.8154936,2014.0,Transit,1811.45,G
xo-1 b,13.8352,,3.9415041,,XO-1,,0.92,5729.0,163.553,240.5492745,28.1696248,2006.0,Transit,1179.0,G
xo-2 s b,,82.315,18.157,0.18,XO-2 S,0.982,1.02,5399.0,151.398,117.0309753,50.2169068,2014.0,Radial Velocity,,G
xo-2 s c,,438.60320166,120.059,0.149,XO-2 S,0.98,1.02,5325.0,151.398,117.0309753,50.2169068,2014.0,Radial Velocity,,G8 V
xo-2 s d,,1179.14338997,4696.0,0.091,XO-2 S,0.98,1.02,5325.0,151.398,117.0309753,50.2169068,2024.0,Radial Velocity,,G8 V
xo-5 b,12.78,378.2,4.1877558,0.0,XO-5,1.04,1.13,5430.0,276.211,116.7163868,39.0944695,2008.0,Transit,1230.0,G
xo-7 b,,,2.8641413,,XO-7,1.405,1.48,6250.0,234.149,277.4780753,85.2333208,2019.0,Transit,,G0 V
gam psc b,,425.89006538,555.1,0.204,gam Psc,0.99,11.2,4742.0,41.3107,349.2946794,3.2823664,2021.0,Radial Velocity,,G7 III
ome ser b,,540.3,277.02,0.106,ome Ser,2.17,12.3,4770.0,76.7556,237.5732422,2.196304,2013.0,Radial Velocity,,G8 III
pi men c,2.06,4.52,6.26834,0.0,HD 39091,1.02,1.1,5870.0,18.2702,84.2992798,-80.4646041,2018.0,Transit,1147.0,G
pi men d,,15.9,120.335,0.45,HD 39091,,,5982.0,18.2702,84.2992798,-80.4646041,2022.0,Radial Velocity,,G
psi1 dra b b,,486.2799,3117.0,0.4,psi1 Dra B,1.19,,6212.0,22.7188,265.4925754,72.1557114,2015.0,Radial Velocity,,G0 V
rho crb b,,349.613,39.645,0.028,rho CrB,1.0,1.31,5777.0,17.4671,240.2600639,33.3001861,1997.0,Radial Velocity,,G
rho crb c,,28.2,102.19,0.096,rho CrB,0.95,1.34,5817.0,17.4671,240.2600639,33.3001861,2016.0,Radial Velocity,,G
rho crb e,,3.79,12.949,0.126,rho CrB,0.95,1.34,5817.0,17.4671,240.2600639,33.3001861,2023.0,Radial Velocity,,G
ups leo b,,162.09248757,385.2,0.32,ups Leo,1.48,11.22,4836.0,52.5973,174.2372188,-0.8235643,2021.0,Radial Velocity,,G9 III
14 her c,,7.9,52160.0,0.52,14 Her,0.9,0.708,5311.0,18.1,242.5958333,43.8216667,2006.0,"Radial Velocity, Astrometry, Imaging",,G
70 vir ab,,8.0,116.67,0.43,70 Vir A,0.92,1.968,5432.0,22.0,202.1083333,13.7866667,1996.0,Radial Velocity,,G
82 eri b,,,18.313,0.057,82 Eri,0.813,0.9,5490.0,6.06,49.9833333,-43.0697222,2011.0,Radial Velocity,,G
82 eri c,,,89.68,0.077,82 Eri,0.813,0.9,5490.0,6.06,49.9833333,-43.0697222,2011.0,Radial Velocity,,G
82 eri d,,,648.2,0.47,82 Eri,0.813,0.9,5490.0,6.06,49.9833333,-43.0697222,2011.0,Radial Velocity,,G
82 eri e,,,147.02,0.29,82 Eri,0.813,0.9,5490.0,6.06,49.9833333,-43.0697222,2017.0,Radial Velocity,,G
epic 201390927 b,0.31814,,2.6378,,EPIC 201390927,0.97,1.01,5711.0,,184.5855477,-1.0988298,2018.0,Primary Transit,,G
epic 201456770 b,0.20707,,8.0069,,EPIC 201456770,0.93,0.861,5365.82,511.581,185.69743891136,-0.12189968149,2021.0,Primary Transit,,G
hat-p-48 b,1.131,0.168,4.40865,0.0,HAT-P-48,1.099,1.223,5946.0,305.0,44.470833351,30.625833353,2016.0,Primary Transit,,G
hats-19 b,1.66,0.427,4.569673,0.3,HATS-19,1.303,1.74,5896.0,780.0,147.408333346,-33.218611117,2016.0,Primary Transit,,G
hats-20 b,0.776,0.273,3.7992969,0.5,HATS-20,0.91,0.892,5406.0,454.0,198.133333344,-45.590555573,2016.0,Primary Transit,,G
hats-21 b,1.123,0.332,3.5543973,0.0,HATS-21,1.08,1.021,5695.0,286.0,280.183333348,-58.459166683,2016.0,Primary Transit,,G
hd 102365 ab,,,122.1,0.34,HD 102365 A,0.85,,5650.0,9.24,176.6291667,-40.5002778,2011.0,Radial Velocity,,G
hd 114613 b,1.182,,4000.0,0.458,HD 114613,1.27,2.14,5641.0,20.67,198.013263832,-37.8030220354,2014.0,Radial Velocity,,G
hd 14082 bb,,5.4,,,HD 14082 B,1.09,0.967,5940.86,39.7,34.35307062104,28.74178083533,2024.0,Astrometry,,G
hd 157172 b,,,104.84,0.46,HD 157172,0.95,0.957,5450.0,33.0,260.6458333,-19.6161111,2011.0,Radial Velocity,,G
hd 195019 ab,,,18.20163,0.014,HD 195019 A,1.06,1.38,5787.0,37.36,307.0708333,18.77,1998.0,Radial Velocity,,G
hd 215456 ab,,,191.99,0.15,HD 215456 A,1.04,1.72,5794.01,39.6064,341.5333333,-48.9677778,2011.0,Radial Velocity,,G
hd 215456 ac,,,2277.0,0.19,HD 215456 A,1.04,1.72,5794.01,39.6064,341.5333333,-48.9677778,2011.0,Radial Velocity,,G
hd 217786 ac,,,2.5,0.399,HD 217786 A,1.02,1.27,5966.0,54.8,345.7833333,0.4297222,2022.0,Radial Velocity,,G
hd 39855 ab,,,3.2498,0.14,HD 39855 A,0.87,,5576.0,23.28,88.63,-19.7,2019.0,Radial Velocity,,G
hd 57625 ab,,8.43,4843.0,0.5,HD 57625 A,1.04,1.127,5961.78,44.32,111.325125,56.569155555555554,2024.0,"Radial Velocity, Astrometry",,G
hd 6718 b,,2.4,2476.0,0.06,HD 6718,0.96,1.02,5745.0,55.9,16.9541667,-8.2336111,2009.0,"Radial Velocity, Astrometry",,G
hip 10090 b,,3.87,2960.0,0.1,HIP 10090,0.94,1.382,5661.0,82.3,32.43525,-30.746241666666663,2026.0,Radial Velocity,,G
hip 10090 c,,0.85,321.8,0.2,HIP 10090,0.94,1.382,5661.0,82.3,32.43525,-30.746241666666663,2026.0,Radial Velocity,,G
hip 11915 b,,,3830.0,0.1,HIP 11915,1.0,,5760.0,57.3,38.454166683,-19.611944466,2015.0,Radial Velocity,,G
hip 39330 b,,1.67,4650.0,0.08,HIP 39330,0.96,1.028,5748.0,36.39,120.61241666666668,-46.33630555555556,2026.0,Radial Velocity,,G
hip 47110 b,,6.0,,,HIP 47110,0.96,0.915,5485.26,38.7439,144.0172916666667,37.55248888888889,2024.0,Astrometry,,G
hip 68468 ab,,,1.8374,0.24,HIP 68468 A,1.05,1.197,5857.0,87.8,210.266666668,-32.756944465,2016.0,Radial Velocity,,G
hip 68468 ac,,,194.0,0.11,HIP 68468 A,1.05,1.197,5857.0,87.8,210.266666668,-32.756944465,2016.0,Radial Velocity,,G
hip 8923 b,,9.98,5160.0,0.01,HIP 8923,1.01,1.321,5980.0,65.87,28.725125,-11.511325,2026.0,Radial Velocity,,G
hip 96334 b,,3.7,,,HIP 96334,1.02,0.956,5730.0,38.1421,293.79166667,-69.975555582,2022.0,Astrometry,,G
hip 98599 b,,6.85,2656.0,0.17,HIP 98599,1.19,1.395,5978.0,76.1,300.40908333333334,-22.110866666666663,2026.0,Radial Velocity,,G
iot hor b,,,320.1,0.161,iot Hor,1.11,1.85,5997.0,17.17,40.6291667,-50.8033333,1999.0,Radial Velocity,,G
kepler-469 b,0.0651,,0.875197345,0.0,Kepler-469,1.06,2.19,5846.0,926.29,297.475000018,41.11416668,2017.0,Primary Transit,,G
kic 12454613 b,0.228,,736.3819,0.16,KIC 12454613,0.87,0.82,5420.0,,288.170833347,51.382222242,2013.0,Primary Transit,,G
kic 5010054 b,0.62,,904.24,0.0,KIC 5010054,1.08,1.66732,5930.0,1148.765,291.5,40.1828,2013.0,Primary Transit,,G
kic 5094412 b,0.51,,276.88,0.0,KIC 5094412,0.82,0.8,5313.0,,290.3,40.2878,2013.0,Primary Transit,,G
kic 5732155 b,1.14,,644.1685,0.0,KIC 5732155,1.13,1.99,5755.0,,298.425,40.9067,2013.0,Primary Transit,,G
kic 7177553 (ab)b,,,529.0,0.46,KIC 7177553 (AB),1.043,0.94,5911.0,195.108,283.0121198,42.7212587,2014.0,Timing,,G
kic 9413313 b,1.124,,440.3984,,KIC 9413313,0.95,1.45,5359.0,,295.41666668,45.903611132,2015.0,Primary Transit,,G
kic 9662267 b,0.34,,466.202,0.11,KIC 9662267,0.86,0.89,5602.0,,296.79166667,46.350000007,2013.0,Primary Transit,,G
kic 9704149 b,0.4,,697.0159,0.29,KIC 9704149,0.86,0.78,5640.0,,289.162500013,46.421666679,2013.0,Primary Transit,,G
koi-1066 b,0.83,,5.71,,KOI-1066,1.04,1.365,5786.53,1489.54,299.78632,44.16954,2013.0,Primary Transit,,G
koi-212 b,0.589,,5.7,,KOI-212,1.07,1.1,5898.0,1097.21,296.1398,41.60318,2017.0,Primary Transit,,G
koi-5372 b,0.146,,212.60398,,2MASS J19334766+4244416,1.022,1.207,5834.0,,293.44861,42.744911,2017.0,Primary Transit,,G
koi-5 b,0.0589,,7.05186,0.0,KOI-5,,1.747,5753.0,,289.741666686,44.647500024,2013.0,Primary Transit,,G
koi-6532 b,0.131,,0.813998777,,LPI-7913,0.945,0.989,5705.0,,286.74857,40.36544,2017.0,Primary Transit,,G
koi-6653 b,0.109,,28.2682167,,2MASS J19303502+4121109,0.939,0.838,5496.0,,292.64594,41.353039,2017.0,Primary Transit,,G
koi-6664 b,0.086,,14.7638878,,2MASS J19095216+4128178,0.798,0.742,5547.0,,287.46738,41.47163,2017.0,Primary Transit,,G
koi-6666 b,0.068,,1.118507672,,2MASS J19330703+4124132,0.953,0.863,5918.0,,293.2793,41.403679,2017.0,Primary Transit,,G
koi-6672 b,0.0928,,2.28494299,,2MASS J19012151+4132230,0.84,0.793,5393.0,,285.33963,41.539749,2017.0,Primary Transit,,G
koi-6793 b,0.075,,3.62658665,,2MASS J19255900+4228412,0.886,0.799,5411.0,,291.49585,42.47813,2017.0,Primary Transit,,G
koi-6931 b,0.106,,2.54029506,,2MASS J19420054+4336355,1.028,0.911,5778.0,,295.50229,43.609871,2017.0,Primary Transit,,G
koi-6934 b,0.198,,22.2546864,,2MASS J18504142+4347179,1.197,2.388,5349.0,,282.67258,43.788311,2017.0,Primary Transit,,G
koi-7460 b,0.136,,5.70509845,,2MASS J19091658+4939251,0.88,0.927,5455.0,,287.31912,49.65699,2017.0,Primary Transit,,G
ngts-29 b,0.857,0.39,69.33684,0.17,NGTS-29,1.034,1.006,5730.0,149.4,70.9975,-39.906666666666666,2024.0,Primary Transit,,G
toi-1605 b,0.9225,0.6963,8.7099,0.28,TOI-1605,0.989,1.593,5597.0,159.748,54.48109758587,33.0798592596,2024.0,Primary Transit,,G
toi-1716 b,0.2471,0.0151,8.0824,0.0,TOI-1716,,,5878.0,104.16,105.08333333333331,56.80752777777778,2024.0,Primary Transit,,G
toi-1861 b,0.9983,,742.51,,TOI-1861,0.888,1.061,5490.0,134.62,130.798625,-83.061,2020.0,Primary Transit,,G
toi-2494 b,0.2061,0.003,2.4087783,,TOI-2494,0.897,0.883,5490.0,152.9,90.15945833333332,0.1317694444444444,2026.0,Primary Transit,,G
toi-2494 c,0.86,0.289,8.3761356,0.05,TOI-2494,0.897,0.883,5490.0,152.9,90.15945833333332,0.1317694444444444,2026.0,Primary Transit,,G
toi-4191 b,0.2034,,742.86,,TOI-4191,0.948,1.102,5816.0,83.57,287.78,47.677777,2022.0,Primary Transit,,G
toi-4198 b,1.093,,4.7463,,TOI-4198,1.0,1.09,5648.0,546.0,59.016666668,3.61000002,2023.0,Primary Transit,,G
toi-4298 b,0.2427,,722.26,,TOI-4298,1.092,1.221,5857.0,124.27,295.92,47.44,2021.0,Primary Transit,,G
toi-4361 b,0.2471,,741.43,,TOI-4361,1.0,1.22,5944.0,98.09,292.14,47.15,2021.0,Primary Transit,,G
toi-4596 b,0.259,,4.119409,,TOI-4596,1.018,0.921,5881.0,92.85,98.70783333333333,27.388016666666665,2026.0,Primary Transit,,G
toi-5042 b,0.6242,,5.6316098,,TOI-5042,1.04,2.32,5784.0,489.651,210.985625,-78.77244722222223,2022.0,Primary Transit,,G
toi-5527 ab,0.2266,0.02212,346.16,,TOI-5527 A,1.06,0.926,5862.0,144.866,62.853125,10.277208333333332,2021.0,Primary Transit,,G
toi-5571 b,1.0509,,731.48,,TOI-5571,1.1,1.1,5862.0,307.78,106.99045173576,60.0,2022.0,Primary Transit,,G
toi-5645 b,0.635,,4.5362433,,TOI-5645,1.0,1.206,5620.0,473.18,177.2125,35.54750833333333,2022.0,Primary Transit,,G
toi-5721 b,0.2971,,729.48,,TOI-5721,1.0,1.0,5881.0,138.49,156.74993147473,30.70062841829,2024.0,Primary Transit,,G
toi-5833 b,1.222,,2.66881,,TOI-5833,1.0,1.06,5549.0,509.0,293.920833347,3.847777806,2023.0,Primary Transit,,G
toi-5990 b,0.1981,,700.96,,TOI-5990,0.906,1.0,5626.0,102.07,238.91497626272,40.13702563598,2023.0,Primary Transit,,G
toi-6035 b,0.70328,,3.87124,,TOI-6035,,,5780.0,,332.6462173642979,69.77421592179638,2023.0,Primary Transit,,G
toi-603 b,0.7075,0.1495,16.17989,0.22,TOI-603,1.072,1.629,5900.75,205.924,141.10794233082,5.76624385278,2024.0,Primary Transit,,G
toi-6267 b,0.4291,,733.99,,TOI-6267,0.986,1.27,5700.0,117.75,142.17926419272,-14.686430295227778,2019.0,Primary Transit,,G
toi-6559 ab,0.5505,,733.38,,TOI-6559 A,0.98,1.22,5878.0,175.55,202.15822034763,-62.16989616206,2023.0,Primary Transit,,G
toi-6665 b,0.2471,,735.8,,TOI-6665,1.054,1.245,5973.0,109.74,103.90737916999,42.04332730978,2022.0,Primary Transit,,G
toi-6690 ab,0.22821,,761.709,,TOI-6690 A,0.915,1.068,5599.0,158.66,90.44554118483,-63.05080313322,2024.0,Primary Transit,,G
toi-6690 ac,0.24365,,904.535,,TOI-6690 A,0.915,1.068,5599.0,158.66,90.44554118483,-63.05080313322,2024.0,Primary Transit,,G
toi-7018 b,1.61,,20.3158735,,TOI-7018,0.96,0.933,5614.0,473.162,221.073875,77.94604444444444,2025.0,Primary Transit,,G
toi-707 b,0.215,,52.79918,,TOI-707,0.99,0.978,5424.0,131.0,98.72958333333334,-67.537275,2025.0,Primary Transit,,G
toi-7169 b,1.475,0.41,3.4373125,0.055,TOI-7169,0.885,1.5,5714.0,453.1,351.05466666666666,36.81756666666666,2026.0,Primary Transit,,G
toi-899 b,0.6,0.12,10.057716,0.0,TOI-899,0.972,1.086,5696.0,307.7,104.49245833333332,-70.52310555555556,2026.0,Primary Transit,,G
wasp-112 b,1.191,0.88,3.0353992,0.0,WASP-112,0.807,1.002,5610.0,450.0,339.487500019,-35.153888895,2014.0,Primary Transit,,G
wasp-134 b,0.988,1.412,10.1467583,0.1447,WASP-134,1.131,1.16,5700.0,195.0,327.570833339,4.194444457,2018.0,Primary Transit,,G
wasp-134 c,,,70.01,0.173,WASP-134,1.131,1.16,5700.0,195.0,327.570833339,4.194444457,2018.0,Radial Velocity,,G
wasp-143 b,1.234,0.725,3.778873,0.0007,WASP-143,1.087,1.0,5900.0,402.0,140.845833341,2.932500031,2018.0,Primary Transit,,G
