pl_name,radius,mass,orbital_period,eccentricity,star_name,star_mass,star_radius,star_teff,star_distance,ra,dec,discovered,detection_type,eq_temperature,star_spectype
14 and b,,1131.15130051,186.76,0.0,14 And,1.78,11.55,4888.0,75.4392,352.82415,39.2358367,2008.0,Radial Velocity,,K0 III
17 sco b,,1373.01871824,578.38,0.06,17 Sco,1.22,25.92,4157.0,124.953,243.4620874,-11.8377905,2020.0,Radial Velocity,,K3 III
1rxs j160929.1-210524 b,,4000.0,,,1RXS J160929.1-210524,0.85,,4060.0,139.135,242.3762343,-21.0831403,2008.0,Imaging,1700.0,K
24 sex b,,632.46,452.8,0.09,24 Sex,1.54,4.9,5098.0,72.0691,155.8684866,-0.9023998,2010.0,Radial Velocity,,K
24 sex c,,273.32,883.0,0.29,24 Sex,1.54,4.9,5098.0,72.0691,155.8684866,-0.9023998,2010.0,Radial Velocity,,K
2mass j22362452+4751425 b,,3972.875,,,2MASS J22362452+4751425,0.6,,4045.0,69.5737,339.1025931,47.861683,2016.0,Imaging,,K7 V
4 uma b,,2256.5,269.3,0.432,4 UMa,1.234,18.11,4415.0,73.4603,130.0528099,64.3280504,2006.0,Radial Velocity,,K1 III
55 cnc d,,1226.77,4867.0,0.0269,55 Cnc,0.9,0.963515,5250.0,12.5855,133.1468373,28.3298154,2002.0,Radial Velocity,,K
55 cnc e,,7.95,0.736547,0.032,55 Cnc,,,5292.0,12.5855,133.1468373,28.3298154,2004.0,Radial Velocity,,K
55 cnc f,,47.8,259.88,0.08,55 Cnc,0.905,0.943,5172.0,12.5855,133.1468373,28.3298154,2007.0,Radial Velocity,,K
6 lyn b,,597.83523357,919.86,0.042,6 Lyn,1.32,4.94,4941.0,54.6599,97.6960311,58.1611753,2008.0,Radial Velocity,,K0 IV
7 cma b,,781.8618,796.0,0.22,7 CMa,,4.90843,4794.52,19.8101,99.171276,-19.2561808,2011.0,Radial Velocity,,K
8 umi b,,524.41687155,93.31,0.062,8 UMi,1.51,10.73,4847.0,162.552,224.201685,74.9009379,2015.0,Radial Velocity,,K
91 aqr b,,1017.0,181.4,0.027,91 Aqr,1.4,11.0,4665.0,44.0304,348.9745031,-9.0878076,2013.0,Radial Velocity,,K0 III
ab pic b,,4290.5,,,AB Pic,,,,50.0475,94.8039208,-58.0541184,2005.0,Imaging,,K2 V
bd+03 2562 b,,2034.112,481.9,0.2,BD+03 2562,1.14,32.35,4095.0,1070.63,177.5647268,2.7601075,2017.0,Radial Velocity,,K
bd+05 4868 a b,,6.2,1.271869,,BD+05 4868 A,0.7,0.69,4596.0,43.5687,326.8614036,6.6053185,2025.0,Transit,1820.0,K V
bd+14 4559 b,,467.19,268.94,0.29,BD+14 4559,0.86,0.95,5008.0,49.352,318.4010002,14.6893834,2009.0,Radial Velocity,,K2 V
bd+15 2375 b,,337.21763,153.22,0.001,BD+15 2375,1.08,8.95,4649.0,768.045,176.4820239,14.6163182,2016.0,Radial Velocity,,K
bd+15 2940 b,,352.78,137.48,0.26,BD+15 2940,1.1,14.7,4796.0,426.42,240.09564,15.5467507,2013.0,Radial Velocity,,K0
bd+20 2457 b,,17668.1697,379.63,0.15,BD+20 2457,10.83,71.02,4259.0,1539.71,154.186782,19.8912626,2009.0,Radial Velocity,,K
bd+20 2457 c,,3963.17,621.99,0.18,BD+20 2457,2.8,49.0,4137.0,1539.71,154.186782,19.8912626,2009.0,Radial Velocity,,K2 II
bd+20 274 b,,1334.886,578.2,0.21,BD+20 274,0.8,17.3,4296.0,1322.51,25.9203179,21.0052692,2012.0,Radial Velocity,,K5 III
bd+37 3172 b,,3368.9811142,1887.76,0.59,BD+37 3172,3.75,50.24,4500.0,454.251,278.8155071,38.1153886,2023.0,Radial Velocity,,K
bd+42 2315 b,,174.80562385,123.05,0.73,BD+42 2315,1.38,17.85,4500.0,610.715,187.5887597,41.2695674,2023.0,Radial Velocity,,K
bd+45 564 b,,432.24663352,307.88,0.12,BD+45 564,0.81,,5004.0,53.622,32.9470485,45.9242187,2021.0,Radial Velocity,,K1
bd+48 738 b,,289.2253,392.6,0.2,BD+48 738,0.74,11.0,4414.0,871.493,40.7102869,49.5869395,2011.0,Radial Velocity,,K0 III
bd+48 740 b,,540.311,733.0,0.76,BD+48 740,1.09,10.33,4534.0,666.589,40.7425426,48.9300579,2018.0,Radial Velocity,,K
bd+49 828 b,,508.5,2590.0,0.35,BD+49 828,1.52,7.6,4943.0,442.042,45.6406187,49.7299481,2015.0,Radial Velocity,,K0
bd+55 362 b,,228.83645304,265.59,0.27,BD+55 362,0.909,,5012.0,52.5697,23.9636676,56.6982282,2021.0,Radial Velocity,,K3
bd+60 1417 b,14.68376472,4767.426105,,,BD+60 1417,1.0,0.797,4993.0,44.9543,190.8875453,60.0143636,2021.0,Imaging,1303.0,K0
bd+63 1405 b,,3305.4154328,1230.0,0.891,BD+63 1405,0.816,,5000.0,38.0473,271.3979337,63.6700064,2021.0,Radial Velocity,,K0
bd-06 1339 c,,53.0,125.94,0.31,BD-06 1339,0.7,,4324.0,20.2695,88.2511811,-5.9963378,2013.0,Radial Velocity,,K7/M0 V
bd-08 2823 b,,14.4,5.6,0.15,BD-08 2823,0.74,,4746.0,41.3342,150.1971964,-9.5165689,2009.0,Radial Velocity,,K3 V
bd-08 2823 c,,104.0,237.6,0.19,BD-08 2823,0.74,,4746.0,41.3342,150.1971964,-9.5165689,2009.0,Radial Velocity,,K3 V
bd-11 4672 b,,168.44,1667.0,0.05,BD-11 4672,0.571,0.52,4475.0,27.1665,278.3688659,-11.6370481,2014.0,Radial Velocity,,K7 V
bd-11 4672 c,,15.37,74.2,0.4,BD-11 4672,0.651,0.639,4550.0,27.1665,278.3688659,-11.6370481,2020.0,Radial Velocity,,K
bd-13 2130 b,,3108.3774,714.29999,0.21,BD-13 2130,2.12,19.17,4545.0,925.214,114.2884692,-13.9066703,2007.0,Radial Velocity,,K
bd-210397 b,,214.0,1891.0,0.1,BD-210397,0.679,0.747,4051.0,23.7324,33.3024198,-21.1962147,2023.0,Radial Velocity,,K7 V
bd-210397 c,,1525.5763536,6240.0,0.43,BD-210397,0.69,,,23.7324,33.3024198,-21.1962147,2023.0,Radial Velocity,,K7 V
corot-10 b,10.87273,867.6759,13.2406,0.524,CoRoT-10,0.89,0.79,5075.0,338.386,291.0636813,0.7460143,2010.0,Transit,,K
corot-24 b,3.7,5.7,5.1134,0.0,CoRoT-24,0.91,0.86,4950.0,591.555,101.922543,-3.7192892,2014.0,Transit,1070.0,K1 V
corot-24 c,5.0,28.0,11.759,0.0,CoRoT-24,0.91,0.86,4950.0,591.555,101.922543,-3.7192892,2014.0,Transit,850.0,K1 V
corot-28 b,10.704595,152.87623,5.20851,0.071,CoRoT-28,1.01,1.78,5150.0,766.183,278.6883216,5.5736911,2015.0,Transit,,K
corot-29 b,10.0881,270.1555,2.85057,0.082,CoRoT-29,0.97,0.9,5260.0,806.507,278.9020691,6.4795703,2015.0,Transit,,K0 V
corot-7 b,,4.8,0.853585,0.0,CoRoT-7,0.899,0.864273,5256.0,159.906,100.9561682,-1.0630076,2009.0,Transit,,K
epic 201757695.02,0.90819,,2.0478,0.0,EPIC 201757695,0.727,0.655,4520.0,,173.9385102,4.6164303,2020.0,Transit,,K
epic 206042996 b,1.7,,5.2986,,EPIC 206042996,,0.5,4114.0,451.769,337.5136198,-13.6101475,2019.0,Transit,,K
epic 206042996 c,1.2,,0.354884,,EPIC 206042996,,0.5,4114.0,451.769,337.5136198,-13.6101475,2021.0,Transit,,K
epic 206317286 c,2.63,,17.501662,,EPIC 206317286,,0.73,4749.0,314.35,337.6178427,-7.972456,2022.0,Transit,,K
epic 212297394 b,1.48,,2.289363,,EPIC 212297394,0.83,0.8,5171.0,418.395,207.2061241,-17.6098985,2019.0,Transit,1149.0,K
epic 212297394 c,2.27,,5.213965,,EPIC 212297394,0.83,0.8,5171.0,418.395,207.2061241,-17.6098985,2021.0,Transit,866.0,K
epic 212737443 b,,,13.60697954,,EPIC 212737443,0.724,0.669035,4581.0,336.25,204.2215065,-7.3180577,2019.0,Transit,,K
epic 212737443 c,2.69,,65.55,0.2,EPIC 212737443,0.69,0.673,4684.0,336.25,204.2215065,-7.3180577,2019.0,Transit,316.0,K3
epic 248847494 b,12.44199,4131.79,3650.0,0.0,EPIC 248847494,0.9,2.7,4898.0,551.886,159.3890808,11.8427484,2018.0,Transit,183.0,K
gj 1137 c,,5.12,9.6412,0.0,HD 93083,0.836,0.837,5033.8,28.5159,161.0866672,-33.5776794,2026.0,Radial Velocity,,K2 IV-V
gj 414 a b,,10.23407471,51.625,0.28,GJ 414 A,0.694721,0.669922,4205.93,11.8893,167.7745044,30.4451688,2021.0,Radial Velocity,,K
gj 414 a c,8.4,53.83,749.83,0.105,GJ 414 A,0.65,0.68,4120.0,11.8893,167.7745044,30.4451688,2021.0,Radial Velocity,124.7,K7 V
gj 86 b,,1242.66,15.76491,0.0416,GJ 86,0.77,,5151.0,10.7836,32.6224785,-50.8209945,1999.0,Radial Velocity,,K
gj 900 b,,3496.112477,,,GJ 900 A,1.08,,,20.8065,353.7526177,1.6055211,2024.0,Imaging,,K7
gj 9827 b,1.571,4.89,1.209,,GJ 9827,0.606,0.5994,4255.0,29.661,351.7717763,-1.2853435,2017.0,Transit,,K
gj 9827 c,1.24,1.45,3.64823,,GJ 9827,0.637,0.622,4219.0,29.661,351.7717763,-1.2853435,2017.0,Transit,771.0,K6 V
gj 9827 d,1.98,3.02,6.20183,,GJ 9827,0.62,0.58,4236.0,29.661,351.7717763,-1.2853435,2017.0,Transit,675.0,K7 V
gq lup b,33.6,6356.0,,,GQ Lup,0.7,,,151.169,237.3003643,-35.6515055,2004.0,Imaging,2650.0,K7e V
gsc 06214-00210 b,20.1762,4767.45,,,GSC 06214-00210,0.694,0.90484,4432.0,108.5,245.4776921,-20.7193398,2010.0,Imaging,2200.0,K
gaia-4 b,,3750.3752026,571.3,0.338,Gaia-4,0.644,0.624,4034.0,73.4829,209.5063762,31.6954898,2025.0,Astrometry,,K
hat-p-11 b,4.73,25.743,4.8878162,0.198,HAT-P-11,0.81,0.75,4780.0,37.7647,297.7101763,48.0818635,2008.0,Transit,878.0,K4
hat-p-12 b,11.0975,,3.2130578,,HAT-P-12,,0.7,4652.87,142.751,209.3886452,43.49331,2009.0,Transit,918.0,K
hat-p-17 c,,915.3504,3972.0,0.295,HAT-P-17,0.857,0.837,5246.0,92.3831,324.5359781,30.4881882,2010.0,Radial Velocity,,K
hat-p-18 b,10.614923,62.29468,5.507978,0.009,HAT-P-18,0.77,0.717,4870.0,161.4,256.346376,33.0123251,2010.0,Transit,841.0,K
hat-p-19 b,,,4.00878423,0.07,HAT-P-19,0.842,0.82,4990.0,202.078,9.5165832,34.7114025,2010.0,Transit,,K1
hat-p-20 b,9.718,2302.899,2.875317,0.015,HAT-P-20,0.756,0.694,4595.0,71.0374,111.9164295,24.3361185,2010.0,Transit,970.0,K3
hat-p-3 b,10.211399,189.10885,2.89973838,,HAT-P-3,0.925,0.85,5190.0,134.554,206.0940142,48.028565,2007.0,Transit,1170.0,K
hat-p-38 b,,,4.6403293,,HAT-P-38,0.881,1.00936,5191.0,255.206,35.3834942,32.2460441,2012.0,Transit,,K
hat-p-44 b,13.922,111.871,4.301219,0.044,HAT-P-44,0.942,0.949,5295.0,347.85,213.1438604,47.0147826,2014.0,Transit,1108.0,K
hat-p-44 c,,1271.3,872.2,0.494,HAT-P-44,0.942,0.949,5295.0,347.85,213.1438604,47.0147826,2014.0,Radial Velocity,,K
hat-p-52 b,,,2.7535976,,HAT-P-52,0.887,0.893,5131.0,361.155,42.7217412,29.0222492,2015.0,Transit,,K
hat-p-54 b,,,3.7998534,,HAT-P-54,0.645,0.617,4390.0,143.651,99.8979924,25.4824005,2015.0,Transit,,K
hat-p-63 b,13.62393371,,3.37774192505,,HAT-P-63,,1.0408,5080.0,403.458,269.5720695,5.7613709,2021.0,Transit,1118.89,K
hat-p-68 b,13.70588688,,2.29840578875,,HAT-P-68,,0.794584,4221.54,202.152,118.4831501,23.9382192,2020.0,Transit,963.63,K
hats-15 b,20.82300689,,1.7476330451,,HATS-15,,1.61423,5122.0,1139.55,311.0920041,-19.4375266,2016.0,Transit,1746.99,K
hats-2 b,13.092,427.463,1.354133,0.0,HATS-2,0.882,0.898,5227.0,341.925,176.7388264,-22.5630097,2013.0,Transit,1577.0,K
hats-22 b,10.682177,870.8542,4.7228124,0.079,HATS-22,0.759,0.689,4803.0,229.518,174.0098693,-29.5433642,2017.0,Transit,858.0,K V
hats-44 b,11.960003,177.9848,2.7439004,0.279,HATS-44,0.86,0.847,5080.0,446.035,84.3267559,-27.9725758,2018.0,Transit,1161.0,K
hats-47 b,,,3.9228038,,HATS-47,0.674,0.6564,4512.0,300.67,287.4844021,-49.6649424,2020.0,Transit,,K
hats-48 a b,8.9672,77.23269,3.1316666,0.162,HATS-48 A,0.7279,0.7152,4546.0,263.609,288.6720048,-59.5793505,2020.0,Transit,954.6,K
hats-49 b,8.62854045,,4.14703592335,,HATS-49,,0.775548,4247.0,324.413,6.6135927,-56.3442798,2020.0,Transit,786.72,K
hats-69 b,,,2.2252577,,HATS-69,0.892,0.8785,5137.0,414.537,289.2974275,-60.8917599,2018.0,Transit,,K
hats-7 b,6.310667,38.1396,3.185315,0.17,HATS-7,0.849,0.815,4985.0,240.707,208.8567465,-21.2078587,2015.0,Transit,1084.0,K2
hats-72 b,9.49027,,7.327945,,HATS-72,,0.79,4521.0,127.589,339.0258401,-17.0003046,2020.0,Transit,697.0,K
hats-77 b,13.05846252,436.69623122,3.0876262,0.045,HATS-77,0.655,0.6428,4071.0,436.176,149.8236672,-27.3928174,2021.0,Transit,828.3,K
hd 100508 b,,381.3940884,5681.0,0.42,HD 100508,0.94,,5419.0,32.7548,173.3014057,-67.0546386,2026.0,Radial Velocity,,K1 IV
hd 101581 b,0.956,,4.46569,,HIP 56998,0.653,0.63,4675.0,12.7781,175.2563039,-44.4041485,2025.0,Transit,834.0,K
hd 101581 c,0.99,,6.20401,,HIP 56998,0.653,0.63,4675.0,12.7781,175.2563039,-44.4041485,2025.0,Transit,747.0,K
hd 101930 b,,95.34,70.46,0.11,HD 101930,0.74,,5079.0,30.0274,175.875608,-58.0053798,2005.0,Radial Velocity,,K1 V
hd 102272 b,,1570.0802,127.58,0.05,HD 102272,1.45,10.3,4790.0,347.097,176.5980316,14.1240201,2008.0,Radial Velocity,,K
hd 102329 b,,2593.4928,778.09998,0.21,HD 102329,3.21,9.82,4745.0,217.107,176.6941567,3.4742143,2011.0,Radial Velocity,,K
hd 102843 b,,113.9,3090.942,0.11,HD 102843,0.95,,5436.0,62.758,177.5854673,-1.2522989,2019.0,Radial Velocity,,K0 V
hd 102956 b,,292.4036,6.4948,0.05,HD 102956,1.59,4.41,4994.0,121.89,177.8436988,57.6406584,2010.0,Radial Velocity,,K
hd 103197 b,,28.6047,47.84,0.0,HD 103197,0.8,0.88,5250.0,57.1463,178.2201971,-50.2927911,2009.0,Radial Velocity,,K
hd 103720 b,,197.046,4.5557,0.086,HD 103720,0.794,0.73,5017.0,45.5352,179.1713308,-2.7791393,2014.0,Radial Velocity,,K3 V
hd 103949 b,,11.2,120.878,0.19,HD 103949,0.77,,4792.0,26.4997,179.5479558,-23.9241221,2019.0,Radial Velocity,,K3 V
hd 104067 b,,50.8528,55.806,0.0,HD 104067,0.62,0.74,4937.0,20.3632,179.7923543,-20.3556058,2009.0,Radial Velocity,,K
hd 104067 c,,13.2,13.8992,0.29,HD 104067,0.82,0.78,4952.0,20.3632,179.7923543,-20.3556058,2024.0,Radial Velocity,,K
hd 10442 b,,667.41,1043.0,0.11,HD 10442,1.56,,5034.0,135.374,25.471524,2.7044193,2014.0,Radial Velocity,,K2 IV
hd 108202 b,,953.485221,2990.0,0.52,HD 108202,0.74,,,38.6846,186.4613189,-1.1109233,2023.0,Radial Velocity,,K4/5 V
hd 108341 b,,715.11391575,1148.0,0.769,HD 108341,0.843,,5122.0,48.9102,186.8791724,-71.4224896,2014.0,Radial Velocity,,K2 V
hd 108863 b,,902.6372,443.39999,0.0,HD 108863,2.17,7.19,4863.0,164.742,187.5826081,21.9480993,2011.0,Radial Velocity,,K
hd 10975 b,,143.02278315,283.8,0.442,HD 10975,1.41,11.16,4840.0,116.506,27.1628025,37.9527542,2021.0,Radial Velocity,,K0 III
hd 110067 b,2.2,5.69,9.113678,,HD 110067,0.798,0.788,5266.0,32.1585,189.8392243,20.0273377,2023.0,Transit,800.0,K0.0 V
hd 110067 c,2.388,6.3,13.673694,,HD 110067,0.798,0.788,5266.0,32.1585,189.8392243,20.0273377,2023.0,Transit,699.0,K0.0 V
hd 110067 d,2.852,8.52,20.519617,,HD 110067,0.798,0.788,5266.0,32.1585,189.8392243,20.0273377,2023.0,Transit,602.0,K0.0 V
hd 110067 e,1.94,3.9,30.793091,,HD 110067,0.798,0.788,5266.0,32.1585,189.8392243,20.0273377,2023.0,Transit,533.0,K0.0 V
hd 110067 f,2.601,5.04,41.05854,,HD 110067,0.798,0.788,5266.0,32.1585,189.8392243,20.0273377,2023.0,Transit,489.0,K0.0 V
hd 110067 g,2.607,8.4,54.76992,,HD 110067,0.798,0.788,5266.0,32.1585,189.8392243,20.0273377,2023.0,Transit,440.0,K0.0 V
hd 111591 b,,1398.452,1056.4,0.26,HD 111591,1.94,8.03,4884.0,114.166,192.5725483,22.8631285,2017.0,Radial Velocity,,K
hd 112570 b,,1086.97315194,2615.0,0.2,HD 112570,1.15,9.85,4750.0,101.166,194.2824262,46.1765638,2023.0,Radial Velocity,,K0 III
hd 112640 b,,1589.15,613.2,0.24,HD 112640,1.8,39.0,4155.0,323.335,194.2415171,67.2429122,2020.0,Radial Velocity,,K0 III
hd 113538 b,,114.41,663.2,0.14,HD 113538,0.585,0.53,4462.0,16.2817,196.233933,-52.4463502,2010.0,Radial Velocity,,K9 V
hd 113538 c,,225.65,1657.0,0.32,HD 113538,0.7,0.65,4685.0,16.2817,196.233933,-52.4463502,2010.0,Radial Velocity,,K9 V
hd 113996 b,,2002.329,610.2,0.28,HD 113996,1.49,25.11,4181.0,116.334,196.794874,27.6244384,2017.0,Radial Velocity,,K
hd 114386 b,,362.3262,937.70001,0.23,HD 114386,0.6,0.76,4836.0,27.9243,197.6652124,-35.0561807,2003.0,Radial Velocity,,K
hd 114386 c,,117.59651059,444.0,0.1,HD 114386,0.8,,4895.0,27.9243,197.6652124,-35.0561807,2026.0,Radial Velocity,,K3 VC
hd 114783 c,,603.8739733,4352.0,0.05,HD 114783,0.9,,,21.0628,198.1818436,-2.2649921,2016.0,Radial Velocity,,K1 V
hd 116029 b,,667.4,670.0,0.054,HD 116029,1.58,4.6,4951.0,123.245,200.1646905,24.6484725,2011.0,Radial Velocity,,K
hd 118203 c,,3527.8953177,5070.0,0.257,HD 118203,1.22,2.03,5788.0,92.2589,203.509956,53.7281876,2024.0,Radial Velocity,146.0,K0 IV
hd 120084 b,,1373.9,,,HD 120084,2.661,11.03,4892.0,103.044,205.661989,78.0646376,2013.0,Radial Velocity,,K
hd 12648 b,,622.9468,133.60001,0.04,HD 12648,0.67,11.02,4835.0,182.192,34.7480718,85.7365329,2015.0,Radial Velocity,,K
hd 128311 b,,460.83,454.2,0.345,HD 128311,0.828,,4965.0,16.3292,219.0032292,9.7454368,2002.0,Radial Velocity,,K0
hd 128356 b,,282.8687,298.2,0.57,HD 128356,0.65,0.85,4875.0,26.1548,219.2702793,-25.8031728,2016.0,Radial Velocity,,K3 V
hd 131496 b,,699.2,883.0,0.163,HD 131496,1.61,4.3,4927.0,131.849,223.3461495,18.2352618,2011.0,Radial Velocity,,K
hd 13189 b,,3480.2385,471.60001,0.27,HD 13189,2.24,38.41,4175.0,497.823,32.4173964,32.3164548,2005.0,Radial Velocity,,K
hd 136418 b,,635.633,464.3,0.255,HD 136418,1.33,3.4,5071.0,105.168,229.7756438,41.732423,2009.0,Radial Velocity,,K
hd 137388 b,,70.8731,330.0,0.36,HD 137388,0.86,0.82,5240.0,40.4841,233.915082,-80.2044169,2011.0,Radial Velocity,,K
hd 13808 b,,11.2,14.1815,0.071,HD 13808,0.771,0.781,5035.0,28.2305,33.1780708,-53.7437591,2021.0,Radial Velocity,,K2 V
hd 13808 c,,9.96,53.753,0.156,HD 13808,0.771,0.781,5035.0,28.2305,33.1780708,-53.7437591,2021.0,Radial Velocity,,K2 V
hd 139357 b,,5784.4770074,1128.0,0.102,HD 139357,1.35,,4700.0,112.09,233.8173564,53.9221505,2008.0,Radial Velocity,,K4 III
hd 14067 b,,2860.3,2850.0,0.697,HD 14067,,10.7687,4846.0,142.024,34.293348,23.7676546,2014.0,Radial Velocity,,K
hd 141399 c,,432.2488,202.08,0.05,HD 141399,1.14,1.46,5360.0,37.0169,236.7235392,46.986288,2014.0,Radial Velocity,,K0 V
hd 142245 b,,603.9,1299.0,0.09,HD 142245,1.69,5.2,4878.0,97.2305,238.2342443,15.4306118,2011.0,Radial Velocity,,K
hd 145457 b,,921.668,176.3,0.112,HD 145457,1.9,9.9,4757.0,135.292,242.5162215,26.7429068,2010.0,Radial Velocity,,K
hd 145934 b,,648.36995028,2790.0,0.057,HD 145934,1.812692,6.930587,4823.75,227.881,243.2912249,13.2394527,2015.0,Radial Velocity,,K
hd 14787 b,,356.28743,676.6,0.155,HD 14787,1.43,5.01,4946.0,119.137,35.8085099,10.8367972,2018.0,Radial Velocity,,K
hd 150010 b,,762.7881768,562.0,0.2,HD 150010,1.3,16.2,4153.0,144.49,247.8670682,72.6125804,2022.0,Radial Velocity,,K2 III
hd 1502 b,,874.0325,428.5,0.031,HD 1502,1.46,4.67,4947.0,190.953,4.8214389,14.054683,2011.0,Radial Velocity,,K
hd 152581 b,,594.02427,686.5,0.04,HD 152581,1.3,5.14,5027.0,165.76,253.4316451,11.9736828,2011.0,Radial Velocity,,K
hd 15337 b,1.47900686,,4.75599951974,,HD 15337,,0.841842,5175.2,44.8155,36.8678846,-27.6361171,2019.0,Transit,1249.44,K
hd 15337 c,2.39,8.11,17.1784,0.05,HD 15337,0.9,0.856,5125.0,44.8155,36.8678846,-27.6361171,2019.0,Transit,642.0,K1 V
hd 154088 b,,6.6,18.56,0.344,HD 154088,0.91,,5374.0,18.2692,256.1164214,-28.5838342,2021.0,Radial Velocity,,K0 IV-V
hd 154391 b,,2892.2385037,5163.0,0.2,HD 154391,2.07,8.56,4909.0,100.947,255.3201345,60.6489226,2023.0,Radial Velocity,,K1 III
hd 156668 b,,4.15,4.6426,0.22,HD 156668,0.79,0.760432,4849.92,24.3323,259.4183491,29.228161,2010.0,Radial Velocity,,K
hd 156668 c,,31.49679513,811.3,0.089,HD 156668,0.785167,0.774528,4903.69,24.3323,259.4183491,29.228161,2021.0,Radial Velocity,,K
hd 158038 b,,486.2799,521.0,0.29,HD 158038,1.3,4.5,4860.0,94.8625,261.4395312,27.3030721,2011.0,Radial Velocity,,K
hd 158996 b,,4449.62,820.2,0.13,HD 158996,1.8,50.3,4069.0,283.659,259.9051092,80.1364033,2018.0,Radial Velocity,,K5 III
hd 15906 b,1.90150181,,10.92454779649,,HD 15906,,0.74413,4884.0,45.5621,38.2712534,-10.352178,2023.0,Transit,621.42,K
hd 15906 c,2.93,,21.583298,0.04,HD 15906,0.79,0.762,4757.0,45.5621,38.2712534,-10.352178,2023.0,Transit,532.0,K V
hd 1605 b,,310.0,577.9,0.078,HD 1605,1.31,3.8,4757.0,88.8047,5.1317548,30.9750611,2015.0,Radial Velocity,,K1 IV
hd 1605 c,,1150.5446,2149.0,0.099,HD 1605,1.33,3.49,4915.0,88.8047,5.1317548,30.9750611,2015.0,Radial Velocity,,K1 IV
hd 162020 b,,4580.0,8.428198,0.277,HD 162020,0.75,,4830.0,30.8248,267.6599252,-40.3184646,2002.0,Radial Velocity,650.0,K3 V
hd 164604 b,,858.105,606.4,0.24,HD 164604,0.8,,,39.3633,270.7787177,-28.5608343,2009.0,Radial Velocity,,K2 V
hd 164604 c,,3019.3698665,5387.0,0.196,HD 164604,0.77,0.78,4663.0,39.3633,270.7787177,-28.5608343,2026.0,Radial Velocity,,K3.5 V
hd 166724 b,,1207.7479466,4750.0,0.729,HD 166724,0.81,,5127.0,45.1342,273.4988604,-42.5757218,2012.0,Radial Velocity,,K0 IV/V
hd 1690 b,,2793.7257,533.0,0.64,HD 1690,1.86,21.66,4374.0,752.615,5.3055886,-8.2811442,2010.0,Radial Velocity,,K
hd 17092 b,,1462.0,359.9,0.166,HD 17092,2.3,,4650.0,228.422,41.5924261,49.6530375,2007.0,Radial Velocity,,K0 III
hd 171238 b,,826.32,1523.0,0.4,HD 171238,0.943,,5467.0,44.8113,278.6818389,-28.0727849,2009.0,Radial Velocity,,K0 V
hd 174205 b,,1334.8793094,582.0,0.4,HD 174205,1.8,26.6,4308.0,234.027,280.7932014,70.7928237,2022.0,Radial Velocity,,K2
hd 176986 d,,6.76,61.376,,HD 176986,0.789,0.782,4931.0,27.7843,285.7739138,-11.044941,2026.0,Radial Velocity,363.0,K2.5 V
hd 177830 b,,486.3,410.1,0.096,HD 177830,,3.30878,4923.79,62.7674,286.3363574,25.9204327,1999.0,Radial Velocity,,K
hd 177830 c,,47.6725,110.9,0.3,HD 177830,1.47,2.62,4949.0,62.7674,286.3363574,25.9204327,2010.0,Radial Velocity,,K
hd 180053 b,,697.31902,213.72,0.081,HD 180053,1.75,4.06,5131.0,137.043,288.4008374,34.9146658,2018.0,Radial Velocity,,K
hd 180314 b,,6397.9179,396.03,0.26,HD 180314,2.2,8.13,4924.0,122.362,288.7094401,31.8604391,2010.0,Radial Velocity,,K
hd 180902 b,,495.8148,479.0,0.09,HD 180902,1.52,3.78,4992.0,104.577,289.8239604,-23.5582432,2009.0,Radial Velocity,,K
hd 181342 b,,921.707,562.1,0.1,HD 181342,1.89,5.12,5040.0,120.391,290.2674078,-23.6196996,2009.0,Radial Velocity,,K0 III
hd 181433 d,,194.51098508,7012.0,0.469,HD 181433,0.78,,4962.0,26.8762,291.2873731,-66.4677838,2008.0,Radial Velocity,,K
hd 184010 b,,98.52680617,286.6,0.0,HD 184010,1.35,4.86,4971.0,60.7993,292.8401421,26.6172796,2022.0,Radial Velocity,,K0 III-IV
hd 184010 c,,95.3485221,484.3,0.0,HD 184010,1.35,4.86,4971.0,60.7993,292.8401421,26.6172796,2022.0,Radial Velocity,,K0 III-IV
hd 184010 d,,143.02278315,836.4,0.0,HD 184010,1.35,4.86,4971.0,60.7993,292.8401421,26.6172796,2022.0,Radial Velocity,,K0 III-IV
hd 185283 b,,413.1769291,4060.0,0.07,HD 185283,0.8,,,31.395,295.3233609,-56.3221096,2023.0,Radial Velocity,,K3 V
hd 18599 b,2.6,24.1,4.1374354,0.34,HD 18599,0.863,0.767,5145.0,38.5653,44.2620144,-56.1918694,2022.0,Transit,,K2 V
hd 18742 b,,1185.5059,772.0,0.12,HD 18742,2.58,5.88,5021.0,162.685,45.0443115,-20.8027024,2011.0,Radial Velocity,,K
hd 189733 b,12.755842,356.92309,2.2185752,0.0039,HD 189733,0.806,0.756,5040.0,19.7638,300.1821223,22.7097759,2005.0,Radial Velocity,,K
hd 190007 b,,15.5,11.724128,0.136,HD 190007,0.77,,4610.0,12.7141,300.6956339,3.3266992,2020.0,Radial Velocity,,K4 V
hd 191806 b,,3219.60176291,1604.0,0.213,HD 191806,1.14,,6010.0,65.6668,302.368758,52.2767265,2016.0,Radial Velocity,,K0
hd 192263 b,,247.9,24.4,0.22,HD 192263,,,,19.6359,303.4990864,-0.8657574,1999.0,Radial Velocity,486.0,K0 V
hd 192310 b,,16.9,74.72,0.13,HD 192310,0.8,,5166.0,8.79687,303.8284712,-27.0337556,2011.0,Radial Velocity,355.0,K
hd 192310 c,,24.0,525.8,0.32,HD 192310,0.8,,5166.0,8.79687,303.8284712,-27.0337556,2011.0,Radial Velocity,185.0,K
hd 192699 b,,737.3656,345.53,0.13,HD 192699,1.61,4.31,5164.0,71.8627,304.0248392,4.5805708,2007.0,Radial Velocity,,K
hd 19615 b,,2701.5414595,402.0,0.2,HD 19615,1.1,32.3,4263.0,265.155,48.7813299,73.868015,2022.0,Radial Velocity,,K0
hd 200964 b,,587.96,613.8,0.04,HD 200964,1.44,4.3,5164.0,72.5922,316.6664183,3.8033357,2010.0,Radial Velocity,,K
hd 200964 c,,284.446,825.0,0.181,HD 200964,1.44,4.3,5164.0,72.5922,316.6664183,3.8033357,2010.0,Radial Velocity,,K
hd 202696 b,,634.38868,517.8,0.011,HD 202696,1.91,6.43,5040.0,188.546,319.2250346,27.2582799,2019.0,Radial Velocity,,K0 III-IV
hd 202696 c,,592.43512,946.6,0.028,HD 202696,1.91,6.43,5040.0,188.546,319.2250346,27.2582799,2019.0,Radial Velocity,,K0 III-IV
hd 204941 b,,84.5392,1733.0,0.37,HD 204941,0.74,0.72,5056.0,28.7165,323.0966714,-20.957957,2011.0,Radial Velocity,,K
hd 206610 b,,813.6448,610.0,0.23,HD 206610,1.93,4.92,4890.0,147.192,325.8537599,-7.4082451,2009.0,Radial Velocity,,K
hd 207496 b,2.56374,,6.441006,,HD 207496,,0.8,4867.0,23.606,328.7181708,-77.3388025,2023.0,Transit,853.0,K
hd 20781 b,,1.93,5.3135,0.1,HD 20781,0.7,,5256.0,35.9715,50.0139757,-28.7841175,2019.0,Radial Velocity,,K0 V
hd 20781 c,,5.33,13.8905,0.09,HD 20781,0.7,,5256.0,35.9715,50.0139757,-28.7841175,2019.0,Radial Velocity,,K0 V
hd 20781 d,,10.61,29.158,0.11,HD 20781,0.7,,5256.0,35.9715,50.0139757,-28.7841175,2019.0,Radial Velocity,,K0 V
hd 20781 e,,14.03,85.5073,0.06,HD 20781,0.7,,5256.0,35.9715,50.0139757,-28.7841175,2019.0,Radial Velocity,,K0 V
hd 207897 b,2.501,14.4,16.202159,0.047,HD 207897,0.8,0.779,5070.0,28.2938,325.2016451,84.3337613,2021.0,Transit,632.2,K0 V
hd 20868 b,,632.46,380.85,0.75,HD 20868,0.78,0.79,4795.0,47.7223,50.1794053,-33.72969,2008.0,Radial Velocity,,K3/4 IV
hd 210702 b,,574.63664,354.1,0.028,HD 210702,1.61,4.92,4951.0,54.1963,332.9638643,16.0404806,2007.0,Radial Velocity,,K
hd 211970 b,,13.0,25.201,0.15,HD 211970,0.61,,4127.0,13.1277,335.5661579,-54.5596006,2019.0,Radial Velocity,,K7 V
hd 212771 b,,1172.7927,373.29999,0.11,HD 212771,2.41,4.55,5069.0,111.155,336.762413,-17.2641046,2009.0,Radial Velocity,,K
hd 215152 c,,1.72,7.28243,0.0,HD 215152,0.77,0.73,4935.0,21.5974,340.8380941,-6.4020685,2018.0,Radial Velocity,,K3 V
hd 215152 e,,2.877,25.1967,0.0,HD 215152,0.77,0.73,4935.0,21.5974,340.8380941,-6.4020685,2018.0,Radial Velocity,,K3 V
hd 215497 b,,6.6,3.93404,0.16,HD 215497,0.872,,5113.0,40.5468,341.652714,-56.5997984,2009.0,Radial Velocity,,K3 V
hd 215497 c,,104.3,567.94,0.49,HD 215497,0.872,,5113.0,40.5468,341.652714,-56.5997984,2009.0,Radial Velocity,,K3 V
hd 216520 b,,10.26,35.45,0.09,HD 216520,0.82,0.76,5103.0,19.552,341.8768719,83.6975307,2020.0,Radial Velocity,,K
hd 216520 c,,9.44,154.43,0.12,HD 216520,0.82,0.76,5103.0,19.552,341.8768719,83.6975307,2020.0,Radial Velocity,,K
hd 216536 b,,467.19,148.6,0.38,HD 216536,1.36,12.5,4639.0,376.233,343.2665641,44.4777303,2015.0,Radial Velocity,,K0
hd 21749 c,0.96179656,,7.78978861866,,GJ 143,,0.71,4628.53,16.32,51.7501882,-63.500166,2019.0,Transit,1165.14,K
hd 218566 b,,66.7415,225.7,0.3,HD 218566,0.85,0.86,4820.0,28.8274,347.297417,-2.2611645,2010.0,Radial Velocity,,K
hd 219134 b,,3.73,3.092926,0.121,HD 219134,,,4874.0,6.53127,348.3372026,57.1696255,2015.0,Radial Velocity,,K
hd 219134 c,,3.49613,6.7635,0.0,HD 219134,0.794,0.77,4913.0,6.53127,348.3372026,57.1696255,2015.0,Radial Velocity,,K3 V
hd 219134 d,,8.94,46.66,0.46,HD 219134,0.78,0.778,4699.0,6.53127,348.3372026,57.1696255,2015.0,Radial Velocity,,K3 V
hd 219134 f,,8.89924,22.805,0.0,HD 219134,0.794,0.77,4913.0,6.53127,348.3372026,57.1696255,2015.0,Radial Velocity,,K3 V
hd 219134 g,,10.80622,94.2,0.0,HD 219134,0.794,0.77,4913.0,6.53127,348.3372026,57.1696255,2015.0,Radial Velocity,,K3 V
hd 219415 b,,317.83,2093.3,0.4,HD 219415,1.0,2.9,4820.0,165.184,348.7243579,56.7303001,2012.0,Radial Velocity,,K0 III
hd 221416 b,,,14.2769,,HD 221416,1.212,2.943,5080.0,95.5483,353.0331863,-21.8012007,2019.0,Transit,,K
hd 222076 b,,540.3082919,873.04,0.0,HD 222076,1.28,4.28,4879.0,91.1538,354.531982,-70.9032461,2016.0,Radial Velocity,,K1 III
hd 22496 b,,5.57,5.09071,,HD 22496,0.684,0.674,4385.0,13.5956,53.7565398,-48.4178173,2021.0,Radial Velocity,573.0,K
hd 22781 b,,4338.2,528.07,0.8191,HD 22781,0.75,,5027.0,32.6034,55.2065581,31.8258855,2011.0,Radial Velocity,,K1
hd 233604 b,,2089.644,192.0,0.05,HD 233604,1.5,10.9,4791.0,847.058,137.4535054,53.5682016,2013.0,Radial Velocity,,K5
hd 233832 b,,864.4976,4047.0,0.381,HD 233832,0.82,0.738364,4971.74,58.742,171.5196515,50.3763099,2018.0,Radial Velocity,,K
hd 23472 b,2.0,8.32,17.667087,0.072,HD 23472,0.67,0.71,4684.0,39.0341,55.4590314,-62.7672667,2019.0,Transit,543.0,K4 V
hd 23472 c,1.87,3.41,29.79749,0.063,HD 23472,0.67,0.71,4684.0,39.0341,55.4590314,-62.7672667,2019.0,Transit,467.0,K4 V
hd 23472 d,0.75,0.55,3.97664,0.07,HD 23472,0.67,0.71,4684.0,39.0341,55.4590314,-62.7672667,2022.0,Transit,909.0,K4 V
hd 23472 e,0.818,0.72,7.90754,0.07,HD 23472,0.67,0.71,4684.0,39.0341,55.4590314,-62.7672667,2022.0,Transit,723.0,K4 V
hd 23472 f,1.06362368,,12.1623046419,,HD 23472,,0.69,4813.0,39.0341,55.4590314,-62.7672667,2022.0,Transit,818.99,K
hd 235088 b,1.97737,,7.4341456,,HD 235088,,0.78,5064.0,41.1706,300.6154535,53.3774418,2023.0,Transit,733.0,K
hd 238914 b,,1906.98,4100.0,0.56,HD 238914,1.47,12.73,4769.0,519.452,279.5842102,59.2538819,2018.0,Radial Velocity,,K
hd 240210 b,,1655.82,501.75,0.15,HD 240210,0.82,,4297.0,372.405,347.6219227,57.0294818,2009.0,Radial Velocity,,K3 III
hd 240237 b,,5050.3187,745.70001,0.4,HD 240237,8.76,71.23,3926.0,933.377,348.9259334,58.0432233,2011.0,Radial Velocity,,K
hd 24064 b,,2987.602,535.6,0.35,HD 24064,1.0,38.0,4052.5,300.247,59.1510071,74.0800789,2015.0,Radial Velocity,,K0
hd 25015 b,,2993.94359394,6360.0,0.341,HD 25015,0.86,,5160.0,37.433,59.4335463,-20.2673347,2019.0,Radial Velocity,,K2 V
hd 25723 b,,794.5710175,457.01,0.04,HD 25723,2.12,13.76,4766.0,114.816,61.0947182,-12.7922241,2020.0,Radial Velocity,,K1 III
hd 27894 c,,51.48846,36.07,0.015,HD 27894,0.8,,,43.8214,65.1975693,-59.4096776,2017.0,Radial Velocity,,K2 V
hd 285507 b,,311.4734,6.0881,0.09,HD 285507,0.82,0.69,4503.0,45.0293,61.755663,15.3349441,2013.0,Radial Velocity,,K
hd 28678 b,,540.3,387.1,0.168,HD 28678,1.74,6.2,5076.0,189.908,67.8560643,4.5752495,2011.0,Radial Velocity,,K
hd 29399 b,,551.8,,,HD 29399,1.361,4.845,4845.0,44.1518,68.3903471,-62.8237576,2022.0,Radial Velocity,,K
hd 2952 b,,435.4271,311.60001,0.13,HD 2952,1.97,10.76,4844.0,110.103,8.2938367,54.8948177,2013.0,Radial Velocity,,K
hd 30856 b,,670.6213,912.0,0.12,HD 30856,1.65,4.73,4971.0,131.199,72.5745099,-24.3689282,2011.0,Radial Velocity,,K
hd 3167 d,,4.33,8.4112,0.12,HD 3167,0.837,0.88,5261.0,47.2899,8.7401487,4.3807215,2017.0,Radial Velocity,,K
hd 3167 e,,9.74,102.09,0.6,HD 3167,0.852,0.871,5300.0,47.2899,8.7401487,4.3807215,2022.0,Radial Velocity,374.8,K
hd 32518 b,,905.49313154,157.35,0.028,HD 32518,1.13,10.22,4580.0,122.115,77.4037569,69.6391355,2009.0,Radial Velocity,,K1 III
hd 330075 b,,152.5584,3.38773,0.0,HD 330075,0.47,0.84,5000.0,45.2989,237.4054997,-49.9639199,2004.0,Radial Velocity,,K
hd 331093 b,,476.7426105,621.62,0.59,HD 331093,1.03,,5544.0,50.1928,295.6200054,31.7395451,2021.0,Radial Velocity,,K0
hd 33142 b,,400.46379282,330.0,0.049,HD 33142,1.52,4.17,5025.4,121.375,76.8980559,-13.9863374,2011.0,Radial Velocity,,K0 III
hd 33142 d,,63.5656814,89.9,0.191,HD 33142,1.52,4.17,5025.4,121.375,76.8980559,-13.9863374,2022.0,Radial Velocity,,K0 III
hd 33844 b,,622.9468,551.4,0.15,HD 33844,1.78,5.29,4861.0,105.779,78.1505649,-14.9509775,2015.0,Radial Velocity,,K0 III
hd 33844 c,,556.2025,916.0,0.13,HD 33844,1.78,5.29,4861.0,105.779,78.1505649,-14.9509775,2015.0,Radial Velocity,,K0 III
hd 3651 b,,72.1,62.206,0.618,HD 3651,0.9,0.873266,5274.92,11.1336,9.8387218,21.2488844,2003.0,Radial Velocity,,K
hd 37605 b,,890.522,55.01307,0.6767,HD 37605,1.0,0.901,5448.0,46.7864,85.0074276,6.0595116,2004.0,Radial Velocity,,K0 V
hd 37605 c,,1013.8777,2720.0,0.03,HD 37605,0.94,0.91,5329.0,46.7864,85.0074276,6.0595116,2012.0,Radial Velocity,,K0
hd 3765 b,,54.98431441,1211.0,0.298,HD 3765,0.851785,0.83061,5049.8,17.926,10.2072994,40.1842918,2021.0,Radial Velocity,,K
hd 39194 c,,6.3,14.03,0.154,HD 39194,0.67,,5205.0,26.4131,86.129071,-70.1382377,2021.0,Radial Velocity,,K0 V
hd 40307 b,,4.0,4.3123,0.1964,HD 40307,0.79,0.716684,4867.44,12.9363,88.5172191,-60.0237289,2009.0,Radial Velocity,910.0,K
hd 40307 c,,6.43,9.6207,0.103,HD 40307,0.77,,4977.0,12.9363,88.5172191,-60.0237289,2009.0,Radial Velocity,,K3 V
hd 40307 d,,9.5,20.432,0.07,HD 40307,0.77,,4956.0,12.9363,88.5172191,-60.0237289,2009.0,Radial Velocity,,K2.5 V
hd 40307 f,,3.63,51.56,0.352,HD 40307,0.77,,4977.0,12.9363,88.5172191,-60.0237289,2013.0,Radial Velocity,,K3 V
hd 40307 g,,7.1,197.8,0.29,HD 40307,0.77,,4956.0,12.9363,88.5172191,-60.0237289,2013.0,Radial Velocity,,K2.5 V
hd 40956 b,,858.141,578.6,0.24,HD 40956,2.0,8.56,4869.0,116.593,91.6628015,63.453875,2017.0,Radial Velocity,,K
hd 42012 b,,508.528,857.5,0.2,HD 42012,0.83,0.82,5405.0,36.7984,92.485473,34.1341722,2017.0,Radial Velocity,,K0
hd 4313 b,,730.978,356.0,0.041,HD 4313,1.72,4.9,5035.0,136.308,11.4181301,7.8450492,2009.0,Radial Velocity,,K
hd 45364 b,,60.16491745,225.79,0.067,HD 45364,0.82,0.89,5466.0,34.354,96.4105736,-31.4810037,2008.0,Radial Velocity,,K0 V
hd 45364 c,,174.48779544,345.43,0.019,HD 45364,0.82,0.89,5466.0,34.354,96.4105736,-31.4810037,2008.0,Radial Velocity,,K0 V
hd 45652 b,,111.2405,43.6,0.38,HD 45652,0.54,0.96,5232.0,34.8541,97.3058709,10.9336212,2008.0,Radial Velocity,,K
hd 46375 b,,72.01991703,3.023495,0.063,HD 46375,0.932831,0.914196,5264.38,29.5529,98.3030763,5.4625071,2000.0,Radial Velocity,,K
hd 4732 b,,631.2072163,371.74,0.266,HD 4732,1.39,5.03,4898.0,54.7841,12.3085089,-24.1369079,2012.0,Radial Velocity,,K0 IV
hd 4732 c,,753.23,2732.0,0.23,HD 4732,1.74,5.4,4959.0,54.7841,12.3085089,-24.1369079,2012.0,Radial Velocity,,K0 IV
hd 47366 b,,556.2025,363.3,0.089,HD 47366,1.81,7.3,4866.0,84.3552,99.4200181,-12.9856593,2016.0,Radial Velocity,,K1 III
hd 47366 c,,597.5204,682.85,0.1,HD 47366,2.19,6.2,4914.0,84.3552,99.4200181,-12.9856593,2016.0,Radial Velocity,,K
hd 47536 b,,2330.0,712.13,0.2,HD 47536,2.1,23.47,4380.0,122.536,99.448958,-32.3394531,2002.0,Radial Velocity,,K1 III
hd 4760 b,,4417.837,434.0,0.23,HD 4760,1.05,42.4,4076.0,537.873,12.4161652,6.4071412,2021.0,Radial Velocity,,K
hd 48948 b,,4.88,7.34013,0.055,HD 48948,0.686,0.679,4593.0,16.9043,102.489811,60.3373133,2024.0,Radial Velocity,957.0,K3 V
hd 48948 c,,7.27,38.06,0.55,HD 48948,0.686,0.679,4593.0,16.9043,102.489811,60.3373133,2024.0,Radial Velocity,553.0,K3 V
hd 48948 d,,10.59,151.92,0.055,HD 48948,0.686,0.679,4593.0,16.9043,102.489811,60.3373133,2024.0,Radial Velocity,349.0,K3 V
hd 4917 b,,513.29545,400.5,0.066,HD 4917,1.32,5.01,4802.0,204.277,12.7762624,-12.9276648,2018.0,Radial Velocity,,K
hd 5319 b,,494.54348,637.1,0.092,HD 5319,1.27,4.06,4871.0,121.405,13.7558096,0.7893425,2007.0,Radial Velocity,,K
hd 5583 b,,1837.0574,139.35,0.076,HD 5583,1.01,9.09,4830.0,219.216,14.486946,34.9853306,2016.0,Radial Velocity,,K
hd 5608 b,,444.962,792.6,0.19,HD 5608,1.55,5.5,4854.0,58.1105,14.5594349,33.9505774,2012.0,Radial Velocity,,K
hd 5891 b,,2425.0429,177.11,0.07,HD 5891,1.93,10.64,4673.0,283.502,15.1383168,20.2923139,2011.0,Radial Velocity,,K
hd 59686 a b,,2199.3836,299.36,0.05,HD 59686 A,1.9,13.2,4658.0,89.2721,112.9518629,17.0857195,2016.0,Radial Velocity,,K2 III
hd 60292 b,,2065.895,495.4,0.27,HD 60292,1.7,27.0,4348.0,315.211,114.6201698,66.2350517,2020.0,Radial Velocity,,K0 III
hd 62509 b,,839.0712,596.6,0.011,HD 62509,1.73,,4858.0,,116.328824,28.026127,2006.0,Radial Velocity,,K
hd 63454 b,,79.4575,2.81805,0.0,HD 63454,0.42,0.77,4812.0,37.6894,114.8406393,-78.2791464,2005.0,Radial Velocity,,K
hd 66141 b,,1906.9,480.5,0.07,HD 66141,1.1,21.4,4323.0,68.1509,120.5662825,2.3350265,2012.0,Radial Velocity,,K2 III
hd 68475 b,,1639.99458012,7832.0,0.62,HD 68475,0.83,,5022.0,33.4297,122.7192621,-42.8128841,2026.0,Radial Velocity,,K2 VC
hd 69123 b,,982.08977763,1191.0,0.224,HD 69123,1.68,,4842.0,75.116,123.55499,-35.4899246,2022.0,Radial Velocity,,K 1III
hd 72490 b,,561.92344,858.0,0.124,HD 72490,1.21,4.96,4934.0,126.339,128.4028287,13.5507189,2018.0,Radial Velocity,,K
hd 73583 b,2.49,,6.39805,,HD 73583,0.73,0.65,4511.0,31.5666,129.6883026,-13.2565267,2022.0,Transit,655.0,K4 V
hd 73583 c,2.39,9.7,18.87974,0.08,HD 73583,0.73,0.65,4511.0,31.5666,129.6883026,-13.2565267,2022.0,Transit,498.0,K4 V
hd 75784 b,,365.49,341.7,0.13,HD 75784,1.41,3.3,4917.0,85.4321,133.0992289,13.2330548,2014.0,Radial Velocity,,K3 IV
hd 76920 b,,994.80291391,415.891,0.8782,HD 76920,1.0,8.33,4664.0,184.031,133.820353,-67.2653621,2017.0,Radial Velocity,,K
hd 7924 c,,8.83562971,15.3006,0.1,HD 7924,0.802036,0.77984,5171.13,16.9922,20.4956562,76.7101475,2015.0,Radial Velocity,,K
hd 81688 b,,858.1,184.02,0.0,HD 81688,2.1,13.0,4753.0,85.7183,142.1665753,45.6009241,2007.0,Radial Velocity,,K
hd 82886 b,,740.5439,705.0,0.07,HD 82886,2.53,5.26,4953.0,127.061,143.9383526,34.7805902,2011.0,Radial Velocity,,K
hd 8326 b,,66.6,158.991,0.2,HD 8326,0.8,,4914.0,30.6862,20.5314418,-26.8940678,2019.0,Radial Velocity,,K2 V
hd 83443 c,,476.7426105,8241.0,0.76,HD 83443,1.0,0.94,5442.0,40.8991,144.2994103,-43.272721,2022.0,Radial Velocity,,K0 V
hd 85390 b,,34.9613,788.0,0.41,HD 85390,0.54,0.8,5164.0,33.5225,147.5105663,-49.7905254,2009.0,Radial Velocity,,K
hd 86950 b,,1144.188,1270.0,0.17,HD 86950,1.66,8.8,4805.0,209.839,150.4066612,-17.3330699,2016.0,Radial Velocity,,K1 III
hd 87816 b,,2142.16346318,484.17,0.78,HD 87816,2.41,9.0,4989.0,133.233,151.5296524,-52.1878679,2025.0,Radial Velocity,,K0 III
hd 87816 c,,3877.5065654,7596.0,0.19,HD 87816,2.41,9.0,4989.0,133.233,151.5296524,-52.1878679,2025.0,Radial Velocity,,K0 III
hd 87883 b,,2005.49724817,3006.0,0.72,HD 87883,0.8,,,18.2912,152.1794175,34.2419984,2009.0,Radial Velocity,,K0
hd 93083 b,,117.59,143.58,0.14,HD 93083,0.7,,4995.0,28.5159,161.0866672,-33.5776794,2005.0,Radial Velocity,,K3 V
hd 94834 b,,400.4658,1576.0,0.14,HD 94834,1.11,4.2,4798.0,98.1609,164.3126363,24.1429374,2018.0,Radial Velocity,,K
hd 94890 b,,676.97450691,824.61,0.22,HD 94890,1.74,10.71,4867.0,61.7012,164.1797804,-37.1383035,2025.0,Radial Velocity,,K0 III
hd 94890 c,,2831.85110637,2492.19,0.05,HD 94890,1.74,10.71,4867.0,61.7012,164.1797804,-37.1383035,2025.0,Radial Velocity,,K0 III
hd 95089 b,,400.4658,464.4,0.119,HD 95089,1.54,5.08,4918.0,136.957,164.698748,1.7290087,2009.0,Radial Velocity,,K
hd 95089 c,,1096.5135,1785.0,0.284,HD 95089,1.54,5.08,4918.0,136.957,164.698748,1.7290087,2016.0,Radial Velocity,,K
hd 95127 b,,1592.26,482.0,0.11,HD 95127,1.2,20.0,4218.0,676.579,164.8961152,43.8144094,2015.0,Radial Velocity,,K0
hd 95338 b,4.27174254,,55.082694,,HD 95338,0.848,0.868,5097.0,36.9941,164.8563364,-56.6235564,2020.0,Radial Velocity,,K
hd 96063 b,,286.0,361.1,0.03,HD 96063,1.02,4.5,5148.0,140.065,166.1853484,-2.5132966,2011.0,Radial Velocity,,K
hd 96127 b,,1271.32,647.3,0.3,HD 96127,0.91,35.0,4152.0,587.659,166.441502,44.30155,2011.0,Radial Velocity,,K2 III
hd 96992 b,,362.3262,514.0,0.41,HD 96992,0.96,7.43,4725.0,396.082,167.5966158,43.9189897,2021.0,Radial Velocity,,K
hd 97658 b,,8.26323,9.494,,HD 97658,0.78,0.68,5170.0,21.5618,168.6376584,25.7105962,2010.0,Radial Velocity,,K
hd 98219 b,,699.226,436.89999,0.0,HD 98219,1.71,3.85,4946.0,113.704,169.4475218,-23.975488,2011.0,Radial Velocity,,K
hd 98736 b,,740.5439,968.8,0.226,HD 98736,0.92,0.93,5271.0,32.4459,170.4549045,18.1896082,2018.0,Radial Velocity,,K
hd 99283 b,,308.29355479,310.4,0.2,HD 99283,1.76,11.21,4886.0,111.093,171.4874082,55.8506653,2021.0,Radial Velocity,,K0 III
hd 99492 b,,25.10857,17.054,0.07,HD 99492,0.85,0.78,4929.0,18.2038,171.689687,3.0071331,2004.0,Radial Velocity,,K
hd 99492 c,,17.9,95.233,0.063,HD 99492,0.85,,4929.0,18.2038,171.689687,3.0071331,2023.0,Radial Velocity,,K2 V
hd 99706 b,,441.7837,868.0,0.37,HD 99706,1.7,6.29,4891.0,146.6,172.1261621,43.9662025,2011.0,Radial Velocity,,K
hip 105854 b,,2606.1,184.2,0.02,HIP 105854,2.1,,4780.0,78.6381,321.5962275,-37.8294782,2014.0,Radial Velocity,,K2 III
hip 107773 b,,629.3034,144.3,0.09,HIP 107773,2.42,11.6,4945.0,105.18,327.5005089,-64.7126993,2015.0,Radial Velocity,,K1 III
hip 111909 b,,384.57237247,487.08,,HIP 111909,1.28,4.53,4891.0,88.077,340.0304354,-49.5985391,2025.0,Radial Velocity,,K1 III
hip 111909 c,,257.44100967,893.63,,HIP 111909,1.28,4.53,4891.0,88.077,340.0304354,-49.5985391,2025.0,Radial Velocity,,K1 III
hip 113103 b,1.829,,7.610303,0.17,HIP 113103,0.761,0.742,4930.0,46.2122,343.5723794,-43.0102291,2023.0,Transit,721.0,K
hip 113103 c,3.68209,,14.2456603,,HIP 113103,,0.76,4760.0,46.2122,343.5723794,-43.0102291,2023.0,Transit,1021.0,K
hip 114933 b,,616.58710958,1481.6,0.21,HIP 114933,1.39,5.27,4823.0,101.766,349.2071949,-21.2033101,2021.0,Radial Velocity,,K0 III
hip 116454 b,2.469,9.7,9.1004157,0.215,HIP 116454,0.8,0.758,5048.0,62.4491,353.9543517,0.4447043,2014.0,Transit,753.2,K
hip 12961 b,,114.4188,57.435,0.17,HIP 12961,0.69,0.65,3901.0,23.371,41.6800749,-23.0860048,2010.0,Radial Velocity,,K
hip 18606 b,,244.72787339,674.94,,HIP 18606,1.21,4.83,4860.0,47.0288,59.7181058,-5.4706979,2025.0,Radial Velocity,,K0/1 III
hip 29442 c,1.58,4.5,3.53796,,TOI-469,0.89,0.98,5289.0,68.192,93.0578446,-14.6493167,2023.0,Radial Velocity,1217.0,K
hip 29442 d,1.37,5.1,6.42975,,TOI-469,0.89,0.98,5289.0,68.192,93.0578446,-14.6493167,2023.0,Radial Velocity,998.0,K
hip 34222 b,,263.79757781,159.986,0.305,HIP 34222,0.62,,,22.8386,106.4257786,27.4704132,2021.0,Radial Velocity,,K7 V
hip 35173 b,,12.7,41.516,0.16,HIP 35173,0.79,,4881.0,33.1562,109.0449329,-3.6661273,2019.0,Radial Velocity,,K2 V
hip 5158 b,,305.1168,345.72,0.52,HIP 5158,0.43,0.75,4813.0,51.6026,16.5094891,-22.4536134,2009.0,Radial Velocity,,K
hip 5158 c,,4780.1632,9017.76,0.14,HIP 5158,0.78,0.754089,4813.0,51.6026,16.5094891,-22.4536134,2011.0,Radial Velocity,,K
hip 54373 b,,8.62,7.76,0.2,HIP 54373,0.57,,4021.0,18.7168,166.8643532,-19.2916857,2019.0,Radial Velocity,,K5 V
hip 54373 c,,12.44,15.144,0.2,HIP 54373,0.57,,4021.0,18.7168,166.8643532,-19.2916857,2019.0,Radial Velocity,,K5 V
hip 54597 b,,639.0,3250.0,0.04,HIP 54597,0.69,0.66,4799.0,39.7429,167.6082179,-29.4143018,2023.0,Radial Velocity,,K5 V
hip 57274 c,,130.0,32.03,0.05,HIP 57274,0.73,0.68,4640.0,25.8618,176.1705487,30.9576484,2011.0,Radial Velocity,,K4 V
hip 57274 d,,167.4,431.7,0.27,HIP 57274,0.73,0.68,4640.0,25.8618,176.1705487,30.9576484,2011.0,Radial Velocity,,K4 V
hip 5763 b,,162.09248757,30.014,0.054,HIP 5763,0.72,,,31.9043,18.495343,16.4942738,2021.0,Radial Velocity,,K6 V
hip 65 a b,,937.59380065,0.981,0.009,HIP 65 A,0.74,,,61.7856,0.1856063,-54.8308228,2020.0,Transit,,K4 V
hip 65407 b,,136.03124,28.125,0.14,HIP 65407,0.93,,5460.0,61.7804,201.087663,48.8847322,2016.0,Radial Velocity,,K0
hip 65407 c,,249.17872,67.3,0.12,HIP 65407,0.93,,5460.0,61.7804,201.087663,48.8847322,2016.0,Radial Velocity,,K0
hip 65891 b,,1906.98,1084.5,0.13,HIP 65891,2.5,8.93,5000.0,150.292,202.6050857,-58.6643937,2015.0,Radial Velocity,,K0 III
hip 66074 b,,1589.142035,310.9,0.948,HIP 66074,0.705,0.69,4300.0,35.4438,203.1635632,75.0071038,2023.0,Astrometry,,K
hip 67537 b,,4354.2491759,2550.0,0.589,HIP 67537,2.41,,4985.0,116.046,207.5808445,-39.9008996,2017.0,Radial Velocity,,K1 III
hip 67851 b,,362.32438398,89.11,0.0001,HIP 67851,1.19,5.72,4807.0,64.1181,208.465364,-35.3146536,2015.0,Radial Velocity,,K0 III
hip 67851 c,,1484.25866069,3268.56,0.252,HIP 67851,1.19,5.72,4807.0,64.1181,208.465364,-35.3146536,2015.0,Radial Velocity,,K0 III
hip 74890 b,,610.23054144,812.47,0.0,HIP 74890,1.31,4.62,4824.0,78.6562,229.5714974,-41.4210961,2016.0,Radial Velocity,,K1 III
hip 75092 b,,483.09917864,970.78,0.0,HIP 75092,1.28,4.53,4891.0,81.6696,230.1724206,-25.9910525,2021.0,Radial Velocity,,K0 III
hip 8541 b,,1811.6219199,1585.0,0.122,HIP 8541,1.17,,4670.0,155.121,27.5271962,-54.4651633,2016.0,Radial Velocity,,K2 III/ IV
hip 86221 b,,225.65816897,2.224,0.086,HIP 86221,0.79,,,29.4898,264.294875,27.896391,2021.0,Radial Velocity,,K5 V
hip 90988 b,,543.48657597,452.45,0.0,HIP 90988,1.3,3.94,4884.0,94.0349,278.3892816,-50.211692,2021.0,Radial Velocity,,K1 III
hip 97166 b,2.74,20.0,10.28891,0.16,HIP 97166,0.898,0.836,5198.0,65.9501,296.2446203,74.0628577,2021.0,Transit,757.0,K0 V
hip 97166 c,,8.0,16.432,0.0,HIP 97166,0.9342,0.8418,5216.0,65.9501,296.2446203,74.0628577,2021.0,Radial Velocity,,K
hip 97233 b,,7182.9219982,1054.0,0.633,HIP 97233,1.74,,5020.0,102.275,296.4221207,-0.6968794,2014.0,Radial Velocity,,K0/1 III
hs psc b,,464.02947422,3.986,0.27,HS Psc,0.69,0.65,4203.0,37.6604,24.347379,26.9528036,2024.0,Radial Velocity,,K7 V
iras 04125+2902 b,10.73820351,,8.834978,,IRAS 04125+2902,0.7,1.45,4080.0,159.244,63.9283394,29.166542,2024.0,Transit,854.0,K
k2-102 b,1.3,,9.915615,0.1,K2-102,0.77,0.71,4695.0,188.175,130.0558953,19.7787519,2016.0,Transit,,K
k2-110 b,2.592,16.7,13.86375,0.079,K2-110,0.738,0.713,5010.0,116.474,207.3497402,-12.2849182,2017.0,Transit,640.0,K3 V
k2-114 b,,,11.391,,K2-114,0.81,0.875936,4913.0,475.758,127.882912,11.922255,2017.0,Transit,,K
k2-116 b,,,4.654879,,K2-116,0.694512,0.6694,4348.35,49.3855,336.1523363,-11.5793181,2017.0,Transit,,K
k2-118 b,2.54,,50.92092,0.2,K2-118,0.756446,0.734626,4726.29,321.722,132.1268608,15.6558964,2017.0,Transit,,K
k2-119 b,,,7.72651124,,K2-119,0.71,0.739177,4525.0,365.581,132.0098683,16.9017663,2017.0,Transit,,K
k2-121 b,7.64369371,,5.185759,,K2-121,0.72709,0.686484,4695.0,169.398,126.9366624,17.5793267,2017.0,Transit,,K
k2-126 b,1.79540442,,7.387066,,K2-126,0.610472,0.588892,4396.0,102.953,203.5467021,-13.5769705,2017.0,Transit,,K
k2-127 b,8.37,,3.588163,,K2-127,0.72,0.66,4575.0,709.999,207.0782895,-11.5889878,2017.0,Transit,809.0,K
k2-128 b,1.42,,5.675819,0.23,K2-128,0.711248,0.777569,4469.51,114.637,204.4376666,-8.5970858,2017.0,Transit,,K
k2-131 b,1.7,,0.36931,,K2-131,0.84,0.75,5245.0,152.509,182.751404,-9.7652392,2017.0,Transit,2062.0,K
k2-132 b,9.02881,,9.1720535,,K2-132,,3.79,4933.0,609.818,182.1662666,-8.7472172,2017.0,Transit,1152.0,K
k2-136 b,1.014,4.3,7.9752,0.14,K2-136,0.742,0.677,4500.0,59.2474,67.4128615,22.8825674,2017.0,Transit,610.0,K
k2-136 c,3.03,,17.3077,,K2-136,0.71,0.71,4364.0,59.2474,67.4128615,22.8825674,2017.0,Transit,,K5 V
k2-136 d,1.55,,25.5715,0.75,K2-136,0.686,0.723,4359.0,59.2474,67.4128615,22.8825674,2017.0,Transit,,K
k2-138 f,2.81,,12.75759,0.364,K2-138,0.93,0.86,5378.0,202.585,348.9490311,-10.8497391,2017.0,Transit,,K1 V
k2-141 b,1.493,5.16,0.28,,K2-141,0.706,0.6862,4599.0,61.8736,350.9170464,-1.1891827,2018.0,Transit,,K
k2-141 c,7.0,7.4,7.7485,0.0,K2-141,0.708,0.681,4599.0,61.8736,350.9170464,-1.1891827,2018.0,Transit,,K
k2-148 b,1.33,,4.38395,,K2-148,0.65,0.632,4079.0,124.458,14.5176494,-0.193258,2018.0,Transit,,K
k2-148 d,1.64,,9.7579,,K2-148,0.65,0.632,4079.0,124.458,14.5176494,-0.193258,2018.0,Transit,,K
k2-155 b,1.55,,6.34365,,K2-155,0.54,0.526,3919.0,72.7998,65.469614,21.3532633,2018.0,Transit,,K
k2-155 d,1.64,,40.6835,,K2-155,0.54,0.526,3919.0,72.7998,65.469614,21.3532633,2018.0,Transit,,K
k2-156 b,1.14414279,,0.813149,,K2-156,0.642263,0.615543,4460.0,150.21,182.699673,-6.2943552,2018.0,Transit,,K
k2-16 c,2.58,,19.07454,,K2-16,,0.71,4620.0,334.967,175.0972238,4.5574311,2015.0,Transit,,K
k2-161 b,6.11721229,,9.283188,,K2-161,0.986876,2.568173,4972.0,916.319,183.7938491,-3.4956913,2018.0,Transit,,K
k2-162 b,1.44,,9.45889,,K2-162,0.75,0.69,4842.0,124.433,186.0383865,-1.111479,2018.0,Transit,631.0,K
k2-163 b,2.46610713,,6.673117,,K2-163,0.826112,0.762201,4937.0,208.529,182.3292517,-0.5393421,2018.0,Transit,,K
k2-165 b,1.27443657,,2.354992,,K2-165,0.834847,0.803827,5185.0,134.591,184.9004881,0.968327,2018.0,Transit,,K
k2-165 c,1.55409035,,4.382745,,K2-165,0.834847,0.803827,5185.0,134.591,184.9004881,0.968327,2018.0,Transit,,K
k2-165 d,3.19087767,,14.06660140645,,K2-165,,0.837606,5141.67,134.591,184.9004881,0.968327,2018.0,Transit,629.38,K
k2-174 b,,,19.5661401,,K2-174,0.66,0.758892,4246.81,99.9293,60.7929729,16.347166,2018.0,Transit,,K
k2-179 b,2.51267885,,5.172191,,K2-179,0.824345,0.768067,5015.0,190.81,58.7967878,23.7567524,2018.0,Transit,,K
k2-182 b,2.76,,4.736837,,K2-182,0.88,0.8,5165.0,154.83,130.180046,10.9829509,2018.0,Transit,885.0,K
k2-184 b,1.55,,16.995731,,K2-184,0.86,0.78,5220.0,75.5857,129.1405227,14.4618826,2018.0,Transit,580.0,K
k2-191 b,1.57889322,,2.858646,,K2-191,0.900994,0.839696,5176.0,287.188,201.6391407,-12.8066737,2018.0,Transit,,K
k2-192 b,1.57477412,,4.163221,,K2-192,0.872619,0.828268,5252.0,221.753,206.5823122,-11.5563527,2018.0,Transit,,K
k2-198 b,4.11850271,,17.043179,,K2-198,0.835734,0.778475,5262.0,110.567,198.8436817,-6.4649888,2018.0,Transit,,K
k2-198 c,,,3.359,,K2-198,0.879,0.781501,5183.84,110.567,198.8436817,-6.4649888,2019.0,Transit,,K
k2-198 d,2.438,,7.4500177,,K2-198,0.799,0.757,5212.9,110.567,198.8436817,-6.4649888,2019.0,Transit,943.2,K
k2-199 c,,,7.3744828,,K2-199,0.705681,0.667422,4681.0,107.518,208.9014508,-6.1360833,2018.0,Transit,,K
k2-200 b,1.3643987,,2.849883,,K2-200,0.860208,0.791736,5233.0,184.131,202.251206,-4.6100532,2018.0,Transit,,K
k2-206 b,2.79522879,,18.294549,,K2-206,0.789481,0.758046,5043.0,244.443,11.2564264,0.5931866,2018.0,Transit,,K
k2-209 b,0.86850263,,2.080615,,K2-209,0.74479,0.712365,4720.0,76.4986,14.6903464,1.382807,2018.0,Transit,,K
k2-21 c,1.53,,15.50116,,K2-21,0.523,0.46,4006.0,83.6448,340.3037846,-14.4893256,2015.0,Transit,,K
k2-216 b,1.79105,,2.1747824,,K2-216,,0.71,4542.0,115.461,11.4802354,6.3470302,2018.0,Transit,1013.0,K
k2-228 b,1.21,,2.69828,,K2-228,0.71,0.65,4715.0,129.46,187.2947047,-6.8342028,2018.0,Transit,914.0,K
k2-229 c,2.12,21.3,8.32834,0.0,K2-229,0.837,0.793,5185.0,102.564,186.8729195,-6.7218474,2018.0,Transit,800.0,K
k2-233 b,1.315,2.4,2.467583,0.0,K2-233,0.79,0.71,4796.0,67.5062,230.4799011,-20.2317975,2018.0,Transit,1127.0,K3
k2-233 c,1.335,,7.06142,0.0,K2-233,0.8,0.745,4950.0,67.5062,230.4799011,-20.2317975,2018.0,Transit,728.0,K3
k2-233 d,2.64,,24.3662,0.0,K2-233,0.8,0.745,4950.0,67.5062,230.4799011,-20.2317975,2018.0,Transit,482.0,K3
k2-241 b,2.55,,26.8199,,K2-241,0.71,0.75,5262.0,149.464,181.2386829,-6.8052985,2018.0,Transit,507.0,K
k2-247 b,2.12,,2.25021,,K2-247,0.74,0.69,4667.0,258.113,188.8935189,-10.0692793,2018.0,Transit,979.0,K
k2-247 c,2.19,,6.49424,,K2-247,0.74,0.69,4667.0,258.113,188.8935189,-10.0692793,2018.0,Transit,688.0,K
k2-250 b,2.44,,4.01457,,K2-250,0.8,0.81,5172.0,414.708,185.0315429,-8.9757427,2018.0,Transit,958.0,K
k2-252 b,1.74,,13.81513,,K2-252,0.79,0.82,5152.0,228.839,182.3663818,-8.3096141,2018.0,Transit,639.0,K
k2-254 b,1.63,,4.09639,,K2-254,0.71,0.67,4629.0,227.775,185.5507926,-4.7172908,2018.0,Transit,791.0,K
k2-254 c,2.19,,12.11839,,K2-254,0.71,0.67,4629.0,227.775,185.5507926,-4.7172908,2018.0,Transit,551.0,K
k2-255 b,2.9,,1.96417,,K2-255,0.71,0.69,4676.0,191.608,189.9128532,-3.3705631,2018.0,Transit,1034.0,K
k2-266 b,3.3,11.26782377,0.658524,,K2-266,0.686,0.703,4285.0,77.5586,157.9356855,0.9372782,2018.0,Transit,1515.0,K
k2-266 c,0.705,0.29013072,7.814,0.042,K2-266,0.686,0.703,4285.0,77.5586,157.9356855,0.9372782,2018.0,Transit,664.5,K
k2-266 d,2.93,8.9,14.697,0.047,K2-266,0.686,0.703,4285.0,77.5586,157.9356855,0.9372782,2018.0,Transit,538.3,K
k2-266 e,2.73,14.3,19.482,0.043,K2-266,0.686,0.703,4285.0,77.5586,157.9356855,0.9372782,2018.0,Transit,490.1,K
k2-268 c,,,9.33155684,,K2-268,0.839,0.801255,5035.99,327.783,133.7094899,11.8482712,2018.0,Transit,,K
k2-268 d,1.49,,4.528598,,K2-268,0.84,0.78,5106.0,327.783,133.7094899,11.8482712,2021.0,Transit,888.0,K
k2-268 e,1.33,,6.131243,,K2-268,0.84,0.78,5106.0,327.783,133.7094899,11.8482712,2021.0,Transit,801.0,K
k2-268 f,2.23,,26.27057,,K2-268,0.84,0.78,5106.0,327.783,133.7094899,11.8482712,2021.0,Transit,492.0,K
k2-27 b,,,6.77093147,,K2-27,0.89,0.89254,5231.0,249.645,171.5151874,1.2306237,2016.0,Transit,,K
k2-270 b,1.38,,1.543069,,K2-270,0.85,0.77,4877.0,280.518,131.2665588,13.5497322,2018.0,Transit,1203.0,K
k2-275 c,,,8.438,,K2-275,0.772,0.735345,4783.55,123.438,132.1698795,20.4550162,2018.0,Transit,,K
k2-281 b,8.18,,8.687721,,K2-281,0.82,0.76,4812.0,458.139,16.2274724,7.2692169,2018.0,Transit,665.0,K
k2-284 b,3.3985,,4.7948642,,K2-284,,0.65,4072.0,107.272,79.1407971,20.2549034,2018.0,Transit,919.0,K
k2-285 b,2.65245,,3.4715644,,K2-285,,0.77,5144.5,154.961,349.3843458,1.3001522,2018.0,Transit,1163.0,K
k2-285 c,3.53,15.68,7.138048,0.0,K2-285,0.83,0.787,4975.0,154.961,349.3843458,1.3001522,2018.0,Transit,741.4,K2 V
k2-285 d,2.48,6.5,10.45582,0.0,K2-285,0.83,0.787,4975.0,154.961,349.3843458,1.3001522,2018.0,Transit,619.9,K2 V
k2-285 e,1.95,10.7,14.76289,0.0,K2-285,0.83,0.787,4975.0,154.961,349.3843458,1.3001522,2018.0,Transit,500.9,K2 V
k2-3 d,1.7,,44.56115,,K2-3,,0.58,3927.0,44.0727,172.3353708,-1.4551364,2015.0,Transit,,K
k2-32 c,3.01,5.7,20.66093,,K2-32,0.84,0.855,5274.0,157.682,252.426008,-19.5430504,2016.0,Transit,577.0,K
k2-32 d,3.484,6.7,31.71701,0.05,K2-32,0.83,0.86,5271.0,157.682,252.426008,-19.5430504,2016.0,Transit,550.0,K
k2-322 b,1.92,,8.205,,K2-322,0.63,0.602,4141.0,123.415,156.6226981,4.7640203,2020.0,Transit,635.0,K
k2-326 b,2.28,,1.256,,K2-326,0.507,0.688,3924.0,282.308,351.612262,1.3375909,2020.0,Transit,1114.0,K
k2-329 b,8.675766,82.6358,12.4551225,0.0697,K2-329,0.901,0.822,5282.0,233.237,351.1353785,-5.1641451,2020.0,Transit,650.0,K
k2-336 b,1.3172461,,21.191788,,K2-336,,0.782112,5277.0,239.289,133.8382032,16.7940663,2021.0,Transit,,K
k2-338 b,,,3.85,,K2-338,0.708,0.626953,4504.0,156.951,124.3609294,17.0241557,2021.0,Transit,,K
k2-339 b,1.92,,19.507428,,K2-339,0.74,0.72,4857.0,360.36,130.082542,18.6929046,2021.0,Transit,508.0,K
k2-344 b,1.59,,3.35585,,K2-344,0.51,0.49,4374.0,75.1691,136.3614923,21.6685886,2021.0,Transit,722.0,K
k2-346 b,,,26.198,,K2-346,0.746,0.709927,4678.0,105.58,125.9864854,22.663226,2021.0,Transit,,K
k2-347 b,,,7.187,,K2-347,0.687,0.617099,4391.0,320.336,126.3726821,23.2974061,2021.0,Transit,,K
k2-348 b,3.36071,,4.6886342,,K2-348,,0.87,4954.0,201.856,130.8783479,24.4229559,2021.0,Transit,946.0,K
k2-348 c,2.6,,12.550896,,K2-348,,0.828,5220.0,201.856,130.8783479,24.4229559,2021.0,Transit,,K
k2-349 b,,,9.029,,K2-349,0.9,0.786068,5274.0,453.567,199.0996546,-14.4447454,2021.0,Transit,,K
k2-35 c,2.17,,5.6089465,,K2-35,,0.67,4326.0,252.596,170.1031027,1.2858679,2016.0,Transit,,K
k2-36 c,,,5.34107237,,K2-36,0.769,0.75412,4772.39,109.749,169.4490102,3.8665038,2016.0,Transit,,K
k2-367 b,2.54,,20.643928,,K2-367,,0.68,4396.0,176.965,337.8588454,-13.2644554,2022.0,Transit,,K
k2-368 b,1.72,,5.025831,,K2-368,,0.72,4679.0,206.608,332.6357627,-11.1661157,2022.0,Transit,,K
k2-368 c,1.361,,9.660186,,K2-368,0.746,0.663,4663.0,206.608,332.6357627,-11.1661157,2022.0,Transit,,K
k2-371 b,12.11200864,,3.11489307594,,K2-371,,0.74956,4973.0,442.813,128.0670932,11.6307099,2022.0,Transit,956.83,K
k2-379 b,2.181,,8.777247,,K2-379,0.856,0.751,4603.0,182.207,283.0317641,-27.1807287,2022.0,Transit,,K
k2-381 b,1.075,,7.9389334,,K2-381,0.754,0.675,4473.0,145.701,288.0267612,-21.0075789,2022.0,Transit,,K
k2-381 c,,,16.0382,,K2-381,,0.62,4710.0,145.701,288.0267612,-21.0075789,2022.0,Transit,,K
k2-381 d,1.53157981,,26.804998,,K2-381,,0.645652,4661.0,145.701,288.0267612,-21.0075789,2022.0,Transit,,K
k2-385 b,1.539,,2.380867,,K2-385,0.927,0.761,4844.0,420.819,12.6140752,5.8712567,2022.0,Transit,,K
k2-388 b,3.91968,,6.3392677,,K2-388,,0.93,5289.0,290.495,352.7139342,-11.0773564,2022.0,Transit,922.0,K
k2-39 b,6.27704,28.6047,4.60543,0.0,K2-39,0.66,2.97,4881.0,307.47,338.3682095,-9.0229405,2016.0,Transit,,K
k2-394 b,,,5.09582,,K2-394,,0.58,4490.0,98.0152,71.110002,16.5185817,2022.0,Transit,,K
k2-395 b,2.597,,4.803352,,K2-395,0.952,0.783,5007.0,286.727,70.4438684,16.6743415,2022.0,Transit,,K
k2-395 c,3.395,,8.491282,,K2-395,0.952,0.783,5007.0,286.727,70.4438684,16.6743415,2022.0,Transit,,K
k2-396 c,3.124,,25.76051,,K2-396,0.954,0.92,5236.0,274.864,74.6928607,17.2690562,2022.0,Transit,,K
k2-401 b,2.262,,6.293099,,K2-401,0.87,0.675,4213.0,200.727,154.987604,3.9548275,2022.0,Transit,,K7
k2-405 b,4.14023121,,3.43570033951,,K2-405,,0.80095,4842.23,197.234,164.3759959,12.535614,2022.0,Transit,,K
k2-413 b,0.7599,,0.8094,,K2-413,0.808,0.7,4116.0,285.162,353.4175668,-7.6120272,2022.0,Transit,,K
k2-413 c,1.2327,,5.3301,,K2-413,0.808,0.7,4116.0,285.162,353.4175668,-7.6120272,2022.0,Transit,,K
k2-414 b,1.219,,4.3696,,K2-414,0.814,0.732,4343.0,260.036,351.6361913,-4.6066569,2022.0,Transit,,K
k2-414 c,1.9287,,6.669,,K2-414,0.814,0.732,4343.0,260.036,351.6361913,-4.6066569,2022.0,Transit,,K
k2-42 b,2.15,,6.68796,,K2-42,0.702,0.643,4613.0,396.913,176.6657559,-5.1720463,2016.0,Transit,,K
k2-45 b,10.44,,1.729257,0.1,K2-45,0.682189,0.685548,4262.1,495.317,169.6327547,-1.7740582,2016.0,Transit,,K
k2-47 b,1.89,,31.6372,,K2-47,0.75,0.76,5054.0,349.881,168.5825696,2.7805614,2016.0,Transit,,K
k2-49 b,3.36,,2.7706297,,K2-49,,0.67,4329.0,457.125,177.3202331,3.4755183,2016.0,Transit,,K
k2-5 c,2.26,,10.93241,,K2-5,0.61,0.57,3930.0,202.943,169.3034598,-1.8778254,2015.0,Transit,456.0,K7.5 V
k2-50 b,1.59,,8.7529,,K2-50,0.611,0.546,4326.0,257.443,169.483654,5.988289,2016.0,Transit,,K
k2-53 b,2.6,,12.20772,,K2-53,0.851,0.807,5263.0,138.018,244.1419684,-20.4005984,2016.0,Transit,665.0,K
k2-54 b,2.6116925,,9.7833,0.24,K2-54,0.615,0.643,3990.0,174.955,338.0541631,-17.5440636,2016.0,Transit,560.0,K
k2-55 b,4.43,44.0,2.849271,,K2-55,0.688,0.715,4300.0,159.522,333.7518786,-17.2508002,2016.0,Transit,900.0,K
k2-57 b,2.30905002,,9.0073,0.25,K2-57,0.699,0.671,4413.0,264.213,342.6918241,-14.0700007,2016.0,Transit,635.8,K
k2-58 b,,,7.05240378,,K2-58,0.834,0.836424,5020.0,181.746,333.8218395,-14.049857,2016.0,Transit,,K
k2-58 d,1.78,,22.881145,,K2-58,,0.76,4998.0,181.746,333.8218395,-14.049857,2016.0,Transit,,K
k2-59 c,2.3,,11.2954,,K2-59,0.774,0.731,5055.0,311.313,338.94255,-14.027727,2016.0,Transit,,K
k2-62 b,2.14,,6.67202,,K2-62,0.77,0.73,4880.0,112.467,334.3645089,-12.1874776,2016.0,Transit,,K
k2-62 c,1.99,,16.19697,,K2-62,0.67,0.696,4455.0,112.467,334.3645089,-12.1874776,2016.0,Transit,495.0,K
k2-65 b,1.65,,12.647849,,K2-65,,0.72,4711.0,,333.2125206,-10.9261373,2016.0,Transit,,K
k2-68 b,1.58,,8.05428,,K2-68,0.73,0.675,4746.0,168.652,334.0195539,-10.5673649,2016.0,Transit,,K
k2-70 b,,,13.98746633,,K2-70,0.846,0.792485,5064.0,232.964,338.4759328,-10.0849917,2016.0,Transit,,K
k2-77 b,2.47,,8.20075,,K2-77,0.87,0.83,5297.0,141.731,55.228521,12.572448,2016.0,Transit,,K
k2-8 b,2.97,,10.35176,,K2-8,0.79,0.74,4890.0,403.513,169.7935178,-0.2844389,2015.0,Transit,691.0,K
k2-86 b,1.97521161,,8.775864,,K2-86,0.757495,0.721964,5129.0,258.699,51.5531053,18.6355718,2016.0,Transit,,K
k2-90 b,,,13.71468745,,K2-90,0.647,0.650887,4133.13,134.188,59.1527391,22.4724517,2016.0,Transit,,K
k2-90 c,1.02,,2.90032,,K2-90,0.562,0.494,4136.0,134.188,59.1527391,22.4724517,2016.0,Transit,,K
k2-97 b,13.45077684,174.48779544,8.407115,0.207,K2-97,1.17,4.14,4673.0,878.43,127.762837,10.8475571,2016.0,Transit,1566.0,K
kic 3526061 b,,5768.58558705,3552.0,0.85,KIC 3526061,1.42,5.86,4829.0,401.229,285.1863974,38.6111112,2022.0,Radial Velocity,,K
kmt-2021-blg-0171l b,,11.4,,,KMT-2021-BLG-0171L,0.74,,5200.0,4400.0,269.2416667,-30.0930556,2022.0,Microlensing,,K
kmt-2021-blg-0912l b,,6.92,,,KMT-2021-BLG-0912L,0.75,,,6710.0,269.8211667,-31.9976389,2022.0,Microlensing,,K
kmt-2021-blg-1689l b,,46.0,,,KMT-2021-BLG-1689L,0.58,,4570.0,7200.0,269.5791667,-30.1452778,2022.0,Microlensing,,K
kmt-2023-blg-0119l b,,83.7,,,KMT-2023-BLG-0119L,0.71,,,5410.0,266.8150417,-34.5721889,2025.0,Microlensing,,K2.5 V
kmt-2023-blg-1896l b,,16.35,,,KMT-2023-BLG-1896L,0.72,,,5490.0,271.03175,-26.9589194,2025.0,Microlensing,,K6 V
kmt-2024-blg-1209l b,,839.06699448,,,KMT-2024-BLG-1209L,0.77,,,3930.0,261.6129583,-28.1205611,2025.0,Microlensing,,K3 V
kobe-1 b,,8.8,8.5399,0.0,KOBE-1,0.629,0.619,4135.0,23.9718,19.1660378,25.3310358,2025.0,Radial Velocity,594.4,K7 V
kobe-1 c,,12.4,29.671,0.0,KOBE-1,0.629,0.619,4135.0,23.9718,19.1660378,25.3310358,2025.0,Radial Velocity,392.5,K7 V
koi-1833 d,,,7.68433241,,Kepler-968,0.696,0.701769,4442.0,290.324,285.6025889,50.1120401,2021.0,Transit,,K
koi-7368 b,,,6.842939,,KOI-7368,0.782,0.995767,4823.55,264.995,293.9476365,48.0652589,2022.0,Transit,,K
koi-7913 b,2.03,,24.2783801,0.0,KOI-7913 A,0.698,0.707,4450.0,271.277,286.7485252,45.1587234,2022.0,Transit,432.0,K
koi-984 c,,24.0,8.5999,0.02,KOI-984,0.928,0.818,5295.0,252.667,291.0489438,36.8400772,2022.0,Transit Timing Variations,943.0,K
kointreau-3 b,,1080.6165838,,,ISO-Oph 96,,,3920.0,140.563,246.7687845,-24.716683,2026.0,Imaging,,K6-M1
kps-1 b,,,1.706304,,KPS-1,0.892,0.907,5165.0,262.706,165.167198,64.9638452,2018.0,Transit,,K1 V
kepler-1004 b,7.09,,5.28789787,0.0,Kepler-1004,1.41,3.79,4992.0,1152.68,297.3593427,49.7975464,2016.0,Transit,1662.0,K
kepler-1007 b,1.44,,5.185002073,,Kepler-1007,0.73,0.7,4587.0,,295.9065297,45.8090893,2016.0,Transit,,K
kepler-1008 b,,,12.4393133637,,Kepler-1008,0.85,0.724115,5066.94,282.565,296.5476395,44.9418307,2016.0,Transit,,K
kepler-1010 b,,,34.26852697,,Kepler-1010,0.86,0.790287,5123.0,579.273,289.1926026,44.1493165,2016.0,Transit,,K
kepler-1013 b,4.7,,18.93054959,0.0,Kepler-1013,0.955,1.643,5015.0,422.246,290.2481023,44.4352935,2016.0,Transit,766.0,K
kepler-1014 b,,,16.57099265,,Kepler-1014,0.91,0.809677,5285.0,624.8,285.1219875,44.1105331,2016.0,Transit,,K
kepler-1019 b,1.36,,1.411229847,0.0,Kepler-1019,0.611,0.625,4350.0,194.182,283.7175909,47.2043818,2016.0,Transit,1049.0,K
kepler-102 b,0.49,,5.28695437,0.0,Kepler-102,0.734,0.755,4812.0,107.796,281.4824731,47.2078263,2014.0,Transit,797.0,K
kepler-102 c,0.567,1.7,7.071392,0.094,Kepler-102,0.803,0.724,4909.0,107.796,281.4824731,47.2078263,2014.0,Transit,777.0,K
kepler-102 d,1.4,,10.31173752,0.0,Kepler-102,0.734,0.755,4812.0,107.796,281.4824731,47.2078263,2014.0,Transit,638.0,K
kepler-102 e,2.43,,,,Kepler-102,,0.726,4909.0,107.796,281.4824731,47.2078263,2013.0,Transit,,K
kepler-102 f,0.81,,27.4537294,,Kepler-102,0.8,0.74,4884.0,107.796,281.4824731,47.2078263,2014.0,Transit,,K
kepler-1020 b,,,96.91519761,,Kepler-1020,0.89,0.734936,5238.53,415.358,292.672471,46.3772776,2016.0,Transit,,K
kepler-1022 b,2.36,,10.99469878,,Kepler-1022,0.71,0.68,4445.0,420.042,289.3520595,46.9736345,2016.0,Transit,,K
kepler-1023 b,,,62.1385979,,Kepler-1023,0.9,0.961753,5268.0,694.175,289.0297232,49.7697034,2016.0,Transit,,K
kepler-1024 b,,,66.4159789,,Kepler-1024,0.9,0.810164,5242.74,1087.4,291.9510277,38.2516419,2016.0,Transit,,K
kepler-1026 b,,,36.51559488,,Kepler-1026,0.79,0.697921,4844.0,351.239,283.6053012,39.9979286,2016.0,Transit,,K
kepler-1029 b,1.57,,4.417692516,0.0,Kepler-1029,0.723,0.664,4766.0,366.656,292.1328738,41.5474786,2016.0,Transit,790.0,K
kepler-1030 b,2.52,,19.32952416,0.0,Kepler-1030,0.866,0.78,5023.0,758.702,293.6819098,45.8175241,2016.0,Transit,534.0,K
kepler-1032 b,,,3.29012003,,Kepler-1032,,,4446.0,673.01,289.9308779,40.0977109,2016.0,Transit,,K
kepler-1034 b,,,12.12401737,,Kepler-1034,0.86,0.773178,5099.0,654.549,286.1154093,37.9669464,2016.0,Transit,,K
kepler-1037 b,1.28,,1.063788673,,Kepler-1037,0.82,0.78,5105.0,446.914,296.3410342,47.1709335,2016.0,Transit,,K
kepler-1038 b,,,148.460057456,,Kepler-1038,0.89,0.80043,5238.0,584.136,298.9721472,44.1323499,2016.0,Transit,,K
kepler-1039 b,1.1,,0.9348918,0.0,Kepler-1039,0.67,0.6,4674.0,306.91,298.3266169,45.3154212,2016.0,Transit,1305.0,K
kepler-1048 b,1.67,,6.921029,0.0,Kepler-1048,0.641,0.612,4557.0,556.006,281.8983042,42.1657112,2016.0,Transit,637.0,K
kepler-1053 b,0.78,,2.414351654,0.0,Kepler-1053,0.531,0.542,4182.0,151.129,291.4186349,39.1273664,2016.0,Transit,803.0,K
kepler-1058 b,,,110.96346088,,Kepler-1058,,,4517.79,491.997,294.5956256,45.8750556,2016.0,Transit,,K
kepler-1059 b,1.74,,3.764191048,0.0,Kepler-1059,0.814,0.728,5065.0,713.167,289.2202147,41.7064385,2016.0,Transit,909.0,K
kepler-1062 b,,,9.30413878,,Kepler-1062,0.69,0.780338,4412.0,397.455,283.8994187,41.221594,2016.0,Transit,,K
kepler-1064 b,,,16.5407747817,,Kepler-1064,,,5079.48,,291.7415821,37.6888103,2016.0,Transit,,K
kepler-1071 b,1.47,,6.1799844,0.0,Kepler-1071,0.528,0.492,4932.0,1042.27,293.0579794,45.2487472,2016.0,Transit,661.0,K
kepler-1075 b,1.11,,1.523732,0.0,Kepler-1075,0.546,0.522,4048.0,291.275,287.5011404,47.4691157,2016.0,Transit,890.0,K
kepler-1076 b,,,6.14728341,,Kepler-1076,,0.730658,4871.59,,287.5902594,51.0606047,2016.0,Transit,,K
kepler-1081 b,0.93,,3.85690686,0.0,Kepler-1081,0.902,0.813,5272.0,420.215,289.444752,41.3179652,2016.0,Transit,972.0,K
kepler-1083 b,,,33.4176226408,,Kepler-1083,0.81,0.792249,4939.0,902.633,283.1618831,45.198336,2016.0,Transit,,K
kepler-1086 b,2.27,,18.78425728,0.0,Kepler-1086,0.624,0.612,4137.0,466.084,295.251187,45.8429537,2016.0,Transit,415.0,K
kepler-1086 c,,,161.515617,,Kepler-1086,0.7,0.615523,4484.48,466.084,295.251187,45.8429537,2016.0,Transit,,K
kepler-1090 c,,,42.42685448,,Kepler-1090,0.89,1.03475,5217.0,858.77,295.6629002,44.5258237,2021.0,Transit,,K
kepler-1096 b,1.31,,2.892216772,0.0,Kepler-1096,0.625,0.615,4229.0,377.976,294.7094688,45.9695533,2016.0,Transit,794.0,K
kepler-1105 b,,,4.421566535,,Kepler-1105,0.64,0.663108,4114.0,318.004,281.1117588,42.4549698,2016.0,Transit,,K
kepler-1107 b,1.236,,0.571038518,,Kepler-1107,0.867,0.776,5137.0,428.798,291.049934,39.141674,2016.0,Transit,,K
kepler-1110 b,,,9.69310837,,Kepler-1110,0.76,0.70862,4753.2,726.828,291.8080645,38.6226615,2016.0,Transit,,K
kepler-1120 b,1.51,,2.949029052,0.0,Kepler-1120,0.771,0.807,4983.0,615.231,290.9144516,42.2865522,2016.0,Transit,1028.0,K
kepler-113 b,1.82,11.7,4.754,,Kepler-113,0.75,0.69,4725.0,262.351,287.9978721,50.9441847,2014.0,Transit,,K
kepler-113 c,2.18,8.7,8.92507,,Kepler-113,0.75,0.69,4725.0,262.351,287.9978721,50.9441847,2014.0,Transit,,K
kepler-1132 b,2.361,,,,Kepler-1132,,0.807,5042.0,867.931,286.3675188,48.4238906,2016.0,Transit,,K
kepler-1136 b,1.37,,2.361718,0.0,Kepler-1136,0.627,0.598,4485.0,491.406,284.1078441,44.2458047,2016.0,Transit,883.0,K
kepler-1139 b,,,0.8131690885,,Kepler-1139,0.88,0.875173,5178.83,495.156,287.9455985,39.2305281,2016.0,Transit,,K
kepler-114 b,1.18,,5.188548,0.0,Kepler-114,0.709,0.654,4619.0,259.533,294.121482,48.3497977,2014.0,Transit,722.0,K
kepler-114 d,2.05,,11.776138457,0.0,Kepler-114,0.56,0.54,3983.0,259.533,294.121482,48.3497977,2013.0,Transit,447.0,K
kepler-1140 b,,,24.08632177,,Kepler-1140,0.78,0.752844,4803.0,656.48,281.6940529,46.946521,2016.0,Transit,,K
kepler-1143 b,,,2.888904439,,Kepler-1143,0.78,0.696667,4832.0,555.189,287.302772,39.2896399,2016.0,Transit,,K
kepler-1143 c,3.6,,210.630591,,Kepler-1143,0.81,0.77,5053.0,555.189,287.302772,39.2896399,2016.0,Transit,,K
kepler-1145 b,1.45,,3.97076766,0.0,Kepler-1145,0.732,0.778,5178.0,691.961,295.3081524,43.0444026,2016.0,Transit,957.0,K
kepler-1146 b,1.22,,,,Kepler-1146,,0.708,4811.0,703.038,286.716712,47.425658,2016.0,Transit,,K
kepler-1148 b,1.69,,1.104463509,,Kepler-1148,0.81,0.77,5054.0,625.692,290.9536059,45.7195545,2016.0,Transit,,K
kepler-1150 b,2.41,,2.787868386,0.0,Kepler-1150,0.952,1.727,4827.0,358.518,296.7244553,49.5326846,2016.0,Transit,1432.0,K
kepler-1157 b,0.96,,4.45743164,0.0,Kepler-1157,0.601,0.612,4487.0,342.144,283.1209268,43.5255701,2016.0,Transit,732.0,K
kepler-1161 b,1.93,,10.71252541,0.0,Kepler-1161,0.53,0.519,4083.0,547.726,299.0770621,45.4405583,2016.0,Transit,468.0,K
kepler-1162 c,1.87800002,,59.28409958,,Kepler-1162,0.861,0.859,5225.0,940.211,283.2920273,45.4339813,2023.0,Transit,,K
kepler-1164 b,1.22,,3.97599768,0.0,Kepler-1164,0.799,0.832,5211.0,431.622,287.5296372,38.8945065,2016.0,Transit,982.0,K
kepler-1167 b,1.7,,1.003933739,0.0,Kepler-1167,0.715,0.741,4949.0,820.905,298.3026595,47.6939654,2016.0,Transit,1421.0,K
kepler-1168 b,2.21,,55.8226539,0.0,Kepler-1168,0.812,0.737,5167.0,752.666,287.2977834,47.455488,2016.0,Transit,379.0,K
kepler-1170 b,,,9.989625687,,Kepler-1170,0.83,0.901193,5004.0,1050.45,292.1685422,43.7795963,2016.0,Transit,,K
kepler-1173 b,0.84,,0.7698541,0.0,Kepler-1173,0.753,0.75,5088.0,377.06,293.1311803,45.6634153,2016.0,Transit,1585.0,K
kepler-1178 b,0.73,,31.80634,0.0,Kepler-1178,0.534,0.525,4729.0,482.287,288.4561183,45.8022258,2016.0,Transit,378.0,K
kepler-1179 b,1.307,,,,Kepler-1179,,0.744,5133.0,415.205,284.0974305,47.8104856,2016.0,Transit,,K
kepler-118 b,,,7.5184201248,,Kepler-118,0.86,0.826603,5109.0,574.228,299.2131881,41.4248195,2014.0,Transit,,K
kepler-118 c,5.94,,20.172023866,,Kepler-118,0.85,0.81,5234.0,574.228,299.2131881,41.4248195,2014.0,Transit,,K
kepler-1190 b,,,10.45839865,,Kepler-1190,0.711,0.705447,4521.62,342.509,284.9996582,49.4799506,2016.0,Transit,,K
kepler-1191 b,1.73,,5.60013327,0.0,Kepler-1191,0.858,0.978,5288.0,955.536,291.6577923,48.0092619,2016.0,Transit,952.0,K
kepler-1195 b,2.3,,8.496449,0.0,Kepler-1195,0.77,0.75,5132.0,918.566,284.3510523,40.8529319,2016.0,Transit,715.0,K
kepler-1197 b,,,2.032318856,,Kepler-1197,0.718,0.746629,4552.0,486.94,291.6693437,42.5907441,2016.0,Transit,,K
kepler-120 b,2.0,,6.312508525,0.0,Kepler-120,0.591,0.571,4090.0,388.63,287.8915707,39.3390979,2014.0,Transit,575.0,K
kepler-120 c,2.038,,,,Kepler-120,,0.729,4096.0,388.63,287.8915707,39.3390979,2014.0,Transit,,K
kepler-1200 b,1.06,,1.118549717,,Kepler-1200,0.74,0.7,4612.0,588.715,296.6034317,44.1292537,2016.0,Transit,,K
kepler-1206 b,1.64,,1.216997663,,Kepler-1206,0.8,0.75,4877.0,762.019,295.9383737,49.7911337,2016.0,Transit,,K
kepler-1208 b,2.6,,11.08487,0.0,Kepler-1208,0.89,0.84,4897.0,825.176,291.8812445,44.5557587,2016.0,Transit,648.0,K
kepler-1214 b,2.36,,18.82634264,,Kepler-1214,0.85,0.8,5130.0,729.227,285.1427113,49.8006565,2016.0,Transit,,K
kepler-1222 b,0.69,,1.916944254,0.0,Kepler-1222,0.752,0.678,5166.0,415.218,294.889616,49.3798215,2016.0,Transit,1134.0,K
kepler-1223 b,1.54,,16.3012727,0.0,Kepler-1223,0.836,0.796,4873.0,459.957,285.2956462,44.5527542,2016.0,Transit,557.0,K
kepler-1228 b,,,0.5773691747,,Kepler-1228,0.806,0.728395,4914.65,515.453,296.552761,46.9661945,2016.0,Transit,,K
kepler-1232 b,1.59,,26.7838935,0.0,Kepler-1232,0.869,0.856,5242.0,632.865,296.5500966,49.102307,2016.0,Transit,523.0,K
kepler-1234 b,,,11.9401182337,,Kepler-1234,0.78,0.855722,4805.0,916.749,287.5220359,51.3759464,2016.0,Transit,,K
kepler-124 b,0.8,,3.41045424,0.0,Kepler-124,0.724,0.657,5196.0,420.046,286.7527322,49.0648788,2014.0,Transit,931.0,K
kepler-124 c,2.502,,13.82139306,,Kepler-124,0.706,0.748,4960.0,420.046,286.7527322,49.0648788,2014.0,Transit,,K
kepler-124 d,1.433,,30.9507608,,Kepler-124,0.706,0.748,4960.0,420.046,286.7527322,49.0648788,2014.0,Transit,,K
kepler-1242 b,2.61,,13.62798432,0.0,Kepler-1242,0.805,0.855,5052.0,687.615,284.6062174,41.196344,2016.0,Transit,639.0,K
kepler-1246 b,1.23,,11.32271513,0.0,Kepler-1246,0.634,0.642,4563.0,436.505,287.6572346,48.9822053,2016.0,Transit,554.0,K
kepler-1254 b,,,9.99115241,,Kepler-1254,0.8,0.718755,4898.13,622.818,285.1733174,48.7700099,2016.0,Transit,,K
kepler-1254 c,1.186,,,,Kepler-1254,,0.696,4826.0,622.818,285.1733174,48.7700099,2016.0,Transit,,K
kepler-1254 d,1.4,,5.72716067,0.0,Kepler-1254,0.771,0.796,4838.0,622.818,285.1733174,48.7700099,2016.0,Transit,794.0,K
kepler-1259 b,1.6,,0.663085361,0.0,Kepler-1259,0.878,0.767,5172.0,805.562,297.8414628,46.9676288,2016.0,Transit,1681.0,K
kepler-1261 b,,,48.4313560185,,Kepler-1261,0.79,0.77044,4865.55,744.294,285.2324786,48.8066963,2016.0,Transit,,K
kepler-1263 b,1.14,,4.55139967,,Kepler-1263,0.84,0.8,5213.0,664.83,286.483626,46.7526182,2016.0,Transit,,K
kepler-1265 b,1.47,,6.49441289,0.0,Kepler-1265,0.724,0.742,4769.0,583.641,284.5858364,47.0795646,2016.0,Transit,732.0,K
kepler-1266 b,2.61,,28.474748,0.0,Kepler-1266,0.854,0.762,5274.0,849.312,285.8693277,42.7279996,2016.0,Transit,489.0,K
kepler-1266 c,1.466,,4.86635506,,Kepler-1266,0.728,0.717,4976.0,849.312,285.8693277,42.7279996,2021.0,Transit,,K
kepler-1270 b,3.12,,6.0331,0.0,Kepler-1270,1.38,3.04,5172.0,1095.05,286.7156676,48.6452552,2016.0,Transit,1482.0,K
kepler-1284 b,1.21,,0.664073806,,Kepler-1284,0.84,0.79,5123.0,882.324,291.2789549,47.6875766,2016.0,Transit,,K
kepler-1304 b,2.31,,16.1288853,0.0,Kepler-1304,0.756,0.821,5295.0,2176.08,285.2763652,39.4468274,2016.0,Transit,627.0,K
kepler-1309 b,2.66,,28.8431751,0.0,Kepler-1309,0.758,0.785,5151.0,,298.7351131,40.7641262,2016.0,Transit,491.0,K
kepler-1314 b,5.11,,5.424749281,,Kepler-1314,0.6,0.59,4188.0,,294.2373599,45.1968274,2016.0,Transit,,K
kepler-1315 b,1.57,,0.84338011,0.0,Kepler-1315,0.809,0.856,4818.0,480.869,295.8215678,46.0530562,2016.0,Transit,1540.0,K
kepler-1315 c,1.72,,6.56606842,0.0,Kepler-1315,0.809,0.856,4818.0,480.869,295.8215678,46.0530562,2021.0,Transit,777.0,K
kepler-1317 b,,,0.5688719526,,Kepler-1317,0.84,0.809194,5057.15,728.303,291.6118842,42.1159787,2016.0,Transit,,K
kepler-1318 b,3.11,,213.257663,,Kepler-1318,0.73,0.7,4598.0,475.248,290.3763246,41.1507928,2016.0,Transit,,K
kepler-1320 b,,,0.868386354,,Kepler-1320,0.72,0.687686,4575.0,647.424,288.4335977,40.3808519,2016.0,Transit,,K
kepler-1321 c,3.1,,2.226494,0.0,Kepler-1321,0.59,0.6,4210.0,769.146,294.528597,46.6408737,2016.0,Transit,860.0,K
kepler-1321 d,2.7,,5.720856,0.0,Kepler-1321,0.59,0.6,4210.0,769.146,294.528597,46.6408737,2021.0,Transit,625.0,K
kepler-1324 b,1.554,,,,Kepler-1324,,0.664,4820.0,481.667,291.1849503,40.3112023,2016.0,Transit,,K
kepler-1329 b,2.404,,,,Kepler-1329,,0.652,4442.0,588.037,281.6476437,48.2709523,2016.0,Transit,,K
kepler-1331 b,0.96,,0.789161653,0.0,Kepler-1331,0.61,0.622,4258.0,319.197,297.0737928,41.2244613,2016.0,Transit,1243.0,K
kepler-1335 b,1.45,,6.26406846,,Kepler-1335,0.77,0.74,4903.0,621.853,284.8384394,42.0703371,2016.0,Transit,,K
kepler-1337 b,2.54,,,,Kepler-1337,,0.694,4583.0,601.629,287.0091176,46.7961229,2016.0,Transit,,K
kepler-1341 b,2.968,,132.9968322,,Kepler-1341,0.795,0.724,4683.0,476.957,280.5116813,44.1593503,2016.0,Transit,,K
kepler-1347 b,,,14.00948631,,Kepler-1347,,0.804966,5170.78,,299.6595903,40.8438526,2016.0,Transit,,K
kepler-1351 b,0.6,,0.916140768,0.0,Kepler-1351,0.6,0.614,4374.0,202.782,293.6084289,42.1978746,2016.0,Transit,1210.0,K
kepler-1353 b,2.03,,24.7543966,0.0,Kepler-1353,0.778,0.804,4852.0,593.384,295.7353911,42.5762317,2016.0,Transit,491.0,K
kepler-1356 b,,,0.6340017154,,Kepler-1356,0.83,0.763449,4993.0,845.228,290.9953825,43.2438792,2016.0,Transit,,K
kepler-1359 b,4.1,,59.49786,0.0,Kepler-1359,0.88,1.04,4652.0,614.859,289.538818,41.8928154,2016.0,Transit,391.0,K
kepler-1361 b,0.838,,3.57554956,,Kepler-1361,0.831,0.768,5037.0,389.143,283.5653603,46.9042278,2016.0,Transit,,K
kepler-1362 b,2.43,,136.205626,0.0,Kepler-1362,0.699,0.688,4650.0,731.298,288.5385574,40.8771276,2016.0,Transit,251.0,K
kepler-1363 b,1.25,,2.94194094,,Kepler-1363,0.76,0.72,4839.0,541.714,296.9964872,49.2563228,2016.0,Transit,,K
kepler-1366 b,1.43,,2.164570968,,Kepler-1366,0.62,0.6,4070.0,465.826,285.0648845,41.5548464,2016.0,Transit,,K
kepler-1367 b,0.85,,1.574090272,0.0,Kepler-1367,0.572,0.546,3954.0,401.484,288.4166786,47.8787308,2016.0,Transit,869.0,K
kepler-137 b,,,8.43638723,,Kepler-137,0.9,0.858396,5265.0,302.979,282.1355875,43.0391951,2014.0,Transit,,K
kepler-1378 b,,,11.95397791,,Kepler-1378,0.666,0.648181,4262.0,506.434,297.373403,40.3663986,2016.0,Transit,,K
kepler-1379 b,1.28,,0.881841146,0.0,Kepler-1379,0.856,0.778,5260.0,971.325,293.6704404,41.4102105,2016.0,Transit,1565.0,K
kepler-1387 b,0.78,,,,Kepler-1387,,0.712,5019.0,455.358,292.4403029,43.2093456,2016.0,Transit,,K
kepler-1388 c,,,5.5361069757,,Kepler-1388,0.588706,0.600757,3938.0,453.795,283.3360156,47.1744499,2016.0,Transit,,K
kepler-1388 d,2.43,,20.9568158,0.0,Kepler-1388,0.541,0.523,3903.0,453.795,283.3360156,47.1744499,2016.0,Transit,357.0,K
kepler-1388 e,1.919,,37.6327084,,Kepler-1388,,0.48,5052.0,453.795,283.3360156,47.1744499,2016.0,Transit,,K
kepler-1389 b,1.669,,99.2530951,,Kepler-1389,0.757,0.709,4962.0,497.093,285.7174414,44.7583487,2016.0,Transit,,K
kepler-1400 b,,,9.06687613,,Kepler-1400,0.8,0.710105,4912.0,752.237,286.2716827,45.4408055,2016.0,Transit,,K
kepler-1402 b,1.626,,,,Kepler-1402,,1.928,5275.0,1493.64,291.8478341,48.9681664,2016.0,Transit,,K
kepler-1409 b,1.05,,0.7648651,0.0,Kepler-1409,0.77,0.79,5187.0,694.89,290.0847389,51.2086144,2016.0,Transit,1665.0,K
kepler-141 b,0.73,,3.10762684,0.0,Kepler-141,0.824,0.782,4908.0,301.183,297.9707271,47.7316041,2014.0,Transit,968.0,K
kepler-141 c,1.5,,7.0106324,0.0,Kepler-141,0.824,0.782,4908.0,301.183,297.9707271,47.7316041,2014.0,Transit,738.0,K
kepler-1410 b,,,60.86616955,,Kepler-1410,,,4031.25,,290.5102933,38.743501,2016.0,Transit,,K
kepler-1414 b,1.196,,,,Kepler-1414,,0.797,5080.0,570.835,284.9285796,42.4223085,2016.0,Transit,,K
kepler-1420 b,1.431,,,,Kepler-1420,,0.919,5288.0,1054.37,296.2038586,42.7778165,2016.0,Transit,,K
kepler-1423 b,2.84,,23.9553986,0.0,Kepler-1423,0.926,1.781,5011.0,,288.2437481,41.1100655,2016.0,Transit,741.0,K
kepler-1430 b,1.03,,2.46050993,0.0,Kepler-1430,0.62,0.634,4811.0,875.523,289.6975391,43.3719581,2016.0,Transit,969.0,K
kepler-1446 b,0.753,,,,Kepler-1446,,0.697,4848.0,152.075,289.4240357,46.7260823,2016.0,Transit,,K
kepler-1450 b,1.94,,54.5091549,0.0,Kepler-1450,0.621,0.603,4406.0,505.829,294.5536825,45.0813011,2016.0,Transit,308.0,K
kepler-1455 b,,,49.2765566,,Kepler-1455,0.574333,0.583405,3919.0,357.621,294.0830662,50.5027572,2016.0,Transit,,K
kepler-1456 b,,,18.1373788,,Kepler-1456,0.64,0.653437,4116.0,370.312,286.9453381,43.8228023,2016.0,Transit,,K
kepler-1459 b,1.58,,62.8691611,0.0,Kepler-1459,0.821,0.868,4947.0,455.479,282.4229401,46.0139761,2016.0,Transit,377.0,K
kepler-1460 b,1.89,,29.9633247,0.0,Kepler-1460,0.624,0.638,4463.0,553.218,285.5577888,44.0108221,2016.0,Transit,391.0,K
kepler-1461 b,,,29.3494738767,,Kepler-1461,0.78,0.682284,4821.0,679.106,285.8305091,43.198377,2016.0,Transit,,K
kepler-1465 b,,,31.82763672,,Kepler-1465,0.72,0.748108,4585.0,359.497,289.8194222,51.9048541,2016.0,Transit,,K
kepler-1467 b,2.99,,47.0569043,0.0,Kepler-1467,0.821,0.746,5290.0,852.888,295.0485389,45.3426781,2016.0,Transit,413.0,K
kepler-1470 b,1.15,,16.2951259,0.0,Kepler-1470,0.781,0.812,4915.0,590.601,288.6949475,39.8830802,2016.0,Transit,574.0,K
kepler-1477 b,,,11.55532445,,Kepler-1477,0.85,1.03644,5064.0,680.828,281.2985305,42.6856727,2016.0,Transit,,K
kepler-148 b,,,1.729367077,,Kepler-148,0.83,0.850564,5019.0,791.163,289.7861626,46.8588176,2014.0,Transit,,K
kepler-148 c,3.6,,4.180043,,Kepler-148,,0.851,5272.0,791.163,289.7861626,46.8588176,2014.0,Transit,,K
kepler-148 d,8.95,,51.84688575,0.0,Kepler-148,0.893,0.838,5271.0,791.163,289.7861626,46.8588176,2016.0,Transit,416.0,K
kepler-1480 b,1.67,,22.12679948,,Kepler-1480,0.85,0.81,5156.0,500.892,291.9998055,49.3018321,2016.0,Transit,,K
kepler-1481 b,,,5.94228603,,Kepler-1481,0.75,0.769856,4693.28,459.076,289.4390075,49.7312226,2016.0,Transit,,K
kepler-1492 b,3.65,,16.7525077,0.0,Kepler-1492,0.955,1.802,4807.0,331.553,288.5970695,41.0363254,2016.0,Transit,801.0,K
kepler-1499 b,1.19,,44.2008,0.0,Kepler-1499,0.723,0.753,5002.0,309.869,283.986348,41.6505091,2016.0,Transit,409.0,K
kepler-1512 b,,,20.35975749,,Kepler-1512,,0.740908,4462.94,,289.2744976,44.4704056,2016.0,Transit,,K
kepler-152 b,3.08,,18.20795835,0.0,Kepler-152,0.826,0.738,5176.0,441.09,286.8653826,41.9889571,2014.0,Transit,551.0,K
kepler-152 c,2.56,,88.2553544,0.0,Kepler-152,0.846,0.761,5262.0,441.09,286.8653826,41.9889571,2014.0,Transit,335.0,K
kepler-1520 b,22.95,,0.65355361,0.0,Kepler-1520,0.666,0.66,4550.0,607.917,290.9662102,51.5047656,2016.0,Transit,1437.0,K
kepler-1521 b,,,47.1484324,,Kepler-1521,0.824,0.697343,4981.13,206.983,292.6903779,37.8350549,2016.0,Transit,,K
kepler-1526 b,2.31,,3.908632005,0.0,Kepler-1526,0.639,0.653,4518.0,555.574,285.1197266,38.8664618,2016.0,Transit,788.0,K
kepler-1529 b,,,5.3390216011,,Kepler-1529,0.8,0.761793,4901.0,661.014,289.8707469,41.0407482,2016.0,Transit,,K
kepler-153 c,2.109,,46.9025112,,Kepler-153,0.756,0.729,5178.0,459.368,282.460502,48.2570293,2014.0,Transit,,K
kepler-1536 b,2.98,,364.758031,0.0,Kepler-1536,0.616,0.63,4386.0,387.248,291.5852554,45.7158742,2016.0,Transit,166.0,K
kepler-1537 b,,,1.4444546276,,Kepler-1537,0.83,0.819392,4997.0,517.292,294.3853917,43.8254461,2016.0,Transit,,K
kepler-1539 b,2.71,,133.3036741,0.0,Kepler-1539,0.816,0.801,5269.0,748.326,284.2194566,44.2685146,2016.0,Transit,301.0,K
kepler-1540 b,2.67,,,,Kepler-1540,,0.636,4625.0,244.96,283.3445555,41.2017544,2016.0,Transit,,K
kepler-1544 b,,,168.81128288,,Kepler-1544,0.772,0.750481,4787.0,335.09,297.2852168,49.2124526,2016.0,Transit,,K
kepler-1545 b,,,163.692252345,,Kepler-1545,0.86,0.926681,5112.8,729.964,298.8988313,47.4630696,2016.0,Transit,,K
kepler-155 b,,,5.9311972791,,Kepler-155,0.678,0.771507,4339.18,293.499,288.4957831,51.0819286,2014.0,Transit,,K
kepler-155 c,1.76,,52.6615836,0.0,Kepler-155,0.56,0.54,3985.0,293.499,288.4957831,51.0819286,2014.0,Transit,271.0,K
kepler-1552 b,2.17,,184.771853,0.0,Kepler-1552,0.714,0.677,5220.0,769.096,291.6768669,38.8749152,2016.0,Transit,251.0,K
kepler-1554 b,2.839,,198.088774,,Kepler-1554,0.716,0.792,5121.0,946.847,286.576016,41.7415762,2016.0,Transit,,K
kepler-1558 b,0.79,,3.50470358,0.0,Kepler-1558,0.798,0.854,5115.0,325.737,286.8194349,46.9117837,2016.0,Transit,1019.0,K
kepler-156 b,2.3,,4.973455,0.0,Kepler-156,0.737,0.74,5031.0,443.483,290.2964214,37.7494271,2014.0,Transit,835.0,K
kepler-156 c,2.2,,15.906811,0.0,Kepler-156,0.737,0.74,5031.0,443.483,290.2964214,37.7494271,2014.0,Transit,569.0,K
kepler-1565 b,1.18,,1.538188437,0.0,Kepler-1565,0.783,0.726,5112.0,629.93,297.9529793,40.8067876,2016.0,Transit,1240.0,K
kepler-1566 b,0.79,,0.539915238,,Kepler-1566,0.84,0.81,5254.0,466.586,283.5875459,40.5749018,2016.0,Transit,,K
kepler-1577 b,2.65,,6.30560247,0.0,Kepler-1577,0.952,1.756,4934.0,510.029,292.9552704,47.5730433,2016.0,Transit,1125.0,K
kepler-1579 b,0.84,,0.849907889,,Kepler-1579,0.75,0.7,4584.0,,293.288022,43.5149061,2016.0,Transit,,K
kepler-158 b,2.27,,16.70920628,0.0,Kepler-158,0.656,0.668,4621.0,315.177,284.0323723,39.7815365,2014.0,Transit,500.0,K
kepler-158 c,2.02,,28.55156868,,Kepler-158,0.75,0.71,4720.0,315.177,284.0323723,39.7815365,2014.0,Transit,,K
kepler-158 d,0.43,,0.645088,,Kepler-158,0.656,0.668,4895.97,315.177,284.0323723,39.7815365,2024.0,Transit,,K
kepler-159 c,,,43.5859419,,Kepler-159,0.7,0.69737,4477.0,373.744,297.0702037,40.868734,2014.0,Transit,,K
kepler-1593 b,2.91,,174.5085,,Kepler-1593,0.725,0.698,4745.0,638.249,300.4882018,44.4606698,2016.0,Transit,260.0,K
kepler-16 b,8.4493,105.833,228.776,0.0069,Kepler-16,0.6897,0.6489,4450.0,75.0852,289.0758307,51.757229,2011.0,Transit,,K
kepler-1600 b,2.96,,386.370512,0.0,Kepler-1600,0.818,0.834,5119.0,1030.81,291.3993802,38.7877563,2016.0,Transit,209.0,K
kepler-1600 c,1.74,,7.2981458,,Kepler-1600,0.844,0.826,5090.0,1030.81,291.3993802,38.7877563,2021.0,Transit,,K
kepler-1604 b,1.41,,0.683684256,,Kepler-1604,0.81,0.76,4976.0,541.189,285.4106549,44.4122318,2016.0,Transit,,K
kepler-161 b,1.84,,4.921357,0.0,Kepler-161,0.783,0.69,5058.0,434.632,290.5164698,43.0838642,2014.0,Transit,813.0,K
kepler-161 c,1.96,,7.064256441,0.0,Kepler-161,0.817,0.739,5079.0,434.632,290.5164698,43.0838642,2014.0,Transit,743.0,K
kepler-1610 b,,,8.7018192778,,Kepler-1610,0.86,0.732623,5106.92,864.331,295.9049795,45.4054296,2016.0,Transit,,K
kepler-1610 c,2.20600009,,44.98529816,,Kepler-1610,0.825,0.8,5295.0,864.331,295.9049795,45.4054296,2023.0,Transit,,K
kepler-1614 b,1.49,,3.9466141,,Kepler-1614,0.79,0.76,5121.0,1191.19,284.8713893,49.7758867,2016.0,Transit,,K
kepler-1630 b,2.62,,509.997402,0.0,Kepler-1630,0.724,0.756,5037.0,331.213,297.5083004,43.7110543,2016.0,Transit,182.0,K
kepler-1642 c,4.87,,6.6513802,0.0,Kepler-1642,0.937,1.514,5254.0,413.873,297.2121215,43.643789,2016.0,Transit,1095.0,K
kepler-1643 b,1.72,,5.34264507,0.0,Kepler-1643,0.699,0.667,5094.0,341.774,300.4310076,44.7510129,2016.0,Transit,796.0,K
kepler-165 b,2.1,,8.1808949,0.0,Kepler-165,0.864,0.77,5081.0,560.885,280.69092,47.8096702,2014.0,Transit,716.0,K
kepler-165 c,,,15.312909,,Kepler-165,0.87,0.727855,5155.0,560.885,280.69092,47.8096702,2014.0,Transit,,K
kepler-1661 b,3.87,17.0,175.06,0.057,Kepler-1661,0.841,0.762,5100.0,410.607,285.1670927,41.9669383,2020.0,Transit,243.0,K
kepler-1665 b,2.83910787,,11.9548,,Kepler-1665,0.842,0.777785,5049.84,335.515,290.39624,41.0399229,2020.0,Transit,,K
kepler-1669 b,1.83,,9.512123,0.0,Kepler-1669,0.585,0.556,4265.0,543.444,297.4303826,39.8478795,2020.0,Transit,516.0,K
kepler-1669 c,,,1.609321941,,Kepler-1669,0.67,0.714145,4303.0,543.444,297.4303826,39.8478795,2021.0,Transit,,K
kepler-1669 d,1.22,,4.72941177,0.0,Kepler-1669,0.609,0.603,4224.0,543.444,297.4303826,39.8478795,2023.0,Transit,669.0,K
kepler-167 b,1.71,,4.393156523,0.0,Kepler-167,0.772,0.808,4978.0,341.908,292.6585253,38.3455558,2014.0,Transit,899.0,K
kepler-167 c,1.76,,7.40610775,0.0,Kepler-167,0.772,0.808,4978.0,341.908,292.6585253,38.3455558,2014.0,Transit,755.0,K
kepler-167 d,,,21.8035324861,,Kepler-167,0.783,0.757643,4826.67,341.908,292.6585253,38.3455558,2016.0,Transit,,K
kepler-167 e,9.4,,341.0,0.0,Kepler-167,0.713,0.7,4909.0,341.908,292.6585253,38.3455558,2016.0,Transit,196.0,K
kepler-1671 b,1.085,,4.167892514,,Kepler-1671,0.928,0.846,5287.0,357.059,291.7484295,39.4467817,2020.0,Transit,,K
kepler-1680 b,1.42,,8.77426218,0.0,Kepler-1680,0.832,0.905,5146.0,310.315,297.0746571,39.9338893,2020.0,Transit,771.0,K
kepler-1684 b,2.96,,47.7087,0.0,Kepler-1684,0.654,0.708,4300.0,621.996,294.0054181,46.3106625,2020.0,Transit,337.0,K
kepler-1687 b,,,5.77957133,,Kepler-1687,0.65,0.726119,4132.0,417.014,289.7428363,50.7870626,2020.0,Transit,,K
kepler-1688 b,2.53,,5.62005172,0.0,Kepler-1688,0.949,1.826,4897.0,,289.5530051,41.2978532,2020.0,Transit,1184.0,K
kepler-169 b,1.19,,3.25058201,0.0,Kepler-169,0.806,0.76,5001.0,406.529,285.9999204,40.9193822,2014.0,Transit,962.0,K
kepler-169 c,,,6.1954595,,Kepler-169,0.81,0.774293,4930.0,406.529,285.9999204,40.9193822,2014.0,Transit,,K
kepler-169 d,3.76,,8.34811,0.0,Kepler-169,0.918,1.86,5058.0,406.529,285.9999204,40.9193822,2014.0,Transit,1091.0,K
kepler-169 e,2.75,,13.76708539,0.0,Kepler-169,0.85,0.939,5173.0,406.529,285.9999204,40.9193822,2014.0,Transit,678.0,K
kepler-169 f,7.32,,87.09086,0.0,Kepler-169,0.918,1.86,5058.0,406.529,285.9999204,40.9193822,2014.0,Transit,498.0,K
kepler-1692 b,0.97,,5.959585,0.0,Kepler-1692,0.821,0.78,5299.0,591.019,286.9241804,47.0537092,2020.0,Transit,841.0,K
kepler-1694 b,,,3.89524296,,Kepler-1694,0.82,0.756284,4954.0,513.329,293.7936339,40.241023,2020.0,Transit,,K
kepler-1697 b,,,33.4969115,,Kepler-1697,0.747,0.772344,4681.53,247.771,287.663331,43.4713782,2020.0,Transit,,K
kepler-1698 b,,,1.210693626,,Kepler-1698,0.822,0.741698,4975.03,222.345,293.3450181,39.2577469,2020.0,Transit,,K
kepler-1702 b,,,18.5010898,,Kepler-1702,0.85,0.725742,5093.0,857.14,284.9724842,44.5674794,2020.0,Transit,,K
kepler-1716 b,2.14,,35.58944,0.0,Kepler-1716,0.701,0.649,4789.0,195.439,297.2717207,43.3330644,2021.0,Transit,392.0,K
kepler-1728 b,2.6,,4.783,0.0,Kepler-1728,0.748,0.74,5073.0,651.783,287.0940046,39.0607801,2021.0,Transit,864.0,K
kepler-1731 b,3.1,,21.761277,0.0,Kepler-1731,0.713,0.7,4917.0,169.948,291.2544229,36.7434302,2021.0,Transit,493.0,K
kepler-1737 b,5.41,,64.6174465,0.0,Kepler-1737,0.834,0.881,5043.0,,297.0148111,47.486417,2021.0,Transit,383.0,K
kepler-174 b,2.14,,13.98177228,,Kepler-174,0.71,0.68,4949.0,384.757,287.4389454,43.8320052,2014.0,Transit,,K
kepler-174 c,1.752,,,,Kepler-174,,0.732,4693.0,384.757,287.4389454,43.8320052,2014.0,Transit,,K
kepler-174 d,2.36,,247.354265,,Kepler-174,0.71,0.68,4949.0,384.757,287.4389454,43.8320052,2014.0,Transit,,K
kepler-1741 b,1.21,,2.757567,0.0,Kepler-1741,0.539,0.516,4002.0,270.739,292.577073,39.120939,2021.0,Transit,720.0,K
kepler-1749 b,,,14.53399886,,Kepler-1749,0.66,0.621183,4238.82,268.2,290.2945805,45.5645196,2021.0,Transit,,K
kepler-1753 b,,,16.00460392,,Kepler-1753,0.83,0.697488,5007.0,707.688,288.236664,46.6058744,2021.0,Transit,,K
kepler-1754 b,2.3,,8.1959,0.0,Kepler-1754,0.77,0.78,4559.0,718.945,295.4570818,50.0771838,2021.0,Transit,659.0,K
kepler-1756 b,1.18,,2.355788,0.0,Kepler-1756,0.718,0.71,4931.0,,294.364904,40.7208898,2021.0,Transit,1039.0,K
kepler-1757 b,2.56,,19.65644811,0.0,Kepler-1757,0.817,0.741,5284.0,807.308,297.7397823,46.9418957,2021.0,Transit,550.0,K
kepler-1759 b,,,3.72020708,,Kepler-1759,0.796,0.732008,4878.0,385.348,298.4656275,48.5593334,2021.0,Transit,,K
kepler-176 b,1.268,,5.43312169,,Kepler-176,0.86,0.787,5106.0,527.321,294.6679021,43.8532104,2014.0,Transit,,K
kepler-176 c,2.64,,12.75934834,0.0,Kepler-176,0.826,0.877,5229.0,527.321,294.6679021,43.8532104,2014.0,Transit,682.0,K
kepler-176 d,2.27,,25.75274977,0.0,Kepler-176,0.789,0.826,4963.0,527.321,294.6679021,43.8532104,2014.0,Transit,501.0,K
kepler-176 e,1.377,,51.16579,,Kepler-176,0.86,0.787,5106.0,527.321,294.6679021,43.8532104,2016.0,Transit,,K
kepler-1761 b,1.06,,4.043539,0.0,Kepler-1761,0.534,0.513,3969.0,221.186,284.1329728,49.1426325,2021.0,Transit,627.0,K
kepler-1782 b,2.67,,5.756242547,0.0,Kepler-1782,0.788,0.829,5006.0,305.792,280.926162,44.0878036,2021.0,Transit,834.0,K
kepler-1783 b,2.38,,8.27744313,0.0,Kepler-1783,0.887,1.781,5129.0,264.078,297.0210984,41.3771655,2021.0,Transit,1088.0,K
kepler-1788 b,2.13,,2.800111267,0.0,Kepler-1788,0.686,0.704,4786.0,560.445,291.2243829,45.7780993,2021.0,Transit,956.0,K
kepler-179 c,,,6.400157105,,Kepler-179,0.89,0.888685,5218.43,605.68,298.6636163,47.7619329,2014.0,Transit,,K
kepler-1792 b,3.03,,4.195775379,0.0,Kepler-1792,0.878,1.005,5229.0,601.029,294.8400788,39.0859757,2021.0,Transit,1047.0,K
kepler-1793 b,2.55,,8.77988,0.0,Kepler-1793,0.798,0.72,5159.0,1189.88,291.9129477,40.9539265,2021.0,Transit,698.0,K
kepler-1794 b,1.79426276,,9.762980461,,Kepler-1794,0.773,0.816,5052.0,561.229,300.6196594,45.7888068,2021.0,Transit,,K
kepler-1798 b,2.08,,16.85593514,0.0,Kepler-1798,0.568,0.565,3972.0,395.196,291.7262251,37.528968,2021.0,Transit,403.0,K
kepler-1802 b,1.24,,7.72515184,0.0,Kepler-1802,0.619,0.608,4141.0,636.694,300.2420869,44.1412854,2021.0,Transit,557.0,K
kepler-1802 c,1.88,,33.1364259,0.0,Kepler-1802,0.619,0.608,4141.0,636.694,300.2420869,44.1412854,2021.0,Transit,343.0,K
kepler-1804 b,3.77,,12.28859,0.0,Kepler-1804,0.916,1.89,5036.0,434.456,301.3428675,44.672175,2021.0,Transit,960.0,K
kepler-1809 b,1.513,,3.7572999,,Kepler-1809,0.807,0.716,4901.0,409.602,290.2651662,40.5484937,2021.0,Transit,,K
kepler-1813 b,1.42,,2.818150106,0.0,Kepler-1813,0.821,0.746,5290.0,,292.2399069,48.5115214,2021.0,Transit,1055.0,K
kepler-1814 b,3.15,,2.935362067,0.0,Kepler-1814,0.79,0.823,4922.0,726.346,285.2166767,41.2824449,2021.0,Transit,1022.0,K
kepler-1814 c,1.56,,0.626281378,,Kepler-1814,0.825,0.754,4958.0,726.346,285.2166767,41.2824449,2023.0,Transit,,K
kepler-1816 b,,,91.50080202,,Kepler-1816,0.803,0.750709,4906.0,437.823,296.8509823,50.6987736,2021.0,Transit,,K
kepler-1822 b,2.02,,22.1339,0.0,Kepler-1822,0.82,0.72,5196.0,897.597,297.2855,41.3055733,2021.0,Transit,513.0,K
kepler-1825 b,,,1.025857984,,Kepler-1825,0.835,0.716362,5021.85,430.254,292.5140647,42.6517554,2021.0,Transit,,K
kepler-1829 b,2.22,,5.18674073,0.0,Kepler-1829,0.869,0.781,5231.0,679.921,288.664484,51.4983798,2021.0,Transit,862.0,K
kepler-1834 b,1.43,,4.603098,0.0,Kepler-1834,0.714,0.691,4899.0,500.395,294.6646789,39.7838461,2021.0,Transit,820.0,K
kepler-1834 c,1.45599997,,0.766691983,,Kepler-1834,0.765,0.788,4821.0,500.395,294.6646789,39.7838461,2023.0,Transit,,K
kepler-1840 b,2.34,,131.187921,0.0,Kepler-1840,0.774,0.803,4898.0,513.107,298.5948803,41.4359643,2021.0,Transit,284.0,K
kepler-1845 b,2.04,,11.60658,0.0,Kepler-1845,0.756,0.664,4937.0,710.724,292.9016226,38.297032,2021.0,Transit,588.0,K
kepler-1846 b,1.76378826,,14.82009983,,Kepler-1846,0.785,0.732,4825.0,374.615,294.3909489,44.7629523,2021.0,Transit,,K
kepler-1848 b,,,5.60402307,,Kepler-1848,0.769,0.810461,4772.0,309.696,299.3814921,45.5920846,2021.0,Transit,,K
kepler-1849 b,1.85,,57.2937,0.0,Kepler-1849,0.687,0.665,4784.0,631.884,285.29193,41.2557275,2021.0,Transit,339.0,K
kepler-185 b,1.16,,1.632918853,0.0,Kepler-185,0.815,0.792,5205.0,466.735,282.4681674,43.8899464,2014.0,Transit,1282.0,K
kepler-185 c,1.88,,20.72913358,0.0,Kepler-185,0.815,0.792,5205.0,466.735,282.4681674,43.8899464,2014.0,Transit,550.0,K
kepler-1850 b,0.54,,1.385785956,0.0,Kepler-1850,0.593,0.587,4189.0,250.199,287.1428295,43.6161177,2021.0,Transit,989.0,K
kepler-1852 b,1.88,,7.97098825,0.0,Kepler-1852,0.927,0.826,5237.0,772.481,288.0297157,40.3441934,2021.0,Transit,761.0,K
kepler-1853 b,1.38,,48.8874292,0.0,Kepler-1853,0.707,0.732,4930.0,562.348,284.7478834,46.3735415,2021.0,Transit,385.0,K
kepler-1854 b,1.28,,39.8313153,0.0,Kepler-1854,0.708,0.647,5106.0,423.348,286.28593,37.3869915,2021.0,Transit,401.0,K
kepler-1856 b,1.37,,1.302017467,0.0,Kepler-1856,0.782,0.816,4948.0,848.76,295.9091695,51.3478777,2021.0,Transit,1344.0,K
kepler-1858 b,2.27,,88.0712696,0.0,Kepler-1858,0.839,0.751,5126.0,833.055,292.3074315,46.626579,2021.0,Transit,325.0,K
kepler-186 d,1.56,,13.343058,,Kepler-186,,0.524,4048.0,177.594,298.652736,43.9549884,2014.0,Transit,,K
kepler-1868 b,3.832,,211.0338741,,Kepler-1868,0.725,0.687,4713.0,274.18,293.2983733,43.5558025,2021.0,Transit,,K
kepler-1872 b,2.64,,3.82590987,0.0,Kepler-1872,0.913,0.885,5223.0,840.182,281.0491988,43.3225996,2021.0,Transit,1005.0,K
kepler-1873 b,1.62573811,,0.558842003,,Kepler-1873,0.903,0.792,5151.0,820.957,294.596557,46.0483705,2021.0,Transit,,K
kepler-1874 b,2.04,,56.57372,0.0,Kepler-1874,0.647,0.619,4588.0,408.007,286.3718158,43.692081,2021.0,Transit,319.0,K
kepler-1880 b,1.71,,6.309229,0.0,Kepler-1880,0.639,0.609,4545.0,611.041,287.8264561,40.6965988,2021.0,Transit,650.0,K
kepler-1885 b,,,2.522590567,,Kepler-1885,0.91,0.975378,5280.0,818.482,288.7507112,47.4909206,2021.0,Transit,,K
kepler-189 b,1.17,,10.40006,0.0,Kepler-189,0.824,0.72,5220.0,591.534,287.5646296,44.3050662,2014.0,Transit,664.0,K
kepler-189 c,2.81,,20.13488968,0.0,Kepler-189,0.836,0.755,5228.0,591.534,287.5646296,44.3050662,2014.0,Transit,543.0,K
kepler-1895 b,1.41,,6.0703203,0.0,Kepler-1895,0.846,0.78,5076.0,984.187,291.6756005,48.7625419,2021.0,Transit,796.0,K
kepler-1897 b,2.1,,24.2204192,0.0,Kepler-1897,0.859,0.761,5165.0,983.174,294.2901043,39.126871,2021.0,Transit,505.0,K
kepler-1898 b,0.74,,4.76559,0.0,Kepler-1898,0.781,0.84,5183.0,360.921,287.2058009,38.4981903,2021.0,Transit,928.0,K
kepler-1899 b,1.64,,4.095826,0.0,Kepler-1899,0.677,0.655,4739.0,711.509,292.0333777,37.9744551,2021.0,Transit,807.0,K
kepler-190 b,1.48,,2.020001021,,Kepler-190,0.86,0.8,5173.0,433.387,288.5839761,44.7337701,2014.0,Transit,,K
kepler-190 c,1.46,,3.763042361,0.0,Kepler-190,0.868,0.785,5239.0,433.387,288.5839761,44.7337701,2014.0,Transit,964.0,K
kepler-1907 b,1.05,,5.65245733,0.0,Kepler-1907,0.752,0.8,5159.0,292.111,280.7085829,47.3279236,2021.0,Transit,856.0,K
kepler-1907 c,2.9,,14.8638496,0.0,Kepler-1907,0.752,0.8,5159.0,292.111,280.7085829,47.3279236,2021.0,Transit,620.0,K
kepler-1909 b,0.96,,2.39162484,0.0,Kepler-1909,0.663,0.685,4935.0,763.662,290.889409,42.4596251,2021.0,Transit,1030.0,K
kepler-191 b,,,9.9395174484,,Kepler-191,0.87,0.781226,5144.15,594.464,291.1833211,45.3230937,2014.0,Transit,,K
kepler-191 c,2.028,,17.73852054,,Kepler-191,0.857,0.755,5191.0,594.464,291.1833211,45.3230937,2014.0,Transit,,K
kepler-191 d,2.26,,5.945041017,0.0,Kepler-191,0.883,0.787,5275.0,594.464,291.1833211,45.3230937,2016.0,Transit,832.0,K
kepler-1910 b,1.0,,5.68882689,0.0,Kepler-1910,0.636,0.639,4234.0,,296.6171677,41.2811677,2021.0,Transit,645.0,K
kepler-1926 b,2.77,,42.8774173,0.0,Kepler-1926,0.768,0.832,5256.0,667.405,291.1987905,44.1662033,2021.0,Transit,451.0,K
kepler-1930 b,,,13.0267964,,Kepler-1930,0.817,0.757501,4957.62,275.694,297.577145,40.0276768,2021.0,Transit,,K
kepler-1938 b,1.43,,13.06242496,0.0,Kepler-1938,0.646,0.655,4522.0,421.152,299.351892,41.1957285,2021.0,Transit,527.0,K
kepler-1939 b,,,2.790643481,,Kepler-1939,0.712,0.641737,4525.59,189.833,285.6899312,40.9946659,2021.0,Transit,,K
kepler-195 b,2.41,,8.307832,0.0,Kepler-195,0.843,0.74,5296.0,652.051,288.1209339,47.9666141,2014.0,Transit,730.0,K
kepler-195 c,1.751,,,,Kepler-195,,0.806,5232.0,652.051,288.1209339,47.9666141,2014.0,Transit,,K
kepler-1953 b,1.28574667,,6.245659828,,Kepler-1953,0.786,0.707,4858.0,605.631,287.9680995,46.4705959,2021.0,Transit,,K
kepler-1956 b,1.15,,5.94375659,0.0,Kepler-1956,0.671,0.682,4391.0,360.468,294.6208506,49.894219,2021.0,Transit,674.0,K
kepler-1957 b,0.82,,2.18659922,0.0,Kepler-1957,0.745,0.772,4904.0,460.899,293.711436,47.8874467,2021.0,Transit,1099.0,K
kepler-1959 b,1.19,,6.38671206,0.0,Kepler-1959,0.768,0.811,5071.0,479.263,296.022301,44.7326691,2021.0,Transit,811.0,K
kepler-196 b,,,20.73989406,,Kepler-196,0.87,0.793822,5168.0,451.312,284.9685077,42.0791214,2014.0,Transit,,K
kepler-1961 b,,,5.60473115,,Kepler-1961,0.88,0.907236,5171.0,1042.45,286.3300783,39.6831276,2021.0,Transit,,K
kepler-1964 b,14.68,,2.440836404,0.0,Kepler-1964,0.733,0.71,4798.0,,297.0588033,49.4784362,2021.0,Transit,997.0,K
kepler-1966 b,0.8,,8.61735417,0.0,Kepler-1966,0.67,0.657,5013.0,484.601,292.4637788,41.2990438,2021.0,Transit,668.0,K
kepler-1967 b,1.85,,7.28170196,0.0,Kepler-1967,0.996,1.806,4970.0,249.102,299.1376276,43.4984724,2021.0,Transit,1087.0,K
kepler-1968 b,1.4,,7.28116667,0.0,Kepler-1968,0.844,0.788,5008.0,750.93,291.5080318,45.3700933,2021.0,Transit,744.0,K
kepler-1977 b,1.57,,4.53700111,0.0,Kepler-1977,0.751,0.713,4812.0,592.711,290.6178587,37.2891002,2023.0,Transit,811.0,K
kepler-1978 b,2.67,,10.84969477,0.0,Kepler-1978,0.869,0.778,5251.0,865.512,286.0067312,38.0095407,2023.0,Transit,676.0,K
kepler-1983 b,3.7,,7.328505,0.0,Kepler-1983,0.74,0.75,5058.0,424.428,297.042015,39.9121864,2023.0,Transit,744.0,K
kepler-1985 b,,,3.42064689,,Kepler-1985,,,5279.96,,293.5663715,42.1325825,2023.0,Transit,,K
kepler-1987 b,1.50999999,,2.345860004,,Kepler-1987,0.799,0.714,4769.0,595.683,295.8254663,42.9433716,2023.0,Transit,,K
kepler-1987 c,1.33,,3.64830183,0.0,Kepler-1987,0.799,0.714,4769.0,595.683,295.8254663,42.9433716,2023.0,Transit,860.0,K
kepler-1987 d,2.95,,5.644915227,0.0,Kepler-1987,0.778,0.729,4750.0,595.683,295.8254663,42.9433716,2023.0,Transit,749.0,K
kepler-1987 e,1.99,,8.74287133,0.0,Kepler-1987,0.778,0.729,4750.0,595.683,295.8254663,42.9433716,2023.0,Transit,647.0,K
kepler-1993 b,,,26.6565737,,Kepler-1993,,3.14014,4939.47,1031.91,293.7968548,45.1607261,2023.0,Transit,,K
kepler-1995 b,3.347,,73.7579317,,Kepler-1995,0.82,0.736,4883.0,595.331,284.342725,46.3165907,2023.0,Transit,,K
kepler-1996 b,2.26,,32.376183,0.0,Kepler-1996,0.748,0.675,4580.0,440.561,285.2537555,46.5822183,2023.0,Transit,392.0,K
kepler-1996 c,2.15,,92.7296775,0.0,Kepler-1996,0.651,0.624,4528.0,440.561,285.2537555,46.5822183,2023.0,Transit,267.0,K
kepler-1999 b,3.29,,8.7396758,0.0,Kepler-1999,0.632,0.628,4406.0,701.255,282.3705675,48.259234,2023.0,Transit,577.0,K
kepler-2000 b,2.34,,6.38317,0.0,Kepler-2000,0.546,0.522,4047.0,320.588,285.5743032,49.9621218,2023.0,Transit,550.0,K
kepler-2001 b,,,1.090011003,,Kepler-2001,0.79,0.758905,4838.0,776.55,291.6594558,50.5838585,2023.0,Transit,,K
kepler-2001 c,1.82,,14.0926796,0.0,Kepler-2001,0.856,0.784,5093.0,776.55,291.6594558,50.5838585,2023.0,Transit,604.0,K
kepler-202 b,1.91,,4.069428401,0.0,Kepler-202,0.758,0.72,4806.0,285.111,282.9734874,41.3217991,2014.0,Transit,843.0,K
kepler-202 c,1.906,,,,Kepler-202,,0.688,4762.0,285.111,282.9734874,41.3217991,2014.0,Transit,,K
kepler-205 b,1.37,,2.755637216,0.0,Kepler-205,0.57,0.553,4121.0,159.72,285.2866912,41.8609357,2014.0,Transit,757.0,K
kepler-210 b,,,2.45323508,,Kepler-210,0.72,0.637495,4564.61,232.75,292.5034196,43.0832188,2014.0,Transit,,K
kepler-210 c,3.3,,7.9725436,0.0,Kepler-210,0.612,0.569,4367.0,232.75,292.5034196,43.0832188,2014.0,Transit,566.0,K
kepler-211 b,,,4.13852825,,Kepler-211,0.91,0.740717,5286.58,309.353,285.4391183,43.1685051,2014.0,Transit,,K
kepler-211 c,,,6.04046688,,Kepler-211,0.91,0.740717,5286.58,309.353,285.4391183,43.1685051,2014.0,Transit,,K
kepler-220 b,0.872,,,,Kepler-220,0.716,0.707,4500.0,171.109,291.5060432,46.8956262,2014.0,Transit,,K
kepler-220 c,1.929,,,,Kepler-220,,0.686,4665.0,171.109,291.5060432,46.8956262,2014.0,Transit,,K
kepler-220 d,,,28.12236175,,Kepler-220,0.699,0.769859,4457.96,171.109,291.5060432,46.8956262,2014.0,Transit,,K
kepler-220 e,,,45.9032489688,,Kepler-220,0.699,0.769859,4457.96,171.109,291.5060432,46.8956262,2014.0,Transit,,K
kepler-221 c,2.808,,5.690584519,,Kepler-221,0.854,0.767,5260.0,385.231,296.6547477,46.8352242,2014.0,Transit,,K
kepler-221 d,2.52,,10.041568521,0.0,Kepler-221,0.72,0.751,5280.0,385.231,296.6547477,46.8352242,2014.0,Transit,706.0,K
kepler-221 e,3.415,,,,Kepler-221,,0.774,5260.0,385.231,296.6547477,46.8352242,2014.0,Transit,,K
kepler-222 b,3.2,,3.936993706,,Kepler-222,0.88,0.84,5295.0,758.854,287.9060885,46.9377479,2014.0,Transit,,K
kepler-222 c,,,10.08880336,,Kepler-222,0.87,0.850048,5154.0,758.854,287.9060885,46.9377479,2014.0,Transit,,K
kepler-222 d,,,28.08196251,,Kepler-222,0.87,0.850048,5154.0,758.854,287.9060885,46.9377479,2014.0,Transit,,K
kepler-224 b,1.489,,3.132951625,,Kepler-224,0.777,0.693,5046.0,782.088,290.9342679,47.3575414,2014.0,Transit,,K
kepler-224 c,3.12,,5.925003,,Kepler-224,,0.676,5018.0,782.088,290.9342679,47.3575414,2014.0,Transit,,K
kepler-224 d,,,11.34935054,,Kepler-224,0.84,0.722794,5049.0,782.088,290.9342679,47.3575414,2014.0,Transit,,K
kepler-224 e,2.02,,18.643516,,Kepler-224,0.78,0.71,5093.0,782.088,290.9342679,47.3575414,2014.0,Transit,,K
kepler-225 b,1.44,,6.73893544,0.0,Kepler-225,0.616,0.602,4126.0,561.101,292.1939846,47.4570808,2014.0,Transit,579.0,K
kepler-225 c,,,18.79417509,,Kepler-225,0.65,0.77462,4166.0,561.101,292.1939846,47.4570808,2014.0,Transit,,K
kepler-229 b,2.288,,6.252964898,,Kepler-229,0.808,0.706,5002.0,826.265,286.9994758,48.3757867,2014.0,Transit,,K
kepler-229 c,,,16.06864674,,Kepler-229,0.8,0.752766,4881.0,826.265,286.9994758,48.3757867,2014.0,Transit,,K
kepler-229 d,3.272,,,,Kepler-229,,0.719,5002.0,826.265,286.9994758,48.3757867,2014.0,Transit,,K
kepler-231 b,,,10.06524317,,Kepler-231,0.64,0.591335,4079.0,316.618,293.9733913,50.531846,2014.0,Transit,,K
kepler-233 b,,,8.4723885407,,Kepler-233,0.88,0.85322,5175.0,856.417,296.3665054,51.3194548,2014.0,Transit,,K
kepler-235 b,,,3.34021921,,Kepler-235,0.64,0.635754,4074.0,428.018,286.0790779,39.278237,2014.0,Transit,,K
kepler-235 c,1.2,,7.82502168,0.0,Kepler-235,0.502,0.493,3950.0,428.018,286.0790779,39.278237,2014.0,Transit,494.0,K
kepler-235 d,,,20.06036336,,Kepler-235,0.64,0.635754,4074.0,428.018,286.0790779,39.278237,2014.0,Transit,,K
kepler-237 b,1.5,,4.71510365,0.0,Kepler-237,0.733,0.732,4861.0,657.822,283.2213438,40.421762,2014.0,Transit,824.0,K
kepler-237 c,2.221,,,,Kepler-237,,0.772,4897.0,657.822,283.2213438,40.421762,2014.0,Transit,,K
kepler-239 b,,,11.7630972577,,Kepler-239,0.78,0.830414,4819.0,648.109,294.2020505,40.6633313,2014.0,Transit,,K
kepler-239 c,,,56.2280785556,,Kepler-239,0.78,0.830414,4819.0,648.109,294.2020505,40.6633313,2014.0,Transit,,K
kepler-240 b,,,4.14451656,,Kepler-240,0.76,0.808486,4749.0,746.927,291.1587635,40.7502108,2014.0,Transit,,K
kepler-240 c,2.25,,7.953547,0.0,Kepler-240,0.759,0.779,4768.0,746.927,291.1587635,40.7502108,2014.0,Transit,696.0,K
kepler-241 b,2.35,,12.71810317,0.0,Kepler-241,0.67,0.686,4702.0,,292.9131121,41.0609786,2014.0,Transit,562.0,K
kepler-241 c,2.71,,36.06587916,0.0,Kepler-241,0.67,0.686,4702.0,,292.9131121,41.0609786,2014.0,Transit,397.0,K
kepler-242 b,2.488,,,,Kepler-242,,0.683,4876.0,600.241,286.5656932,41.8084168,2014.0,Transit,,K
kepler-242 c,,,14.49652389,,Kepler-242,0.77,0.718409,4786.0,600.241,286.5656932,41.8084168,2014.0,Transit,,K
kepler-243 b,2.47,,5.715425977,0.0,Kepler-243,0.927,0.826,5237.0,693.86,285.1104819,42.0339619,2014.0,Transit,850.0,K
kepler-243 c,2.5,,20.02591,0.0,Kepler-243,0.789,0.71,5115.0,693.86,285.1104819,42.0339619,2014.0,Transit,522.0,K
kepler-244 d,2.74,,20.05040157,,Kepler-244,0.82,0.79,5273.0,1036.49,287.242641,42.3014185,2014.0,Transit,,K
kepler-245 b,2.654,,7.49017229,,Kepler-245,0.856,0.78,5105.0,861.527,291.6389972,42.4363482,2014.0,Transit,,K
kepler-245 c,2.36,,17.46085263,,Kepler-245,0.86,0.8,5174.0,861.527,291.6389972,42.4363482,2014.0,Transit,,K
kepler-245 d,3.24,,36.27594657,,Kepler-245,0.86,0.8,5174.0,861.527,291.6389972,42.4363482,2014.0,Transit,,K
kepler-245 e,1.69,,3.219814777,0.0,Kepler-245,0.823,0.787,5103.0,861.527,291.6389972,42.4363482,2016.0,Transit,998.0,K
kepler-246 b,2.34,,4.60182,,Kepler-246,,0.831,5206.0,626.078,296.4834007,42.6633806,2014.0,Transit,,K
kepler-246 c,,,11.187370327,,Kepler-246,0.85,0.80085,5084.0,626.078,296.4834007,42.6633806,2014.0,Transit,,K
kepler-247 b,1.641,,3.336125104,,Kepler-247,0.887,0.788,5060.0,663.711,288.6425609,43.0393769,2014.0,Transit,,K
kepler-247 c,,,9.439459486,,Kepler-247,0.81,0.843936,4929.0,663.711,288.6425609,43.0393769,2014.0,Transit,,K
kepler-247 d,,,20.47748843,,Kepler-247,0.81,0.843936,4929.0,663.711,288.6425609,43.0393769,2014.0,Transit,,K
kepler-248 b,,,6.308201629,,Kepler-248,0.88,0.768535,5175.0,738.792,293.0613138,43.5813577,2014.0,Transit,,K
kepler-248 c,3.902,,16.23946714,,Kepler-248,0.838,0.773,4973.0,738.792,293.0613138,43.5813577,2014.0,Transit,,K
kepler-250 b,1.12,,4.14808732,,Kepler-250,0.83,0.79,5097.0,760.585,289.5947633,44.1418114,2014.0,Transit,,K
kepler-250 c,2.41,,7.15681773,,Kepler-250,0.83,0.79,5097.0,760.585,289.5947633,44.1418114,2014.0,Transit,,K
kepler-250 d,2.18,,17.648312,,Kepler-250,,0.805,5160.0,760.585,289.5947633,44.1418114,2014.0,Transit,,K
kepler-252 b,,,6.66836145,,Kepler-252,0.7,0.678487,4458.0,379.424,295.579329,44.5459052,2014.0,Transit,,K
kepler-252 c,2.3,,10.848507,0.0,Kepler-252,0.61,0.58,4397.0,379.424,295.579329,44.5459052,2014.0,Transit,519.0,K
kepler-253 b,1.63,,3.783986,,Kepler-253,,0.786,5208.0,838.595,291.8419337,44.858124,2014.0,Transit,,K
kepler-253 c,2.7,,10.28192877,0.0,Kepler-253,0.874,0.79,5216.0,838.595,291.8419337,44.858124,2014.0,Transit,687.0,K
kepler-253 d,3.17,,18.11989364,0.0,Kepler-253,0.874,0.79,5216.0,838.595,291.8419337,44.858124,2014.0,Transit,569.0,K
kepler-255 c,,,9.94602357,,Kepler-255,0.86,1.02495,5130.94,1052.53,296.0642702,45.9767647,2014.0,Transit,,K
kepler-257 b,2.74,,2.382652873,0.0,Kepler-257,0.868,0.973,5188.0,780.256,297.3159994,46.0232642,2014.0,Transit,1237.0,K
kepler-257 c,,,6.58148439,,Kepler-257,0.82,0.87259,4972.0,780.256,297.3159994,46.0232642,2014.0,Transit,,K
kepler-257 d,,,24.6643939784,,Kepler-257,0.82,0.87259,4972.0,780.256,297.3159994,46.0232642,2014.0,Transit,,K
kepler-258 b,4.18,,13.19720694,0.0,Kepler-258,0.827,0.885,4954.0,575.988,294.0684116,46.5791357,2014.0,Transit,642.0,K
kepler-258 c,3.72,,33.6529701,0.0,Kepler-258,0.827,0.885,4954.0,575.988,294.0684116,46.5791357,2014.0,Transit,470.0,K
kepler-26 b,,,12.2830153,,Kepler-26,0.7,0.460589,4486.0,335.307,284.9410627,46.5664505,2011.0,Transit,,K
kepler-26 d,1.319,,,,Kepler-26,0.643,0.604,4049.0,335.307,284.9410627,46.5664505,2014.0,Transit,,K
kepler-26 e,2.1,,46.82763492,,Kepler-26,0.7,0.460589,4486.0,335.307,284.9410627,46.5664505,2014.0,Transit,,K
kepler-260 c,1.74,,76.050178,,Kepler-260,,0.862,5250.0,627.365,291.9259658,38.0140525,2014.0,Transit,,K
kepler-261 b,,,10.38121981,,Kepler-261,0.862,0.738221,5122.5,317.499,291.3647333,37.609239,2014.0,Transit,,K
kepler-261 c,2.712,,,,Kepler-261,,0.75,5121.0,317.499,291.3647333,37.609239,2014.0,Transit,,K
kepler-263 b,,,16.5682448062,,Kepler-263,0.88,0.731962,5188.56,754.747,292.4698022,37.5677941,2014.0,Transit,,K
kepler-263 c,2.217,,,,Kepler-263,,0.727,5113.0,754.747,292.4698022,37.5677941,2014.0,Transit,,K
kepler-267 b,2.43,,3.353730333,,Kepler-267,0.56,0.54,3973.0,264.993,299.8305655,47.1575741,2014.0,Transit,,K
kepler-267 d,2.31,,28.46462622,,Kepler-267,0.56,0.54,3973.0,264.993,299.8305655,47.1575741,2014.0,Transit,,K
kepler-27 b,4.85,,15.33525912,,Kepler-27,0.95,0.85,5294.0,1044.36,292.2367608,41.085871,2011.0,Transit,,K
kepler-27 d,2.438,,6.54626058,,Kepler-27,0.885,0.744,5264.0,1044.36,292.2367608,41.085871,2021.0,Transit,,K
kepler-278 b,4.207,,,,Kepler-278,,2.83,5002.0,443.03,290.1072124,38.7022694,2014.0,Transit,,K
kepler-278 c,2.99,,51.075756,,Kepler-278,1.13,2.75,4989.0,443.03,290.1072124,38.7022694,2014.0,Transit,,K
kepler-28 b,1.92,,5.912268297,0.0,Kepler-28,0.59,0.57,4072.0,438.359,292.1370409,42.4294835,2011.0,Transit,585.0,K
kepler-28 c,2.02,,8.9857,0.0,Kepler-28,0.662,0.638,4663.0,438.359,292.1370409,42.4294835,2011.0,Transit,604.0,K
kepler-283 b,2.69,,11.00815926,,Kepler-283,0.63,0.6,4251.0,468.094,293.6137413,47.838938,2014.0,Transit,,K
kepler-283 c,2.311,,,,Kepler-283,0.662,0.626,4141.0,468.094,293.6137413,47.838938,2014.0,Transit,,K
kepler-284 c,2.562,,37.5140693,,Kepler-284,0.766,0.755,5219.0,1031.95,293.1465698,47.7297053,2014.0,Transit,,K
kepler-285 b,1.38,,2.633852528,0.0,Kepler-285,0.817,0.878,5114.0,824.31,291.3908469,48.0655392,2014.0,Transit,1131.0,K
kepler-290 b,2.18,,14.58932462,0.0,Kepler-290,0.848,0.759,5153.0,694.627,286.4100307,42.6815137,2014.0,Transit,596.0,K
kepler-290 c,3.44,,36.7704731,0.0,Kepler-290,0.848,0.759,5153.0,694.627,286.4100307,42.6815137,2014.0,Transit,438.0,K
kepler-290 d,0.89,,0.764020072,0.0,Kepler-290,0.848,0.759,5153.0,694.627,286.4100307,42.6815137,2023.0,Transit,1596.0,K
kepler-292 c,1.502,,,,Kepler-292,,0.83,5248.0,1056.48,295.7661979,42.4242822,2014.0,Transit,,K
kepler-292 d,,,7.0556832695,,Kepler-292,0.88,0.838226,5193.0,1056.48,295.7661979,42.4242822,2014.0,Transit,,K
kepler-292 f,2.611,,20.8342947,,Kepler-292,0.865,0.813,5248.0,1056.48,295.7661979,42.4242822,2014.0,Transit,,K
kepler-295 d,4.629,,,,Kepler-295,,2.361,5253.0,1699.19,285.3458383,45.3677754,2014.0,Transit,,K
kepler-296 d,2.28,,19.850242,,Kepler-296,,0.557,4249.0,,286.5400278,49.4372614,2014.0,Transit,,K
kepler-298 b,1.96,,10.475464,,Kepler-298,,0.582,4465.0,518.204,283.0398448,48.8253303,2014.0,Transit,,K
kepler-298 c,2.26,,22.92884482,0.0,Kepler-298,0.668,0.652,4549.0,518.204,283.0398448,48.8253303,2014.0,Transit,436.0,K
kepler-298 d,2.91,,77.4740724,,Kepler-298,0.69,0.65,4612.0,518.204,283.0398448,48.8253303,2014.0,Transit,,K
kepler-303 b,0.99,,1.937034,0.0,Kepler-303,0.575,0.547,4212.0,209.738,283.1354742,43.6567036,2014.0,Transit,869.0,K
kepler-303 c,1.15,,7.06117359,0.0,Kepler-303,0.52,0.51,3944.0,209.738,283.1354742,43.6567036,2014.0,Transit,516.0,K
kepler-304 b,3.8,,3.295703644,0.0,Kepler-304,0.828,0.892,4910.0,434.684,294.4418031,40.5575408,2014.0,Transit,1014.0,K
kepler-304 c,2.222,,,,Kepler-304,,0.658,4843.0,434.684,294.4418031,40.5575408,2014.0,Transit,,K
kepler-304 d,2.75,,9.653471,,Kepler-304,,0.687,4731.0,434.684,294.4418031,40.5575408,2014.0,Transit,,K
kepler-304 e,1.09,,1.499144441,0.0,Kepler-304,0.76,0.691,4723.0,434.684,294.4418031,40.5575408,2016.0,Transit,1137.0,K
kepler-305 c,3.34,,8.29087418,0.0,Kepler-305,0.763,0.803,5106.0,868.477,299.2242557,40.343167,2013.0,Transit,745.0,K
kepler-305 d,2.579,,16.73865956,,Kepler-305,0.84,0.771,5080.0,868.477,299.2242557,40.343167,2014.0,Transit,,K
kepler-305 e,,,3.20539622,,Kepler-305,0.82,0.827279,4974.0,868.477,299.2242557,40.343167,2020.0,Transit,,K
kepler-306 b,,,4.6461991958,,Kepler-306,0.81,0.792763,4948.0,775.679,288.5387145,40.6160545,2014.0,Transit,,K
kepler-306 c,,,7.2400374027,,Kepler-306,0.81,0.792763,4948.0,775.679,288.5387145,40.6160545,2014.0,Transit,,K
kepler-306 d,2.47,,17.326644,,Kepler-306,,0.719,4954.0,775.679,288.5387145,40.6160545,2014.0,Transit,,K
kepler-306 e,2.35,,44.8412214,,Kepler-306,0.81,0.74,5011.0,775.679,288.5387145,40.6160545,2014.0,Transit,,K
kepler-309 b,1.51,,5.92365634,,Kepler-309,0.79,0.73,4736.0,544.568,297.5098911,46.9614121,2014.0,Transit,,K
kepler-309 c,2.51,,105.356383,,Kepler-309,,0.721,4713.0,544.568,297.5098911,46.9614121,2014.0,Transit,,K
kepler-314 b,,,2.46106962,,Kepler-314,0.889,0.943064,5219.54,268.881,294.6741507,42.0756037,2014.0,Transit,,K
kepler-316 b,1.32,,2.240507,0.0,Kepler-316,0.587,0.557,4272.0,384.938,290.825835,44.1838993,2014.0,Transit,840.0,K
kepler-316 c,1.598,,,,Kepler-316,,0.682,4200.0,384.938,290.825835,44.1838993,2014.0,Transit,,K
kepler-324 e,2.03862444,,13.97939968,,Kepler-324,0.844,0.826,5191.0,501.574,286.4714473,49.6490933,2021.0,Transit,,K
kepler-326 b,2.55,,2.248288538,0.0,Kepler-326,0.933,1.593,5192.0,487.675,294.3255898,46.0022646,2014.0,Transit,1594.0,K
kepler-326 c,2.79,,4.580338622,0.0,Kepler-326,0.933,1.593,5192.0,487.675,294.3255898,46.0022646,2014.0,Transit,1258.0,K
kepler-326 d,1.22,,6.76689811,,Kepler-326,0.85,0.8,5148.0,487.675,294.3255898,46.0022646,2014.0,Transit,,K
kepler-329 b,1.46,,7.41634311,,Kepler-329,0.57,0.56,4221.0,439.719,299.2681646,45.2272852,2014.0,Transit,,K
kepler-329 c,,,18.6848215262,,Kepler-329,0.702,0.716897,4475.0,439.719,299.2681646,45.2272852,2014.0,Transit,,K
kepler-330 b,1.31,,8.25981532,0.0,Kepler-330,0.825,0.743,5108.0,717.527,288.4474035,44.8017616,2014.0,Transit,710.0,K
kepler-330 c,1.85,,15.95522,0.0,Kepler-330,0.792,0.69,5093.0,717.527,288.4474035,44.8017616,2014.0,Transit,552.0,K
kepler-331 b,1.99,,8.45747483,0.0,Kepler-331,0.535,0.521,4345.0,580.119,291.8343455,39.3073462,2014.0,Transit,538.0,K
kepler-331 c,2.721,,,,Kepler-331,,0.7,4347.0,580.119,291.8343455,39.3073462,2014.0,Transit,,K
kepler-331 d,,,32.1340014,,Kepler-331,0.73,0.637412,4604.9,580.119,291.8343455,39.3073462,2014.0,Transit,,K
kepler-332 b,1.21,,7.62635494,0.0,Kepler-332,0.774,0.721,4955.0,344.19,286.6627811,47.4136938,2014.0,Transit,703.0,K
kepler-332 c,1.3,,15.9956114,0.0,Kepler-332,0.801,0.861,5141.0,344.19,286.6627811,47.4136938,2014.0,Transit,619.0,K
kepler-332 d,1.21,,34.2113054,,Kepler-332,0.8,0.74,5008.0,344.19,286.6627811,47.4136938,2014.0,Transit,,K
kepler-333 b,1.57,,12.55109333,,Kepler-333,0.66,0.63,4347.0,324.413,292.2861201,40.9135429,2014.0,Transit,,K
kepler-333 c,1.16,,24.08826,0.0,Kepler-333,0.601,0.571,4347.0,324.413,292.2861201,40.9135429,2014.0,Transit,390.0,K
kepler-345 c,,,9.38740646,,Kepler-345,,,4539.31,,295.2288521,45.9710432,2014.0,Transit,,K
kepler-352 b,0.89,,10.05545337,0.0,Kepler-352,0.836,0.752,5238.0,252.733,299.8966237,46.0519022,2014.0,Transit,685.0,K
kepler-352 c,1.212,,16.33269854,,Kepler-352,0.798,0.726,5224.0,252.733,299.8966237,46.0519022,2014.0,Transit,,K
kepler-352 d,0.72,,6.8873113,0.0,Kepler-352,0.796,0.772,5208.0,252.733,299.8966237,46.0519022,2021.0,Transit,788.0,K
kepler-353 b,1.08,,5.7952971,0.0,Kepler-353,0.541,0.523,3903.0,384.694,296.8565596,41.7580749,2014.0,Transit,549.0,K
kepler-354 b,,,5.47661312,,Kepler-354,0.72,0.707392,4550.0,554.064,285.7515347,41.3356739,2014.0,Transit,,K
kepler-354 c,1.33,,16.9347748,0.0,Kepler-354,0.704,0.706,4650.0,554.064,285.7515347,41.3356739,2014.0,Transit,508.0,K
kepler-354 d,,,24.20994274,,Kepler-354,0.72,0.707392,4550.0,554.064,285.7515347,41.3356739,2014.0,Transit,,K
kepler-357 b,1.9,,6.47538919,0.0,Kepler-357,0.779,0.821,5033.0,688.573,291.2429746,44.0086337,2014.0,Transit,804.0,K
kepler-357 c,2.5,,16.85827722,0.0,Kepler-357,0.779,0.821,5033.0,688.573,291.2429746,44.0086337,2014.0,Transit,584.0,K
kepler-357 d,3.43,,49.499875,,Kepler-357,,0.834,5036.0,688.573,291.2429746,44.0086337,2014.0,Transit,,K
kepler-367 b,,,37.8164765958,,Kepler-367,0.776,0.711043,4799.55,188.027,297.292558,49.9817499,2014.0,Transit,,K
kepler-367 c,1.151,,,,Kepler-367,,0.697,4859.0,188.027,297.292558,49.9817499,2014.0,Transit,,K
kepler-378 b,1.049,,,,Kepler-378,,0.714,4696.0,152.094,294.9489697,46.4388673,2014.0,Transit,,K
kepler-378 c,0.7,,28.906009,,Kepler-378,,0.671,4661.0,152.094,294.9489697,46.4388673,2014.0,Transit,,K
kepler-383 b,,,12.9046228655,,Kepler-383,,,4608.75,,291.3426078,38.3631616,2014.0,Transit,,K
kepler-383 c,1.39,,31.2009333,0.0,Kepler-383,0.683,0.699,4710.0,,291.3426078,38.3631616,2014.0,Transit,420.0,K
kepler-386 b,,,12.3101351,,Kepler-386,0.83,0.841271,4993.0,882.462,289.8589165,48.6938077,2014.0,Transit,,K
kepler-386 c,,,25.19370089,,Kepler-386,0.83,0.841271,4993.0,882.462,289.8589165,48.6938077,2014.0,Transit,,K
kepler-388 c,1.06,,13.29724,0.0,Kepler-388,0.635,0.606,4530.0,,284.8280577,44.6086451,2014.0,Transit,507.0,K
kepler-389 b,1.331,,3.24416463,,Kepler-389,0.765,0.662,5072.0,816.559,291.9600082,44.9000587,2014.0,Transit,,K
kepler-390 b,0.78,,6.73811219,0.0,Kepler-390,0.793,0.769,5168.0,435.277,291.6288086,41.2088351,2014.0,Transit,786.0,K
kepler-390 c,0.87,,13.0600422,,Kepler-390,0.86,0.8,5270.0,435.277,291.6288086,41.2088351,2014.0,Transit,,K
kepler-391 b,2.9,,7.41680902,,Kepler-391,1.03,3.33,5111.0,869.236,290.6218844,51.0573453,2014.0,Transit,,K
kepler-391 c,3.54,,20.485435,,Kepler-391,,3.569,4940.0,869.236,290.6218844,51.0573453,2014.0,Transit,,K
kepler-398 b,1.03,,4.081411491,,Kepler-398,0.72,0.67,4557.0,177.355,291.4688524,40.3437001,2014.0,Transit,,K
kepler-398 c,,,11.4194342731,,Kepler-398,0.723,0.625149,4577.0,177.355,291.4688524,40.3437001,2014.0,Transit,,K
kepler-398 d,0.74,,6.834378,0.0,Kepler-398,0.649,0.575,4476.0,177.355,291.4688524,40.3437001,2016.0,Transit,606.0,K
kepler-411 b,,,3.00515592,,Kepler-411,0.785,0.731146,4837.0,153.676,287.6057027,49.5233937,2013.0,Transit,,K
kepler-411 c,3.37,,7.834427877,0.0,Kepler-411,0.829,0.768,4987.0,153.676,287.6057027,49.5233937,2016.0,Transit,715.0,K
kepler-411 d,,,58.0198583,,Kepler-411,0.785,0.731146,4837.0,153.676,287.6057027,49.5233937,2018.0,Transit,,K
kepler-411 e,,10.8,31.509728,0.016,Kepler-411,0.87,0.82,,153.676,287.6057027,49.5233937,2018.0,Transit Timing Variations,503.0,K2 V
kepler-413 b,4.347,67.0,66.262,0.1181,Kepler-413,0.82,0.7761,4700.0,847.536,288.5106679,51.1624235,2014.0,Transit,,K
kepler-415 c,,,8.70792312,,Kepler-415,0.68,0.706507,4320.24,530.487,293.8045041,38.6390517,2014.0,Transit Timing Variations,,K
kepler-417 c,,,15.94252637,,Kepler-417,0.87,0.782444,5151.65,973.989,293.8241813,42.779648,2014.0,Transit Timing Variations,,K
kepler-42 b,3.46,,1.2137703,0.0,Kepler-42,0.617,0.681,4188.0,40.0595,292.2196,44.6173667,2011.0,Transit,1106.0,K
kepler-425 b,9.94,,3.797018335,0.0,Kepler-425,0.93,0.816,5262.0,646.647,290.3579781,40.5676965,2014.0,Transit,972.0,K
kepler-428 b,12.02,,3.525632561,,Kepler-428,0.84,0.8,5136.0,686.284,290.5817432,40.5773106,2014.0,Transit,,K
kepler-432 b,11.75,,52.5010768,,Kepler-432,,3.96613,4981.99,848.023,293.2822344,48.2859173,2015.0,Transit,,K
kepler-432 c,,772.3269,406.2,0.498,Kepler-432,1.32,4.06,4995.0,848.023,293.2822344,48.2859173,2015.0,Radial Velocity,,K
kepler-436 b,2.48,,64.0019669,0.0,Kepler-436,0.734,0.697,4652.0,588.867,301.7207775,44.4120856,2015.0,Transit,322.0,K
kepler-436 c,1.7,,16.79713874,0.0,Kepler-436,0.508,0.511,4299.0,588.867,301.7207775,44.4120856,2016.0,Transit,423.0,K
kepler-437 b,1.37,,66.6505482,0.0,Kepler-437,0.615,0.622,4427.0,,297.3473326,44.0269249,2015.0,Transit,294.0,K
kepler-440 b,1.63,,101.1114976,,Kepler-440,0.55,0.53,3959.0,301.03,285.3500664,41.4523695,2015.0,Transit,,K
kepler-441 b,1.93,,207.247959,0.0,Kepler-441,0.617,0.629,4243.0,268.003,284.566954,49.0127077,2015.0,Transit,194.0,K
kepler-442 b,,,112.303409656,,Kepler-442,0.72,0.618522,4563.0,365.965,285.3666029,39.2800704,2015.0,Transit,,K
kepler-443 b,2.2,,177.669112,0.0,Kepler-443,0.791,0.739,4907.0,802.271,288.6104839,49.9685458,2015.0,Transit,246.0,K
kepler-444 b,0.403,,3.6001053,0.16,Kepler-444,0.758,0.752,5046.0,36.4396,289.7528323,41.631884,2015.0,Transit,,K
kepler-444 c,75.16,,4.545878442,,Kepler-444,0.84,0.798764,5058.0,36.4396,289.7528323,41.631884,2015.0,Transit,,K
kepler-444 d,0.65,,6.18943952,0.0,Kepler-444,0.692,0.721,5051.0,36.4396,289.7528323,41.631884,2015.0,Transit,783.0,K
kepler-444 e,,,7.74350338,,Kepler-444,0.84,0.798764,5058.0,36.4396,289.7528323,41.631884,2015.0,Transit,,K
kepler-444 f,0.741,,9.740486,0.29,Kepler-444,0.758,0.752,5046.0,36.4396,289.7528323,41.631884,2015.0,Transit,,K
kepler-46 b,8.8,,33.60122066,,Kepler-46,0.92,0.93,5232.0,777.06,289.2687388,42.6041819,2012.0,Transit,,K
kepler-46 c,,115.05446,57.325,0.0354,Kepler-46,0.902,0.938,5155.0,777.06,289.2687388,42.6041819,2012.0,Transit Timing Variations,,K
kepler-46 d,1.97,,6.76652928,0.0,Kepler-46,0.882,0.93,5149.0,777.06,289.2687388,42.6041819,2014.0,Transit,845.0,K
kepler-472 b,3.094,,,,Kepler-472,,0.782,4932.0,306.602,296.5245187,39.2498503,2016.0,Transit,,K
kepler-475 b,2.66,,3.105508189,0.0,Kepler-475,0.804,0.842,4938.0,280.069,287.051694,40.2114232,2016.0,Transit,1016.0,K
kepler-477 b,2.2,,11.119888,0.0,Kepler-477,0.786,0.83,5264.0,,288.067445,42.355305,2016.0,Transit,705.0,K
kepler-478 b,2.38,,13.22175358,0.0,Kepler-478,0.838,0.799,5211.0,,292.4870063,46.196187,2016.0,Transit,640.0,K
kepler-479 b,2.118,,,,Kepler-479,,0.766,5159.0,344.901,291.0218899,37.7698734,2016.0,Transit,,K
kepler-48 b,1.88,3.94,4.778,,Kepler-48,0.88,0.89,5194.0,306.738,299.1393094,40.948939,2012.0,Transit,,K
kepler-48 c,,,9.673958488,,Kepler-48,0.873,0.896858,5160.0,306.738,299.1393094,40.948939,2012.0,Transit,,K
kepler-48 d,1.98,,42.89605505,,Kepler-48,0.916,0.836,5235.0,306.738,299.1393094,40.948939,2014.0,Transit,,K
kepler-48 e,,657.0,982.0,,Kepler-48,0.88,0.89,5194.0,306.738,299.1393094,40.948939,2014.0,Radial Velocity,,K
kepler-482 b,2.2,,56.35418576,0.0,Kepler-482,0.654,0.668,4616.0,313.068,296.8229326,48.1077628,2016.0,Transit,333.0,K
kepler-489 b,7.438,,,,Kepler-489,,0.751,4938.0,369.645,290.8332412,38.1841851,2016.0,Transit,,K
kepler-49 b,,,7.20385258,,Kepler-49,0.627,0.667253,4011.0,311.222,292.2945208,40.5918123,2012.0,Transit,,K
kepler-49 d,,,2.576571021,,Kepler-49,0.627,0.667253,4011.0,311.222,292.2945208,40.5918123,2014.0,Transit,,K
kepler-496 b,2.42,,8.30865307,0.0,Kepler-496,0.804,0.849,5022.0,605.274,291.6408978,41.2411044,2016.0,Transit,747.0,K
kepler-499 b,,,5.6325271853,,Kepler-499,0.856,0.929152,5099.0,556.726,295.1099549,43.9151012,2016.0,Transit,,K
kepler-515 b,1.5,,19.96367208,0.0,Kepler-515,0.79,0.79,5250.0,,290.493913,52.055611,2016.0,Transit,564.0,K
kepler-52 b,2.16,,7.8774163,0.0,Kepler-52,0.633,0.615,4126.0,321.542,286.7380152,49.9757383,2012.0,Transit,553.0,K
kepler-52 d,,,36.44530957,,Kepler-52,0.64,0.675624,4116.0,321.542,286.7380152,49.9757383,2014.0,Transit,,K
kepler-531 b,2.78,,29.88485741,,Kepler-531,0.78,0.75,4893.0,252.762,286.5246582,48.6835481,2016.0,Transit,,K
kepler-532 b,2.562,,,,Kepler-532,,0.752,5120.0,312.798,298.6609094,48.6063022,2016.0,Transit,,K
kepler-533 b,3.333,,28.51120525,,Kepler-533,0.764,0.706,4790.0,302.955,293.6856893,48.8249915,2016.0,Transit,,K
kepler-543 b,,,13.89961592,,Kepler-543,0.751,0.71917,4702.0,221.802,287.2187273,38.8625366,2016.0,Transit,,K
kepler-547 b,4.02,,6.010384289,0.0,Kepler-547,0.718,0.738,4882.0,378.972,286.1185888,44.3452063,2016.0,Transit,768.0,K
kepler-55 c,1.938,,,,Kepler-55,,0.676,4503.0,578.796,285.1683291,44.0264898,2012.0,Transit,,K
kepler-55 d,1.85,,2.211116989,0.0,Kepler-55,0.71,0.646,4500.0,578.796,285.1683291,44.0264898,2014.0,Transit,931.0,K
kepler-55 e,1.699,,,,Kepler-55,,0.676,4503.0,578.796,285.1683291,44.0264898,2014.0,Transit,,K
kepler-55 f,1.6,,10.19851808,0.0,Kepler-55,0.645,0.658,4505.0,578.796,285.1683291,44.0264898,2014.0,Transit,572.0,K
kepler-550 b,4.2,,8.600121,0.0,Kepler-550,0.783,0.82,5256.0,531.944,297.7001786,47.8637046,2016.0,Transit,762.0,K
kepler-553 b,4.6,,4.0304645,0.0,Kepler-553,0.79,0.83,5262.0,728.525,298.5508922,48.3325405,2016.0,Transit,987.0,K
kepler-553 c,,,328.240201,,Kepler-553,0.86,0.947426,5104.0,728.525,298.5508922,48.3325405,2016.0,Transit,,K
kepler-558 b,2.9,,29.0078,0.0,Kepler-558,0.809,0.77,5257.0,661.876,284.6579709,42.6526751,2016.0,Transit,490.0,K
kepler-56 c,,,21.40569598,,Kepler-56,,4.21799,4819.44,912.994,293.7583002,41.871807,2012.0,Transit,,K
kepler-563 b,3.09,,22.18432708,,Kepler-563,0.8,0.77,5066.0,565.207,292.4461832,46.2897548,2016.0,Transit,,K
kepler-566 b,2.2,,18.42787,0.0,Kepler-566,0.759,0.78,5141.0,564.277,291.5544735,47.8144362,2016.0,Transit,565.0,K
kepler-567 b,,,16.54296952,,Kepler-567,0.82,0.845398,4960.0,558.81,297.6726072,48.3023458,2016.0,Transit,,K
kepler-57 b,3.135,25.06,5.72,0.0162,Kepler-57,0.859,0.826,5187.9,644.14,293.6413146,44.6570692,2012.0,Transit,,K
kepler-57 c,1.58,,11.609257,0.0,Kepler-57,0.843,0.74,5294.0,644.14,293.6413146,44.6570692,2012.0,Transit,652.0,K
kepler-572 b,2.29,,17.20523483,0.0,Kepler-572,0.771,0.693,5208.0,504.667,291.221172,50.5813487,2016.0,Transit,553.0,K
kepler-577 b,2.37,,25.69597,0.0,Kepler-577,0.784,0.688,5057.0,524.247,294.7119855,39.0737317,2016.0,Transit,467.0,K
kepler-579 b,1.9,,9.66857386,0.0,Kepler-579,0.884,0.836,5288.0,530.765,295.0020771,39.9528613,2016.0,Transit,730.0,K
kepler-580 b,2.28,,8.222419656,0.0,Kepler-580,0.58,0.56,4003.0,323.899,283.4997537,40.5528053,2016.0,Transit,512.0,K
kepler-589 c,,,3.52467888,,Kepler-589,0.9,0.807248,5262.0,612.803,280.6414331,47.7520581,2021.0,Transit,,K
kepler-595 b,3.755,,,,Kepler-595,,0.843,5108.0,643.009,294.5703593,50.6730147,2016.0,Transit,,K
kepler-595 c,,,12.3860474,,Kepler-595,0.87,0.845548,5138.5,643.009,294.5703593,50.6730147,2020.0,Transit,,K
kepler-598 b,1.558,,,,Kepler-598,,0.856,5274.0,681.086,293.1234493,40.9348005,2016.0,Transit,,K
kepler-598 c,2.91,,86.4947807,0.0,Kepler-598,0.815,0.898,5252.0,681.086,293.1234493,40.9348005,2020.0,Transit,367.0,K
kepler-599 b,2.97,,15.65562652,0.0,Kepler-599,0.779,0.837,5185.0,558.517,285.9115968,41.0695091,2016.0,Transit,623.0,K
kepler-600 b,,,23.67520728,,Kepler-600,0.89,0.821693,5238.0,619.723,283.8330588,41.9786358,2016.0,Transit,,K
kepler-601 b,1.77,,5.378868441,0.0,Kepler-601,0.756,0.725,5207.0,414.825,282.0046852,42.1764657,2016.0,Transit,836.0,K
kepler-607 b,0.99,,0.638163204,0.0,Kepler-607,0.808,0.888,5244.0,519.122,291.0571451,44.632306,2016.0,Transit,1876.0,K
kepler-607 c,2.98,,39.6769617,0.0,Kepler-607,0.808,0.888,5244.0,519.122,291.0571451,44.632306,2021.0,Transit,473.0,K
kepler-61 b,,,59.87792,,Kepler-61,0.649,0.703757,4148.0,335.079,295.3044942,42.4753193,2013.0,Transit,,K
kepler-614 b,2.35,,14.03491514,0.0,Kepler-614,0.731,0.785,5258.0,527.995,298.3848866,46.2759867,2016.0,Transit,641.0,K
kepler-615 b,1.74,,10.35584657,,Kepler-615,0.73,0.69,4655.0,,282.4506927,46.3213671,2016.0,Transit,,K
kepler-62 b,1.38,,5.714890717,,Kepler-62,0.72,0.67,4967.0,300.874,283.2125621,45.3496992,2013.0,Transit,,K
kepler-62 d,1.96,,18.16407876,0.0,Kepler-62,0.637,0.653,4797.0,300.874,283.2125621,45.3496992,2013.0,Transit,501.0,K
kepler-62 e,1.61,36.0,122.3874,,Kepler-62,0.69,0.64,4925.0,300.874,283.2125621,45.3496992,2013.0,Transit,270.0,K2 V
kepler-62 f,1.42,,267.283301,0.0,Kepler-62,0.637,0.653,4797.0,300.874,283.2125621,45.3496992,2013.0,Transit,205.0,K
kepler-621 b,2.3,,2.628113746,,Kepler-621,0.72,0.68,4521.0,,290.927245,39.9141166,2016.0,Transit,,K
kepler-632 b,2.42,,30.99660733,0.0,Kepler-632,0.825,0.918,5275.0,,297.252613,40.288605,2016.0,Transit,524.0,K
kepler-636 b,4.45,,16.080661147,,Kepler-636,0.85,0.8,5203.0,310.301,293.5920614,41.0950891,2016.0,Transit,,K
kepler-643 b,10.99,,16.33889626,0.0,Kepler-643,1.15,2.69,4883.0,1063.58,290.3272423,42.8982283,2016.0,Transit,972.0,K
kepler-659 b,2.21,,17.67168,0.0,Kepler-659,0.715,0.671,4858.0,722.64,287.6081777,47.5096893,2016.0,Transit,509.0,K
kepler-660 b,2.52,,9.27358194,0.0,Kepler-660,0.676,0.696,4856.0,568.431,288.1382985,47.7245642,2016.0,Transit,649.0,K
kepler-661 b,2.708,,,,Kepler-661,,0.638,4542.0,534.788,283.7107463,47.8631748,2016.0,Transit,,K
kepler-662 b,,,21.6771184589,,Kepler-662,0.79,0.939452,4852.86,815.637,290.4650801,47.9291252,2016.0,Transit,,K
kepler-665 b,2.86,,16.01310205,0.0,Kepler-665,0.785,0.826,5015.0,612.838,297.0255947,48.4785669,2016.0,Transit,593.0,K
kepler-67 b,2.92,,,,Kepler-67,,0.819,5238.0,1131.19,294.1533505,46.1663976,2013.0,Transit,,K
kepler-675 b,2.38,,2.33743801,0.0,Kepler-675,0.778,0.727,4989.0,665.68,293.8334488,50.2303479,2016.0,Transit,1054.0,K
kepler-681 b,,,26.39432897,,Kepler-681,0.81,0.807916,4937.0,686.923,289.3997364,51.2502428,2016.0,Transit,,K
kepler-687 b,3.62,,20.50586978,0.0,Kepler-687,0.739,0.761,4905.0,633.66,289.3154576,39.1532911,2016.0,Transit,518.0,K
kepler-693 b,11.231,,,,Kepler-693,,0.85,4977.0,1151.51,283.253527,40.3582155,2016.0,Transit,,K
kepler-695 b,12.523,,,,Kepler-695,,1.103,5029.0,842.947,299.3160934,40.8223815,2016.0,Transit,,K
kepler-707 b,1.251,,,,Kepler-707,,0.718,5263.0,591.776,290.007564,42.1164698,2016.0,Transit,,K
kepler-709 b,2.92,,16.08524954,,Kepler-709,0.8,0.77,5071.0,664.843,292.105272,42.3803077,2016.0,Transit,,K
kepler-711 b,,,23.589202495,,Kepler-711,0.8,0.778615,4907.0,624.575,297.4600468,42.8398172,2016.0,Transit,,K
kepler-712 b,,,21.02250694,,Kepler-712,0.83,0.764618,4996.0,872.493,294.9096739,42.9351987,2016.0,Transit,,K
kepler-712 c,4.594,,226.89047,,Kepler-712,0.76,0.737,4927.0,872.493,294.9096739,42.9351987,2016.0,Transit,,K
kepler-716 b,2.9,,10.37168453,,Kepler-716,0.83,0.78,5099.0,635.009,290.3931809,43.3638577,2016.0,Transit,,K
kepler-716 c,1.37,,3.96994893,0.0,Kepler-716,0.834,0.751,5174.0,635.009,290.3931809,43.3638577,2020.0,Transit,921.0,K
kepler-721 b,2.76,,5.392025388,0.0,Kepler-721,0.896,0.802,5192.0,926.598,284.4305132,44.4803776,2016.0,Transit,851.0,K
kepler-727 b,,,5.15448405,,Kepler-727,0.91,0.824791,5294.85,831.842,294.8469333,45.0344155,2016.0,Transit,,K
kepler-735 b,,,11.5151598863,,Kepler-735,0.81,0.756226,4929.0,695.059,284.6888328,46.1721391,2016.0,Transit,,K
kepler-736 b,2.1,,3.601449,0.0,Kepler-736,0.84,0.74,5273.0,1005.43,285.3913092,46.1809293,2016.0,Transit,963.0,K
kepler-737 b,2.48,,28.59878,0.0,Kepler-737,0.534,0.513,3979.0,205.118,291.8629793,46.4291614,2016.0,Transit,326.0,K
kepler-742 b,3.101,,,,Kepler-742,,0.684,4732.0,489.253,283.8659676,46.7896522,2016.0,Transit,,K
kepler-746 b,,,3.4815917,,Kepler-746,,,5094.34,,290.6822097,37.3551593,2016.0,Transit,,K
kepler-747 b,5.26,,35.61760587,0.0,Kepler-747,0.737,0.779,5123.0,3347.16,288.4165196,41.0298175,2016.0,Transit,456.0,K
kepler-749 b,,,17.3171619956,,Kepler-749,0.81,0.772455,4940.93,721.027,299.8973341,43.9040667,2016.0,Transit,,K
kepler-75 b,9.4,,8.8849176,0.0,Kepler-75,0.77,0.77,5152.0,835.356,291.1376203,36.5773443,2013.0,Transit,721.0,K
kepler-753 b,1.91,,5.747725012,,Kepler-753,0.68,0.65,4346.0,274.767,291.9032411,37.9023677,2016.0,Transit,,K
kepler-755 b,1.532,,,,Kepler-755,,0.83,5067.0,399.034,296.8609348,41.0973178,2016.0,Transit,,K
kepler-755 c,1.478,,,,Kepler-755,,0.83,5067.0,399.034,296.8609348,41.0973178,2016.0,Transit,,K
kepler-760 b,,,8.70419734,,Kepler-760,0.87,0.905798,5162.0,792.336,287.5931997,44.1794278,2016.0,Transit,,K
kepler-760 c,1.559,,,,Kepler-760,,0.862,5239.0,792.336,287.5931997,44.1794278,2016.0,Transit,,K
kepler-763 b,1.22,,1.19655156,,Kepler-763,0.84,0.8,5166.0,962.459,292.1445534,47.1573604,2016.0,Transit,,K
kepler-763 c,1.42,,4.09667624,0.0,Kepler-763,0.8,0.843,4999.0,962.459,292.1445534,47.1573604,2023.0,Transit,938.0,K
kepler-763 d,1.58,,6.50323791,0.0,Kepler-763,0.879,0.793,5258.0,962.459,292.1445534,47.1573604,2023.0,Transit,808.0,K
kepler-768 b,1.74,,11.3910025,0.0,Kepler-768,0.814,0.76,4999.0,784.56,294.1156858,38.3934378,2016.0,Transit,632.0,K
kepler-776 b,1.38,,4.89718784,0.0,Kepler-776,0.794,0.847,5093.0,727.904,287.2726117,41.6356009,2016.0,Transit,904.0,K
kepler-777 b,1.38,,5.72812616,0.0,Kepler-777,0.567,0.548,3968.0,443.106,282.7241098,44.3465098,2016.0,Transit,569.0,K
kepler-786 b,2.303,,,,Kepler-786,,0.714,4772.0,485.318,293.7439223,38.9392217,2016.0,Transit,,K
kepler-787 b,1.342,,,,Kepler-787,,0.698,4109.0,503.568,291.6924773,38.5729105,2016.0,Transit,,K
kepler-790 b,2.18,,13.73469807,,Kepler-790,0.84,0.8,5208.0,703.168,286.9171489,38.8722123,2016.0,Transit,,K
kepler-80 b,2.367,3.5,7.0534,0.0049,Kepler-80,0.73,0.678,4540.0,369.451,296.1125759,39.9787451,2012.0,Transit,,K5
kepler-80 c,2.74,6.74,9.52355,,Kepler-80,0.73,0.678,4540.0,369.451,296.1125759,39.9787451,2012.0,Transit,,K5
kepler-80 d,,,3.072146607,,Kepler-80,0.731,0.66402,4613.0,369.451,296.1125759,39.9787451,2014.0,Transit,,K
kepler-80 e,1.6,4.13,4.64489,,Kepler-80,0.73,0.678,4540.0,369.451,296.1125759,39.9787451,2014.0,Transit,,K5
kepler-80 f,,,0.986785834,,Kepler-80,0.731,0.66402,4613.0,369.451,296.1125759,39.9787451,2016.0,Transit,,K
kepler-80 g,1.13,,14.64558,,Kepler-80,0.83,0.678,4540.0,369.451,296.1125759,39.9787451,2017.0,Transit,418.0,K
kepler-800 b,,,14.1316897928,,Kepler-800,0.91,0.787518,5293.0,1019.26,286.5747697,44.7951858,2016.0,Transit,,K
kepler-808 b,1.1,,0.631332353,0.0,Kepler-808,0.526,0.53,4441.0,,291.5941514,48.4454907,2016.0,Transit,1324.0,K
kepler-81 b,2.54,,5.954893,0.0,Kepler-81,0.648,0.594,4500.0,348.291,293.6369437,42.8248275,2012.0,Transit,646.0,K
kepler-81 d,1.39,,20.83798,0.0,Kepler-81,0.648,0.594,4500.0,348.291,293.6369437,42.8248275,2014.0,Transit,427.0,K
kepler-815 b,,,8.5743858398,,Kepler-815,,3.68604,4982.09,1259.28,285.2211238,47.8813037,2016.0,Transit,,K
kepler-816 b,9.41,,10.506825646,0.0,Kepler-816,0.859,0.784,5122.0,983.697,293.3628165,39.2124394,2016.0,Transit,669.0,K
kepler-821 b,1.25,,1.92279873,0.0,Kepler-821,0.808,0.778,5155.0,614.571,285.6173937,39.3794684,2016.0,Transit,1194.0,K
kepler-828 b,,,0.567856484,,Kepler-828,0.82,0.726517,4954.0,575.322,286.8872555,42.4712271,2016.0,Transit,,K
kepler-83 c,2.2,,20.09020088,,Kepler-83,0.58,0.56,4082.0,400.409,282.2325197,43.6655662,2012.0,Transit,,K
kepler-83 d,2.004,,,,Kepler-83,,0.613,3907.0,400.409,282.2325197,43.6655662,2014.0,Transit,,K
kepler-834 b,,,13.32381364,,Kepler-834,0.69,0.722055,4423.0,633.937,287.0544674,45.1803351,2016.0,Transit,,K
kepler-841 b,,,124.41987924,,Kepler-841,0.88,0.819176,5177.0,998.961,284.2513637,48.8095962,2016.0,Transit,,K
kepler-842 b,1.6,,1.21956827,,Kepler-842,0.78,0.73,4848.0,532.726,292.3285976,49.6535171,2016.0,Transit,,K
kepler-845 b,2.1,,0.927859821,0.0,Kepler-845,0.754,0.783,4911.0,431.051,290.9576363,49.2037262,2016.0,Transit,1470.0,K
kepler-847 b,,,2.3432387029,,Kepler-847,0.76,0.825555,4746.0,513.103,283.5048144,49.4509371,2016.0,Transit,,K
kepler-859 b,2.793,,,,Kepler-859,,0.715,4923.0,839.903,286.7418337,43.1901197,2016.0,Transit,,K
kepler-861 b,2.261,,,,Kepler-861,,0.815,5160.0,850.327,292.3539624,46.2262465,2016.0,Transit,,K
kepler-862 b,,,3.1486461524,,Kepler-862,0.84,1.17019,5030.0,1039.03,297.7792466,46.4926688,2016.0,Transit,,K
kepler-865 b,,,14.16400071,,Kepler-865,0.91,0.847142,5284.0,586.137,297.7242257,43.5272796,2016.0,Transit,,K
kepler-865 c,,,6.20920207,,Kepler-865,0.91,0.847142,5284.0,586.137,297.7242257,43.5272796,2023.0,Transit,,K
kepler-866 b,1.437,,,,Kepler-866,,0.663,4832.0,646.667,290.1222112,43.085407,2016.0,Transit,,K
kepler-876 b,1.45,,5.14438011,0.0,Kepler-876,0.896,0.802,5192.0,820.913,283.4781717,43.3837235,2016.0,Transit,864.0,K
kepler-878 b,,,25.9421582,,Kepler-878,0.83,1.08943,5002.0,791.625,285.2962562,46.6034497,2016.0,Transit,,K
kepler-892 b,2.74,,13.7521072,0.0,Kepler-892,0.733,0.701,4797.0,570.727,283.1296399,43.8880983,2016.0,Transit,556.0,K
kepler-895 b,1.34,,2.806242328,0.0,Kepler-895,0.55,0.53,3940.0,540.134,289.2906978,51.4089936,2016.0,Transit,708.0,K
kepler-898 b,,,5.87063416,,Kepler-898,0.63,0.755197,4013.57,484.891,286.5854116,46.8708877,2016.0,Transit,,K
kepler-900 b,2.19,,6.9913086,0.0,Kepler-900,0.854,0.769,4848.0,487.525,296.177272,46.9989635,2016.0,Transit,720.0,K
kepler-901 b,,,3.5174882411,,Kepler-901,0.643,0.635253,4110.0,253.867,291.1528056,40.8876814,2016.0,Transit,,K
kepler-91 b,15.69,209.76,6.24668005,0.0519,Kepler-91,,6.37872,4643.39,1294.69,285.6729033,44.1167513,2013.0,Transit,,K
kepler-916 b,1.861,,,,Kepler-916,,0.875,5250.0,830.712,290.9833818,45.9733334,2016.0,Transit,,K
kepler-925 b,,,33.8678407072,,Kepler-925,0.69,0.773259,4427.4,611.115,290.1065581,40.4906242,2016.0,Transit,,K
kepler-928 b,,,3.93246069,,Kepler-928,0.733,0.682015,4621.0,508.809,289.920676,41.5427758,2016.0,Transit,,K
kepler-931 b,1.35,,8.03755877,0.0,Kepler-931,0.764,0.804,5044.0,,297.1326937,42.7682885,2016.0,Transit,744.0,K
kepler-932 b,,,1.9214353,,Kepler-932,0.89,0.839667,5234.0,465.612,296.9520797,43.2720233,2016.0,Transit,,K
kepler-934 b,,,55.67363731,,Kepler-934,0.79,0.813889,4859.0,608.738,290.2884494,43.7552623,2016.0,Transit,,K
kepler-935 b,1.35,,4.88083852,,Kepler-935,0.78,0.73,4830.0,471.782,295.0217193,46.6192011,2016.0,Transit,,K
kepler-936 b,,,10.561362264,,Kepler-936,,,5172.88,823.399,293.5777958,46.7362953,2016.0,Transit,,K
kepler-94 b,2.49,,2.508057352,0.0,Kepler-94,0.64,0.61,4238.0,191.904,281.1947316,47.4972606,2014.0,Transit,828.0,K
kepler-94 c,,3126.0,820.3,,Kepler-94,0.81,0.76,4781.0,191.904,281.1947316,47.4972606,2014.0,Radial Velocity,,K
kepler-942 b,,,44.96407458,,Kepler-942,0.756,0.763054,4719.72,216.354,294.9550809,44.1499518,2016.0,Transit,,K
kepler-949 b,,,8.6893063228,,Kepler-949,0.853,0.77394,5088.18,486.105,298.6079128,46.45366,2016.0,Transit,,K
kepler-949 c,3.72,,20.99747771,0.0,Kepler-949,0.817,0.895,5211.0,486.105,298.6079128,46.45366,2023.0,Transit,582.0,K
kepler-951 b,5.59,,71.52530845,,Kepler-951,0.77,0.73,4834.0,382.509,287.7375794,38.1146488,2016.0,Transit,,K
kepler-954 b,,,16.7817556575,,Kepler-954,0.815,0.703544,4950.3,215.814,295.8594318,47.9396001,2016.0,Transit,,K
kepler-957 b,5.04,,5.907413537,0.0,Kepler-957,0.667,0.69,4963.0,824.688,290.1563633,48.818971,2016.0,Transit,769.0,K
kepler-960 b,2.142,,3.12686223,,Kepler-960,0.752,0.686,4773.0,284.916,281.4572217,46.7465538,2016.0,Transit,,K
kepler-967 b,1.86,,13.22713379,0.0,Kepler-967,0.619,0.628,5080.0,568.546,286.5580128,38.4052418,2016.0,Transit,581.0,K
kepler-967 c,2.86,,198.7112502,0.0,Kepler-967,0.619,0.628,5080.0,568.546,286.5580128,38.4052418,2016.0,Transit,236.0,K
kepler-968 b,1.61,,3.692983728,0.0,Kepler-968,0.568,0.577,4397.0,290.324,285.6025889,50.1120401,2016.0,Transit,748.0,K
kepler-968 c,1.42,,5.709404918,0.0,Kepler-968,0.568,0.577,4397.0,290.324,285.6025889,50.1120401,2016.0,Transit,647.0,K
kepler-969 b,2.37,,34.1732156,0.0,Kepler-969,0.948,0.834,5201.0,390.354,288.3724989,47.9335642,2016.0,Transit,465.0,K
kepler-970 b,2.94,,16.73652231,0.0,Kepler-970,0.702,0.716,4608.0,331.545,289.6252192,40.7087351,2016.0,Transit,510.0,K
kepler-973 b,2.4,,49.60805,0.0,Kepler-973,0.777,0.81,5226.0,328.52,290.1653203,49.9238126,2016.0,Transit,421.0,K
kepler-975 b,1.891,,,,Kepler-975,,0.795,4801.0,426.088,290.54851,38.4952415,2016.0,Transit,,K
kepler-975 c,,,5.05821338,,Kepler-975,0.77,0.807611,4783.72,426.088,290.54851,38.4952415,2023.0,Transit,,K
kepler-977 b,,,26.85323647,,Kepler-977,0.88,0.717298,5180.95,568.751,291.5161959,42.2480736,2016.0,Transit,,K
kepler-979 b,2.51,,8.0880135,0.0,Kepler-979,0.844,0.759,5201.0,576.503,300.3712023,46.4081872,2016.0,Transit,733.0,K
kepler-988 b,2.07,,17.76080053,,Kepler-988,0.55,0.53,4005.0,304.889,290.7082585,42.2372245,2016.0,Transit,,K
kepler-989 b,2.21,,7.964315352,,Kepler-989,0.82,0.78,5074.0,491.978,281.5827983,47.2334674,2016.0,Transit,,K
kepler-99 b,1.812,,4.603578042,,Kepler-99,0.82,0.737,4852.0,208.369,297.3539994,41.3000452,2014.0,Transit,,K
kepler-991 b,2.29,,82.5342519,0.0,Kepler-991,0.564,0.558,4237.0,389.561,297.0905543,49.6264867,2016.0,Transit,252.0,K
kepler-992 b,1.75,,20.16037858,0.0,Kepler-992,0.818,0.724,4975.0,259.639,284.4304085,47.6416613,2016.0,Transit,510.0,K
kepler-995 b,2.7,,28.26731672,0.0,Kepler-995,0.744,0.792,5239.0,609.638,284.6157154,39.130998,2016.0,Transit,507.0,K
lkca 15 b,,,,,LkCa 15,,1.60711,4194.0,158.152,69.8241791,22.3508662,2015.0,Imaging,,K
lkca 15 c,,,,,LkCa 15,,1.60711,4194.0,158.152,69.8241791,22.3508662,2015.0,Imaging,,K
lupus-tr-3 b,9.976,257.431,3.91405,0.0,Lupus-TR-3,0.87,0.82,5000.0,773.409,232.5774696,-42.9799461,2007.0,Transit,,K
ngc 2682 sand 978 b,,692.8694,511.21,0.16,NGC 2682 Sand 978,1.37,,4200.0,821.918,132.8228085,11.7562959,2017.0,Radial Velocity,,K4 III
ngts-11 b,9.157753,109.33352,35.45533,0.13,NGTS-11,0.862,0.832,5050.0,190.422,23.5214497,-14.4191493,2020.0,Transit,435.0,K
ngts-14 a b,4.976796,29.24036,3.5357173,0.0,NGTS-14 A,0.898,0.842,5187.0,322.148,328.5174799,-38.3774193,2021.0,Transit,1143.0,K1 V
ngts-21 b,13.03211608,,1.54350574108,,NGTS-21,,0.828853,4650.0,592.891,311.2583112,-35.4278412,2022.0,Transit,1214.57,K
ngts-25 b,11.46678726,203.09235207,2.823093,0.0,NGTS-25,0.91,0.86,5321.0,521.233,307.4182976,-39.0323568,2022.0,Transit,1101.0,K0 V
ngts-35 b,10.9,152.0,25.241192,0.192,NGTS-35,0.789,0.753,4717.0,183.078,170.276336,-26.0666162,2025.0,Transit,451.0,K3.5 V
ngts-4 b,3.18,20.6,1.3373508,0.0,NGTS-4,0.75,0.84,5143.0,280.555,89.5988945,-30.8117992,2019.0,Transit,1650.0,K
ngts-5 b,12.733424,72.78307,3.3569866,0.0,NGTS-5,0.661,0.739,4987.0,306.779,221.0582692,5.6053735,2019.0,Transit,952.0,K2 V
ngts-6 b,8.38889408,,0.88206242583,,NGTS-6,,0.782888,4669.0,308.262,75.795382,-30.3994612,2019.0,Transit,1428.25,K
ngts-8 b,12.21781,295.5819,2.4997,0.01,NGTS-8,0.89,0.98,5241.0,428.976,328.9759206,-14.0684399,2019.0,Transit,1345.0,K0 V
ogle-2005-blg-169l b,,13.2,,,OGLE-2005-BLG-169L,0.65,,,4000.0,271.5221667,-30.7326389,2006.0,Microlensing,,K5
ogle-tr-111 b,11.209,168.4499,4.0161,0.0,OGLE-TR-111,0.82,0.85,5070.0,1068.33,163.324115,-61.4056976,2004.0,Transit,,K
pds 70 b,14.5717,2542.64,43500.0,,PDS 70,0.76,1.26,3972.0,113.064,212.0421402,-41.3980405,2018.0,Imaging,1200.0,K7
pots-1 b,10.548,734.16,3.1606296,,POTS-1,0.695,0.588,4400.0,747.959,203.6087259,-66.5811639,2013.0,Transit,,K5 V
psr j1719-1438 b,,382.8,0.090706293,0.06,PSR J1719-1438,1.4,,4500.0,1200.0,259.7919708,-14.6336,2011.0,Pulsar Timing,,K
pr0211 b,,597.5204,2.1461,0.011,Pr0211,0.935,0.827,5300.0,182.714,130.547744,19.276957,2012.0,Radial Velocity,,K
pr0211 c,,2475.8957,4850.0,0.71,Pr0211,0.935,0.827,5300.0,182.714,130.547744,19.276957,2016.0,Radial Velocity,,K
qatar-1 b,13.047,346.42,1.420033,0.0,Qatar-1,0.85,0.823,4861.0,185.615,303.3818697,65.1623313,2010.0,Transit,,K
qatar-2 b,,,1.337,,Qatar-2,0.699,0.763091,4459.0,181.374,207.6554928,-6.8040714,2011.0,Transit,,K
qatar-6 b,11.903958,212.31044,3.506195,0.0,Qatar-6,0.822,0.722,5052.0,100.848,222.2100773,22.1526136,2017.0,Transit,1006.0,K2 V
ross 176 b,1.84,4.57,5.0066338,0.25,Ross 176,0.577,0.569,4041.0,46.4488,305.6897438,47.3086191,2025.0,Transit,682.0,K7 V
tap 26 b,,527.5978,10.79,,TAP 26,1.04,1.17,4620.0,121.402,64.715445,17.3878826,2017.0,Radial Velocity,,K
tic 142589416 b,2.67899519,,2.09518466313,,TIC 142589416,,0.713832,4396.27,168.933,168.2439697,73.8301439,2026.0,Transit,,K
tic 153919886 b,2.70601108,,2.10510492329,,TIC 153919886,,0.591697,4137.16,132.33,171.8440734,68.1810449,2026.0,Transit,,K
tic 154870955 b,3.09467466,,7.9698747128,,TIC 154870955,,0.724328,4739.58,226.463,191.7456685,88.8298759,2026.0,Transit,,K
tic 160113658 b,3.49015778,,6.72952262077,,TIC 160113658,,0.789834,4817.31,200.156,59.4555606,-41.6320332,2026.0,Transit,,K
tic 18942729 b,2.00021315,,0.99817838064,,TIC 18942729,,0.825257,4360.11,115.169,119.2150697,16.6772341,2026.0,Transit,,K
tic 198190129 b,2.92284949,,7.94804910667,,TIC 198190129,,0.640675,4377.53,130.035,246.3322839,60.3771414,2026.0,Transit,,K
tic 206466666 b,2.14817673,,9.10486865159,,TIC 206466666,,0.667193,4620.3,127.837,56.7694828,-52.3667509,2026.0,Transit,,K
tic 24750448 b,2.43722231,,3.59159193029,,TIC 24750448,,0.713599,4545.43,178.146,26.1958598,-68.6447552,2026.0,Transit,,K
tic 24750448 c,3.09028272,,10.14385270726,,TIC 24750448,,0.713599,4545.43,178.146,26.1958598,-68.6447552,2026.0,Transit,,K
tic 260969020 b,2.22686612,,8.48584501953,,TIC 260969020,,0.68988,4572.94,121.222,74.9407148,-79.5859489,2026.0,Transit,,K
tic 270471727 b,2.75029559,,10.45623256647,,TIC 270471727,,0.997091,5271.39,182.104,97.2114071,-78.4730589,2026.0,Transit,,K
tic 294329732 b,2.07692266,,9.7565876181,,TIC 294329732,,0.920172,5201.93,189.333,109.1177907,-58.2371507,2026.0,Transit,,K
tic 34085383 b,3.91982296,,3.47793368523,,TIC 34085383,,0.809951,4694.84,149.12,59.235363,-7.3757198,2026.0,Transit,,K
tic 349520724 b,2.82626313,,7.94044635021,,TIC 349520724,,0.818771,5098.6,241.105,111.2314215,-64.6398433,2026.0,Transit,,K
tic 365102760 b,6.21,19.2,4.21285367,0.406,TIC 365102760,1.17,3.13,4900.0,555.546,305.8398236,54.3943194,2024.0,Transit,,K
tic 38825265 b,2.18869476,,3.31336980985,,TIC 38825265,,0.664503,4375.52,165.638,68.2492759,-65.2039666,2026.0,Transit,,K
tic 38828280 b,2.62701629,,4.85558984762,,TIC 38828280,,0.741147,5046.63,286.415,68.3926457,-62.1697135,2026.0,Transit,,K
tic 390586021 b,2.86009388,,2.74703755819,,TIC 390586021,,0.726565,4434.81,114.558,199.8225789,-31.4655097,2026.0,Transit,,K
tic 423703298 b,2.77230429,,4.03712711976,,TIC 423703298,,0.729825,4540.37,136.191,22.9360486,-17.0135676,2026.0,Transit,,K
tic 437041147 b,2.21526814,,3.82301421497,,TIC 437041147,,0.961092,5224.36,246.6,132.9480195,6.7648369,2026.0,Transit,,K
tic 67686059 b,2.59125922,,3.52163529551,,TIC 67686059,,0.820458,5090.09,249.203,19.884337,-35.2930148,2026.0,Transit,,K
tic 77552382 b,5.69176189,,3.51025904942,,TIC 77552382,,0.886956,4981.07,373.415,152.5133767,-4.903525,2026.0,Transit,,K
tic 88785435 b,5.03,,10.508843,0.131,TIC 88785435,0.724,0.911,3998.0,122.386,224.2838576,-30.8800273,2025.0,Transit,635.0,K7 V
toi-1064 b,2.58336201,,6.44383677774,,TOI-1064,,0.737189,4608.62,68.0726,296.0039349,-47.5620305,2022.0,Transit,,K
toi-1064 c,2.6014766,,12.22655951887,,TOI-1064,,0.737189,4803.0,68.0726,296.0039349,-47.5620305,2022.0,Transit,575.35,K
toi-1075 b,1.791,9.95,0.6047328,0.0,TOI-1075,0.604,0.581,3875.0,61.4592,309.9712091,-65.4496994,2022.0,Transit,1323.0,K9 V/M0 V
toi-1105 b,3.05823658,,10.86818410933,,TOI-1105,,0.755833,4678.46,79.5225,146.0539694,-89.4715133,2026.0,Transit,,K
toi-1130 b,3.56,19.28,4.07445,0.0541,TOI-1130,0.712,0.695,4350.0,58.2609,286.3760037,-41.4376399,2020.0,Transit,632.17,K6-K7
toi-1130 c,16.8135,309.56642,8.350381,0.047,TOI-1130,0.684,0.687,4250.0,58.2609,286.3760037,-41.4376399,2020.0,Transit,637.0,K7
toi-1174 b,2.5064654,32.0,8.953458,0.0,TOI-1174,0.8425,0.7847,5158.0,94.6375,209.2171751,68.6182106,2024.0,Transit,713.83,K
toi-1180 b,3.00336,,9.6867516,,TOI-1180,,0.73,4738.1,72.0238,214.5557741,82.1937642,2024.0,Transit,707.0,K
toi-1184 b,2.32390276,,5.74843507724,,TOI-1184,,0.692384,4466.17,58.5946,272.2045196,60.6787845,2024.0,Transit,,K
toi-1201 b,2.21875851,,2.49197708495,,TOI-1201,,0.482388,3948.0,37.8871,42.2476999,-14.5372835,2021.0,Transit,639.98,K
toi-1238 b,1.21,3.76,0.764597,0.25,TOI-1238,0.59,0.58,4089.0,70.7145,201.3823387,68.8360678,2022.0,Transit,1133.0,K7/M0
toi-1238 c,2.44976471,,3.2947609691,,TOI-1238,,0.62326,4194.35,70.7145,201.3823387,68.8360678,2022.0,Transit,,K
toi-1244 b,2.37611439,6.6,6.4003,0.0,TOI-1244,0.7528,0.7231,4722.0,102.551,256.279559,69.519093,2024.0,Transit,714.86,K
toi-1246 b,3.28198793,,4.30745132484,,TOI-1246,,0.876154,5141.0,169.422,251.1158702,70.4299917,2022.0,Transit,954.88,K
toi-1246 c,2.51,8.8,5.904144,,TOI-1246,0.87,0.86,5151.0,169.422,251.1158702,70.4299917,2022.0,Transit,860.0,K V
toi-1246 d,3.43139739,5.4,18.654874,0.0,TOI-1246,0.8889,0.8649,5213.0,169.422,251.1158702,70.4299917,2022.0,Transit,587.77,K
toi-1246 e,3.5141875,14.5,37.92548,0.0,TOI-1246,0.8889,0.8649,5213.0,169.422,251.1158702,70.4299917,2022.0,Transit,463.98,K
toi-1248 b,6.95642576,,4.36015363069,,TOI-1248,,0.874131,5227.0,168.735,259.0235918,63.1056072,2024.0,Transit,961.61,K
toi-125 b,,,4.651853,0.194,TOI-125,0.871,0.852,5282.0,111.059,23.5934253,-66.6763495,2019.0,Transit,,K0 V
toi-125 c,2.759,6.63,9.15059,0.066,TOI-125,0.859,0.848,5320.0,111.059,23.5934253,-66.6763495,2019.0,Transit,827.8,K0 V
toi-125 d,2.93,13.6,19.98,0.168,TOI-125,0.859,0.848,5320.0,111.059,23.5934253,-66.6763495,2020.0,Transit,638.1,K0 V
toi-1259 a b,12.55419255,,3.47797762847,,TOI-1259 A,,0.765001,4699.0,118.106,282.1001665,79.2564761,2021.0,Transit,897.2,K
toi-1260 b,2.34,8.6,3.12748,0.0,TOI-1260,0.66,0.65,4227.0,73.5977,157.1440712,65.8541986,2021.0,Transit,860.0,K6 V
toi-1260 c,2.77336735,,7.49316133324,,TOI-1260,,0.693431,4225.0,73.5977,157.1440712,65.8541986,2021.0,Transit,607.6,K
toi-1260 d,3.83191349,,49.82516596484,,TOI-1260,,0.693431,4225.0,73.5977,157.1440712,65.8541986,2022.0,Transit,323.12,K
toi-1268 b,8.37310858,,8.157728,0.12,TOI-1268,0.9,0.86,5257.0,109.557,198.3885831,62.3053799,2022.0,Transit,,K V
toi-1272 b,4.13204907,27.0,3.31599,0.35,TOI-1272,0.8772,0.7934,5065.0,137.572,199.1962036,49.8610591,2022.0,Transit,975.0,K
toi-1272 c,,26.7,8.689,0.35,TOI-1272,0.851,0.788,4985.0,137.572,199.1962036,49.8610591,2022.0,Radial Velocity,697.0,K
toi-1301.01,2.58568531,,6.09640744088,,TOI-1301,,0.731699,4820.4,90.8693,275.8625432,71.5817479,2024.0,Transit,737.36,K
toi-1346 b,2.52358179,,1.76225372591,,TOI-1346,,0.784109,4965.0,115.45,256.6226752,68.8433031,2025.0,Transit,1186.61,K
toi-1346 c,2.23,,5.502558,,TOI-1346,0.82,0.78,5099.0,115.45,256.6226752,68.8433031,2025.0,Transit,928.0,K
toi-1347 c,1.61774045,,4.84204381617,,TOI-1347,,0.846387,5300.0,147.476,280.3266806,70.2900536,2024.0,Transit,938.91,K
toi-139 b,2.3337648,,11.07085752966,,TOI-139,,0.700727,4356.0,42.4061,336.4024144,-34.9097131,2023.0,Transit,554.99,K
toi-1410 c,,27.0,47.56,0.0,TOI-1410,0.7941,0.7558,4635.0,72.7512,334.8828486,42.5603141,2024.0,Radial Velocity,,K
toi-1410.01,2.943638,,1.216835,,TOI-1410,0.715108,0.778749,4634.6,72.7512,334.8828486,42.5603141,2024.0,Transit,1396.13,K
toi-1411 b,1.36,,1.4520358,,TOI-1411,0.59,0.66,4266.0,32.4778,232.946047,47.0555507,2022.0,Transit,1136.0,K
toi-1416 b,1.60037,,1.0697621,,TOI-1416,,0.8,4946.0,55.0135,216.9234892,41.9529862,2023.0,Transit,1590.0,K
toi-1438 b,3.04,9.4,5.13967,0.0,TOI-1438,0.876,0.82,5230.0,110.513,280.9237844,74.9378327,2025.0,Transit,971.0,K0 V
toi-1443 b,2.11441,,23.5407467,,TOI-1443,,0.75,5236.0,85.8034,297.398678,76.1391776,2024.0,Transit,564.0,K
toi-1453 b,1.173,2.32,4.3135225,0.0,TOI-1453,0.715,0.72,4975.0,78.7415,258.2232705,57.1977779,2025.0,Transit,944.2,K
toi-1453 c,2.12746,,6.5886877,,TOI-1453,,0.71,4920.0,78.7415,258.2232705,57.1977779,2025.0,Transit,646.0,K
toi-1466 b,2.40733,,1.8718991,,TOI-1466,,0.75,4201.0,86.5783,307.3965319,61.5507253,2026.0,Transit,1001.0,K
toi-1472 b,4.15964583,16.5,6.36381,0.0,TOI-1472,0.9154,0.8377,5133.0,121.84,14.1142611,48.6375168,2024.0,Transit,811.14,K
toi-1472 c,3.334,21.13,15.5381747,0.172,TOI-1472,0.87,0.84,5100.0,121.84,14.1142611,48.6375168,2025.0,Radial Velocity,662.0,K
toi-1648 b,2.77433,,7.3315684,,TOI-1648,,0.84,4871.6,69.835,45.4011794,69.2299235,2025.0,Transit,637.0,K
toi-1683.01,2.48784863,,3.05752396361,,TOI-1683,,0.695095,4402.0,51.1884,65.9796504,27.8223701,2024.0,Transit,848.22,K
toi-1694 b,5.3422266,31.3,3.770107,0.0,TOI-1694,0.853,0.8036,5058.0,124.68,97.7487104,66.3605956,2023.0,Transit,943.19,K
toi-1694 c,,333.71982735,389.2,0.18,TOI-1694,0.84,,5066.4,124.68,97.7487104,66.3605956,2023.0,Radial Velocity,,K
toi-1732 b,2.49549787,,4.11923678339,,TOI-1732,,0.632571,4201.93,74.7599,111.8014509,53.0452684,2026.0,Transit,,K
toi-1739 b,1.95844,,8.3033493,,TOI-1739,,0.78,4814.0,70.9819,240.172481,83.2586589,2024.0,Transit,685.0,K
toi-1749 c,1.99802983,,4.48913668478,,TOI-1749,,0.561356,3959.0,99.5561,282.7372281,64.419466,2021.0,Transit,625.4,K
toi-1750 b,2.61949404,,11.33736139757,,TOI-1750,,0.768675,4765.0,162.46,240.3019781,68.9373001,2026.0,Transit,612.92,K
toi-1758 b,3.5573684,6.9,20.705127,0.0,TOI-1758,0.8253,0.8155,5151.0,96.6215,354.741581,75.6852317,2024.0,Transit,551.44,K
toi-1759 b,3.06,6.8,18.849975,0.0,TOI-1759,0.61,0.628,3972.0,40.0654,326.8516615,62.7538164,2022.0,Transit,433.0,K
toi-1775 b,8.04728896,96.0,10.2405549,0.0,TOI-1775,0.9218,0.8288,5284.0,149.234,150.1151015,39.4577506,2024.0,Transit,707.89,K
toi-178 b,1.2,0.96,1.9145601,,TOI-178,0.647,0.662,4316.0,62.699,7.3020115,-30.4541159,2021.0,Transit,,K
toi-178 c,1.669,4.77,3.23845,,TOI-178,0.65,0.651,4316.0,62.699,7.3020115,-30.4541159,2021.0,Transit,873.0,K
toi-178 d,2.695,5.2,6.557569,0.0068,TOI-178,0.647,0.662,4316.0,62.699,7.3020115,-30.4541159,2021.0,Transit,,K
toi-178 e,2.207,3.86,9.961881,,TOI-178,0.65,0.651,4316.0,62.699,7.3020115,-30.4541159,2021.0,Transit,600.0,K
toi-178 f,2.287,7.72,15.231915,,TOI-178,0.65,0.651,4316.0,62.699,7.3020115,-30.4541159,2021.0,Transit,521.0,K
toi-178 g,2.939,4.4,20.71663,0.00043,TOI-178,0.647,0.662,4316.0,62.699,7.3020115,-30.4541159,2021.0,Transit,,K
toi-1782.01,2.368,,4.987641028,,TOI-1782,0.68,0.669,4336.0,95.2649,213.0787718,74.4117909,2024.0,Transit,,K
toi-1782.02,1.839,,1.829024227,,TOI-1782,0.68,0.669,4336.0,95.2649,213.0787718,74.4117909,2024.0,Transit,,K
toi-1798.01,2.38506569,6.5,8.02154,0.0,TOI-1798,0.8543,0.7911,5106.0,113.181,211.0939367,46.5192825,2024.0,Transit,734.31,K
toi-1798.02,1.40822,,0.4378109,,TOI-1798,0.862514,0.78,5165.2,113.181,211.0939367,46.5192825,2024.0,Transit,2122.09,K
toi-1803 b,2.98555,,6.2932111,,TOI-1803,,0.69,4868.61,119.24,178.0461054,35.1718001,2025.0,Transit,769.0,K
toi-1803 c,4.29,8.0,12.885779,0.0,TOI-1803,0.756,0.715,4687.0,119.24,178.0461054,35.1718001,2025.0,Transit,588.0,K
toi-1807 b,1.37,2.57,0.549374,0.0,TOI-1807,0.76,0.69,4730.0,42.5775,201.2826259,38.9223671,2021.0,Transit,,K
toi-181 b,6.9559,46.1687,4.532,0.1543,TOI-181,0.822,0.745,4994.0,96.2338,352.1725409,-34.4914099,2023.0,Transit,895.1,K
toi-1811 b,11.7215,,3.7130701,,TOI-1811,,0.81,4719.0,128.23,188.9223576,27.2143766,2023.0,Transit,762.0,K
toi-1814 b,5.18536642,,6.36861010462,,TOI-1814,,2.3895,4872.84,362.522,236.8168817,77.2326429,2026.0,Transit,,K
toi-1823 b,8.20695,,38.8135498,,TOI-1823,,0.82,4760.0,71.6456,196.2197201,63.753261,2024.0,Transit,486.0,K
toi-1824 b,2.45459,,22.8085719,,TOI-1824,,0.82,5182.0,59.4314,197.7312286,61.7448492,2024.0,Transit,544.0,K
toi-1853 b,3.89334,,1.2436239,,TOI-1853,,0.84,4968.8,165.105,211.4593468,16.9923703,2023.0,Transit,1272.0,K
toi-2018 b,2.27615636,,7.43557089552,,TOI-2018,,0.622512,4218.9,27.9956,229.8374423,29.2078771,2023.0,Transit,576.34,K
toi-2048 b,2.60168,,13.7905315,,TOI-2048,,0.76,5021.6,116.567,237.9241066,52.3063083,2022.0,Transit,646.0,K
toi-2076 b,2.39,,10.355235,0.0,TOI-2076,0.883,0.774,5201.0,41.9091,217.3920159,39.7903991,2021.0,Transit,738.0,K
toi-2076 c,3.38,,,,TOI-2076,0.85,0.7622,5187.0,41.9091,217.3920159,39.7903991,2021.0,Transit,734.0,K
toi-2076 d,3.43087751,29.0,35.125686,0.0,TOI-2076,0.8557,0.796,5192.0,41.9091,217.3920159,39.7903991,2021.0,Transit,457.68,K
toi-2076 e,1.355,,3.0223445,,TOI-2076,0.8557,0.796,5192.0,41.9091,217.3920159,39.7903991,2025.0,Transit,1138.0,K
toi-2088 b,3.6831179,37.0,124.72997,0.0,TOI-2088,0.9027,0.8481,5081.0,126.46,261.3748943,75.8822796,2024.0,Transit,300.33,K
toi-209 b,2.3149088,,4.37942977856,,TOI-209,,0.742779,4892.0,113.387,19.3941777,-66.903066,2026.0,Transit,845.78,K
toi-2093 b,,10.6,12.836,0.0,TOI-2093,0.745,0.729,4426.0,82.7982,302.7375229,70.8696532,2025.0,Radial Velocity,535.0,K5 V
toi-2093 c,2.3,15.8,53.81149,0.0,TOI-2093,0.745,0.729,4426.0,82.7982,302.7375229,70.8696532,2025.0,Transit,329.0,K5 V
toi-2104 b,1.52898127,,5.904370457,,TOI-2104,,0.723757,4856.13,76.7418,151.6122146,83.0878397,2026.0,Transit,,K
toi-2133 b,2.37,,3.8266472,,TOI-2133,0.644,0.62,4250.0,75.1973,261.2438308,32.7983974,2026.0,Transit,798.0,K
toi-2134 b,2.69,9.13,9.2292005,0.06,TOI-2134,0.744,0.709,4580.0,22.6202,271.9355015,39.0729269,2023.0,Transit,666.0,K5 V
toi-216.01,11.29,200.0,34.556,0.029,TOI-216,0.874,0.838,5026.0,177.945,73.9800129,-63.2603301,2019.0,Transit,497.0,K
toi-216.02,6.48401246,,17.38904538708,,TOI-216,,0.801736,5025.77,177.945,73.9800129,-63.2603301,2019.0,Transit,563.88,K
toi-2194 b,1.9892,,15.337597,,TOI-2194,0.74,0.6909,4756.0,19.5711,299.1563393,-31.3351812,2023.0,Transit,590.88,K
toi-220 b,2.74424329,,10.69530651172,,TOI-220,,0.88,5272.71,90.7402,91.7996988,-61.9972098,2021.0,Transit,954.38,K
toi-2200 b,6.96310517,,2.93602836512,,TOI-2200,,0.826247,5036.17,251.245,98.7835071,-72.4567778,2026.0,Transit,,K
toi-2202 b,10.95117414,287.31687993,11.9126075,0.022,TOI-2202,0.841,0.808,5169.0,235.933,51.2284214,-73.9575458,2021.0,Transit,,K
toi-2202 c,,117.27868218,24.6744,0.0622,TOI-2202,0.823,0.794,5144.0,235.933,51.2284214,-73.9575458,2021.0,Transit Timing Variations,,K8 V
toi-2211.01,1.561,,3.092686757,,TOI-2211,0.9,0.834,5253.0,70.2932,308.5390859,-29.6726127,2024.0,Transit,,K
toi-2274 b,1.83347689,,2.67961636447,,TOI-2274,,0.63072,3943.0,48.876,277.459311,40.5414117,2024.0,Transit,771.46,K
toi-2322 b,1.02968,,11.3071786,,TOI-2322,,0.7,4465.0,59.861,116.9731027,-71.0019671,2025.0,Transit,581.0,K
toi-2322 c,1.90902493,,20.22549457472,,TOI-2322,,0.697547,4465.0,59.861,116.9731027,-71.0019671,2025.0,Transit,458.03,K
toi-2337 b,10.08808263,508.5254512,2.99432,0.019,TOI-2337,1.325,3.22,4780.0,536.046,290.6198948,60.8539035,2022.0,Transit,,K
toi-2345 b,1.42030846,,1.05261565408,,TOI-2345,,0.758575,4621.0,81.6541,43.884794,-34.9779745,2025.0,Transit,1314.81,K
toi-2345 c,2.451,7.27,21.064302,,TOI-2345,0.727,0.729,4687.0,81.6541,43.884794,-34.9779745,2025.0,Transit,544.0,K
toi-2374 b,10.38357034,,4.31359170579,,TOI-2374,,0.8,4929.5,134.655,319.4982407,-22.0498228,2024.0,Transit,865.43,K
toi-238 b,1.612,,1.273114,,TOI-238,0.788,0.75,5080.0,80.5407,349.2310814,-18.6066463,2024.0,Transit,1456.61,K
toi-238 c,2.18,6.7,8.465651,0.36,TOI-238,0.79,0.733,5059.0,80.5407,349.2310814,-18.6066463,2024.0,Radial Velocity,696.0,K2V
toi-2411 b,1.74890881,,0.78270745503,,TOI-2411,,0.727642,4099.0,59.5362,20.9224567,-8.7017944,2022.0,Transit,1586.29,K
toi-2427 b,1.8,,1.3060011,,TOI-2427,0.64,0.65,4072.0,28.5147,52.2917315,-31.3628665,2022.0,Transit,1117.0,K
toi-2443 b,2.363,4.8,15.66858,0.301,TOI-2443,0.642,0.631,4375.0,23.9258,40.1798608,1.1996757,2023.0,Transit,519.0,K5 V
toi-2459 b,2.93653367,,19.10470191584,,TOI-2459,,0.675093,4195.0,36.6113,82.1433321,-39.3730456,2023.0,Transit,435.73,K
toi-2525 b,9.72671289,,23.34185356866,,TOI-2525,,0.824284,4944.0,395.398,86.8509737,-60.5213081,2023.0,Transit,512.97,K
toi-2525 c,10.13291855,208.8132634,49.2519,0.157,TOI-2525,0.849,0.785,5096.0,395.398,86.8509737,-60.5213081,2023.0,Transit,,K8 V
toi-2537 b,11.25381662,415.40172795,94.1022,0.364,TOI-2537,0.771,0.771,4870.0,184.986,54.3882661,10.0577464,2024.0,Transit,338.0,K
toi-2537 c,,2297.89938261,1920.0,0.287,TOI-2537,0.771,0.771,4870.0,184.986,54.3882661,10.0577464,2024.0,Radial Velocity,123.1,K
toi-260 b,1.71,4.23,13.475853,0.0,TOI-260,0.616,0.607,4026.0,20.1852,4.7730178,-9.9661505,2024.0,Transit,493.0,K8 V
toi-262 b,2.07,,11.14529,,TOI-262,0.913,0.853,5310.0,43.932,32.534687,-31.0706272,2023.0,Transit,584.0,K0 V
toi-2654 b,8.00413,,2.967599,,TOI-2654,,0.76,4396.0,248.964,52.9815377,-47.9946912,2026.0,Transit,819.0,K
toi-2669 b,9.93735,,6.203496,,TOI-2669,,3.98,4859.0,393.443,134.7226445,-13.3125792,2022.0,Transit,1226.0,K
toi-2768 b,3.01287,,1.5080197,,TOI-2768,,0.66,4008.0,78.4525,99.3641336,-15.4812031,2024.0,Transit,855.0,K
toi-283 b,2.34,6.54,17.61745,0.0,TOI-283,0.8,0.85,5213.0,82.7013,118.5693065,-65.441482,2025.0,Transit,661.0,K
toi-286 b,1.4896211,,4.51172945082,,TOI-286,,0.79,5245.0,59.2293,90.9842762,-60.6663348,2024.0,Transit,1521.47,K
toi-286 c,1.88,3.72,39.361826,0.0,TOI-286,0.832,0.78,5152.0,59.2293,90.9842762,-60.6663348,2024.0,Transit,475.0,K3 V
toi-2876 b,9.6397234,54.03082919,6.2996431,0.13,TOI-2876,0.939,0.873,5271.0,225.744,110.2473528,-21.1146384,2025.0,Transit,929.0,K
toi-2969 b,12.32987877,368.68095212,1.8237146,0.0,TOI-2969,0.71,0.7,4738.0,163.996,150.0626247,-47.4452436,2025.0,Transit,1186.0,K3 V
toi-2989 b,13.4539,,3.1228396,,TOI-2989,,0.77,4262.0,195.795,171.2316754,-27.0623619,2025.0,Transit,850.0,K
toi-3082 b,3.39719045,,1.92678244116,,TOI-3082,,0.684655,4500.35,113.048,195.9080719,-19.2189845,2023.0,Transit,,K
toi-3261 b,4.37490943,,0.8831279,,TOI-3261,,0.86,5151.4,300.141,47.7285242,-73.531972,2024.0,Transit,1609.57,K
toi-3288 b,11.2089807,670.61793877,1.4338635,0.0,TOI-3288,0.64,0.67,3933.0,200.5,297.1103158,-43.0180008,2025.0,Transit,1059.0,K9 V
toi-332 b,3.28324,,0.77685,,TOI-332,,0.96,5190.0,222.852,348.0589516,-44.8764852,2023.0,Transit,2240.0,K
toi-3486 b,10.5700688,99.16246298,2.21778105,0.078,TOI-3486,0.837,0.788,4930.0,154.715,249.4432035,-59.3051077,2025.0,Transit,1190.0,K
toi-3568 b,6.4020317,,4.41780423888,,TOI-3568,,0.785799,4864.0,197.906,322.6023682,34.7395805,2024.0,Transit,861.45,K
toi-3693 b,12.8974,,9.0881638,,TOI-3693,,0.8,5211.0,176.436,15.6543938,51.3038918,2022.0,Transit,765.0,K
toi-375 b,10.77183045,236.78216321,9.45469,0.087,TOI-375,1.441,2.9,5259.9,396.213,47.1499034,-77.3833275,2026.0,Transit,1373.0,K
toi-375 c,,669.34662514,115.5,,TOI-375,1.441,2.9,5259.9,396.213,47.1499034,-77.3833275,2026.0,Radial Velocity,596.0,K
toi-375 d,,445.59542661,297.9,,TOI-375,1.441,2.9,5259.9,396.213,47.1499034,-77.3833275,2026.0,Radial Velocity,434.0,K
toi-3757 b,12.43773089,,3.43919542546,,TOI-3757,,0.637223,3902.0,181.139,91.0036423,55.0199793,2022.0,Transit,705.15,K
toi-3862 b,5.53,53.7,1.55745774,0.0232,TOI-3862,0.9,0.92,5300.0,249.02,185.9005633,50.5446246,2026.0,Transit,1539.0,K
toi-3896 b,2.97425,,4.3773113,,TOI-3896,,0.75,5127.0,181.653,187.9302395,63.9085462,2026.0,Transit,966.0,K
toi-4010 b,3.19498757,,1.34830750212,,TOI-4010,,0.880213,4888.0,177.504,20.2148196,66.0722009,2023.0,Transit,1358.86,K
toi-4010 c,6.61394759,,5.41462349278,,TOI-4010,,0.880213,4888.0,177.504,20.2148196,66.0722009,2023.0,Transit,872.0,K
toi-4010 d,6.54717871,,14.70916624006,,TOI-4010,,0.880213,4888.0,177.504,20.2148196,66.0722009,2023.0,Transit,612.69,K
toi-4010 e,,692.0,762.0,0.26,TOI-4010,0.88,0.83,4960.0,177.504,20.2148196,66.0722009,2023.0,Radial Velocity,174.0,K V
toi-4145 a b,13.30506009,136.66621501,4.0664428,0.0,TOI-4145 A,0.905,0.859,5281.0,205.387,39.4297435,80.2673838,2023.0,Transit,1074.0,K
toi-4201 b,12.69,825.0,3.5819232,0.062,TOI-4201,0.63,0.62,3920.0,189.011,90.4747237,-13.461371,2023.0,Transit,739.0,K
toi-4308 b,2.45142,,9.1512776,,TOI-4308,,0.79,5015.0,108.932,327.7530693,-43.5623642,2023.0,Transit,759.0,K
toi-431 b,1.47415294,,0.49005894131,,TOI-431,,0.726632,4891.0,32.5686,83.2692502,-26.7238698,2021.0,Transit,1730.72,K
toi-431 c,,2.83,4.8494,0.0,TOI-431,0.78,0.731,4850.0,32.5686,83.2692502,-26.7238698,2021.0,Radial Velocity,867.0,K
toi-431 d,3.28094918,,12.46100863975,,TOI-431,,0.726632,4891.0,32.5686,83.2692502,-26.7238698,2021.0,Transit,588.56,K
toi-4311 b,1.376,4.5,0.9902738,,TOI-4311,0.816,0.8441,5063.0,134.988,41.6855224,-31.1793201,2026.0,Transit,1664.0,K
toi-4311 c,2.72932348,,15.07007794318,,TOI-4311,,0.850729,5159.0,134.988,41.6855224,-31.1793201,2026.0,Transit,621.5,K
toi-4363 b,1.83255339,,2.11865900761,,TOI-4363,,0.69132,4002.0,77.7751,37.1105554,-12.5493631,2026.0,Transit,884.71,K
toi-4377 b,15.10970598,304.1617855,4.378081,0.045,TOI-4377,1.36,3.52,4974.0,455.82,164.9324709,-82.2213501,2023.0,Transit,,K
toi-4405 b,2.87816516,,5.92142305135,,TOI-4405,,0.687025,4361.0,155.501,101.5953368,-75.4441271,2026.0,Transit,671.87,K
toi-444 b,3.29701974,,17.96350826817,,TOI-444,,0.794471,5229.0,57.3973,64.1839982,-26.7664071,2023.0,Transit,561.36,K
toi-4504 b,2.66002553,,2.42615378456,,TOI-4504,,0.960919,5271.0,342.605,114.4673065,-62.0782776,2024.0,Transit,1234.03,K
toi-4504 c,11.09689089,1197.32317485,82.97213,0.032,TOI-4504,0.89,0.92,5315.0,342.605,114.4673065,-62.0782776,2024.0,Transit,,K1 V
toi-4504 d,,450.23572136,40.5634,0.0445,TOI-4504,0.89,0.92,5315.0,342.605,114.4673065,-62.0782776,2024.0,Transit Timing Variations,,K1 V
toi-4551 b,8.32411,,9.956296,,TOI-4551,,3.38,4956.0,215.986,184.9787579,-25.8278531,2023.0,Transit,1655.0,K
toi-4582 b,10.53644186,168.44905571,31.034,0.51,TOI-4582,1.34,2.5,5190.0,383.846,256.8601374,68.8656263,2023.0,Transit,,K
toi-4600 b,6.82369247,,82.69014390768,,TOI-4600,,0.831915,5073.0,216.056,258.4503674,64.5661727,2023.0,Transit,344.17,K
toi-4600 c,9.42,2946.26933289,482.8191,0.21,TOI-4600,0.89,0.81,5170.0,216.056,258.4503674,64.5661727,2023.0,Transit,191.0,K V
toi-4662 b,2.58065,,4.7034187,,TOI-4662,,0.69,4481.0,111.047,57.5160311,-31.0940247,2026.0,Transit,741.0,K
toi-469.01,3.29,,13.63,,TOI-469,0.91,1.00528,5283.0,68.192,93.0578446,-14.6493167,2021.0,Transit,,K
toi-4898 b,3.7197954,,2.76520470167,,TOI-4898,,0.639344,4201.57,98.5958,197.3416711,-32.8294537,2026.0,Transit,,K
toi-4961 b,13.44993018,,7.47933740112,,TOI-4961,,0.969314,5078.0,213.073,192.5018624,-59.8919345,2025.0,Transit,828.27,K
toi-500 b,1.16,,0.5481579,,TOI-500,0.88,0.75,4621.0,47.3924,106.559098,-47.5878156,2022.0,Transit,1693.0,K
toi-500 c,,5.03,6.6356,0.072,TOI-500,0.74,0.678,4440.0,47.3924,106.559098,-47.5878156,2022.0,Radial Velocity,,K6 V
toi-500 d,,33.12,26.233,0.016,TOI-500,0.74,0.678,4440.0,47.3924,106.559098,-47.5878156,2022.0,Radial Velocity,,K6 V
toi-500 e,,15.05,61.3,0.073,TOI-500,0.74,0.678,4440.0,47.3924,106.559098,-47.5878156,2022.0,Radial Velocity,,K6 V
toi-5076 b,3.2,16.0,23.445,,TOI-5076,0.8,0.78,5070.0,82.857,50.5104166,17.2392094,2024.0,Transit,615.0,K2 V
toi-5143 c,12.02041386,,5.20970995776,,TOI-5143,,0.85412,5296.38,181.38,165.3651202,5.1394812,2025.0,Transit,904.48,K
toi-5159 b,1.61343492,,5.83650984429,,TOI-5159,,0.854084,5259.0,55.1788,142.7859562,20.0193431,2026.0,Transit,866.29,K
toi-5218 b,9.86,657.0,4.291452,0.0,TOI-5218,0.739,0.708,4230.0,377.483,292.6634642,71.7629612,2024.0,Transit,783.0,K
toi-5300 b,11.9692,,2.2623535,,TOI-5300,,0.73,4219.0,162.51,356.481137,0.4587978,2025.0,Transit,944.0,K
toi-532 b,5.91206593,,2.32612053075,,TOI-532,,0.623609,4139.69,135.047,85.0800537,11.5626373,2021.0,Transit,,K
toi-544 b,2.03,,1.548351,,TOI-544,0.85,0.66,4369.0,41.1166,82.2900716,-0.3428983,2022.0,Transit,1082.0,K
toi-544 c,,21.5,50.089,0.32,TOI-544,0.631,0.623,4169.0,41.1166,82.2900716,-0.3428983,2023.0,Radial Velocity,,K
toi-5532 b,2.732945,,5.6539688866,,TOI-5532,,0.662052,3975.0,90.9985,41.3804035,5.1507331,2026.0,Transit,617.33,K
toi-5595 b,4.71645,,5.9900508,,TOI-5595,,0.74,4119.0,136.955,110.4601649,35.2219829,2026.0,Transit,621.0,K
toi-5605 b,2.52611303,,5.91340454843,,TOI-5605,,0.736044,4583.79,95.0735,150.5380078,50.1453867,2026.0,Transit,,K
toi-5614 b,3.23281,,4.172202,,TOI-5614,,0.73,4313.0,223.016,189.4323154,69.4584273,2026.0,Transit,817.0,K
toi-5616 b,10.32937773,,2.00270301228,,TOI-5616,,0.65,3927.0,390.415,184.9016378,48.6832895,2024.0,Transit,857.7,K
toi-5704 b,3.34096413,,3.77110663034,,TOI-5704,,0.757521,4590.0,89.637,169.8248694,44.9890782,2023.0,Transit,852.91,K
toi-5734 b,2.76,,6.1842161,,TOI-5734,0.736,0.708,4790.0,32.5102,111.2558179,37.2311218,2026.0,Transit,788.0,K
toi-5736 b,1.69217745,,0.64898680327,,TOI-5736,,0.579535,3949.0,92.3604,213.7583971,49.5009379,2025.0,Transit,1202.09,K
toi-5777 b,2.51967,,6.9171675,,TOI-5777,,0.67,4208.0,114.277,141.002239,82.8586961,2026.0,Transit,602.0,K
toi-5789 b,,2.12,2.76369,0.0,TOI-5789,0.821,0.833,5185.0,20.4581,302.7734475,16.1897138,2026.0,Radial Velocity,1201.0,K1 V
toi-5789 c,2.53704,,12.9256051,,TOI-5789,,0.88,5132.0,20.4581,302.7734475,16.1897138,,Transit,478.0,K
toi-5789 d,,4.29,29.65,0.096,TOI-5789,0.821,0.833,5185.0,20.4581,302.7734475,16.1897138,2026.0,Radial Velocity,545.0,K1 V
toi-5789 e,,11.61,62.98,0.071,TOI-5789,0.821,0.833,5185.0,20.4581,302.7734475,16.1897138,2026.0,Radial Velocity,424.0,K1 V
toi-5800 b,2.83310167,,2.6282605673,,TOI-5800,,0.817034,4821.0,42.9052,305.0655462,-7.4119237,2025.0,Transit,1037.82,K
toi-5803 b,3.2732,,5.38305,,TOI-5803,0.87,0.7625,5134.0,84.0126,327.2487497,6.2781777,2023.0,Transit,678.87,K
toi-5938 b,3.82,,2.260424,,TOI-5938,0.744,0.712,4650.0,114.035,303.9088422,28.6592261,2026.0,Transit,1077.0,K
toi-6281 b,2.77385,,1.0542548,,TOI-6281,,0.87,4160.1,57.7451,172.3785238,-40.6094246,2026.0,Transit,2240.0,K
toi-6303 b,11.59,2493.0,9.485236,0.02,TOI-6303,0.644,0.609,3977.0,152.219,46.7806502,40.147174,2025.0,Transit,541.0,K
toi-6393 b,2.62547,,9.5315703,,TOI-6393,,0.77,5022.0,186.229,141.2436918,68.7883127,2026.0,Transit,696.0,K
toi-6699 b,2.32645266,,5.32005926761,,TOI-6699,,0.75309,4705.1,85.8463,317.0695839,-63.2504996,2026.0,Transit,,K
toi-682.01,4.39,,6.84,,TOI-682,0.85,1.08433,5085.0,83.1548,167.88543,-22.0727803,2021.0,Transit,,K
toi-6954 b,3.74825,,4.0207557,,TOI-6954,,0.95,5019.9,190.042,168.3240591,-2.7877643,2026.0,Transit,930.0,K
toi-7008 b,4.77919,,0.8406912,,TOI-7008,,0.95,5170.0,410.467,216.9882531,79.450396,2026.0,Transit,1783.0,K
toi-7009 b,3.71,,2.3206612,,TOI-7009,0.583,0.564,4080.0,184.12,299.5131334,55.6510291,2026.0,Transit,872.0,K
toi-7041 b,11.43316031,114.41822652,9.691,0.04,TOI-7041,1.07,4.1,4700.0,439.52,357.8021716,-50.8698618,2025.0,Transit,,K
toi-712 b,2.049,,9.531361,0.54,TOI-712,0.732,0.674,4622.0,58.6212,92.9361063,-65.8258386,2022.0,Transit,650.0,K4.5 V
toi-712 c,2.45531,,51.69919052045,,TOI-712,,0.72,4504.0,58.6212,92.9361063,-65.8258386,2022.0,Transit,357.0,K
toi-712 d,2.03857,,84.83869,,TOI-712,,0.72,4504.0,58.6212,92.9361063,-65.8258386,2022.0,Transit,292.0,K
toi-7155 b,2.15693,,3.8949005,,TOI-7155,,0.67,4718.0,144.751,12.4454481,79.2878555,2026.0,Transit,914.0,K
toi-7333 b,2.09469416,,6.26449803661,,TOI-7333,,0.666066,4586.87,157.217,243.5319622,75.9166315,2026.0,Transit,,K
toi-808 b,2.26963072,,9.73940894242,,TOI-808,,0.833198,5216.0,98.1848,133.7485497,-44.2886304,2026.0,Transit,710.98,K
toi-815 b,2.94,7.6,11.197259,0.2,TOI-815,0.776,0.77,4869.0,59.7117,155.8719377,-43.8349248,2024.0,Transit,686.0,K3 V
toi-815 c,2.1838,,734.4987702,,TOI-815,,0.76,4953.9,59.7117,155.8719377,-43.8349248,2024.0,Transit,483.0,K
toi-824 b,,,1.39298,,TOI-824,0.71,0.695,4600.0,63.9262,222.1654705,-57.5888666,2020.0,Transit,,K4 V
toi-833 b,1.38903099,,1.04188900271,,TOI-833,,0.603336,3965.0,41.7148,145.645472,-62.4758857,2022.0,Transit,1033.92,K
toi-836 b,1.704,4.53,3.81673,0.053,TOI-836,0.678,0.665,4552.0,27.5024,225.0798831,-24.4542022,2023.0,Transit,871.0,K V
toi-836.01,2.73,,8.59,,TOI-836,0.66,0.691028,4250.0,27.5024,225.0798831,-24.4542022,2021.0,Transit,,K
toi-871 b,1.68663141,,14.36273803273,,TOI-871,,0.732189,4939.0,68.0473,74.7376264,-50.6274153,2024.0,Transit,565.31,K
toi-880 c,4.95,,6.3872703,,TOI-880,0.87,0.83,5050.0,60.6679,94.1644734,-13.987337,2025.0,Transit,805.0,K
toi-880.02,2.7779229,,2.5735943,,TOI-880,0.805415,0.816999,4935.0,60.6679,94.1644734,-13.987337,2024.0,Transit,1162.97,K
toi-904 c,2.3408341,,83.99939906877,,TOI-904,,0.532439,3992.0,46.0891,89.3712733,-83.1297264,2023.0,Transit,219.12,K
toi-913 b,2.4528,,11.098644,,TOI-913,0.82,0.7325,4969.0,65.1769,234.5723244,-80.8034265,2023.0,Transit,712.01,K
toi-929 b,2.68983343,,5.83015366944,,TOI-929,,0.717414,4457.16,114.421,45.9071657,-39.9307758,2026.0,Transit,,K
toi-942 b,3.52025,,4.32765,,TOI-942,,0.91,4945.0,152.601,76.6496172,-20.2456126,2020.0,Transit,1120.0,K
toi-942 c,5.79,794.575,10.15643,0.0,TOI-942,0.788,1.022,4928.0,152.601,76.6496172,-20.2456126,2020.0,Transit,,K
toi-969 b,2.765,9.1,1.8237305,,TOI-969,0.734,0.671,4435.0,77.2554,115.1366858,2.0985879,2022.0,Transit,941.0,K V
toi-969 c,,3591.4609991,1700.0,0.628,TOI-969,0.734,0.671,4435.0,77.2554,115.1366858,2.0985879,2022.0,Radial Velocity,96.4,K V
tyc 0434-04538-1 b,,1938.763,193.2,0.08,TYC 0434-04538-1,1.04,9.99,4679.0,613.422,271.3396528,2.0622774,2021.0,Radial Velocity,,K
tyc 1422-614-1 b,,794.5,198.4,0.06,TYC 1422-614-1,1.15,6.85,4806.0,672.41,154.2777769,19.5584068,2014.0,Radial Velocity,,K
tyc 1422-614-1 c,,3178.0,559.3,0.048,TYC 1422-614-1,1.15,6.85,4806.0,672.41,154.2777769,19.5584068,2014.0,Radial Velocity,,K
tyc 3318-01333-1 b,,1086.9786,562.0,0.098,TYC 3318-01333-1,1.19,5.9,4776.0,490.61,45.5825716,49.7441421,2018.0,Radial Velocity,,K
tyc 3667-1280-1 b,,1716.282,26.468,0.036,TYC 3667-1280-1,1.87,6.26,5130.0,477.516,12.8875757,58.4261485,2016.0,Radial Velocity,1350.0,K
tyc 4282-00605-1 b,,3426.2074,101.54,0.28,TYC 4282-00605-1,0.97,16.21,4300.0,464.128,343.8721029,62.2391907,2017.0,Radial Velocity,,K
tyc 8998-760-1 b,,4449.62,,,TYC 8998-760-1,1.0,,4573.0,94.6177,201.3001096,-64.9391566,2020.0,Imaging,,K3 IV
tres-1 b,12.66617,266.9772,3.03007,0.0,TrES-1,1.04,0.85,5230.0,159.658,286.0408755,36.632536,2004.0,Transit,,K
tres-5 b,13.552,565.078,1.4822446,0.0,TrES-5,0.893,0.866,5171.0,360.313,305.2219454,59.4489033,2011.0,Transit,,K
v1298 tau d,6.53,6.0,12.401394,0.0087,V1298 Tau,1.1,1.32,4970.0,108.199,61.331654,20.1570318,2019.0,Transit,831.0,K
v830 tau b,,222.481,4.927,,V830 Tau,1.0,2.0,4250.0,130.111,68.2918259,24.5619241,2016.0,Radial Velocity,,K
wasp-10 b,12.3,1017.0,3.1,0.0,WASP-10,,,4700.0,140.998,348.9930457,31.4627508,2008.0,Transit,950.0,K5 V
wasp-105 b,15.0953,,7.8728936787,,WASP-105,,1.26,5070.0,169.272,24.1678686,-50.659308,2017.0,Transit,916.21,K
wasp-107 b,,,5.72148926,,WASP-107,0.69,0.66,4430.0,64.7414,188.3864277,-10.1462141,2017.0,Transit,,K6
wasp-107 c,,,1088.0,0.28,WASP-107,,0.67,4425.0,64.7414,188.3864277,-10.1462141,2020.0,Radial Velocity,,K6
wasp-11 b,,,3.72247919,,WASP-11,0.77,0.74,4800.0,124.73,47.3689472,30.6733817,2008.0,Transit,,K
wasp-132 c,1.85,37.35,1.011534,0.13,WASP-132,0.782,0.753,4714.0,122.91,217.6091998,-46.159516,2022.0,Transit,,K4
wasp-132 d,,1639.99458012,1816.6,0.12,WASP-132,0.789,0.758,4686.0,122.91,217.6091998,-46.159516,2024.0,Radial Velocity,107.0,K4 V
wasp-140 b,,,2.23598448,0.047,WASP-140,0.9,0.87,5260.0,117.598,60.3855387,-20.4509991,2016.0,Transit,,K0
wasp-144 b,,,2.27831337,,WASP-144,0.81,0.81,5200.0,355.513,320.7628761,-40.0484393,2018.0,Transit,,K2 V
wasp-145 a b,10.0881,282.8687,1.7690381,0.0,WASP-145 A,0.76,0.68,4900.0,91.299,322.2537644,-58.8361466,2018.0,Transit,1200.0,K2 V
wasp-154 b,11.0835,,3.8123614,,WASP-154,,0.82,4780.0,215.501,327.7191734,-8.6359458,2025.0,Transit,955.0,K
wasp-156 b,,,3.8361632,,WASP-156,0.842,0.76,4910.0,122.066,32.782085,2.4181937,2017.0,Transit,,K3
wasp-160 b b,,,3.76849254,,WASP-160 B,0.87,0.868,5298.0,288.326,87.679561,-27.6233218,2018.0,Transit,,K0 V
wasp-177 b,,,3.07172019,,WASP-177,0.876,0.885,5017.0,176.818,334.7969885,-1.8344301,2019.0,Transit,,K2
wasp-29 b,6.83220592,,3.92271133124,,WASP-29,,0.64,4800.0,87.5953,357.8791976,-39.9071215,2010.0,Transit,847.24,K
wasp-43 b,,,0.81347753,0.0,WASP-43,0.65,0.757649,4124.0,86.7467,154.9081869,-9.8064431,2011.0,Transit,,K
wasp-45 b,10.603714,306.38812,3.126089,,WASP-45,0.85,0.855,5150.0,211.196,5.2377567,-35.998465,2011.0,Transit,1153.0,K
wasp-52 b,15.55890793,,1.74977464574,,WASP-52,,0.856841,5087.0,174.818,348.4947931,8.7610793,2012.0,Transit,1265.31,K
wasp-53 b,12.038466,677.61356,3.3098443,0.03,WASP-53,0.839,0.798,4953.0,201.338,31.9091639,-20.661843,2017.0,Transit,1053.0,K
wasp-53 c,,5196.5205,2840.0,0.8369,WASP-53,0.839,0.798,4953.0,201.338,31.9091639,-20.661843,2017.0,Radial Velocity,,K
wasp-59 b,8.68696004,274.28591524,7.919585,0.1,WASP-59,0.72,0.61,4650.0,115.936,349.6229547,24.889277,2012.0,Transit,,K
wasp-67 b,,,4.61441644,,WASP-67,0.87,0.87,5240.0,189.469,295.7438485,-19.9497314,2012.0,Transit,,K
wasp-69 b,12.44199,92.1707,3.86814,0.0,WASP-69,0.98,0.86,4700.0,49.9605,315.0259661,-5.094857,2014.0,Transit,,K
wasp-80 b,,,3.06785952,0.0,WASP-80,,,4100.0,49.7876,303.1667996,-2.1444369,2012.0,Transit,600.0,K
wasp-84 b,10.72,220.0,8.52349648,,WASP-84,0.853,0.768,,100.588,131.1069959,1.8598933,2014.0,Transit,732.0,K0
wasp-84 c,4.98711,,1.4468993,,WASP-84,,0.84,5238.0,100.588,131.1069959,1.8598933,2023.0,Transit,1719.0,K
wasp-89 b,,,3.3564182,,WASP-89,0.92,0.88,5130.0,290.946,313.9000261,-18.9714084,2015.0,Transit,,K3
wasp-91 b,,,2.79857894,,WASP-91,0.84,0.86,4920.0,149.942,357.846434,-70.1528621,2017.0,Transit,,K3
wispit 1 b,,3305.4154328,,,WISPIT 1,,,4670.0,230.007,117.798555,-50.1376852,2025.0,Imaging,,K4 V
wispit 1 c,,1684.4905571,,,WISPIT 1,,,4670.0,230.007,117.798555,-50.1376852,2025.0,Imaging,,K4 V
wispit 2 c,17.93436912,3178.28407,,,WISPIT 2,,1.3,4530.0,134.907,290.8209991,-7.6820823,2026.0,Imaging,2050.0,K
wendelstein-1 b,13.68573672,,2.66341539187,,Wendelstein-1,,0.701369,4051.0,305.3,299.0506412,17.5699627,2020.0,Transit,832.68,K
wendelstein-2 b,12.9934728,232.33373,1.7522239,0.057,Wendelstein-2,0.73,0.66,4591.0,565.541,297.7909214,16.9125679,2020.0,Transit,2470.0,K6 V
wolf 503 b,2.03,,6.00118,,Wolf 503,0.688,0.69,4716.0,44.526,206.8461979,-6.1393369,2018.0,Transit,805.0,K3.5 V
xo-2 n b,,,2.61585779,,XO-2 N,0.902,1.08495,5267.0,154.273,117.0267691,50.2251472,2007.0,Transit,,K
alf ari b,,572.07,380.8,0.25,alf Ari,1.5,13.9,4553.0,20.21019,31.793286,23.462421,2010.0,Radial Velocity,,K
alf tau b,,2056.3601,628.96,0.1,alf Tau,1.13,45.1,4055.0,20.4332,68.980174,16.509201,2015.0,Radial Velocity,,K5 III
bet cnc b,,2479.0,605.2,0.08,bet Cnc,1.7,47.2,4092.1,89.0472,124.1286379,9.1853306,2014.0,Radial Velocity,,K4 III
bet umi b,,1938.7,522.3,0.19,bet UMi,1.4,38.3,4126.0,38.77472,222.676495,74.155548,2014.0,Radial Velocity,,K4 III
eps crb b,,2129.461,417.9,0.11,eps CrB,1.7,21.0,4406.0,69.8683,239.3965057,26.8776171,2012.0,Radial Velocity,,K2 III
eps eri b,,206.90629296,2650.0,0.044,eps Eri,0.814595,0.759106,5020.38,3.2026,53.2284306,-9.4581715,2000.0,Radial Velocity,,K
eps ind a b,,1032.9475,16510.0,0.26,eps Ind A,0.754,,,3.63857,330.8714021,-56.7969023,2019.0,Radial Velocity,,K2 V
eps tau b,,2256.593,,,eps Tau,2.458,,4950.0,47.52852,67.1546573,19.1802782,2006.0,Radial Velocity,,K
gam lib b,,324.1866,415.2,0.21,gam Lib,1.47,11.1,4822.0,47.4017,233.8818636,-14.789502,2018.0,Radial Velocity,,K0 III
gam lib c,,1455.6614,964.6,0.057,gam Lib,1.47,11.1,4822.0,47.4017,233.8818636,-14.789502,2018.0,Radial Velocity,,K0 III
gam1 leo b,,2790.43,428.5,0.144,gam1 Leo,1.23,31.88,4330.0,39.8883,154.993208,19.841389,2009.0,Radial Velocity,,K
iot dra b,,2803.1,511.098,0.7124,iot Dra,1.05,,4548.0,31.32832,231.2323227,58.9661403,2002.0,Radial Velocity,,K
iot dra c,,4958.1231492,25000.0,0.455,iot Dra,1.54,11.79,4504.0,31.32832,231.2323227,58.9661403,2021.0,Radial Velocity,,K2 III
kap crb b,,483.73483545,1253.68,0.04,kap CrB,1.33,4.68,4840.0,30.0651,237.8080012,35.6558818,2007.0,Radial Velocity,,K0 III-IV
mu leo b,,762.8,357.8,0.09,mu Leo,1.5,11.4,4538.2,32.6081,148.1898673,26.0067142,2014.0,Radial Velocity,,K2 III
nu oct a b,,762.7881768,417.0,0.11,nu Oct A,1.61,5.81,4860.0,21.1999,325.3702792,-77.3910853,2016.0,Radial Velocity,,K1 IIIb-IV
nu oph b,,7627.92,530.32,0.1256,nu Oph,3.04,15.1,4928.0,46.2107,269.7566013,-9.7741342,2012.0,Radial Velocity,,K
nu oph c,,7530.30844705,3180.6,0.179,nu Oph,2.61,12.24,4887.0,46.2107,269.7566013,-9.7741342,2012.0,Radial Velocity,,K0 III
omi crb b,,476.745,187.83,0.191,omi CrB,2.13,10.5,4749.0,84.7883,230.0350768,29.6160222,2012.0,Radial Velocity,,K
omi uma b,,1303.103,1630.0,0.13,omi UMa,3.09,14.1,5242.0,54.9149,127.5649503,60.7177048,2012.0,Radial Velocity,,K
tau gem b,,5752.48,305.0,,tau Gem,,28.7152,4482.0,112.537,107.7847232,30.2449545,2013.0,Radial Velocity,,K
xi aql b,,616.90493799,136.97,0.059,xi Aql,1.74,10.86,4841.0,56.1858,298.5624491,8.4611051,2007.0,Radial Velocity,,K0 III
2mass j1252+2735 b,,,35.08,0.0,2MASS J1252+2735,0.88,1.076,5181.0,197.2,193.212500017,27.586944459,2021.0,Radial Velocity,,K
2mass j1253+2734 b,,,24.31,0.681,2MASS J1253+2734,0.71,0.633,4535.0,196.184,193.254166667,27.57194446,2021.0,Radial Velocity,,K
44 uma b,,,785.74,0.11,44 Uma,2.19,45.12,4215.0,200.4,163.39355033875404,54.58512741108192,2020.0,Radial Velocity,,K
as 209 b,,1.3,,,AS 209,1.2,2.18,4265.0,121.0,252.312500005,-14.369166676,2022.0,Imaging,,K
eta cet b,,,403.5,0.13,eta Cet,1.7,14.3,4528.0,38.0,17.145833345,-10.182222238,2014.0,Radial Velocity,,K
eta cet c,,,751.9,0.1,eta Cet,1.7,14.3,4528.0,38.0,17.145833345,-10.182222238,2014.0,Radial Velocity,,K
gaia edr3 2077240046296834304 b,0.81,,4.99671123,,Gaia EDR3 2077240046296834304,0.749,0.72,4410.0,1000.0,295.85950140006594,42.71322149524356,2021.0,Primary Transit,,K
gj 523 b,0.2275,0.0739,17.74574,0.14,GJ 523,0.781,0.702,4660.0,26.613,205.84664812,39.24877821,2026.0,Primary Transit,,K
gj 785 b,,,74.72,0.13,GJ 785,0.78,0.68,5144.0,8.911,303.8208333,-27.0330556,2010.0,Radial Velocity,,K
gj 785 c,,,525.8,0.32,GJ 785,0.78,0.68,5144.0,8.911,303.8208333,-27.0330556,2011.0,Radial Velocity,,K
gj 86 ab,,,15.78,0.046,GJ 86 A,0.88,0.7905,5188.5,10.7836,32.6080593836,-50.8237272164,2000.0,Radial Velocity,,K
hd 106574 b,,,1065.7,0.03,HD 106574,1.2,17.1,4501.0,143.0,183.78538306458063,70.2000085088468,2018.0,Radial Velocity,,K
hd 118904 ab,,,676.7,0.31,HD 118904 A,1.4,14.8,4469.0,111.0,204.295785303,71.2422515314,2018.0,Radial Velocity,,K
hd 137010 b,0.0946,,355.0,,HD 137010,0.726,0.707,4770.0,44.86,231.08854166666663,-19.739355555555555,2026.0,Primary Transit,,K
hd 148427 b,,1.2,331.9,0.12,HD 148427,1.45,3.22,5052.0,59.3,247.1166667,-13.3997222,2009.0,"Radial Velocity, Astrometry",,K
hd 155555 (ab)b,,3.8,,,HD 155555 (AB),0.86,1.77,5129.0,30.48,259.35627222593,-66.95103670601,2024.0,Astrometry,,K
hd 164428 b,,,599.6,0.29,HD 164428,1.5,35.4,4119.0,274.0,267.542136291,78.3065368916,2018.0,Radial Velocity,,K
hd 175370 b,,,349.5,0.22,HD 175370,1.02,23.5,4301.0,272.0,283.25,43.713611136,2016.0,Radial Velocity,,K
hd 202432 b,,,418.8,0.21,HD 202432,1.2,11.1,4549.0,161.0,317.918389235,70.4411433399,2018.0,Radial Velocity,,K
hd 219134 e,,,1842.0,0.34,HD 219134,0.794,0.778,4699.0,6.55,348.320833339,57.168333338,2015.0,Radial Velocity,,K
hd 283869 b,0.1749,0.0205,106.0,,HD 283869,0.74,0.66,4655.0,47.51,71.925000014,26.150000003,2018.0,Primary Transit,,K
hd 44385 b,,,473.5,0.2,HD 44385,1.8,18.2,4400.0,214.0,98.2666555327,78.9795267295,2018.0,Radial Velocity,,K
hd 92945 c,,0.7,,,HD 92945,0.86,0.79,5105.0,21.5263,160.86779820989,-29.06428685193,2024.0,Astrometry,,K
hd 97619 b,,,665.9,0.23,HD 97619,1.3,16.7,4355.0,213.0,169.037160953,78.3089573367,2018.0,Radial Velocity,,K
jh 112 ab,,10.0,,,JH 112 A,0.82,1.89,4020.0,164.0,68.20465350034,22.88412420676,2011.0,Imaging,,K
k2-120 ab,0.179,,9.562742,0.14,K2-120 A,0.69,0.67,4349.9,287.156,132.14299,17.190685,2017.0,Primary Transit,,K
kic 10255705 b,0.65,,707.3793,0.0,KIC 10255705,1.1,2.12,5030.0,,282.854166675,47.377500016,2013.0,Primary Transit,,K
kic 11152511 b,0.36,,287.363,0.67,KIC 11152511,1.01,2.08,5273.0,,298.062500005,48.725000021,2013.0,Primary Transit,,K
kic 3853259 (ab)b,,,325.7,0.6,KIC 3853259 (AB),0.736,,4861.0,452.176,292.24470842469,38.92316723507,2014.0,Timing,,K
kic 6372194 b,0.74,,281.5848,0.65,KIC 6372194,0.8,0.75,5233.0,,294.3375,41.7475,2013.0,Primary Transit,,K
koi-2700 b,0.0946,0.00271,0.910022,,KOI-2700,0.632,0.574,4433.0,,297.004166667,44.775000022,2013.0,Primary Transit,,K
koi-4644 b,0.09707,,3.439,0.0,KOI-4644,0.85,0.71,5065.27,607.424,291.45734,37.206841,2015.0,Primary Transit,,K
koi-6256 b,0.14221,,14.093,,KOI-6256,0.75,0.882,4692.0,796.975,292.13239,37.388481,2016.0,Primary Transit,,K
koi-6798 b,0.3,,2.64182865,,2MASS J19361857+4224080,0.805,2.935,5195.0,,294.07739,42.402241,2017.0,Primary Transit,,K
koi-7051 b,0.106,,0.772807044,,2MASS J20052510+4431298,0.659,0.668,4535.0,,301.35458,44.524948,2017.0,Primary Transit,,K
koi-7197 b,0.131,,1.74147417,,2MASS J19394814+4614317,0.855,0.763,5227.0,,294.95062,46.242149,2017.0,Primary Transit,,K
koi-7320 b,0.062,,8.502285,,2MASS J19131131+4733361,0.693,0.715,4889.0,,288.29715,47.56004,2017.0,Primary Transit,,K
koi-7327 b,0.174,,17.9908748,,2MASS J18483788+4741115,0.727,0.752,4918.0,,282.15787,47.686531,2017.0,Primary Transit,,K
koi-7449 b,1.252,,1.322475635,,2MASS J19013040+4927421,0.548,0.548,4668.0,,285.37671,49.461712,2017.0,Primary Transit,,K
koi-901 b,0.437,,12.73,,KOI-901,0.67,0.725,4255.0,526.581,285.16748,43.876339,2013.0,Primary Transit,,K
mayrit 260182 b,,4.0,,,Mayrit 260182,0.7,1.92,3981.0,397.35,84.68431057206,-2.67215879144,2009.0,Imaging,,K
mp mus b,,5.0,,,MP Mus,1.3,1.25,5000.0,97.9,200.53141666666667,-69.63333333333334,2025.0,Imaging,,K
toi-429 b,0.8,0.8,338.0,,TOI-429,0.89,0.954,5216.0,120.218,72.97729166666667,-53.829625,2024.0,Primary Transit,,K
toi-4409 b,0.6495,,92.4,,TOI-4409,0.81,0.72,4945.0,179.419,81.81866666666667,-54.94609722222222,2024.0,Primary Transit,,K
toi-4468 b,1.0197,,2.77,,TOI-4468,0.82,0.79,4975.0,375.5,260.57504166666666,72.64536111111111,2024.0,Primary Transit,,K
toi-4468 c,0.2873,,7.01,,TOI-4468,0.82,0.79,4975.0,375.5,260.57504166666666,72.64536111111111,2024.0,Primary Transit,,K
toi-5852 b,1.167,,3.99524,,TOI-5852,0.68,0.67,4348.0,256.0,306.529166669,1.775833356,2022.0,Primary Transit,,K
toi-5889 b,1.112,,2.40132,,TOI-5889,0.66,0.724,4224.0,200.9,311.212500017,8.849444474,2023.0,Primary Transit,,K
toi-7393 b,1.01,0.61,3.33708,0.1198,TOI-7393,0.6,0.582,3927.0,189.04,227.36014574954,55.98138705078,2026.0,Primary Transit,,K
tw hya b,,,8.339,,TW Hya,0.8,1.16,4050.0,60.0,165.4666667,-34.7047222,2024.0,Radial Velocity,,K
ux tau ab,6.8,,,,UX Tau A,1.4,1.74,4710.0,147.0,67.51665108333333,18.23039875,1991.0,Imaging,,K
wis 395 b,,11.9,,,WIS 395,0.67,0.7611,4257.74,23.6322,357.61609115686,30.35325854216,2010.0,"Imaging, Astrometry",,K
