pl_name,radius,mass,orbital_period,eccentricity,star_name,star_mass,star_radius,star_teff,star_distance,ra,dec,discovered,detection_type,eq_temperature,star_spectype,star_metallicity,star_gaia_magnitude
11 com b,,4914.89848585,323.21,0.238,11 Com,2.09,13.76,4874.0,93.1846,185.1787793,17.7932516,2007.0,Radial Velocity,,G8 III,-0.26,4.44038
11 umi b,,3432.4,,,11 UMi,1.7,,,125.321,229.2745954,71.8239428,2009.0,Radial Velocity,,,,4.56216
14 and b,,1131.15130051,186.76,0.0,14 And,1.78,11.55,4888.0,75.4392,352.82415,39.2358367,2008.0,Radial Velocity,,K0 III,-0.21,4.91781
14 her b,,2559.47216157,1765.0389,0.373,14 Her,0.91,,,17.9323,242.6021014,43.8163621,2002.0,Radial Velocity,,,,6.383
16 cyg b b,,565.7374,798.5,0.68,16 Cyg B,1.08,1.13,5750.0,21.1397,295.4656422,50.5168243,1996.0,Radial Velocity,,,0.06,6.06428
17 sco b,,1373.01871824,578.38,0.06,17 Sco,1.22,25.92,4157.0,124.953,243.4620874,-11.8377905,2020.0,Radial Velocity,,K3 III,-0.01,4.75429
18 del b,,3127.3,,,18 Del,2.1,,,76.222,314.6078375,10.8391378,2008.0,Radial Velocity,,,,5.27476
1rxs j160929.1-210524 b,,4000.0,,,1RXS J160929.1-210524,0.85,,4060.0,139.135,242.3762343,-21.0831403,2008.0,Imaging,1700.0,,,12.0572
24 boo b,,280.64248338,30.33,0.032,24 Boo,1.05,12.19,4816.0,95.9863,217.1555242,49.8446488,2018.0,Radial Velocity,,G3 IV,-0.78,5.3339
24 sex b,,632.46,452.8,0.09,24 Sex,1.54,4.9,5098.0,72.0691,155.8684866,-0.9023998,2010.0,Radial Velocity,,,-0.03,6.20374
24 sex c,,273.32,883.0,0.29,24 Sex,1.54,4.9,5098.0,72.0691,155.8684866,-0.9023998,2010.0,Radial Velocity,,,-0.03,6.20374
2m0437 b,,1271.313628,,,2MASS J04372171+2651014,0.17,0.84,3100.0,128.484,69.3405531,26.8502997,2021.0,Imaging,1450.0,M V,0.01,14.3374
2mass j01033563-5515561 ab b,,4131.79,,,2MASS J01033563-5515561 A,0.19,,,,15.8992489,-55.2658291,2013.0,Imaging,,M5.5/M6,,
2mass j01225093-2439505 b,,7786.5,,,2MASS J01225093-2439505,0.4,,3530.0,33.8281,20.7128012,-24.6646128,2013.0,Imaging,,M3.5 V,,12.9025
2mass j02192210-3925225 b,16.14096,4417.837,,,2MASS J02192210-3925225,0.108,0.281,3064.0,,34.8427046,-39.4230767,2015.0,Imaging,,M6,,15.0123
2mass j0249-0557 c,17.37392009,3616.88727166,,,2MASS J0249-0557 A,0.046,,,66.0613,42.4851627,-5.9599921,2018.0,Imaging,1723.0,M6 V,,15.6894
2mass j03590986+2009361 b,,5720.911326,,,2MASS J03590986+2009361,,,,117.435,59.7911026,20.1599759,2024.0,Imaging,2369.0,,,16.9967
2mass j04414489+2301513 b,,2383.6,,,2MASS J04414489+2301513,0.019,,,,70.4371079,23.0308544,2010.0,Imaging,,M8.5,,18.9668
2mass j11011926-7732383 b,,8899.195396,,,2MASS J11011926-7732383,,,,,165.3295388,-77.5440912,2024.0,Imaging,2677.0,,,18.3299
2mass j11550485-7919108 b,,6356.56814,,,2MASS J11550485-7919108,,,,100.862,178.7691634,-79.3197558,2024.0,Imaging,2506.0,,,14.818
2mass j12073346-3932539 b,15.69257298,1652.7077164,,,2MASS J12073346-3932539,,,,64.308,181.8890906,-39.5484399,2004.0,Imaging,1163.0,M8,,17.4076
2mass j19383260+4603591 b,,603.877,416.0,,2MASS J19383260+4603591,0.48,,,396.332,294.6359173,46.0664076,2015.0,Eclipse Timing Variations,,,,12.1376
2mass j21252752-8138278 b,,3813.940884,,,2MASS J21252752-8138278,,,,34.1154,321.3662989,-81.6414894,2024.0,Imaging,1616.0,,,10.8133
2mass j22362452+4751425 b,,3972.875,,,2MASS J22362452+4751425,0.6,,4045.0,69.5737,339.1025931,47.861683,2016.0,Imaging,,K7 V,,11.9484
2mass j22501512+2325342 b,,9534.85221,,,2MASS J22501512+2325342,,,,57.2309,342.5634097,23.4259058,2018.0,Imaging,1600.0,M3,,13.5759
4 uma b,,2256.5,269.3,0.432,4 UMa,1.234,18.11,4415.0,73.4603,130.0528099,64.3280504,2006.0,Radial Velocity,,K1 III,-0.25,4.23773
47 uma b,,778.6835,1076.6,0.012,47 UMa,1.063,,5882.0,13.7967,164.8647611,40.4304931,1996.0,Radial Velocity,,G0 V,0.04,4.87837
47 uma c,,157.96071828,2287.0,0.179,47 UMa,1.005192,1.136537,5829.16,13.7967,164.8647611,40.4304931,2001.0,Radial Velocity,,,0.0256,4.87837
47 uma d,,521.22,14002.0,0.16,47 UMa,1.06,1.21334,5872.0,13.7967,164.8647611,40.4304931,2009.0,Radial Velocity,,,0.04,4.87837
51 eri b,,,11688.0,0.45,51 Eri,1.65,1.48726,7295.0,29.7575,69.4007424,-2.4738245,2015.0,Imaging,,,,5.15806
51 peg b,,146.2018,4.231,0.0,51 Peg,1.04,,,15.4614,344.3675399,20.7690958,1995.0,Radial Velocity,,,,5.28647
55 cnc b b,,3.5,6.7994,0.0,55 Cnc B,0.26,0.274,3286.0,12.4773,133.167908,28.3152863,2025.0,Radial Velocity,,M4.5 V,0.16,11.6798
55 cnc b c,,5.3,33.747,0.0,55 Cnc B,0.26,0.274,3286.0,12.4773,133.167908,28.3152863,2025.0,Radial Velocity,,M4.5 V,0.16,11.6798
55 cnc b,,249.17872,14.67,0.0197,55 Cnc,0.95,,,12.5855,133.1468373,28.3298154,1996.0,Radial Velocity,,,,5.72973
55 cnc c,,54.3486576,44.3827,0.048,55 Cnc,0.974708,0.964411,5317.89,12.5855,133.1468373,28.3298154,2004.0,Radial Velocity,,,0.3833,5.72973
55 cnc d,,1226.77,4867.0,0.0269,55 Cnc,0.9,0.963515,5250.0,12.5855,133.1468373,28.3298154,2002.0,Radial Velocity,,,0.35,5.72973
55 cnc e,,7.95,0.736547,0.032,55 Cnc,,,5292.0,12.5855,133.1468373,28.3298154,2004.0,Radial Velocity,,,,5.72973
55 cnc f,,47.8,259.88,0.08,55 Cnc,0.905,0.943,5172.0,12.5855,133.1468373,28.3298154,2007.0,Radial Velocity,,,0.35,5.72973
6 lyn b,,597.83523357,919.86,0.042,6 Lyn,1.32,4.94,4941.0,54.6599,97.6960311,58.1611753,2008.0,Radial Velocity,,K0 IV,-0.17,5.60686
61 vir b,,5.8,4.215011,0.036,61 Vir,,,5552.0,8.50332,199.596455,-18.3157745,2009.0,Radial Velocity,,,,4.54052
61 vir c,,16.11390023,38.0957,0.068,61 Vir,0.914072,1.03251,5585.57,8.50332,199.596455,-18.3157745,2009.0,Radial Velocity,,,0.0275,4.54052
61 vir d,,10.92,123.15,0.105,61 Vir,,,5552.0,8.50332,199.596455,-18.3157745,2009.0,Radial Velocity,,,,4.54052
7 cma b,,781.8618,796.0,0.22,7 CMa,,4.90843,4794.52,19.8101,99.171276,-19.2561808,2011.0,Radial Velocity,,,0.0882,3.67853
7 cma c,,289.9,,,7 CMa,1.439,5.198,,19.8101,99.171276,-19.2561808,2019.0,Radial Velocity,,,,3.67853
70 vir b,,2297.89938261,116.69335,0.3989,70 Vir,1.06055,1.921943,5481.86,17.9011,202.1064898,13.7763085,1996.0,Radial Velocity,,,-0.0402,4.76178
75 cet b,,953.49,691.9,0.117,75 Cet,2.49,10.5,4846.0,82.9613,38.0391598,-1.0350269,2012.0,Radial Velocity,,G3 III,0.0,5.09343
75 cet c,,289.85950718,2051.62,0.023,75 Cet,1.92,10.38,4809.0,82.9613,38.0391598,-1.0350269,2023.0,Radial Velocity,,G3 III,0.1,5.09343
8 umi b,,524.41687155,93.31,0.062,8 UMi,1.51,10.73,4847.0,162.552,224.201685,74.9009379,2015.0,Radial Velocity,,,-0.03,6.55896
81 cet b,,1274.4,,,81 Cet,1.6,,,101.26,39.4243555,-3.3963607,2008.0,Radial Velocity,,,,5.37588
91 aqr b,,1017.0,181.4,0.027,91 Aqr,1.4,11.0,4665.0,44.0304,348.9745031,-9.0878076,2013.0,Radial Velocity,,K0 III,-0.03,3.95311
ab aur b,,2860.455663,,0.4,AB Aur,2.4,,9770.0,162.127,73.9410446,30.5510888,2022.0,Imaging,,,,7.07854
ab pic b,,4290.5,,,AB Pic,,,,50.0475,94.8039208,-58.0541184,2005.0,Imaging,,K2 V,,8.8378
af lep b,,1017.0509024,8030.0,0.24,AF Lep,1.2,1.25,6130.0,26.8564,81.7699216,-11.9011752,2023.0,Imaging,,F8 V,0.19,6.18644
at2021ueyl b,,425.89006538,4168.69,,AT2021ueyL,0.49,,3680.0,1040.0,324.5450417,26.4665694,2025.0,Microlensing,,M V,,
au mic b,,10.2,8.4631427,,AU Mic,0.6,0.82,3665.0,9.7221,311.2911369,-31.34245,2020.0,Transit,,,0.12,7.84038
au mic c,2.79,14.46,18.859023,0.18,AU Mic,0.635,0.862,3540.0,9.7221,311.2911369,-31.34245,2021.0,Transit,424.7,M1 V,0.01,7.84038
au mic d,,1.053,12.73596,0.00305,AU Mic,0.51,0.744,3678.0,9.7221,311.2911369,-31.34245,2023.0,Transit Timing Variations,,,0.23,7.84038
au mic e,,21.1,33.11,,AU Mic,0.6,0.82,3665.0,9.7221,311.2911369,-31.34245,2025.0,Radial Velocity,,,0.12,7.84038
bd+03 2562 b,,2034.112,481.9,0.2,BD+03 2562,1.14,32.35,4095.0,1070.63,177.5647268,2.7601075,2017.0,Radial Velocity,,,-0.71,8.9977
bd+05 4868 a b,,6.2,1.271869,,BD+05 4868 A,0.7,0.69,4596.0,43.5687,326.8614036,6.6053185,2025.0,Transit,1820.0,K V,-0.05,9.84152
bd+14 4559 b,,467.19,268.94,0.29,BD+14 4559,0.86,0.95,5008.0,49.352,318.4010002,14.6893834,2009.0,Radial Velocity,,K2 V,0.1,9.35108
bd+15 2375 b,,337.21763,153.22,0.001,BD+15 2375,1.08,8.95,4649.0,768.045,176.4820239,14.6163182,2016.0,Radial Velocity,,,-0.22,9.9918
bd+15 2940 b,,352.78,137.48,0.26,BD+15 2940,1.1,14.7,4796.0,426.42,240.09564,15.5467507,2013.0,Radial Velocity,,K0,0.28,8.7178
bd+20 2457 b,,17668.1697,379.63,0.15,BD+20 2457,10.83,71.02,4259.0,1539.71,154.186782,19.8912626,2009.0,Radial Velocity,,,-0.79,9.22684
bd+20 2457 c,,3963.17,621.99,0.18,BD+20 2457,2.8,49.0,4137.0,1539.71,154.186782,19.8912626,2009.0,Radial Velocity,,K2 II,-1.0,9.22684
bd+20 274 b,,1334.886,578.2,0.21,BD+20 274,0.8,17.3,4296.0,1322.51,25.9203179,21.0052692,2012.0,Radial Velocity,,K5 III,-0.46,8.91613
bd+20 594 b,2.57807,22.2481,41.6855,0.0,BD+20 594,1.67,1.08,5766.0,179.461,53.6511231,20.5990205,2016.0,Transit,,,-0.15,10.8644
bd+37 3172 b,,3368.9811142,1887.76,0.59,BD+37 3172,3.75,50.24,4500.0,454.251,278.8155071,38.1153886,2023.0,Radial Velocity,,,-0.03,8.84772
bd+42 2315 b,,174.80562385,123.05,0.73,BD+42 2315,1.38,17.85,4500.0,610.715,187.5887597,41.2695674,2023.0,Radial Velocity,,,-0.2,9.43036
bd+45 564 b,,432.24663352,307.88,0.12,BD+45 564,0.81,,5004.0,53.622,32.9470485,45.9242187,2021.0,Radial Velocity,,K1,-0.09,9.41266
bd+48 738 b,,289.2253,392.6,0.2,BD+48 738,0.74,11.0,4414.0,871.493,40.7102869,49.5869395,2011.0,Radial Velocity,,K0 III,-0.2,8.65569
bd+48 740 b,,540.311,733.0,0.76,BD+48 740,1.09,10.33,4534.0,666.589,40.7425426,48.9300579,2018.0,Radial Velocity,,,-0.13,8.26449
bd+49 828 b,,508.5,2590.0,0.35,BD+49 828,1.52,7.6,4943.0,442.042,45.6406187,49.7299481,2015.0,Radial Velocity,,K0,-0.19,9.02851
bd+55 362 b,,228.83645304,265.59,0.27,BD+55 362,0.909,,5012.0,52.5697,23.9636676,56.6982282,2021.0,Radial Velocity,,K3,0.18,9.15305
bd+60 1417 b,14.68376472,4767.426105,,,BD+60 1417,1.0,0.797,4993.0,44.9543,190.8875453,60.0143636,2021.0,Imaging,1303.0,K0,,9.17439
bd+63 1405 b,,3305.4154328,1230.0,0.891,BD+63 1405,0.816,,5000.0,38.0473,271.3979337,63.6700064,2021.0,Radial Velocity,,K0,-0.09,8.705
bd-06 1339 b,,1523.03372634,3.873,,BD-06 1339,,,,20.2695,88.2511811,-5.9963378,2013.0,Radial Velocity,,,,9.10677
bd-06 1339 c,,53.0,125.94,0.31,BD-06 1339,0.7,,4324.0,20.2695,88.2511811,-5.9963378,2013.0,Radial Velocity,,K7/M0 V,-0.14,9.10677
bd-08 2823 b,,14.4,5.6,0.15,BD-08 2823,0.74,,4746.0,41.3342,150.1971964,-9.5165689,2009.0,Radial Velocity,,K3 V,-0.07,9.50331
bd-08 2823 c,,104.0,237.6,0.19,BD-08 2823,0.74,,4746.0,41.3342,150.1971964,-9.5165689,2009.0,Radial Velocity,,K3 V,-0.07,9.50331
bd-10 3166 b,,142.70495474,3.487905,0.022,BD-10 3166,0.999531,0.969745,5382.64,84.4069,164.6191243,-10.7704227,2000.0,Radial Velocity,,,0.37,9.83981
bd-11 4672 b,,168.44,1667.0,0.05,BD-11 4672,0.571,0.52,4475.0,27.1665,278.3688659,-11.6370481,2014.0,Radial Velocity,,K7 V,-0.48,9.48511
bd-11 4672 c,,15.37,74.2,0.4,BD-11 4672,0.651,0.639,4550.0,27.1665,278.3688659,-11.6370481,2020.0,Radial Velocity,,,-0.35,9.48511
bd-13 2130 b,,3108.3774,714.29999,0.21,BD-13 2130,2.12,19.17,4545.0,925.214,114.2884692,-13.9066703,2007.0,Radial Velocity,,,-0.08,9.69971
bd-14 3065 b,21.59,3932.0,4.2889731,0.066,BD-14 3065 A,1.41,2.35,6935.0,589.423,153.6696689,-15.6428372,2024.0,Transit,2001.0,,-0.34,10.91
bd-17 63 b,,1366.6621501,649.0,0.28,BD-17 63,,,,34.4603,7.1413494,-16.2273254,2008.0,Radial Velocity,,,,9.20112
bd-210397 b,,214.0,1891.0,0.1,BD-210397,0.679,0.747,4051.0,23.7324,33.3024198,-21.1962147,2023.0,Radial Velocity,,K7 V,0.12,9.25962
bd-210397 c,,1525.5763536,6240.0,0.43,BD-210397,0.69,,,23.7324,33.3024198,-21.1962147,2023.0,Radial Velocity,,K7 V,,9.25962
bebop-3 b,,177.34825111,547.0,0.247,BEBOP-3,1.083,1.414,6033.0,119.052,110.902655,79.1323952,2025.0,Radial Velocity,,,-0.02,9.1008
bebop-4 ab b,,8358.8871041,1823.5,0.428,BEBOP-4 A,1.507,,,234.294,192.5772651,26.1595358,2025.0,Radial Velocity,,G3 V,,9.43326
barnard b,,0.37,3.1533,0.16,Barnard's star,0.162,0.185,3195.0,1.82655,269.4486144,4.7379808,2024.0,Radial Velocity,400.0,M3.5-4 V,-0.56,8.19511
barnard c,,0.335,4.1244,0.08,Barnard's star,0.162,0.185,3195.0,1.82655,269.4486144,4.7379808,2025.0,Radial Velocity,400.0,M3.5-4 V,-0.56,8.19511
barnard d,,0.263,2.3402,0.04,Barnard's star,0.162,0.185,3195.0,1.82655,269.4486144,4.7379808,2025.0,Radial Velocity,483.0,M3.5-4 V,-0.56,8.19511
barnard e,,0.193,6.7392,0.04,Barnard's star,0.162,0.185,3195.0,1.82655,269.4486144,4.7379808,2025.0,Radial Velocity,340.0,M3.5-4 V,-0.56,8.19511
cd cet b,,3.95,2.2907,,CD Cet,0.161,0.175,3130.0,8.60715,48.3530155,4.7751881,2020.0,Radial Velocity,464.0,M5.0 V,0.13,12.1232
cd-35 2722 b,17.37392009,9375.9380065,,,CD-35 2722,,,3689.0,22.3896,92.3300147,-35.8255375,2011.0,Imaging,,M1 V,-0.16,10.2176
cfbdsir j145829+101343 b,,3337.1,10037.5,,CFBDSIR J145829+101343,0.021,,580.5,,224.6208333,10.2286111,2011.0,Imaging,370.0,,,
cfhtwir-oph 98 b,20.8487041,2479.0615746,8040000.0,,CFHTWIR-Oph 98 A,0.0147,0.245,2320.0,,246.934277,-23.98115,2020.0,Imaging,1800.0,M9-L1,,
chxr 73 b,,3994.486,,,CHXR 73,0.35,,,190.374,166.6193985,-77.6258725,2006.0,Imaging,,M3.5,,17.2934
ci tau c,,1144.1822652,25.2,0.58,CI Tau,,,,157.998,68.4667685,22.8416192,2024.0,Radial Velocity,,,,12.1454
coconuts-2 b,12.44196858,2542.627256,,,COCONUTS-2 A,0.37,0.388,3406.0,10.8864,117.300914,-76.702696,2021.0,Imaging,,M3 V,0.0,10.146
ct cha b,24.66,5403.0,,,CT Cha,,,,190.72,166.0375038,-76.4553693,2007.0,Imaging,2600.0,,,11.7733
cwisep j193518.59-154620.3 b,,4926.3403085,,,CWISEP J193518.59-154620.3,0.024,,,14.43,293.8262172,-15.7725727,2025.0,Imaging,390.0,Y,,
corot-1 b,19.223435,390.9309,1.5089682,0.036,CoRoT-1,1.22,1.23,6298.0,787.909,102.0798591,-3.1021394,2008.0,Transit,,,0.06,13.457
corot-10 b,10.87273,867.6759,13.2406,0.524,CoRoT-10,0.89,0.79,5075.0,338.386,291.0636813,0.7460143,2010.0,Transit,,,0.26,14.6645
corot-11 b,,,,,CoRoT-11,1.56,1.36,6343.0,655.037,280.6872998,5.9376586,2010.0,Transit,,,0.04,12.841
corot-12 b,16.14096,290.81445,2.828042,0.05,CoRoT-12,1.078,1.116,5675.0,1126.37,100.7656871,-1.2964437,2010.0,Transit,,,0.16,15.3453
corot-13 b,14.033668,416.99296,4.03519,,CoRoT-13,1.086,1.274,5945.0,1148.93,102.7211432,-5.0864557,2010.0,Transit,1432.0,,0.01,14.9147
corot-14 b,12.22,2415.4,1.51214,0.0,CoRoT-14,1.13,1.21,6035.0,1744.6,103.4242023,-5.5360385,2010.0,Transit,1952.0,F9 V,0.05,15.8116
corot-16 b,13.11,170.032,5.35227,0.33,CoRoT-16,1.098,1.19,5650.0,732.409,278.5246658,-6.0026026,2011.0,Transit,,G5 V,0.19,15.6507
corot-17 b,11.43,772.29,3.7681,0.0,CoRoT-17,1.04,1.59,5740.0,1176.12,278.699236,-6.612288,2011.0,Transit,1626.0,G2 V,0.0,15.4368
corot-18 b,14.68,1102.82,1.9000693,0.08,CoRoT-18,0.95,1.0,5440.0,764.889,98.1724172,-0.0316045,2011.0,Transit,1550.0,G9 V,-0.1,14.8009
corot-19 b,13.33871,346.4347,3.89713,,CoRoT-19,1.181,1.576,6090.0,790.663,97.0335983,-0.1707293,2011.0,Transit,1630.0,,-0.02,13.7831
corot-2 b,16.36514,1134.6531,1.7429935,,CoRoT-2,0.997,0.901,5598.0,213.283,291.7770457,1.3836634,2008.0,Transit,1521.0,,0.04,12.2489
corot-20 b,13.00244,1608.2198,9.24285,,CoRoT-20,1.11,1.34,5880.0,844.061,97.7204249,0.2268931,2011.0,Transit,1100.0,,0.14,14.4686
corot-20 c,,5403.11,1675.0,0.6,CoRoT-20,1.14,,,844.061,97.7204249,0.2268931,2018.0,Radial Velocity,,,,14.4686
corot-21 b,14.5717,718.2958,2.72474,0.0,CoRoT-21,1.29,1.95,6200.0,,101.0526207,-0.2991544,2012.0,Transit,,F8 IV,0.0,15.8558
corot-22 b,4.88,12.2,9.75598,0.077,CoRoT-22,1.099,1.136,5939.0,627.158,280.6671392,6.2191669,2014.0,Transit,885.0,G3 V,0.17,13.7305
corot-23 b,11.76945,982.0947,3.6313,0.16,CoRoT-23,1.14,1.61,5900.0,1060.97,279.7826586,4.3577516,2011.0,Transit,,,0.05,15.0681
corot-24 b,3.7,5.7,5.1134,0.0,CoRoT-24,0.91,0.86,4950.0,591.555,101.922543,-3.7192892,2014.0,Transit,1070.0,K1 V,0.3,15.1801
corot-24 c,5.0,28.0,11.759,0.0,CoRoT-24,0.91,0.86,4950.0,591.555,101.922543,-3.7192892,2014.0,Transit,850.0,K1 V,0.3,15.1801
corot-25 b,12.11,85.81,4.86069,0.0,CoRoT-25,1.09,1.19,6040.0,1103.48,280.6296561,6.5138223,2013.0,Transit,1330.0,F9,-0.01,14.711
corot-26 b,14.12,165.26,4.20474,0.0,CoRoT-26,1.09,1.79,5590.0,1045.18,279.7504991,6.9697828,2013.0,Transit,1600.0,G5,0.01,15.4682
corot-27 b,11.287,3302.11,3.57532,0.065,CoRoT-27,1.05,1.08,5900.0,1010.28,278.4958319,5.5383811,2014.0,Transit,1500.0,G2,-0.1,15.3902
corot-28 b,10.704595,152.87623,5.20851,0.071,CoRoT-28,1.01,1.78,5150.0,766.183,278.6883216,5.5736911,2015.0,Transit,,,0.15,13.4119
corot-29 b,10.0881,270.1555,2.85057,0.082,CoRoT-29,0.97,0.9,5260.0,806.507,278.9020691,6.4795703,2015.0,Transit,,K0 V,0.2,15.2394
corot-3 b,,,,,CoRoT-3,1.41,1.44,6558.0,768.771,292.0552827,0.1218359,2008.0,Transit,,,0.14,13.2188
corot-30 b,11.309881,921.707,9.06005,0.007,CoRoT-30,0.98,0.91,5650.0,1032.23,277.6011767,6.8359338,2020.0,Transit,,G3 V,0.02,15.413
corot-31 b,16.36514,266.9772,4.62941,0.02,CoRoT-31,1.25,2.15,5700.0,2005.76,94.820735,-4.4222978,2020.0,Transit,,G2 IV,0.0,15.4655
corot-32 b,6.38913,47.6745,6.71837,,CoRoT-32,1.08,0.79,5970.0,576.683,100.1951714,9.2573953,2018.0,Transit,938.0,G0 VI,0.0,13.5867
corot-35 b,18.83108758,349.6112477,3.22748,0.0,CoRoT-35,1.01,1.65,6390.0,1123.21,289.3143526,-2.7747085,2022.0,Transit,1747.0,F6 V,-0.5,15.2625
corot-36 b,15.80466279,216.12331676,5.616531,0.0,CoRoT-36,1.32,1.52,6730.0,925.958,277.7510149,7.1833465,2022.0,Transit,1567.0,F3 V,-0.1,12.9515
corot-4 b,13.34,228.83,9.20205,0.0,CoRoT-4,1.16,1.17,6190.0,726.412,102.1946233,-0.6727861,2008.0,Transit,1074.0,,,13.5613
corot-5 b,15.558092,151.92274,4.0378962,0.087,CoRoT-5,1.0,1.186,6100.0,882.472,101.2772396,0.8152163,2009.0,Transit,,,-0.25,13.9021
corot-6 b,,,8.8866287,,CoRoT-6,,,,645.294,281.0725563,6.6632062,2009.0,Transit,,,,13.7459
corot-7 b,,4.8,0.853585,0.0,CoRoT-7,0.899,0.864273,5256.0,159.906,100.9561682,-1.0630076,2009.0,Transit,,,0.06,11.5239
corot-7 c,,13.289,3.697,,CoRoT-7,0.915,,5250.0,159.906,100.9561682,-1.0630076,2009.0,Radial Velocity,,G9 V,,11.5239
corot-7 d,,17.142,8.966,,CoRoT-7,0.915,,5250.0,159.906,100.9561682,-1.0630076,2022.0,Radial Velocity,,G9 V,,11.5239
corot-8 b,6.938371,69.28694,6.212445,,CoRoT-8,0.89,0.802,,322.037,291.5885696,1.4262972,2010.0,Transit,870.0,,,14.2195
corot-9 b,11.948794,268.88418,95.272656,0.134,CoRoT-9,0.96,0.96,5625.0,412.98,280.7866461,6.2040783,2009.0,Transit,,,-0.01,13.5008
de cvn b,,3823.27330161,4098.1,0.0,DE CVn,0.51,,,30.5225,201.7207198,45.5455449,2018.0,Eclipse Timing Variations,,,,11.9752
denis-p j082303.1-491201 b,,9057.77,246.36,0.345,DENIS-P J082303.1-491201,0.075,,,,125.7620668,-49.2003008,2013.0,Astrometry,,L1.5,,18.5577
dh tau b,,3496.0,,,DH Tau,0.33,0.27,,134.846,67.4231674,26.5493897,2004.0,Imaging,,M0.5,,12.4961
dmpp-1 b,,24.27,18.57,0.083,DMPP-1,1.21,1.26,6196.0,62.5388,86.7761233,-10.6303217,2019.0,Radial Velocity,877.0,F8 V,,7.85032
dmpp-1 c,,9.6,6.584,0.057,DMPP-1,1.21,1.26,6196.0,62.5388,86.7761233,-10.6303217,2019.0,Radial Velocity,1239.0,F8 V,,7.85032
dmpp-1 d,,4.72,3.1417,0.36,DMPP-1,1.21,,,62.5388,86.7761233,-10.6303217,2019.0,Radial Velocity,,,,7.85032
dmpp-1 e,,4.13,5.516,0.07,DMPP-1,1.21,1.26,6196.0,62.5388,86.7761233,-10.6303217,2019.0,Radial Velocity,1314.0,F8 V,,7.85032
dmpp-2 b,,171.48,5.203,0.06,DMPP-2,1.41,,,137.94,27.407731,-34.4590985,2019.0,Radial Velocity,,,,8.45824
dmpp-2 c,,51.79,3.168,0.28,DMPP-2,1.41,,,137.94,27.407731,-34.4590985,2026.0,Radial Velocity,,,,8.45824
dmpp-2 d,,91.79,16.491,0.1,DMPP-2,1.41,,,137.94,27.407731,-34.4590985,2026.0,Radial Velocity,,,,8.45824
dmpp-3 a b,,2.67,5.59,0.42,DMPP-3 A,0.9,,,46.8917,91.6243532,-72.5143057,2019.0,Radial Velocity,,,,8.8543
dmpp-4 b,,12.2,3.4982,0.063,DMPP-4,1.25,1.38,6400.0,25.3284,293.5826648,51.2358069,2023.0,Radial Velocity,,F5-F8 V,-0.007,5.60037
dmpp-6 b,,5.8,7.6027,0.34,DMPP-6,1.079,1.27,,54.6303,120.3857827,-70.0234291,2026.0,Radial Velocity,,,,7.56056
dmpp-6 c,,13.47,36.441,0.31,DMPP-6,1.079,1.27,,54.6303,120.3857827,-70.0234291,2026.0,Radial Velocity,,,,7.56056
dmpp-7 b,,61.39,4.984,0.1,DMPP-7,1.09,,,101.386,203.5284651,0.4988127,2026.0,Radial Velocity,,G1 V,,8.65313
dmpp-8 b,,81.09,62.915,0.275,DMPP-8,0.99,1.24,,76.1335,305.3083517,-81.6166664,2026.0,Radial Velocity,,,,8.49441
dmpp-9 b,,14.43,12.733,0.25,DMPP-9,1.1,1.26,,109.539,316.3060007,-66.9581622,2026.0,Radial Velocity,,,,9.08087
dp leo b,,1995.88832,8693.0,,DP Leo,,,,305.684,169.3162193,17.9615717,2009.0,Eclipse Timing Variations,,,,18.6333
ds tuc a b,5.63,413.179,8.1387,,DS Tuc A,0.959,0.872,5542.0,44.0622,354.9154673,-69.196043,2019.0,Transit,,G6 V,-0.08,8.31926
epic 201170410.02,1.047,,6.7987,0.0,EPIC 201170410,0.287,0.282,3648.0,,170.1408561,-4.8070039,2020.0,Transit,,,-0.048,16.4386
epic 201238110 b,2.2,,28.1696,,EPIC 201238110,,0.374,,159.259,179.7058532,-3.3894613,2019.0,Transit,,,,15.2612
epic 201427007 b,1.5,,0.72091,,EPIC 201427007,,0.94,5633.0,706.391,184.6021322,-0.5512886,2021.0,Transit,,,-0.053,14.147
epic 201497682 b,0.692,,2.13174,,EPIC 201497682,0.78,,,253.026,168.9366786,0.4880606,2019.0,Transit,,,,13.7368
epic 201595106 b,1.2,,0.87703,,EPIC 201595106,1.018,0.990833,5711.17,232.1,183.7203635,1.9681688,2021.0,Transit,1874.0,,0.018,11.6477
epic 201615463 c,1.22,,3.80464,,K2-166,1.073,,,476.882,185.1880932,2.2823788,2019.0,Transit,,,,11.9456
epic 201754305 d,1.03,,2.71578,,K2-16,0.67,,,334.967,175.0972238,4.5574311,2019.0,Transit,,,,14.3234
epic 201757695.02,0.90819,,2.0478,0.0,EPIC 201757695,0.727,0.655,4520.0,,173.9385102,4.6164303,2020.0,Transit,,,-0.003,
epic 201833600 c,1.0,,3.96151,,K2-50,0.611,,,257.443,169.483654,5.988289,2019.0,Transit,,,,14.2575
epic 201841433 b,1.1,,4.16959,,EPIC 201841433,0.802,,,436.488,175.206752,6.1348146,2019.0,Transit,,,,14.5885
epic 205950854 c,1.62,,8.0516,,K2-168,,0.904,,243.935,333.1100738,-16.3418863,2019.0,Transit,,,,12.0976
epic 206024342 b,1.44,,4.50717,,EPIC 206024342,,0.823,,369.888,331.2771441,-14.1218019,2019.0,Transit,,,,12.9682
epic 206024342 c,1.35,,0.9116567,,EPIC 206024342,,0.94,5648.0,369.888,331.2771441,-14.1218019,2021.0,Transit,,,,12.9682
epic 206024342 d,4.0,,14.637,,EPIC 206024342,,1.5,6438.0,369.888,331.2771441,-14.1218019,2021.0,Transit,,,,12.9682
epic 206032309 b,1.01,,2.87814,,EPIC 206032309,0.221,,,161.365,341.2404563,-13.9011223,2019.0,Transit,,,,16.0689
epic 206042996 b,1.7,,5.2986,,EPIC 206042996,,0.5,4114.0,451.769,337.5136198,-13.6101475,2019.0,Transit,,,0.006,15.9752
epic 206042996 c,1.2,,0.354884,,EPIC 206042996,,0.5,4114.0,451.769,337.5136198,-13.6101475,2021.0,Transit,,,0.006,15.9752
epic 206215704 b,0.9,,2.25372,,EPIC 206215704,0.407,,,109.888,335.0949721,-9.5097112,2019.0,Transit,,,,16.1722
epic 206317286 b,0.96,,1.58252,,EPIC 206317286,0.711,,,314.35,337.6178427,-7.972456,2019.0,Transit,,,,13.774
epic 206317286 c,2.63,,17.501662,,EPIC 206317286,,0.73,4749.0,314.35,337.6178427,-7.972456,2022.0,Transit,,,,13.774
epic 211822797 b,2.2,,21.169619,0.18,EPIC 211822797,0.61,0.59,3880.0,186.197,130.4102091,17.6399744,2016.0,Transit,,,0.14,14.5263
epic 211945201 b,,,19.4921498,,EPIC 211945201,1.18,1.38,6025.0,181.69,136.5741931,19.4020565,2018.0,Transit,,G0,0.1,10.0512
epic 212297394 b,1.48,,2.289363,,EPIC 212297394,0.83,0.8,5171.0,418.395,207.2061241,-17.6098985,2019.0,Transit,1149.0,,-0.03,14.1864
epic 212297394 c,2.27,,5.213965,,EPIC 212297394,0.83,0.8,5171.0,418.395,207.2061241,-17.6098985,2021.0,Transit,866.0,,-0.03,14.1864
epic 212424622 b,2.21,,18.0971,,EPIC 212424622,,1.2247,,611.804,202.3313765,-14.3594358,2019.0,Transit,,,,13.2026
epic 212499991 b,1.6,,34.885,,EPIC 212499991,0.912,,,283.29,202.488752,-12.7347749,2019.0,Transit,,,,13.3118
epic 212587672 b,1.26,,15.28078,,EPIC 212587672,0.99,0.98,6004.0,320.07,205.4445125,-10.8625468,2019.0,Transit,756.0,,-0.18,12.2038
epic 212587672 c,,,23.226,,EPIC 212587672,1.13,0.94987,6055.0,320.07,205.4445125,-10.8625468,2021.0,Transit,,,,12.2038
epic 212624936 b,1.2,,0.578657,,EPIC 212624936,,0.93,5765.0,561.929,210.6376171,-10.0236852,2021.0,Transit,,,-0.39,13.8326
epic 212624936 c,2.67,,11.81387,,EPIC 212624936,,0.948,,561.929,210.6376171,-10.0236852,2021.0,Transit,,,,13.8326
epic 212737443 b,,,13.60697954,,EPIC 212737443,0.724,0.669035,4581.0,336.25,204.2215065,-7.3180577,2019.0,Transit,,,,14.4776
epic 212737443 c,2.69,,65.55,0.2,EPIC 212737443,0.69,0.673,4684.0,336.25,204.2215065,-7.3180577,2019.0,Transit,316.0,K3,-0.137,14.4776
epic 220492298 b,0.99,,0.762406,,EPIC 220492298,,0.89,5620.0,624.512,16.7615005,6.588798,2021.0,Transit,,,0.28,13.7756
epic 220554210 c,1.48,,0.70531,,K2-282,0.94,,,496.289,13.4321524,7.9952914,2019.0,Transit,,,,13.8183
epic 220674823 b,1.87,8.03,0.571282,,EPIC 220674823,0.91,0.995,5496.0,244.59,13.0800239,10.7947051,2016.0,Transit,2115.0,,0.06,11.9535
epic 220674823 c,2.712,7.9,13.340603,0.18,EPIC 220674823,0.913,0.99,5578.0,244.59,13.0800239,10.7947051,2016.0,Transit,838.0,G5 V,-0.005,11.9535
epic 228836835 b,1.1,,0.728113,,EPIC 228836835,,0.32,3782.0,150.124,189.5748998,-5.2446247,2021.0,Transit,,,-0.18,15.4185
epic 229004835 b,2.332,10.4,16.141132,0.23,EPIC 229004835,0.97,0.999,5868.0,121.971,186.4860415,-1.4047214,2023.0,Transit,804.0,,-0.12,10.0494
epic 246851721 b,11.780659,953.49,6.180235,,EPIC 246851721,1.317,1.586,6202.0,372.632,78.9198197,16.2786991,2018.0,Transit,1401.0,F5 V,0.141,11.2549
epic 248847494 b,12.44199,4131.79,3650.0,0.0,EPIC 248847494,0.9,2.7,4898.0,551.886,159.3890808,11.8427484,2018.0,Transit,183.0,,-0.23,12.1722
epic 249893012 b,1.95,8.75,3.5951,0.06,EPIC 249893012,1.05,1.71,5430.0,321.296,228.2482353,-16.7246474,2020.0,Transit,1616.0,G8 IV/V,0.2,11.4019
epic 249893012 c,3.67,14.67,15.624,0.07,EPIC 249893012,1.05,1.71,5430.0,321.296,228.2482353,-16.7246474,2020.0,Transit,990.0,G8 IV/V,0.2,11.4019
epic 249893012 d,3.94,10.18,35.747,0.15,EPIC 249893012,1.05,1.71,5430.0,321.296,228.2482353,-16.7246474,2020.0,Transit,752.0,G8 IV/V,0.2,11.4019
fu tau b,,5085.28,,,FU Tau,0.05,,2838.0,,65.8974962,25.0506711,2008.0,Imaging,2375.0,M7.25,,15.2412
g 192-15 b,,1.03,2.27476,0.0,G 192-15,0.132,,,9.53114,90.6220931,49.861939,2025.0,Radial Velocity,453.6,M5.0 V,,12.6973
g 192-15 c,,14.3,1219.0,0.676,G 192-15,0.132,,,9.53114,90.6220931,49.861939,2025.0,Radial Velocity,55.9,M5.0 V,,12.6973
g 196-3 b,,8263.538582,,,G 196-3,,,,21.7912,151.0884754,50.3861806,2024.0,Imaging,1670.0,,,10.6123
g 261-6 b,,1.37,5.4536,0.0,G 261-6,0.118,,,10.6267,291.07432,75.5558405,2025.0,Radial Velocity,322.3,M5.5 V,,13.4037
g 264-012 b,,2.5,2.30538,,G 264-012,0.297,0.305,3326.0,16.009,326.6719598,66.803848,2021.0,Radial Velocity,587.0,M4.0 V,0.1,11.7617
g 264-012 c,,3.75,8.0518,,G 264-012,0.297,0.305,3326.0,16.009,326.6719598,66.803848,2021.0,Radial Velocity,387.0,M4.0 V,0.1,11.7617
g 268-110 b,,1.52,1.43263,0.0,G 268-110,0.137,,,,16.223688,-18.124802,2025.0,Radial Velocity,534.0,M5.0 V,,
g 9-40 b,,,5.7459996,,G 9-40,0.29,0.3073,3348.0,27.9276,134.7188514,21.0747961,2019.0,Transit,,M2.5 V,0.04,12.7331
gj 1002 b,,1.08,10.3465,,GJ 1002,0.12,0.137,3024.0,4.84867,1.6764641,-7.5462123,2022.0,Radial Velocity,230.9,M5.5 V,-0.25,11.7804
gj 1002 c,,1.36,21.202,,GJ 1002,0.12,0.137,3024.0,4.84867,1.6764641,-7.5462123,2022.0,Radial Velocity,181.7,M5.5 V,-0.25,11.7804
gj 1061 b,,1.11,3.2073,0.05,GJ 1061,0.12,0.156,2953.0,3.67278,54.0032486,-44.5143104,2020.0,Radial Velocity,,M5.5 V,-0.08,10.9889
gj 1061 c,,1.81,6.6821,0.02,GJ 1061,0.12,0.156,2953.0,3.67278,54.0032486,-44.5143104,2020.0,Radial Velocity,,M5.5 V,-0.08,10.9889
gj 1061 d,,1.64,13.031,0.53,GJ 1061,0.12,0.156,2953.0,3.67278,54.0032486,-44.5143104,2020.0,Radial Velocity,,M5.5 V,-0.08,10.9889
gj 1132 b,1.22,1.69,1.62893,0.0,GJ 1132,0.198,0.226,,12.613,153.7090696,-47.1549358,2015.0,Transit,591.0,M4.5 V,-0.18,12.138
gj 1132 c,,2.64,8.929,0.27,GJ 1132,0.181,0.2105,3270.0,12.613,153.7090696,-47.1549358,2018.0,Radial Velocity,300.0,,,12.138
gj 1137 c,,5.12,9.6412,0.0,HD 93083,0.836,0.837,5033.8,28.5159,161.0866672,-33.5776794,2026.0,Radial Velocity,,K2 IV-V,0.13,8.04206
gj 1148 b,,107.74382997,41.375,0.366,GJ 1148,0.373585,0.36664,3357.57,11.0143,175.4326081,42.7515862,2010.0,Radial Velocity,,,0.1596,10.5769
gj 1148 c,,68.06,532.58,0.342,GJ 1148,0.344045,0.358519,3287.0,11.0143,175.4326081,42.7515862,2017.0,Radial Velocity,,,,10.5769
gj 1151 c,,10.62,389.7,,GJ 1151,0.1639,0.1781,3280.0,8.03625,177.7304866,48.3732334,2023.0,Radial Velocity,,M 4.5V,-0.12,11.6938
gj 1214 b,2.61,,1.5804043,,GJ 1214,,0.201,,14.6427,258.8313991,4.9606795,2009.0,Transit,,,,13.0089
gj 1252 b,1.193,2.09,0.5182349,0.0,GJ 1252,0.381,0.391,3458.0,20.373,306.9286462,-56.4622865,2020.0,Transit,1089.0,M3,0.1,11.2364
gj 1265 b,,7.4,3.6511,0.04,GJ 1265,0.178,0.192,3236.0,10.2525,333.4324675,-17.6870623,2018.0,Radial Velocity,,M4.5 V,-0.04,12.0807
gj 1289 b,,6.27,111.74,0.0,GJ 1289,0.21,,3296.0,8.35147,355.7813464,36.5363314,2024.0,Radial Velocity,150.0,M4.5 Ve,0.02,11.1534
gj 143 b,,30.63,35.589,0.325,GJ 143,0.76,0.73,,16.32,51.7501882,-63.500166,2019.0,Transit,,,,7.67906
gj 15 a b,,5.35,11.4433,0.0,GJ 15 A,0.375,0.3863,3567.0,3.56228,4.6126677,44.0247296,2014.0,Radial Velocity,550.0,M2 V,-0.32,7.2162
gj 15 a c,,36.0,7600.0,0.27,GJ 15 A,0.38,0.38,3607.0,3.56228,4.6126677,44.0247296,2018.0,Radial Velocity,,M1,-0.34,7.2162
gj 160.2 b,,10.2,5.2354,0.06,GJ 160.2,0.69,,4347.0,25.8557,61.6454173,-20.8564724,2014.0,Radial Velocity,,M0 V,,9.20154
gj 163 b,,10.6,8.63182,0.073,GJ 163,,,,15.1285,62.3228353,-53.3711768,2013.0,Radial Velocity,,,,10.6771
gj 163 c,,6.8,25.63058,0.099,GJ 163,,,,15.1285,62.3228353,-53.3711768,2013.0,Radial Velocity,,,,10.6771
gj 163 d,,29.4,603.95116,0.373,GJ 163,,,,15.1285,62.3228353,-53.3711768,2013.0,Radial Velocity,,,,10.6771
gj 179 b,,260.61,2288.0,0.21,GJ 179,0.357,0.38,3370.0,12.356,73.0245495,6.4752347,2009.0,Radial Velocity,,M3.5 V,0.3,10.7055
gj 180 b,,8.3,17.38,0.11,GJ 180,0.43,,3371.0,11.9407,73.460097,-17.776194,2014.0,Radial Velocity,,M2 V,,9.93395
gj 180 c,,6.4,24.329,0.09,GJ 180,0.43,,3371.0,11.9407,73.460097,-17.776194,2014.0,Radial Velocity,,M2 V,,9.93395
gj 180 d,,7.56,106.3,0.14,GJ 180,0.43,,,11.9407,73.460097,-17.776194,2020.0,Radial Velocity,,,,9.93395
gj 2030 b,,4.76742611,2.38129,0.239,GJ 2030,0.96,,,37.0788,50.8237604,-7.7950429,2022.0,Radial Velocity,,,,6.02088
gj 2030 c,,4069.15709482,25533.11353,0.041,GJ 2030,0.96,,,37.0788,50.8237604,-7.7950429,2022.0,Radial Velocity,,,,6.02088
gj 2056 b,,16.2,69.971,0.72,GJ 2056,0.62,,,28.4434,108.0194945,-24.8921008,2020.0,Radial Velocity,,,,9.72281
gj 2126 b,,413.1769291,272.7,0.85,GJ 2126,0.65,0.728,4159.0,38.129,257.3606793,-35.391719,2025.0,Radial Velocity,,M0 V,0.6,10.1496
gj 229 a c,,7.268,121.995,0.19,GJ 229,0.58,,,5.75624,92.6435993,-21.8677233,2020.0,Radial Velocity,,,,7.30724
gj 229 b,,8.478,526.115,0.1,GJ 229,0.58,,,5.75624,92.6435993,-21.8677233,2014.0,Radial Velocity,,,,7.30724
gj 238 b,0.566,,1.7446999,,GJ 238,0.4193,0.4314,3485.0,15.2142,98.454881,-58.5250316,2024.0,Transit,758.0,M2.5 V,0.15,10.5294
gj 251 b,,3.85,14.237,0.0,GJ 251,0.35,0.36,3342.0,5.58057,103.7002499,33.2664632,2020.0,Radial Velocity,336.0,,0.07,8.85518
gj 251 c,,3.88,53.647,0.0,GJ 251,0.35,0.36,3342.0,5.58057,103.7002499,33.2664632,2025.0,Radial Velocity,216.0,,0.07,8.85518
gj 27.1 b,,13.0,15.819,0.08,GJ 27.1,0.53,,3542.0,23.6062,9.9980016,-44.2541679,2014.0,Radial Velocity,,M0.5 V,,10.579
gj 273 b,,2.89,18.6498,0.1,GJ 273,0.29,0.293,3382.0,5.921535,111.852091,5.225807,2017.0,Radial Velocity,,M3.5,0.09,
gj 273 c,,1.18,4.7234,0.17,GJ 273,0.29,0.293,3382.0,5.921535,111.852091,5.225807,2017.0,Radial Velocity,,M3.5,0.09,
gj 3021 b,,1071.04,133.71,0.511,GJ 3021,0.9,0.9,5540.0,17.5559,4.0634323,-79.8514218,2000.0,Radial Velocity,350.0,G6 V,0.1,6.39729
gj 3082 b,,8.2,11.949,0.22,GJ 3082,0.47,,,16.6186,18.6432425,-53.9407751,2020.0,Radial Velocity,,,,10.2011
gj 3090 b,2.13,3.34,2.8531054,0.32,GJ 3090,0.519,0.516,3556.0,22.4751,20.4384281,-46.7147234,2022.0,Transit,693.0,M2 V,-0.06,10.5521
gj 3090 c,,10.0,15.9407,0.0,GJ 3090,0.519,0.516,3707.0,22.4751,20.4384281,-46.7147234,2026.0,Radial Velocity,407.2,M2 V,0.12,10.5521
gj 3138 b,,1.78,1.22003,0.19,GJ 3138,0.681,0.5,3717.0,28.4712,32.2977385,-16.3392495,2017.0,Radial Velocity,,M0,-0.3,10.1924
gj 3138 c,,4.18,5.974,0.11,GJ 3138,0.681,0.5,3717.0,28.4712,32.2977385,-16.3392495,2017.0,Radial Velocity,,M0,-0.3,10.1924
gj 3138 d,,10.5,257.8,0.32,GJ 3138,0.681,0.5,3717.0,28.4712,32.2977385,-16.3392495,2017.0,Radial Velocity,,M0,-0.3,10.1924
gj 317 b,,381.4,692.9,0.193,GJ 317,0.26,,,15.1968,130.2445254,-23.452809,2007.0,Radial Velocity,,M3.5 V,-0.23,10.7539
gj 317 c,,454.49462201,6500.0,0.217,GJ 317,0.402,0.403,3496.0,15.1968,130.2445254,-23.452809,2016.0,Radial Velocity,,M3.5 V,-0.02,10.7539
gj 3222 b,,11.44182265,10.66669,0.929,GJ 3222,0.89,,,18.23817,50.8972464,-40.0762325,2022.0,Radial Velocity,,,,
gj 328 b,,797.74930157,3771.0,0.227,GJ 328,0.65,0.63,3897.0,20.5266,133.7819507,1.5420011,2013.0,Radial Velocity,,M0.0,-0.06,9.2861
gj 328 c,,21.4,241.8,,GJ 328,0.65,0.63,3897.0,20.5266,133.7819507,1.5420011,2023.0,Radial Velocity,,M0.0,-0.06,9.2861
gj 3293 b,,25.72,30.6,0.07,GJ 3293,0.42,0.404,3466.0,20.1903,67.1484425,-25.1713396,2015.0,Radial Velocity,,M2.5,0.02,10.9788
gj 3293 c,,25.72,123.75,0.33,GJ 3293,0.42,0.404,3466.0,20.1903,67.1484425,-25.1713396,2015.0,Radial Velocity,,M2.5,0.02,10.9788
gj 3293 d,,7.6,48.1345,0.12,GJ 3293,0.42,0.404,3466.0,20.1903,67.1484425,-25.1713396,2017.0,Radial Velocity,,M2.5,0.02,10.9788
gj 3293 e,,3.28,13.2543,0.21,GJ 3293,0.42,0.404,3466.0,20.1903,67.1484425,-25.1713396,2017.0,Radial Velocity,,M2.5,0.02,10.9788
gj 3323 b,,2.02,5.3636,0.23,GJ 3323,0.164,0.119,3159.0,5.37484,75.4868824,-6.9485133,2017.0,Radial Velocity,,M4,-0.27,10.6467
gj 3323 c,,2.31,40.54,0.17,GJ 3323,0.164,0.119,3159.0,5.37484,75.4868824,-6.9485133,2017.0,Radial Velocity,,M4,-0.27,10.6467
gj 3341 b,,6.6,14.207,0.31,GJ 3341,0.47,0.439,3526.0,23.619,78.9471415,-31.2948458,2015.0,Radial Velocity,,M2.5,-0.09,11.1029
gj 338 b b,,10.6,24.422,0.109,GJ 338 B,0.64,0.58,4014.0,6.33256,138.5916722,52.6835211,2020.0,Radial Velocity,,M0 V,-0.03,7.04775
gj 341 b,0.867887,,7.5768334,,GJ 341,,0.53,3766.0,10.454,140.3993759,-60.2811692,2025.0,Transit,629.0,,,8.67538
gj 3470 b,4.13050781,,3.33665106329,,GJ 3470,,0.499698,3552.0,29.4214,119.7735021,15.391209,2012.0,Radial Velocity,595.19,,,11.3537
gj 3473 b,,,1.19800484,,GJ 3473,0.36,0.364,3347.0,27.3644,120.5936065,3.3371629,2020.0,Transit,,,0.11,12.465
gj 3473 c,,7.41,15.509,0.0,GJ 3473,0.36,0.364,3347.0,27.3644,120.5936065,3.3371629,2020.0,Radial Velocity,329.1,,0.11,12.465
gj 3512 b,,146.51889563,203.109,0.4279,GJ 3512,0.123,0.139,3141.0,9.48637,130.3316616,59.4918364,2019.0,Radial Velocity,,M5.5 V,-0.07,13.1117
gj 3512 c,,63.5656814,1599.6,0.0183,GJ 3512,0.123,0.139,3081.0,9.48637,130.3316616,59.4918364,2020.0,Radial Velocity,,M5.5 V,-0.07,13.1117
gj 357 b,1.217,1.84,3.93072,,GJ 357,0.342,0.337,3505.0,9.44181,144.0074644,-21.6650634,2019.0,Transit,525.0,M2.5 V,-0.12,9.88036
gj 357 c,,3.4,9.1247,,GJ 357,0.342,0.337,3505.0,9.44181,144.0074644,-21.6650634,2019.0,Radial Velocity,401.2,M2.5 V,-0.12,9.88036
gj 357 d,,6.1,55.661,,GJ 357,0.342,0.337,3505.0,9.44181,144.0074644,-21.6650634,2019.0,Radial Velocity,219.6,M2.5 V,-0.12,9.88036
gj 3634 b,,8.4,2.64561,0.08,GJ 3634,0.45,0.43,,20.3779,164.6433493,-31.1443383,2010.0,Radial Velocity,,M2.5,,10.9233
gj 367 b,0.699,0.633,0.3219225,0.06,GJ 367,0.455,0.458,3522.0,9.41263,146.121464,-45.7790165,2021.0,Transit,1365.0,M1.0 V,-0.01,9.15159
gj 367 c,,4.13,11.5301,0.09,GJ 367,0.455,0.458,3522.0,9.41263,146.121464,-45.7790165,2023.0,Radial Velocity,,M1.0 V,-0.01,9.15159
gj 367 d,,6.03,34.369,0.14,GJ 367,0.455,0.458,3522.0,9.41263,146.121464,-45.7790165,2023.0,Radial Velocity,,M1.0 V,-0.01,9.15159
gj 3779 b,,8.0,3.0232,0.07,GJ 3779,0.27,0.281,3324.0,13.743,200.7335358,24.4639425,2018.0,Radial Velocity,,M4.0 V,0.0,11.6266
gj 3929 b,1.09728674,,2.61627687236,,GJ 3929,,0.325635,3352.0,15.8095,239.5775678,35.4081141,2022.0,Transit,533.23,,,11.5109
gj 3929 c,,5.71,15.04,0.0,GJ 3929,0.313,0.32,3384.0,15.8095,239.5775678,35.4081141,2022.0,Radial Velocity,317.0,,-0.02,11.5109
gj 393 b,,1.71,7.02679,,GJ 393,0.426,0.426,3579.0,7.03149,157.2288672,0.8378485,2021.0,Radial Velocity,485.0,M2.0 V,-0.09,8.67373
gj 3942 b,,7.14,6.905,0.121,GJ 3942,0.63,0.61,3867.0,16.9287,242.2645452,52.9441443,2017.0,Radial Velocity,590.0,M0,-0.04,9.40765
gj 3988 b,,3.69,6.9442,0.0,GJ 3988,0.1842,0.19734,3273.0,9.9105,255.8503747,51.4089795,2023.0,Radial Velocity,348.0,M4.5 V,-0.12,11.9925
gj 3998 b,,2.47,2.64977,0.0,GJ 3998,0.5,0.49,3722.0,18.1459,259.0020507,11.0561751,2016.0,Radial Velocity,,M1,-0.16,9.98337
gj 3998 c,,6.82,13.727,0.0,GJ 3998,0.52,0.5,3726.0,18.1459,259.0020507,11.0561751,2016.0,Radial Velocity,,,-0.13,9.98337
gj 3998 d,,6.07,41.78,0.0,GJ 3998,0.52,0.5,3726.0,18.1459,259.0020507,11.0561751,2025.0,Radial Velocity,,,-0.13,9.98337
gj 411 b,,2.69,12.946,0.12,GJ 411,0.39,0.392,3601.0,5.675773,165.834471,35.972317,2019.0,Radial Velocity,370.1,M1.5 V,-0.09,
gj 414 a b,,10.23407471,51.625,0.28,GJ 414 A,0.694721,0.669922,4205.93,11.8893,167.7745044,30.4451688,2021.0,Radial Velocity,,,0.2434,7.72808
gj 414 a c,8.4,53.83,749.83,0.105,GJ 414 A,0.65,0.68,4120.0,11.8893,167.7745044,30.4451688,2021.0,Radial Velocity,124.7,K7 V,0.24,7.72808
gj 422 b,,9.9,26.161,0.05,GJ 422,0.35,,3323.0,12.6631,168.9810458,-57.5425629,2014.0,Radial Velocity,,M3.5 V,,10.4771
gj 4274 b,,2.97,1.6339,,GJ 4274,0.18,0.19,3228.0,7.23556,335.7805478,-17.6104078,2026.0,Radial Velocity,,M4.5 V,-0.19,11.5542
gj 4274 c,,8.39,69.57,,GJ 4274,0.18,0.19,3228.0,7.23556,335.7805478,-17.6104078,2026.0,Radial Velocity,,M4.5 V,-0.19,11.5542
gj 4276 b,,16.57,13.352,0.37,GJ 4276,0.406,0.407,3387.0,21.3362,336.3221454,59.412503,2019.0,Radial Velocity,,M4.0,0.12,11.6605
gj 433 b,,6.3566,7.3709,0.08,GJ 433,0.59,0.5,3461.0,9.06456,173.8619194,-32.5436302,2013.0,Radial Velocity,,,-0.17,8.89138
gj 433 c,,45.0,3400.0,0.08,GJ 433,0.48,,3472.0,9.06456,173.8619194,-32.5436302,2014.0,Radial Velocity,,M1.5 V,,8.89138
gj 433 d,,5.223,36.059,0.07,GJ 433,0.48,,,9.06456,173.8619194,-32.5436302,2020.0,Radial Velocity,,,,8.89138
gj 436 b,4.26,23.201,2.6,0.2,GJ 436,,,,9.75321,175.5505363,26.7030669,2004.0,Radial Velocity,650.0,M2.5 V,,9.57148
gj 463 b,,524.09904314,3459.0,0.146,GJ 463,0.486,0.483,3563.0,18.3554,185.7440496,64.0324311,2022.0,Radial Velocity,,M3.0 V,-0.16,10.5462
gj 480 b,,13.2,9.567,0.1,GJ 480,0.45,,,14.2358,189.7134226,11.6950708,2020.0,Radial Velocity,,M3.5 Ve,,10.3249
gj 486 b,1.3241394,,1.46711903473,,GJ 486,,0.331472,3297.0,8.07426,191.981531,9.7494181,2021.0,Radial Velocity,639.36,,,10.094
gj 504 b,,1271.3,,,GJ 504,1.22,,6234.0,17.5299,199.192348,9.4249781,2013.0,Imaging,510.0,G0 V,0.28,5.04156
gj 508.2 b,,587.98255295,5300.0,0.27,GJ 508.2,0.54,0.53,3720.0,16.6374,200.2443854,34.2776644,2025.0,Radial Velocity,,M1.0 V,-0.15,9.76539
gj 514 b,,5.2,140.43,0.45,GJ 514,0.51,0.5,3728.0,7.61778,202.5040424,10.3725387,2022.0,Radial Velocity,202.0,M0.5-1.0 V,-0.14,8.20621
gj 536 b,,5.36,8.7076,0.08,GJ 536,0.52,0.5,3685.0,10.4092,210.2597264,-2.6522901,2016.0,Radial Velocity,,M1 V,-0.08,8.85881
gj 536 c,,5.89,32.761,0.0,GJ 536,0.528,0.529,3641.0,10.4092,210.2597264,-2.6522901,2025.0,Radial Velocity,290.5,,-0.08,8.85881
gj 581 b,,16.2410316,5.36879,0.02,GJ 581,0.318714,0.315254,3490.39,6.2981,229.8564725,-7.7226935,2005.0,Radial Velocity,,,-0.0881,9.411
gj 581 c,,6.81,12.9211,0.032,GJ 581,0.295,0.302,3500.0,6.2981,229.8564725,-7.7226935,2007.0,Radial Velocity,,M3.0 V,-0.08,9.411
gj 581 e,,1.7,3.149,0.0,GJ 581,0.310747,0.329702,3396.0,6.2981,229.8564725,-7.7226935,2009.0,Radial Velocity,,,,9.411
gj 625 b,,2.82,14.628,0.13,GJ 625,0.3,0.31,3499.0,6.47249,246.3557854,54.3033625,2017.0,Radial Velocity,,M2,-0.38,9.13702
gj 649 b,,81.99972901,600.1,0.083,GJ 649,0.51,0.5,3734.0,10.3796,254.5363221,25.7419719,2009.0,Radial Velocity,,M1.0,-0.15,8.81875
gj 667 c b,,5.661,7.2,0.122,GJ 667 C,,,3650.0,7.24396,259.7510609,-34.9977651,2012.0,Radial Velocity,,,,9.38033
gj 667 c c,,3.709,28.143,0.133,GJ 667 C,,,3650.0,7.24396,259.7510609,-34.9977651,2013.0,Radial Velocity,,,,9.38033
gj 667 c e,,2.7,62.24,0.02,GJ 667 C,0.33,,3350.0,7.24396,259.7510609,-34.9977651,2013.0,Radial Velocity,,M1.5 V,-0.55,9.38033
gj 667 c f,,2.7,39.026,0.03,GJ 667 C,0.33,,3350.0,7.24396,259.7510609,-34.9977651,2013.0,Radial Velocity,,M1.5 V,-0.55,9.38033
gj 667 c g,,4.6,256.2,0.08,GJ 667 C,0.33,,3350.0,7.24396,259.7510609,-34.9977651,2013.0,Radial Velocity,,M1.5 V,-0.55,9.38033
gj 674 b,,11.09,4.6938,0.2,GJ 674,0.35,,3600.0,4.54896,262.1700476,-46.8989826,2007.0,Radial Velocity,,M2.5,-0.28,8.33063
gj 676 a b,,1840.86213334,1051.44521,0.319,GJ 676 A,0.626,,,16.0272,262.5448903,-51.6377777,2010.0,Radial Velocity,,,,8.86517
gj 676 a c,,4288.14086724,13921.42302,0.295,GJ 676 A,0.626,,,16.0272,262.5448903,-51.6377777,2016.0,Radial Velocity,,,,8.86517
gj 676 a d,,4.4,3.6005,0.262,GJ 676 A,,,,16.0272,262.5448903,-51.6377777,2012.0,Radial Velocity,,,,8.86517
gj 676 a e,,6.67439655,35.47358,0.152,GJ 676 A,0.626,,,16.0272,262.5448903,-51.6377777,2012.0,Radial Velocity,,,,8.86517
gj 680 b,,7977.4930157,17281.66514,0.381,GJ 680,0.456,,,9.67315,263.8072214,-48.6788427,2022.0,Radial Velocity,,,,9.28322
gj 682 b,,4.4,17.478,0.08,GJ 682,0.27,,3028.0,5.00671,264.2610245,-44.3232519,2014.0,Radial Velocity,,M3.5 V,,9.57025
gj 682 c,,8.7,57.32,0.1,GJ 682,0.27,,3028.0,5.00671,264.2610245,-44.3232519,2014.0,Radial Velocity,,M3.5 V,,9.57025
gj 685 b,,9.0,24.16,0.0,GJ 685,0.55,0.54,3816.0,14.3155,263.8960378,61.6793482,2019.0,Radial Velocity,,M0.5,-0.15,9.1671
gj 687 b,,19.0698,38.14,0.04,GJ 687,0.45,0.43,3340.0,4.54939,264.1041731,68.3336741,2014.0,Radial Velocity,,,0.15,8.02754
gj 687 c,,16.0,727.562,0.4,GJ 687,0.4,,,4.54939,264.1041731,68.3336741,2020.0,Radial Velocity,,,,8.02754
gj 720 a b,,13.64,19.466,0.12,GJ 720 A,0.57,0.56,3837.0,15.5575,278.8294172,45.7456038,2021.0,Radial Velocity,401.0,M0.5 V,-0.14,9.10496
gj 724 b,,10.75,5.101284,0.577,GJ 724,0.5271,0.52226,3799.0,16.9658,280.238365,-13.3824997,2023.0,Radial Velocity,611.0,M1.0 V,-0.02,9.76915
gj 740 b,,2.96,2.37756,0.24,GJ 740,0.58,0.56,3913.0,11.1017,284.4997178,5.902867,2021.0,Radial Velocity,829.0,M1.0 V,0.08,8.45636
gj 806 b,1.67823,,0.9263237,,GJ 806,,0.43,3573.0,12.0445,311.2697002,44.5002351,2023.0,Transit,1162.0,,,9.82461
gj 806 c,,5.8,6.64064,,GJ 806,0.413,0.4144,3600.0,12.0445,311.2697002,44.5002351,2023.0,Radial Velocity,490.0,M1.5 V,-0.28,9.82461
gj 832 b,,254.2627256,3610.0,0.069,GJ 832,0.45,,3472.0,4.96435,323.3912616,-49.0125169,2008.0,Radial Velocity,,M1 V,-0.3,7.73761
gj 849 b,,289.21,1845.0,0.05,GJ 849,0.49,,,8.80058,332.4229938,-4.6408317,2006.0,Radial Velocity,,M3 V,,9.2245
gj 849 c,,223.11554171,7068.0,,GJ 849,0.49,,,8.80058,332.4229938,-4.6408317,2014.0,Radial Velocity,,M3.5,0.22,9.2245
gj 86 b,,1242.66,15.76491,0.0416,GJ 86,0.77,,5151.0,10.7836,32.6224785,-50.8209945,1999.0,Radial Velocity,,,-0.268,5.88516
gj 876 b,,839.04,61.065,0.031,GJ 876,0.334,,,4.67517,343.3239737,-14.2665958,1998.0,Radial Velocity,,M4 V,0.05,8.8753
gj 876 c,,281.74196543,30.126,0.25,GJ 876,0.336778,0.352224,3271.0,4.67517,343.3239737,-14.2665958,2000.0,Radial Velocity,,,,8.8753
gj 876 d,,8.06143677,1.938,0.082,GJ 876,0.336778,0.352224,3271.0,4.67517,343.3239737,-14.2665958,2005.0,Radial Velocity,,,,8.8753
gj 876 e,,16.58,124.5,0.031,GJ 876,0.37,,,4.67517,343.3239737,-14.2665958,2010.0,Radial Velocity,,,,8.8753
gj 887 b,,4.2,9.262,0.0,GJ 887,0.489,0.4712,3688.0,3.29,346.4668274,-35.8530693,2020.0,Radial Velocity,468.0,M1 V,-0.06,
gj 887 c,,7.6,21.789,,GJ 887,0.489,0.4712,3688.0,3.29,346.4668274,-35.8530693,2020.0,Radial Velocity,352.0,M1 V,-0.06,
gj 887 d,,6.1,50.77,,GJ 887,0.495,0.468,3688.0,3.28679,346.5027573,-35.8473489,2026.0,Radial Velocity,241.0,M1 V,-0.06,6.52199
gj 887 e,,1.46,4.4249,,GJ 887,0.495,0.468,3688.0,3.28679,346.5027573,-35.8473489,2026.0,Radial Velocity,544.0,M1 V,-0.06,6.52199
gj 896 a b,,718.29219982,284.39,0.35,GJ 896 A,0.43599,,,6.26022,352.9700384,19.9370011,2022.0,Astrometry,,M3.5 V,,9.03758
gj 900 b,,3496.112477,,,GJ 900 A,1.08,,,20.8065,353.7526177,1.6055211,2024.0,Imaging,,K7,-0.63,9.02571
gj 9066 c,,66.74396547,771.36,0.46,GJ 9066,0.15,0.164,3154.0,4.471,30.0588307,13.0443172,2020.0,Radial Velocity,,M5.0 V,-0.13,10.6711
gj 9404 b,,11.9,13.4586,0.49,GJ 9404,0.62,,,23.8839,184.8472095,28.3827126,2023.0,Radial Velocity,,,,9.87021
gj 96 b,,19.66,73.94,0.44,GJ 96,0.6,,3785.0,11.9315,35.5624031,47.8802075,2018.0,Radial Velocity,,M2,0.14,8.63186
gj 9689 b,,9.65,18.27,0.29,GJ 9689,0.59,0.57,3836.0,30.6203,303.467731,13.3888921,2020.0,Radial Velocity,453.04,M0.5,0.05,10.5372
gj 9714 b,,2988.54051102,19240.75467,0.155,GJ 9714,0.67,,,20.5121,315.4141767,-32.5250028,2022.0,Radial Velocity,,,,8.8377
gj 9773 b,,172.580825,2965.0,0.218,GJ 9773,0.358,0.362,3528.0,15.9211,333.1502333,8.5503355,2025.0,Radial Velocity,,M3.0 V,-0.2,10.9047
gj 9827 b,1.571,4.89,1.209,,GJ 9827,0.606,0.5994,4255.0,29.661,351.7717763,-1.2853435,2017.0,Transit,,,-0.28,9.83773
gj 9827 c,1.24,1.45,3.64823,,GJ 9827,0.637,0.622,4219.0,29.661,351.7717763,-1.2853435,2017.0,Transit,771.0,K6 V,-0.29,9.83773
gj 9827 d,1.98,3.02,6.20183,,GJ 9827,0.62,0.58,4236.0,29.661,351.7717763,-1.2853435,2017.0,Transit,675.0,K7 V,-0.29,9.83773
gpx-1 b,16.47720163,6261.2196179,1.744579,0.0,GPX-1,1.68,1.56,7000.0,655.013,38.3691648,56.025708,2021.0,Transit,2300.0,F2,0.35,12.2228
gq lup b,33.6,6356.0,,,GQ Lup,0.7,,,151.169,237.3003643,-35.6515055,2004.0,Imaging,2650.0,K7e V,,11.2608
gsc 06214-00210 b,20.1762,4767.45,,,GSC 06214-00210,0.694,0.90484,4432.0,108.5,245.4776921,-20.7193398,2010.0,Imaging,2200.0,,,11.8633
gu psc b,14.179,3591.3,,,GU Psc,0.325,,,47.5501,18.146485,17.0650029,2014.0,Imaging,1050.0,M3,0.1,12.9656
gaia-1 b,13.77583728,533.95172376,3.052524,,Gaia-1,0.949,0.952,5470.0,363.66,90.6436658,-0.5771099,2022.0,Transit,,,,12.9988
gaia-2 b,14.81827249,259.66580852,3.6915224,,Gaia-2,1.0,1.064,5720.0,209.229,110.7353308,67.2526565,2022.0,Transit,,,,11.1968
gaia-4 b,,3750.3752026,571.3,0.338,Gaia-4,0.644,0.624,4034.0,73.4829,209.5063762,31.6954898,2025.0,Astrometry,,,0.05,11.9187
gaia-5 b,,6633.07885409,358.62,0.6423,Gaia-5,0.339,0.345,3447.0,41.1813,302.0408173,41.9415455,2025.0,Astrometry,,,-0.18,13.2287
gaia22dkvl b,,1797.9552984,,,Gaia22dkvL,1.273,,,1660.0,151.769,-66.1808889,2024.0,Microlensing,,,,
gl 378 b,,13.02,3.822,0.109,Gl 378,0.56,0.56,3879.0,14.9545,150.5865513,48.0824515,2019.0,Radial Velocity,830.0,M1,0.06,9.26515
gl 410 b,,8.4,6.02,,Gl 410,0.55,0.543,3842.0,11.9324,165.6604212,21.9669164,2025.0,Radial Velocity,,,0.05,8.807
gl 49 b,,5.63,13.8508,0.363,Gl 49,0.515,0.511,3805.0,9.8528,15.6687321,62.3454386,2019.0,Radial Velocity,,M1.5 V,0.13,8.66282
gl 686 b,,7.1,15.53209,0.0,Gl 686,0.42,0.42,3663.0,8.15728,264.4764878,18.5959509,2018.0,Radial Velocity,379.0,M1,-0.3,8.73899
gl 725 a b,,2.78,11.2201,0.0,Gl 725 A,0.33,0.351,3433.0,3.5214,280.6834312,59.638109,2025.0,Radial Velocity,,M3,-0.19,7.84944
gliese 12 b,0.958,3.87,12.761408,0.5,Gliese 12,0.2414,0.2617,3296.0,12.21,3.9579137,13.5576175,2024.0,Transit,314.6,M3.0 V,-0.32,11.3963
hat-p-1 b,,,4.46529974,,HAT-P-1,,,6000.0,158.979,344.4453632,38.674919,2006.0,Transit,,,0.1,10.1786
hat-p-11 b,4.73,25.743,4.8878162,0.198,HAT-P-11,0.81,0.75,4780.0,37.7647,297.7101763,48.0818635,2008.0,Transit,878.0,K4,0.31,9.15098
hat-p-11 c,,,3299.0,0.617,HAT-P-11,,,,37.7647,297.7101763,48.0818635,2018.0,Radial Velocity,,,,9.15098
hat-p-12 b,11.0975,,3.2130578,,HAT-P-12,,0.7,4652.87,142.751,209.3886452,43.49331,2009.0,Transit,918.0,,,12.4197
hat-p-13 b,16.77836104,,2.91640044952,,HAT-P-13,,1.82744,5720.0,246.81,129.8823772,47.3519076,2009.0,Transit,1701.0,,,10.4168
hat-p-13 c,,4830.8,428.5,0.691,HAT-P-13,1.22,1.56,5653.0,246.81,129.8823772,47.3519076,2009.0,Radial Velocity,340.0,G4,0.41,10.4168
hat-p-14 b,13.4508,724.6524,4.627649,0.066,HAT-P-14,1.32,1.53,6583.0,222.663,260.1161719,38.2421682,2010.0,Transit,1612.0,F5 V,0.08,9.87283
hat-p-15 b,9.57313647,,10.86149106925,,HAT-P-15,,0.895095,5663.55,192.516,66.248142,39.460602,2010.0,Transit,762.19,,,11.7232
hat-p-16 b,13.33871,1331.38987,2.775970244,0.034,HAT-P-16,,,6158.0,226.637,9.5730343,42.4630961,2010.0,Transit,1571.0,,0.17,10.7568
hat-p-17 b,,,,,HAT-P-17,0.92,0.838682,5336.96,92.3831,324.5359781,30.4881882,2010.0,Transit,,,0.0512,10.2743
hat-p-17 c,,915.3504,3972.0,0.295,HAT-P-17,0.857,0.837,5246.0,92.3831,324.5359781,30.4881882,2010.0,Radial Velocity,,,0.0,10.2743
hat-p-18 b,10.614923,62.29468,5.507978,0.009,HAT-P-18,0.77,0.717,4870.0,161.4,256.346376,33.0123251,2010.0,Transit,841.0,,0.1,12.3682
hat-p-19 b,,,4.00878423,0.07,HAT-P-19,0.842,0.82,4990.0,202.078,9.5165832,34.7114025,2010.0,Transit,,K1,0.23,12.5567
hat-p-2 b,,,5.633472,0.51,HAT-P-2,,,,127.774,245.1514324,41.0479601,2007.0,Transit,,,,8.59842
hat-p-2 c,,3400.7639549,8500.0,0.37,HAT-P-2,1.33,,,127.774,245.1514324,41.0479601,2023.0,Radial Velocity,,,,8.59842
hat-p-20 b,9.718,2302.899,2.875317,0.015,HAT-P-20,0.756,0.694,4595.0,71.0374,111.9164295,24.3361185,2010.0,Transit,970.0,K3,0.35,10.9903
hat-p-21 b,12.44199,1547.8321,4.12448,0.23,HAT-P-21,1.24,1.21,5588.0,277.278,171.2749348,41.0280207,2010.0,Transit,,,0.01,11.5583
hat-p-22 b,12.10572,690.32676,3.21222,0.002,HAT-P-22,0.916,1.04,5302.0,81.7647,155.6814593,50.1287115,2010.0,Transit,,,0.24,9.51936
hat-p-23 b,,,1.212886397,,HAT-P-23,,,,364.813,306.1239076,16.7621462,2010.0,Transit,,,,12.1741
hat-p-24 b,13.922,217.704,3.35524,0.067,HAT-P-24,1.191,1.317,6373.0,415.344,108.8251171,14.2626064,2010.0,Transit,1637.0,F8,-0.16,11.6396
hat-p-25 b,13.339,180.202,3.652836,0.032,HAT-P-25,1.01,0.959,5500.0,300.384,48.4354731,25.1973548,2010.0,Transit,1202.0,G5,0.31,12.8416
hat-p-26 b,,18.910885,,0.14,HAT-P-26,0.816,,,141.837,213.1565508,4.0594175,2010.0,Transit,,,0.1,11.4641
hat-p-27 b,,,3.0395803,,HAT-P-27,0.916,0.864673,5316.0,199.173,222.7673221,5.9473626,2011.0,Transit,,,0.3,11.9562
hat-p-28 b,,,3.2572129,,HAT-P-28,1.025,1.103,5680.0,401.319,13.0009159,34.728402,2011.0,Transit,,G3,0.12,12.8718
hat-p-29 b,,,5.7233685,0.07,HAT-P-29,1.207,1.224,6087.0,313.576,33.1310921,51.7787754,2011.0,Transit,,F8,0.21,11.7336
hat-p-3 b,10.211399,189.10885,2.89973838,,HAT-P-3,0.925,0.85,5190.0,134.554,206.0940142,48.028565,2007.0,Transit,1170.0,,0.24,11.2795
hat-p-30 b,,,2.81060126,,HAT-P-30,,,,213.985,123.9498431,5.8368669,2011.0,Transit,,,,10.2998
hat-p-31 b,,,5.005419,,HAT-P-31,1.31,1.39,6065.0,344.05,271.5376722,26.4266061,2011.0,Transit,,,0.15,11.4501
hat-p-32 b,,251.0857,,0.2,HAT-P-32,1.16,,,289.205,31.0427614,46.6878512,2011.0,Transit,,,-0.04,11.1335
hat-p-33 b,19.6131,,3.4744763,,HAT-P-33,,1.67,6642.3,396.11,113.1842383,33.8350214,2011.0,Transit,1789.0,,,11.0238
hat-p-34 b,,1249.0719,,0.411,HAT-P-34,1.392,,,249.325,303.1954355,18.1047776,2011.0,Transit,,,0.21,10.1944
hat-p-35 b,14.93,334.979,3.646706,0.025,HAT-P-35,1.236,1.435,6096.0,506.965,123.250703,4.7870288,2011.0,Transit,1581.0,,,12.2802
hat-p-36 b,,,1.327346813,0.063,HAT-P-36,1.022,1.096,5560.0,294.419,188.2662048,44.9153672,2011.0,Transit,,,,12.093
hat-p-37 b,13.798279,378.2177,2.7974471,,HAT-P-37,,0.887,,390.594,284.2960393,51.2691212,2011.0,Transit,,,,13.2615
hat-p-38 b,,,4.6403293,,HAT-P-38,0.881,1.00936,5191.0,255.206,35.3834942,32.2460441,2012.0,Transit,,,,12.3021
hat-p-39 b,17.609339,180.84527,3.54387,0.17,HAT-P-39,1.404,1.625,6430.0,697.004,113.7582526,17.8300283,2012.0,Transit,,,0.19,12.2269
hat-p-4 b,,,3.0565233,,HAT-P-4,1.248,1.596,5860.0,320.451,229.99122,36.229545,2007.0,Transit,,,,11.0634
hat-p-40 b,,,4.4572173,,HAT-P-40,1.512,2.206,6080.0,464.469,335.5129199,45.4573423,2012.0,Transit,,,,11.4162
hat-p-41 b,,,,,HAT-P-41,1.28,1.19,6479.0,348.185,297.3226523,4.6724124,2012.0,Transit,,,0.13,10.939
hat-p-42 b,,,4.6418381,,HAT-P-42,1.059,1.41374,5859.0,405.238,135.3443583,6.0970828,2012.0,Transit,,,,12.0031
hat-p-43 b,,,3.33268054,,HAT-P-43,1.048,1.103,5645.0,528.825,128.9256885,10.2065866,2012.0,Transit,,,0.23,13.2165
hat-p-44 b,13.922,111.871,4.301219,0.044,HAT-P-44,0.942,0.949,5295.0,347.85,213.1438604,47.0147826,2014.0,Transit,1108.0,,0.33,12.9729
hat-p-44 c,,1271.3,872.2,0.494,HAT-P-44,0.942,0.949,5295.0,347.85,213.1438604,47.0147826,2014.0,Radial Velocity,,,0.33,12.9729
hat-p-45 b,,,3.12899225,,HAT-P-45,,,,298.64,274.3732697,-3.3810594,2014.0,Transit,,,,12.3977
hat-p-46 b,13.39344025,,4.46266465618,,HAT-P-46,,1.39514,7587.0,290.736,270.4441831,-2.97098,2014.0,Transit,1561.62,,,11.6843
hat-p-49 b,17.4501,,2.6915408,,HAT-P-49,,1.96,6955.0,350.351,305.4413294,26.6926759,2014.0,Transit,2267.0,,,10.2071
hat-p-5 b,,,2.7884735,,HAT-P-5,,,5960.0,303.336,274.4055335,36.6214617,2007.0,Transit,,,,11.8224
hat-p-50 b,,,3.12200511,,HAT-P-50,1.273,1.698,6280.0,515.458,118.0634379,12.1393474,2015.0,Transit,,,-0.18,11.6722
hat-p-51 b,13.50682174,97.57332095,4.21802091,,HAT-P-51,0.961,0.995,5453.0,440.089,21.0651251,32.8107,2015.0,Transit,1168.2,,0.302,13.2846
hat-p-52 b,,,2.7535976,,HAT-P-52,0.887,0.893,5131.0,361.155,42.7217412,29.0222492,2015.0,Transit,,,0.28,13.787
hat-p-53 b,14.773462,469.43491,1.9616241,0.085,HAT-P-53,1.093,1.209,5956.0,666.802,21.8711012,38.9681137,2015.0,Transit,,,0.0,13.5142
hat-p-54 b,,,3.7998534,,HAT-P-54,0.645,0.617,4390.0,143.651,99.8979924,25.4824005,2015.0,Transit,,,-0.127,13.0172
hat-p-55 b,,,3.5852329,,HAT-P-55,1.013,1.011,5808.0,511.388,264.2735096,25.7311468,2015.0,Transit,,,-0.03,13.0955
hat-p-56 b,16.92559,734.1873,2.79083,,HAT-P-56,1.42,1.47,6566.0,320.639,100.8480137,27.2521823,2015.0,Transit,,,0.0,10.8245
hat-p-57 b,,,2.46529488,,HAT-P-57,1.47,1.5,7500.0,279.86,274.743418,10.5971968,2015.0,Transit,,A8 V,-0.25,10.4253
hat-p-58 b,14.95447888,,4.01357004878,,HAT-P-58,,1.53012,5679.0,515.59,68.8465093,56.8682691,2021.0,Transit,1391.58,,,12.7202
hat-p-59 b,12.58768533,489.45574678,4.1419771,0.03,HAT-P-59,1.008,1.1038,5678.0,265.471,292.4588212,62.5291892,2021.0,Transit,1277.8,,0.217,11.6787
hat-p-6 b,16.58932,419.5356,3.85298,0.0,HAT-P-6,1.79,1.62,6570.0,275.358,354.7740917,42.4659866,2007.0,Transit,,,-0.13,10.3056
hat-p-60 b,18.28184752,182.43350562,4.7947813,0.25,HAT-P-60,1.435,2.197,6212.0,233.22,28.2825719,52.0539209,2021.0,Transit,1772.0,,0.037,9.56355
hat-p-61 b,11.37324393,,1.90250318292,,HAT-P-61,,1.02592,5464.2,338.84,75.4801665,50.1311784,2021.0,Transit,1419.31,,,12.9386
hat-p-62 b,12.78036574,,2.64521208547,,HAT-P-62,,1.2406,5596.0,348.815,74.5043816,48.3008551,2021.0,Transit,1423.54,,,12.4362
hat-p-63 b,13.62393371,,3.37774192505,,HAT-P-63,,1.0408,5080.0,403.458,269.5720695,5.7613709,2021.0,Transit,1118.89,,,13.5106
hat-p-64 b,18.1614,,4.007232,,HAT-P-64,,1.75,6202.0,651.897,68.9743955,2.4312732,2021.0,Transit,1664.0,,,12.6221
hat-p-65 b,,,2.6054485,,HAT-P-65,1.212,1.86,5835.0,738.519,315.9054895,11.9893675,2016.0,Transit,,G2,0.1,12.9952
hat-p-66 b,17.82231,248.86089,2.972086,0.09,HAT-P-66,1.255,1.881,6002.0,935.456,150.5726262,53.9508237,2016.0,Transit,1896.0,G0,0.035,12.8922
hat-p-67 b,23.9872187,143.02278315,4.8101069,,HAT-P-67,1.73,2.62,6640.0,371.686,256.6107279,44.7768849,2017.0,Transit,,,0.14,9.97496
hat-p-68 b,13.70588688,,2.29840578875,,HAT-P-68,,0.794584,4221.54,202.152,118.4831501,23.9382192,2020.0,Transit,963.63,,,13.5442
hat-p-69 b,,,4.7869883,,HAT-P-69,1.648,1.926,7394.0,341.263,130.5056385,3.7105662,2019.0,Transit,,,-0.069,9.77332
hat-p-7 b,16.05,,2.204735365,,HAT-P-7,1.47,1.96,6360.0,341.079,292.24719,47.9695429,2008.0,Transit,,,0.23,10.3654
hat-p-70 b,,,2.74432,,HAT-P-70,,,,330.739,74.5523332,9.9979794,2019.0,Transit,,,,9.45174
hat-p-8 b,,,3.0763433,,HAT-P-8,1.28,1.58,6200.0,211.553,343.0414932,35.4471778,2008.0,Transit,,,,10.1489
hat-p-9 b,15.614137,238.05467,3.92281072,0.084,HAT-P-9,1.281,1.338,6350.0,455.203,110.1685157,37.1405946,2008.0,Transit,1540.0,,0.12,12.1536
hats-1 b,,,3.4464563,0.12,HATS-1,0.986,1.038,5870.0,283.971,175.5252399,-23.3548451,2012.0,Transit,,,-0.06,11.9363
hats-10 b,,,3.3128281,,HATS-10,1.101,1.105,5880.0,534.889,294.3068385,-22.2044872,2015.0,Transit,,,0.15,12.9838
hats-11 b,16.92559,270.1555,3.6191613,0.34,HATS-11,1.0,1.444,6060.0,944.603,289.4007603,-22.3900092,2016.0,Transit,1637.0,G0,-0.39,13.8333
hats-12 b,,,3.14324025965,,HATS-12,,,5780.0,746.138,289.202402,-19.3559227,2016.0,Transit,1244.27,,,12.6766
hats-13 b,12.38038042,,3.04404945557,,HATS-13,,0.809868,5523.0,421.855,316.9614798,-26.0967205,2015.0,Transit,1075.32,,,13.6799
hats-14 b,11.65736,340.0781,2.766764,,HATS-14,0.97,0.93,5408.0,513.011,313.2154754,-25.6873756,2015.0,Transit,,,0.28,13.7712
hats-15 b,20.82300689,,1.7476330451,,HATS-15,,1.61423,5122.0,1139.55,311.0920041,-19.4375266,2016.0,Transit,1746.99,,,14.6473
hats-16 b,,,2.6865009,,HATS-16,0.97,1.238,5738.0,757.044,358.5588439,-30.0130385,2016.0,Transit,,G3 V,-0.1,13.6864
hats-17 b,9.68176,,16.2546802,,HATS-17,,1.32,5846.0,400.331,192.1895676,-47.6136789,2016.0,Transit,787.0,,,12.2179
hats-18 b,15.97111803,,0.83784527504,,HATS-18,,1.01656,5600.0,624.368,173.9574203,-29.1560639,2016.0,Transit,1909.02,,,13.8786
hats-2 b,13.092,427.463,1.354133,0.0,HATS-2,0.882,0.898,5227.0,341.925,176.7388264,-22.5630097,2013.0,Transit,1577.0,K,0.15,13.3419
hats-22 b,10.682177,870.8542,4.7228124,0.079,HATS-22,0.759,0.689,4803.0,229.518,174.0098693,-29.5433642,2017.0,Transit,858.0,K V,0.0,13.1225
hats-23 b,12.54919351,,2.16051554439,,HATS-23,,1.2,5780.0,639.004,286.36675,-50.0673496,2017.0,Transit,1432.37,,,13.752
hats-24 b,,,1.34849676,,HATS-24,,,,494.182,268.8907069,-61.7474,2017.0,Transit,,,,12.6911
hats-25 b,,,4.2986471,,HATS-25,,,,471.158,207.9076746,-23.7812403,2016.0,Transit,,,,12.9353
hats-26 b,17.80799124,,3.3023907305,,HATS-26,,1.91031,6071.0,861.843,144.9268593,-28.5856004,2016.0,Transit,1753.94,,,12.8431
hats-27 b,,,4.6370496,,HATS-27,1.415,1.74,6438.0,816.988,193.5524603,-46.5877159,2016.0,Transit,,F,0.09,12.6792
hats-28 b,13.383546,213.58176,3.1810781,0.202,HATS-28,0.929,0.922,5498.0,535.383,284.3997616,-49.1385126,2016.0,Transit,1253.0,G,0.01,13.7929
hats-29 b,,,4.6058754,,HATS-29,1.032,1.073,5670.0,353.891,285.0965172,-54.8933408,2016.0,Transit,,G,0.16,12.4594
hats-3 b,15.479629,349.613,3.547851,0.3,HATS-3,1.21,1.4,6351.0,411.211,312.4574879,-24.4286938,2013.0,Transit,,,-0.157,11.8914
hats-30 b,,,3.17435131,,HATS-30,1.093,1.061,5943.0,342.14,5.618525,-59.9425892,2016.0,Transit,,G,0.06,12.0815
hats-31 b,14.33267511,,3.37796143336,,HATS-31,,1.66165,6113.0,773.974,191.7028214,-24.4273897,2016.0,Transit,1617.93,,,12.9613
hats-32 b,14.000041,292.4036,2.8126548,0.471,HATS-32,1.099,1.097,5700.0,745.116,346.0750861,-21.2720168,2016.0,Transit,1437.0,,0.39,14.2166
hats-33 b,,,2.54956317,,HATS-33,1.062,1.022,5659.0,248.46,294.6336944,-55.3302692,2016.0,Transit,,,0.29,11.7082
hats-34 b,13.08687204,,2.10615687963,,HATS-34,,0.940697,5380.0,508.842,0.7744866,-62.4693167,2016.0,Transit,1308.04,,,13.679
hats-35 b,,,1.8210003,,HATS-35,,,,514.555,296.688442,-63.5656488,2016.0,Transit,,,,12.4605
hats-36 b,12.77,,4.175235,,HATS-36,,1.0878,,856.436,291.4787013,-23.2028183,2018.0,Transit,,,,14.233
hats-37 a b,6.792654,31.46517,4.3315366,0.0,HATS-37 A,0.843,0.877,5326.0,211.896,199.80183,-22.9868431,2020.0,Transit,1085.0,,0.051,11.9978
hats-38 b,6.46377652,,4.37446138037,,HATS-38,,1.11563,5677.0,343.525,154.2710615,-25.2762982,2020.0,Transit,1154.21,,,12.2781
hats-39 b,,,4.5776346,,HATS-39,1.379,1.621,6572.0,878.521,112.4192251,-29.9379163,2018.0,Transit,,,0.0,12.6539
hats-4 b,11.433,420.471,2.516729,0.013,HATS-4,1.001,0.925,5403.0,416.459,94.1120914,-22.5468824,2014.0,Transit,1315.0,G,0.43,13.2862
hats-40 b,15.09024862,,3.26331647417,,HATS-40,,2.08347,6561.0,1342.29,100.5712467,-29.77678,2018.0,Transit,1912.75,,,13.2842
hats-41 b,,,4.1936623,0.38,HATS-41,1.496,1.71,6424.0,737.668,103.5173558,-27.0504156,2018.0,Transit,,,0.47,12.5892
hats-42 b,,,2.29210275,,HATS-42,1.273,1.48,6060.0,800.377,108.4523991,-33.4373462,2018.0,Transit,,,0.22,13.5627
hats-43 b,,,4.3888479,,HATS-43,,,,362.273,80.5382418,-30.9708179,2018.0,Transit,,,,13.4014
hats-44 b,11.960003,177.9848,2.7439004,0.279,HATS-44,0.86,0.847,5080.0,446.035,84.3267559,-27.9725758,2018.0,Transit,1161.0,,0.32,14.1595
hats-45 b,13.90023688,,4.1876153815,,HATS-45,,1.23733,6675.0,772.11,101.9942455,-21.9107112,2018.0,Transit,1361.2,,,13.2385
hats-46 b,10.121727,54.98459,4.7423729,0.559,HATS-46,0.917,0.853,5495.0,453.808,6.7026401,-56.3161021,2018.0,Transit,1054.0,,-0.06,13.527
hats-47 b,,,3.9228038,,HATS-47,0.674,0.6564,4512.0,300.67,287.4844021,-49.6649424,2020.0,Transit,,,-0.113,14.3998
hats-48 a b,8.9672,77.23269,3.1316666,0.162,HATS-48 A,0.7279,0.7152,4546.0,263.609,288.6720048,-59.5793505,2020.0,Transit,954.6,,0.186,13.8951
hats-49 b,8.62854045,,4.14703592335,,HATS-49,,0.775548,4247.0,324.413,6.6135927,-56.3442798,2020.0,Transit,786.72,,,14.5449
hats-5 b,,,4.7633877,,HATS-5,0.936,0.871,5304.0,246.384,67.2228465,-21.4820568,2014.0,Transit,,G,0.19,12.4288
hats-50 b,12.66617,123.9537,3.8297015,0.516,HATS-50,1.168,1.117,5990.0,756.742,300.4280761,-26.077564,2017.0,Transit,,,,13.8936
hats-51 b,,,3.34886782,,HATS-51,1.187,1.44,5758.0,389.57,102.8474248,-29.0586551,2017.0,Transit,,,,12.3293
hats-52 b,,,1.36665569,,HATS-52,,,,555.134,140.0875894,-31.2692116,2017.0,Transit,,,,13.6269
hats-53 b,14.7144,,3.8537616,,HATS-53,,1.06,5697.0,585.77,176.628323,-33.8600764,2017.0,Transit,1298.0,,,13.6564
hats-54 b,11.960003,241.5508,2.5441828,0.126,HATS-54,1.097,1.317,5702.0,748.585,200.6348641,-44.6888393,2019.0,Transit,1625.0,,0.396,13.7762
hats-55 b,12.1025,,4.20420780773,,HATS-55,,1.07,6781.0,609.838,114.2833819,-32.7554188,2019.0,Transit,1210.0,,,13.3498
hats-56 b,,,4.3247662,,HATS-56,1.573,2.201,6536.0,564.409,180.165072,-45.7994559,2019.0,Transit,,,0.19,11.4877
hats-57 b,12.767051,1000.21101,2.350621,0.028,HATS-57,1.026,0.96,5587.0,279.485,60.9482779,-19.0568182,2019.0,Transit,1413.4,,0.268,12.1816
hats-58 a b,,,4.2180733,,HATS-58 A,1.461,1.433,7175.0,403.591,186.7873036,-48.9784105,2019.0,Transit,,,,11.7679
hats-59 b,12.621334,256.17098,5.416081,0.129,HATS-59,1.038,1.036,5670.0,642.884,170.324325,-22.388177,2018.0,Transit,1128.0,,0.18,13.7854
hats-59 c,,4036.441,1422.0,0.083,HATS-59,1.038,1.036,5670.0,642.884,170.324325,-22.388177,2018.0,Radial Velocity,175.9,,0.18,13.7854
hats-6 b,,,3.32526424,,HATS-6,0.574,0.57,3724.0,169.318,88.1468079,-19.0316268,2015.0,Transit,,M1 V,0.2,14.3601
hats-60 b,,,3.560832,,HATS-60,1.097,1.46,5688.0,486.474,341.3640336,-14.9917747,2018.0,Transit,,,0.335,12.5004
hats-61 b,,,7.817932,,HATS-61,,,,679.761,61.6578005,-25.3496674,2018.0,Transit,,,,13.0682
hats-62 b,11.81430948,,3.27711178761,,HATS-62,,0.944511,5451.0,523.067,312.4493079,-24.303506,2018.0,Transit,1134.31,,,13.8321
hats-63 b,,,3.0566454,,HATS-63,,,,623.232,67.418582,-28.1972149,2018.0,Transit,,,,13.7213
hats-64 b,15.96197585,,4.90888191904,,HATS-64,,2.09179,6606.0,1080.15,144.2876092,-29.800444,2018.0,Transit,1680.07,,,12.839
hats-65 b,,,3.10515933,,HATS-65,1.257,1.31,6277.0,493.32,292.9397825,-26.7402021,2018.0,Transit,,,0.199,12.3793
hats-66 b,15.815899,1694.0339,3.1414391,0.064,HATS-66,1.411,1.841,6626.0,1477.98,101.3948048,-33.8816918,2018.0,Transit,1998.0,,-0.017,14.0086
hats-67 b,18.887165,460.8535,1.6091788,0.057,HATS-67,1.435,1.441,6594.0,960.109,180.2087883,-46.1364201,2018.0,Transit,2193.0,,0.332,13.5596
hats-68 b,13.809488,410.0007,3.5862202,0.036,HATS-68,1.351,1.748,6147.0,603.955,15.006077,-58.9047242,2018.0,Transit,1741.0,,0.21,12.1631
hats-69 b,,,2.2252577,,HATS-69,0.892,0.8785,5137.0,414.537,289.2974275,-60.8917599,2018.0,Transit,,,0.377,13.7643
hats-7 b,6.310667,38.1396,3.185315,0.17,HATS-7,0.849,0.815,4985.0,240.707,208.8567465,-21.2078587,2015.0,Transit,1084.0,K2,0.25,13.0499
hats-70 b,,,1.88823968,,HATS-70,1.78,1.881,7930.0,1458.83,109.1045212,-31.2443947,2019.0,Transit,,,0.041,12.586
hats-71 b,,,3.7955195,,HATS-71,0.4861,0.4783,3405.0,140.225,15.5518893,-61.7561333,2020.0,Transit,,M3 V,0.17,15.3512
hats-72 b,9.49027,,7.327945,,HATS-72,,0.79,4521.0,127.589,339.0258401,-17.0003046,2020.0,Transit,697.0,,,12.0725
hats-74 a b,12.02994928,,1.73185293965,,HATS-74 A,,0.615219,3394.0,299.389,171.0147921,-19.5569588,2021.0,Transit,778.12,,,15.9837
hats-75 b,9.90873894,156.05374784,2.7886556,0.064,HATS-75,0.6017,0.5848,3790.4,194.964,60.9493919,-25.4089214,2021.0,Transit,772.3,,0.522,14.9033
hats-76 b,11.75690439,,1.94163656751,,HATS-76,,0.633668,3837.0,385.689,70.3397665,-32.3204175,2021.0,Transit,857.33,,,15.7942
hats-77 b,13.05846252,436.69623122,3.0876262,0.045,HATS-77,0.655,0.6428,4071.0,436.176,149.8236672,-27.3928174,2021.0,Transit,828.3,,0.253,15.7364
hats-8 b,9.785457,46.08535,3.583893,0.25,HATS-8,1.056,1.086,5679.0,794.637,294.9416887,-25.7483655,2015.0,Transit,,,0.21,14.337
hats-9 b,11.937585,266.02371,1.9153073,0.129,HATS-9,1.03,1.503,5366.0,638.7,290.8101704,-20.1663771,2015.0,Transit,1823.0,,0.34,13.0983
hd 100508 b,,381.3940884,5681.0,0.42,HD 100508,0.94,,5419.0,32.7548,173.3014057,-67.0546386,2026.0,Radial Velocity,,K1 IV,0.33,7.52487
hd 100546 b,77.3421,2701.5414595,,,HD 100546,2.4,,10500.0,109.677,173.3555116,-70.1947897,2014.0,Imaging,,B9 Vne,,6.65514
hd 100655 b,,540.3,157.57,0.085,HD 100655,2.4,9.3,4861.0,137.178,173.7653631,20.441541,2011.0,Radial Velocity,,G9 III,0.15,6.17883
hd 100777 b,,390.92894061,383.0,0.38,HD 100777,1.08,,,49.5336,173.9646303,-4.7555425,2007.0,Radial Velocity,,G8 V,,8.2387
hd 101581 b,0.956,,4.46569,,HIP 56998,0.653,0.63,4675.0,12.7781,175.2563039,-44.4041485,2025.0,Transit,834.0,,-0.343,7.38399
hd 101581 c,0.99,,6.20401,,HIP 56998,0.653,0.63,4675.0,12.7781,175.2563039,-44.4041485,2025.0,Transit,747.0,,-0.343,7.38399
hd 10180 c,,13.1,5.75979,0.045,HD 10180,1.06,,5911.0,38.9607,24.4731133,-60.5114881,2010.0,Radial Velocity,,G1 V,0.08,7.17261
hd 10180 d,,12.013974,16.357,0.131,HD 10180,1.06,1.109,5911.0,38.9607,24.4731133,-60.5114881,2010.0,Radial Velocity,,,0.08,7.17261
hd 10180 e,,25.585315,49.748,0.051,HD 10180,1.06,1.109,5911.0,38.9607,24.4731133,-60.5114881,2010.0,Radial Velocity,,,0.08,7.17261
hd 10180 f,,22.947326,122.744,0.119,HD 10180,1.06,1.109,5911.0,38.9607,24.4731133,-60.5114881,2010.0,Radial Velocity,,,0.08,7.17261
hd 10180 g,,3375.33768234,602.0,,HD 10180,,,,38.9607,24.4731133,-60.5114881,2010.0,Radial Velocity,,,,7.17261
hd 10180 h,,64.4,2222.0,0.08,HD 10180,1.06,,5911.0,38.9607,24.4731133,-60.5114881,2010.0,Radial Velocity,,G1 V,0.08,7.17261
hd 101930 b,,95.34,70.46,0.11,HD 101930,0.74,,5079.0,30.0274,175.875608,-58.0053798,2005.0,Radial Velocity,,K1 V,0.17,7.96664
hd 102117 b,,54.0311,20.8133,0.12,HD 102117,1.06,1.23,5655.0,39.5792,176.2097267,-58.7040134,2005.0,Radial Velocity,,,0.28,7.28191
hd 102195 b,,130.3103,4.11377,0.0,HD 102195,0.76,0.82,5301.0,29.3386,176.4254063,2.8209912,2006.0,Radial Velocity,,,0.04,7.84665
hd 102272 b,,1570.0802,127.58,0.05,HD 102272,1.45,10.3,4790.0,347.097,176.5980316,14.1240201,2008.0,Radial Velocity,,,-0.41,8.40499
hd 102329 b,,2593.4928,778.09998,0.21,HD 102329,3.21,9.82,4745.0,217.107,176.6941567,3.4742143,2011.0,Radial Velocity,,,0.05,7.58172
hd 102329 c,,483.1016,1123.0,0.209,HD 102329,1.3,,,217.107,176.6941567,3.4742143,2016.0,Radial Velocity,,,,7.58172
hd 102843 b,,113.9,3090.942,0.11,HD 102843,0.95,,5436.0,62.758,177.5854673,-1.2522989,2019.0,Radial Velocity,,K0 V,,9.04883
hd 102888 b,,1808.44363583,252.06,0.11,HD 102888,2.42,8.6,4990.0,126.484,177.6545263,-27.2779074,2025.0,Radial Velocity,,G8 III,0.07,6.22053
hd 102956 b,,292.4036,6.4948,0.05,HD 102956,1.59,4.41,4994.0,121.89,177.8436988,57.6406584,2010.0,Radial Velocity,,,0.13,7.60844
hd 103197 b,,28.6047,47.84,0.0,HD 103197,0.8,0.88,5250.0,57.1463,178.2201971,-50.2927911,2009.0,Radial Velocity,,,0.22,9.16421
hd 103720 b,,197.046,4.5557,0.086,HD 103720,0.794,0.73,5017.0,45.5352,179.1713308,-2.7791393,2014.0,Radial Velocity,,K3 V,-0.02,9.22376
hd 103774 b,,116.0,5.8881,0.09,HD 103774,1.335,,6489.0,56.4089,179.2310729,-12.1079951,2013.0,Radial Velocity,,F5 V,0.28,7.00938
hd 103891 b,,918.52409623,1894.0,0.31,HD 103891,1.28,,6072.0,55.5213,179.4382907,-8.5486195,2022.0,Radial Velocity,,F8 V,-0.19,6.436
hd 103949 b,,11.2,120.878,0.19,HD 103949,0.77,,4792.0,26.4997,179.5479558,-23.9241221,2019.0,Radial Velocity,,K3 V,,8.38479
hd 104067 b,,50.8528,55.806,0.0,HD 104067,0.62,0.74,4937.0,20.3632,179.7923543,-20.3556058,2009.0,Radial Velocity,,,0.0,7.62029
hd 104067 c,,13.2,13.8992,0.29,HD 104067,0.82,0.78,4952.0,20.3632,179.7923543,-20.3556058,2024.0,Radial Velocity,,,0.11,7.62029
hd 10442 b,,667.41,1043.0,0.11,HD 10442,1.56,,5034.0,135.374,25.471524,2.7044193,2014.0,Radial Velocity,,K2 IV,0.11,7.57742
hd 104985 b,,1766.80811451,199.68,0.047,HD 104985,1.22,11.12,4738.0,100.576,181.3157854,76.9053359,2003.0,Radial Velocity,,G9 III,-0.32,5.49698
hd 105618 b,,25.42627256,10.02245,0.455,HD 105618,1.01,,,70.0837,182.4021288,11.2115695,2022.0,Radial Velocity,,,,8.46692
hd 105618 c,,8419.59232984,77114.07158,0.126,HD 105618,1.01,,,70.0837,182.4021288,11.2115695,2022.0,Radial Velocity,,,,8.46692
hd 105779 b,,203.41018048,2412.0,0.0,HD 105779,0.89,0.94,5792.0,55.2411,182.6612053,-16.9564908,2022.0,Radial Velocity,,G2,-0.25,8.49018
hd 106252 b,,2199.29,1531.0,0.482,HD 106252,1.007,,5870.0,38.185,183.3730583,10.0404302,2002.0,Radial Velocity,,G0,-0.07,7.26281
hd 106270 b,,3108.3774,1872.0,0.197,HD 106270,1.33,,,93.808,183.4049258,-9.5135645,2011.0,Radial Velocity,,,,7.39531
hd 106315 b,2.25,10.1,9.552105,,HD 106315,1.091,1.222,6450.0,109.353,183.4724742,-0.3934357,2017.0,Transit,,,-0.09,8.88841
hd 106315 c,,,21.056614,,HD 106315,1.07,1.18,6290.0,109.353,183.4724742,-0.3934357,2017.0,Transit,,F5 V,-0.24,8.88841
hd 10647 b,,298.75,989.2,0.15,HD 10647,1.11,1.1,6218.0,17.3357,25.6233526,-53.7412852,2006.0,Radial Velocity,,F9 V,0.0,5.38178
hd 106515 a b,,3054.22,3630.0,0.572,HD 106515 A,0.97,1.62,5362.0,34.0915,183.7762699,-7.2575413,2012.0,Radial Velocity,,G5,0.03,7.7777
hd 106906 b,,4115.8985,,,HD 106906,1.32,2.12351,6473.79,103.029,184.4713308,-55.9755805,2013.0,Imaging,1820.0,,,7.68639
hd 10697 b,,2028.70889,1075.69,0.1043,HD 10697,1.13,1.79,5600.0,33.1205,26.2324076,20.0826974,1999.0,Radial Velocity,,,,6.10286
hd 107148 b,,66.741,48.056,0.05,HD 107148,1.12,,5797.0,49.4156,184.8059773,-3.3199927,2005.0,Radial Velocity,,,0.314,7.85111
hd 107148 c,,19.89605828,18.3267,0.34,HD 107148,1.105215,1.169193,5752.92,49.4156,184.8059773,-3.3199927,2021.0,Radial Velocity,,,0.2964,7.85111
hd 108147 b,,82.95,10.8985,0.53,HD 108147,1.22,1.20664,6255.73,38.92,186.4409852,-64.0223492,2002.0,Radial Velocity,,,0.1803,6.85345
hd 108202 b,,953.485221,2990.0,0.52,HD 108202,0.74,,,38.6846,186.4613189,-1.1109233,2023.0,Radial Velocity,,K4/5 V,,9.78272
hd 108236 b,1.586,,3.79523,0.2,HD 108236,0.97,0.888,5730.0,64.5978,186.5740627,-51.3630519,2020.0,Transit,1099.0,G3 V,-0.3,9.08745
hd 108236 c,2.068,,6.2037,0.18,HD 108236,0.97,0.888,5730.0,64.5978,186.5740627,-51.3630519,2020.0,Transit,932.0,G3 V,-0.3,9.08745
hd 108236 e,,,19.590186,0.2,HD 108236,0.97,0.888,5730.0,64.5978,186.5740627,-51.3630519,2020.0,Transit,,G3 V,-0.3,9.08745
hd 108236 f,2.017,,29.54115,0.051,HD 108236,0.869,0.877,5660.0,64.5978,186.5740627,-51.3630519,2021.0,Transit,,,-0.28,9.08745
hd 108341 b,,715.11391575,1148.0,0.769,HD 108341,0.843,,5122.0,48.9102,186.8791724,-71.4224896,2014.0,Radial Velocity,,K2 V,0.04,9.14337
hd 108863 b,,902.6372,443.39999,0.0,HD 108863,2.17,7.19,4863.0,164.742,187.5826081,21.9480993,2011.0,Radial Velocity,,,0.0,7.45422
hd 108874 b,,432.23,395.4,0.07,HD 108874,0.99,,,59.5175,187.6126029,22.8794399,2002.0,Radial Velocity,,G5 V,0.18,8.57502
hd 108874 c,,362.00655557,1743.2,0.265,HD 108874,0.995578,1.091098,5569.95,59.5175,187.6126029,22.8794399,2005.0,Radial Velocity,,,0.221,8.57502
hd 109246 b,,273.3338,68.27,0.12,HD 109246,1.2,1.07,5844.0,67.8349,188.027184,74.4893379,2010.0,Radial Velocity,,,0.1,8.5873
hd 109271 b,,17.162,7.8543,0.25,HD 109271,1.047,,5783.0,55.8716,188.397397,-11.6215204,2013.0,Radial Velocity,,G5 V,0.1,7.87816
hd 109271 c,,24.154,30.93,0.15,HD 109271,1.047,,5783.0,55.8716,188.397397,-11.6215204,2013.0,Radial Velocity,,G5 V,0.1,7.87816
hd 109286 b,,950.30693693,520.1,0.338,HD 109286,0.98,1.089,5694.0,55.4156,188.3958418,7.2809064,2021.0,Radial Velocity,259.4,G4 V,0.05,8.61599
hd 109749 b,,85.8141,5.239891,0.0,HD 109749,1.13,1.22,5824.0,63.0821,189.3173489,-40.8121458,2005.0,Radial Velocity,,G3 V,0.24,8.02456
hd 10975 b,,143.02278315,283.8,0.442,HD 10975,1.41,11.16,4840.0,116.506,27.1628025,37.9527542,2021.0,Radial Velocity,,K0 III,-0.21,5.67103
hd 109833 b,2.16591,,9.188506,,HD 109833,,0.98,5876.0,79.5561,189.7758591,-74.5740205,2022.0,Transit,786.0,,,9.13657
hd 109833 c,2.61368482,,13.90283906518,,HD 109833,,0.983215,5876.0,79.5561,189.7758591,-74.5740205,2022.0,Transit,756.7,,,9.13657
hd 109988 b,,6935.33366915,17132.15854,0.056,HD 109988,0.88,,,42.5279,189.8154662,-32.7263607,2022.0,Radial Velocity,,,,8.6605
hd 110014 b,,3464.2,,,HD 110014,2.1,,,100.758,189.8111935,-7.9956702,2009.0,Radial Velocity,,,,4.31048
hd 110067 b,2.2,5.69,9.113678,,HD 110067,0.798,0.788,5266.0,32.1585,189.8392243,20.0273377,2023.0,Transit,800.0,K0.0 V,-0.2,8.17208
hd 110067 c,2.388,6.3,13.673694,,HD 110067,0.798,0.788,5266.0,32.1585,189.8392243,20.0273377,2023.0,Transit,699.0,K0.0 V,-0.2,8.17208
hd 110067 d,2.852,8.52,20.519617,,HD 110067,0.798,0.788,5266.0,32.1585,189.8392243,20.0273377,2023.0,Transit,602.0,K0.0 V,-0.2,8.17208
hd 110067 e,1.94,3.9,30.793091,,HD 110067,0.798,0.788,5266.0,32.1585,189.8392243,20.0273377,2023.0,Transit,533.0,K0.0 V,-0.2,8.17208
hd 110067 f,2.601,5.04,41.05854,,HD 110067,0.798,0.788,5266.0,32.1585,189.8392243,20.0273377,2023.0,Transit,489.0,K0.0 V,-0.2,8.17208
hd 110067 g,2.607,8.4,54.76992,,HD 110067,0.798,0.788,5266.0,32.1585,189.8392243,20.0273377,2023.0,Transit,440.0,K0.0 V,-0.2,8.17208
hd 110082 b,3.05380568,,10.1826982735,,HD 110082,,1.14582,6153.0,105.096,192.5892855,-88.1211107,2021.0,Transit,957.2,,,9.11523
hd 110113 b,2.05,4.55,2.541,0.093,HD 110113,0.997,0.968,5732.0,106.307,190.0365636,-44.3120777,2021.0,Transit,1371.0,G,0.14,9.91036
hd 110113 c,,10.5,6.744,0.045,HD 110113,0.997,0.968,5732.0,106.307,190.0365636,-44.3120777,2021.0,Radial Velocity,990.0,G,0.14,9.91036
hd 110537 b,,8612.83200129,24469.67342,0.401,HD 110537,1.02,,,45.0858,190.7462412,-4.0501059,2022.0,Radial Velocity,,,,7.66105
hd 11112 b,,2598.56505563,17244.90764,0.285,HD 11112,1.07,,,44.3804,27.0881399,-41.4944106,2022.0,Radial Velocity,,,,6.96653
hd 111232 b,,2374.17820029,1168.69,0.2083,HD 111232,0.83,,5494.0,28.9571,192.2159553,-68.4246679,2003.0,Radial Velocity,,G8 V,-0.36,7.40535
hd 111232 c,,5740.93451564,26472.44623,0.558,HD 111232,0.96,,,28.9571,192.2159553,-68.4246679,2022.0,Radial Velocity,,,,7.40535
hd 111591 b,,1398.452,1056.4,0.26,HD 111591,1.94,8.03,4884.0,114.166,192.5725483,22.8631285,2017.0,Radial Velocity,,,0.07,6.15212
hd 111998 b,,1433.4133,825.9,0.03,HD 111998,1.18,1.45,6557.0,33.2237,193.2953521,-3.5531133,2016.0,Radial Velocity,,F5 V,0.07,5.99548
hd 112300 b,,5031.22368281,466.63,0.36,HD 112300,1.4,65.8,3657.0,62.07324,193.8988441,3.3972376,2023.0,Radial Velocity,,M1 III,-0.06,2.36431
hd 112570 b,,1086.97315194,2615.0,0.2,HD 112570,1.15,9.85,4750.0,101.166,194.2824262,46.1765638,2023.0,Radial Velocity,,K0 III,-0.4,5.82375
hd 112640 b,,1589.15,613.2,0.24,HD 112640,1.8,39.0,4155.0,323.335,194.2415171,67.2429122,2020.0,Radial Velocity,,K0 III,-0.09,6.07664
hd 113337 b,,985.273,,,HD 113337,,1.5,6774.0,36.18,195.4438496,63.610328,2013.0,Radial Velocity,,,0.07,5.91168
hd 113337 c,,4449.597698,3165.0,0.06,HD 113337,1.4,,,36.18,195.4438496,63.610328,2020.0,Radial Velocity,,,,5.91168
hd 11343 c,,255.53403923,228.53731,0.169,HIP 8541,2.009,,,155.121,27.5271962,-54.4651633,2022.0,Radial Velocity,,,,7.56075
hd 113538 b,,114.41,663.2,0.14,HD 113538,0.585,0.53,4462.0,16.2817,196.233933,-52.4463502,2010.0,Radial Velocity,,K9 V,-0.24,8.4428
hd 113538 c,,225.65,1657.0,0.32,HD 113538,0.7,0.65,4685.0,16.2817,196.233933,-52.4463502,2010.0,Radial Velocity,,K9 V,-0.17,8.4428
hd 113996 b,,2002.329,610.2,0.28,HD 113996,1.49,25.11,4181.0,116.334,196.794874,27.6244384,2017.0,Radial Velocity,,,0.13,4.22274
hd 114082 b,11.2089807,2542.627256,109.75,0.395,HD 114082,1.47,1.49,6651.0,95.3906,197.3171237,-60.3084347,2022.0,Radial Velocity,,F3 V,0.0,8.09394
hd 114386 b,,362.3262,937.70001,0.23,HD 114386,0.6,0.76,4836.0,27.9243,197.6652124,-35.0561807,2003.0,Radial Velocity,,,-0.05,8.41823
hd 114386 c,,117.59651059,444.0,0.1,HD 114386,0.8,,4895.0,27.9243,197.6652124,-35.0561807,2026.0,Radial Velocity,,K3 VC,-0.1,8.41823
hd 114729 b,,301.93,1114.0,0.167,HD 114729,1.0,,5821.0,37.8063,198.1833997,-31.8746756,2002.0,Radial Velocity,,,-0.262,6.51382
hd 114783 b,,331.4950285,492.569,0.121,HD 114783,0.9,,,21.0628,198.1818436,-2.2649921,2001.0,Radial Velocity,,,,7.31783
hd 114783 c,,603.8739733,4352.0,0.05,HD 114783,0.9,,,21.0628,198.1818436,-2.2649921,2016.0,Radial Velocity,,K1 V,,7.31783
hd 11505 b,,2510.52658689,32669.22247,0.144,HD 11505,1.03,,,38.9679,28.2750265,-1.3284416,2022.0,Radial Velocity,,,,7.25765
hd 11506 b,,1601.85517128,1612.0,0.39,HD 11506,1.268,,,51.261,28.2106607,-19.507396,2007.0,Radial Velocity,,,,7.37382
hd 11506 c,,114.41,223.6,0.24,HD 11506,1.24,1.33,6055.0,51.261,28.2106607,-19.507396,2008.0,Radial Velocity,,G0 V,0.29,7.37382
hd 11506 d,,2892.2385037,16000.0,0.24,HD 11506,1.268,,,51.261,28.2106607,-19.507396,2022.0,Radial Velocity,,,,7.37382
hd 115404 a b,,30.82935548,10.49488,0.232,HD 115404 A,0.83,,,10.9816,199.2155793,17.0160384,2022.0,Radial Velocity,,,,6.28558
hd 115404 a c,,3279.67133183,15319.22517,0.211,HD 115404 A,0.83,,,10.9816,199.2155793,17.0160384,2022.0,Radial Velocity,,,,6.28558
hd 115954 b,,2685.65003915,3230.0,0.457,HD 115954,1.18,,5957.0,87.6437,199.9853694,38.3691383,2021.0,Radial Velocity,,G5 V,0.34,8.18736
hd 116029 b,,667.4,670.0,0.054,HD 116029,1.58,4.6,4951.0,123.245,200.1646905,24.6484725,2011.0,Radial Velocity,,,0.18,7.60909
hd 116029 c,,403.6441,907.0,0.038,HD 116029,1.33,,,123.245,200.1646905,24.6484725,2016.0,Radial Velocity,,,,7.60909
hd 117207 b,,612.14058,2621.75,0.157,HD 117207,1.053,1.074,5732.0,32.3547,202.3368806,-35.5713041,2004.0,Radial Velocity,,,0.19,7.07737
hd 11755 b,,2065.895,433.7,0.19,HD 11755,0.9,27.3,4312.5,235.045,29.707836,73.1521372,2015.0,Radial Velocity,,G5,-0.74,6.46378
hd 117618 b,,60.3877,25.827,0.42,HD 117618,1.17,1.2,5977.0,37.7781,203.1066418,-47.2719049,2004.0,Radial Velocity,,,0.01,7.0216
hd 118203 b,13.1383,,6.1349783,,HD 118203,,2.05,5828.7,92.2589,203.509956,53.7281876,2005.0,Radial Velocity,1509.0,,,7.89255
hd 118203 c,,3527.8953177,5070.0,0.257,HD 118203,1.22,2.03,5788.0,92.2589,203.509956,53.7281876,2024.0,Radial Velocity,146.0,K0 IV,0.22,7.89255
hd 11964 b,,193.9,2110.0,0.06,HD 11964,1.12,,5349.0,33.5369,29.2884252,-10.2434693,2005.0,Radial Velocity,,,0.122,6.209
hd 11964 c,,24.34565598,37.9196,0.106,HD 11964,1.151343,2.0475,5345.6,33.5369,29.2884252,-10.2434693,2008.0,Radial Velocity,,,0.1376,6.209
hd 11977 b,,1999.1,,,HD 11977,1.8,,,67.9331,28.7347403,-67.6469871,2005.0,Radial Velocity,,,,4.43863
hd 120084 b,,1373.9,,,HD 120084,2.661,11.03,4892.0,103.044,205.661989,78.0646376,2013.0,Radial Velocity,,,,5.65211
hd 121504 b,,388.0,63.33,0.03,HD 121504,1.18,,6075.0,41.6592,209.3199062,-56.0404085,2003.0,Radial Velocity,,,0.16,7.39023
hd 12235 b,,10.48833743,4.36305,0.376,HD 12235,1.1,,,31.7627,30.0391601,3.0959098,2022.0,Radial Velocity,,,,5.74089
hd 12235 c,,3135.69506346,36336.70679,0.174,HD 12235,1.1,,,31.7627,30.0391601,3.0959098,2022.0,Radial Velocity,,,,5.74089
hd 122562 c,,73.10053361,84.96276,0.228,HD 122562,1.241,,,53.2528,210.5886904,20.8810286,2022.0,Radial Velocity,,,,7.4131
hd 124330 b,,238.37130525,270.66,0.34,HD 124330,1.15,,5873.0,60.1977,212.8207093,54.4089731,2021.0,Radial Velocity,,G4 IV,0.22,7.71674
hd 12484 b,,947.1334,58.83,0.07,HD 12484,1.01,,5920.0,48.3367,30.6115322,2.8158078,2016.0,Radial Velocity,,F8,0.05,8.04463
hd 125271 b,,3465.60094993,14901.99295,0.165,HD 125271,0.75,,,39.3466,216.6474037,-81.4542756,2022.0,Radial Velocity,,,,9.35594
hd 125390 b,,7043.1128,1756.2,0.591,HD 125390,1.36,6.47,4850.0,153.647,214.5387463,38.9669132,2019.0,Radial Velocity,,G7 V,,7.94061
hd 125595 b,,3531.07360177,9.674,,HD 125595,,,,28.1989,215.3434326,-40.3942443,2009.0,Radial Velocity,,,,8.6555
hd 125612 b,,1112.405,510.0,0.38,HD 125612,1.1,1.05,5897.0,57.6207,215.2227183,-17.4818147,2007.0,Radial Velocity,,G3 V,0.24,8.1559
hd 125612 c,,17.48065,4.15514,0.049,HD 125612,1.11,1.05,5841.0,57.6207,215.2227183,-17.4818147,2009.0,Radial Velocity,,G3 V,0.22,8.1559
hd 125612 d,,2281.37230545,2822.72698,0.115,HD 125612,1.05,,,57.6207,215.2227183,-17.4818147,2009.0,Radial Velocity,,,,8.1559
hd 12648 b,,622.9468,133.60001,0.04,HD 12648,0.67,11.02,4835.0,182.192,34.7480718,85.7365329,2015.0,Radial Velocity,,,-0.57,6.7184
hd 126525 b,,75.32571,960.41,0.035,HD 126525,0.897,0.979,5638.0,37.6506,216.8852514,-51.9329118,2018.0,Radial Velocity,,,-0.1,7.66978
hd 12661 b,,731.0,262.709,0.3768,HD 12661,1.0,1.21377,5655.0,37.8478,31.1423525,25.4135632,2000.0,Radial Velocity,,,0.3,7.24746
hd 12661 c,,610.0,1708.0,0.031,HD 12661,1.0,1.21377,5655.0,37.8478,31.1423525,25.4135632,2002.0,Radial Velocity,,,0.3,7.24746
hd 126614 b,,130.3103,1244.0,0.41,HD 126614,1.26,1.32,5568.0,73.0961,216.7005171,-5.1784093,2009.0,Radial Velocity,,,0.54,8.61907
hd 127506 b,,27.333243,65.78395,0.24,HD 127506,0.73,,,22.5279,217.6848544,35.4546059,2022.0,Radial Velocity,,,,8.33201
hd 128311 b,,460.83,454.2,0.345,HD 128311,0.828,,4965.0,16.3292,219.0032292,9.7454368,2002.0,Radial Velocity,,K0,0.08,7.16719
hd 128311 c,,1017.01,910.7,0.12,HD 128311,0.828,,,16.3292,219.0032292,9.7454368,2005.0,Radial Velocity,,,,7.16719
hd 128356 b,,282.8687,298.2,0.57,HD 128356,0.65,0.85,4875.0,26.1548,219.2702793,-25.8031728,2016.0,Radial Velocity,,K3 V,0.17,7.97745
hd 128717 b,,6293.0024586,3420.0,0.85,HD 128717,1.212,1.248,6210.0,73.636,219.0881687,57.5609512,2025.0,Astrometry,,,0.16,8.18929
hd 129445 b,,508.507,1840.0,0.7,HD 129445,0.99,,,67.4386,221.5104196,-68.7629901,2009.0,Radial Velocity,,G6 V,0.25,8.6178
hd 130322 b,,365.18483964,10.70867,0.015,HD 130322,0.932783,0.872418,5400.49,31.8766,221.8857975,-0.2820782,1999.0,Radial Velocity,,,0.0863,7.83448
hd 131496 b,,699.2,883.0,0.163,HD 131496,1.61,4.3,4927.0,131.849,223.3461495,18.2352618,2011.0,Radial Velocity,,,0.25,7.52124
hd 13167 b,,1052.0173,2613.0,0.563,HD 13167,1.35,2.39,5671.0,148.934,32.057635,-24.695575,2018.0,Radial Velocity,,,,8.15997
hd 13189 b,,3480.2385,471.60001,0.27,HD 13189,2.24,38.41,4175.0,497.823,32.4173964,32.3164548,2005.0,Radial Velocity,,,-0.37,7.01743
hd 132406 b,,1970.5361234,964.0,0.303,HD 132406,1.09,,5766.0,70.7832,224.2276121,53.3809615,2007.0,Radial Velocity,,G0 V,0.14,8.28075
hd 132563 b,,473.547,1544.0,0.22,HD 132563,1.231,1.29577,6289.0,105.155,224.5892892,44.0428571,2011.0,Radial Velocity,,,,8.85821
hd 133131 a b,,451.3186,649.0,0.33,HD 133131 A,0.95,,5799.0,51.4736,225.8984524,-27.8431369,2016.0,Radial Velocity,,G2 V,-0.306,8.27532
hd 133131 a c,,133.4886,3568.0,0.49,HD 133131 A,0.95,,5799.0,51.4736,225.8984524,-27.8431369,2016.0,Radial Velocity,,G2 V,-0.306,8.27532
hd 133131 b b,,794.575,5769.0,0.61,HD 133131 B,0.93,,5805.0,51.2993,225.8999745,-27.8415947,2016.0,Radial Velocity,,G2 V,-0.281,8.25674
hd 134060 b,,10.1,3.2696,0.45,HD 134060,1.095,,5966.0,24.0125,227.6847587,-61.4223747,2019.0,Radial Velocity,,G3 IV,0.14,6.13951
hd 134060 c,,29.29,1291.5646,0.11,HD 134060,1.095,,5966.0,24.0125,227.6847587,-61.4223747,2019.0,Radial Velocity,,G3 IV,0.14,6.13951
hd 134606 b,,9.09,12.089,0.092,HD 134606,1.046,1.158,5576.0,26.7909,228.8103897,-70.5203328,2024.0,Radial Velocity,,,0.343,6.67835
hd 134606 c,,11.31,58.883,0.055,HD 134606,1.046,1.158,5576.0,26.7909,228.8103897,-70.5203328,2024.0,Radial Velocity,,,0.343,6.67835
hd 134606 d,,44.8,966.5,0.092,HD 134606,1.046,1.158,5576.0,26.7909,228.8103897,-70.5203328,2024.0,Radial Velocity,,,0.343,6.67835
hd 134606 e,,2.34,4.3203,0.2,HD 134606,1.046,1.158,5576.0,26.7909,228.8103897,-70.5203328,2024.0,Radial Velocity,,,0.343,6.67835
hd 134606 f,,5.63,26.915,0.081,HD 134606,1.046,1.158,5576.0,26.7909,228.8103897,-70.5203328,2024.0,Radial Velocity,,,0.343,6.67835
hd 134987 b,,516.15333297,258.251,0.2281,HD 134987,1.092644,1.292303,5700.78,26.1804,228.3675397,-25.3096721,1999.0,Radial Velocity,,,0.2822,6.28994
hd 134987 c,,297.16956055,5960.0,0.154,HD 134987,1.092644,1.292303,5700.78,26.1804,228.3675397,-25.3096721,2009.0,Radial Velocity,,,0.2822,6.28994
hd 135344 a b,16.25302201,3178.28407,,0.5,HD 135344 A,,1.5,9540.0,141.595,228.9538416,-37.1489176,2025.0,Imaging,1585.0,A0 V,0.05,7.73711
hd 135625 b,,731.0053361,4055.0,0.16,HD 135625,1.28,,,56.518,229.4511514,-45.9225871,2023.0,Radial Velocity,,G3 IV/V,,7.56578
hd 135694 b,2.857,,15.923475568,,HD 135694,1.02,1.08,5712.0,73.8713,227.8678636,71.8412965,2023.0,Transit,,,,8.91307
hd 135872 b,,1744.56012602,2422.32597,0.164,HD 135872,1.646,,,82.4251,229.4213643,-5.2024735,2022.0,Radial Velocity,,,,7.02764
hd 136118 b,,5244.1687155,1191.0,0.35,HD 136118,1.21,,6097.0,51.4359,229.7306046,-1.5922913,2022.0,Radial Velocity,,F7 V,-0.05,6.79664
hd 136352 b,,4.81,11.5824,0.14,HD 136352,0.81,,5664.0,14.682,230.4401147,-48.3188174,2019.0,Radial Velocity,,G4 V,-0.34,5.48495
hd 136352 c,2.608,11.29,27.5909,0.037,HD 136352,0.906,1.012,5850.0,14.682,230.4401147,-48.3188174,2019.0,Radial Velocity,682.0,,-0.25,5.48495
hd 136352 d,,10.5,107.63,0.075,HD 136352,0.906,1.012,5850.0,14.682,230.4401147,-48.3188174,2019.0,Radial Velocity,433.3,,-0.25,5.48495
hd 136418 b,,635.633,464.3,0.255,HD 136418,1.33,3.4,5071.0,105.168,229.7756438,41.732423,2009.0,Radial Velocity,,,-0.07,7.60946
hd 136925 b,,266.97586188,4540.0,0.103,HD 136925,0.875104,1.193078,5773.19,47.874,230.7157509,13.3663117,2021.0,Radial Velocity,,,-0.2172,7.74447
hd 13724 c,,50.85254512,142.22895,0.651,HD 13724,1.004,,,43.465,33.0859626,-46.8166738,2022.0,Radial Velocity,,,,7.73003
hd 137388 b,,70.8731,330.0,0.36,HD 137388,0.86,0.82,5240.0,40.4841,233.915082,-80.2044169,2011.0,Radial Velocity,,,0.18,8.47996
hd 137496 b,1.31,4.04,1.62116,0.0,HD 137496,1.04,1.59,5799.0,155.317,231.7420543,-16.5090014,2021.0,Transit,2130.0,G,-0.03,9.77168
hd 137496 c,,2434.56559762,479.9,0.477,HD 137496,1.04,1.59,5799.0,155.317,231.7420543,-16.5090014,2021.0,Radial Velocity,370.0,G,-0.03,9.77168
hd 13808 b,,11.2,14.1815,0.071,HD 13808,0.771,0.781,5035.0,28.2305,33.1780708,-53.7437591,2021.0,Radial Velocity,,K2 V,-0.21,8.11006
hd 13808 c,,9.96,53.753,0.156,HD 13808,0.771,0.781,5035.0,28.2305,33.1780708,-53.7437591,2021.0,Radial Velocity,,K2 V,-0.21,8.11006
hd 13908 b,,274.91,19.382,0.02,HD 13908,1.29,1.67,6255.0,79.5515,34.5609102,65.5941901,2013.0,Radial Velocity,,F8 V,0.01,7.3845
hd 13908 c,,1630.4,931.0,0.12,HD 13908,1.29,1.67,6255.0,79.5515,34.5609102,65.5941901,2013.0,Radial Velocity,,F8 V,0.01,7.3845
hd 13931 b,,607.37008578,4449.0,0.02,HD 13931,1.015973,1.301756,5805.45,47.3963,34.1979991,43.7722065,2009.0,Radial Velocity,,,0.0406,7.45464
hd 139357 b,,5784.4770074,1128.0,0.102,HD 139357,1.35,,4700.0,112.09,233.8173564,53.9221505,2008.0,Radial Velocity,,K4 III,-0.13,5.6303
hd 1397 b,12.215808,,11.535076,,HD 1397,,2.48771,5479.3,79.5702,4.4471631,-66.3589285,2018.0,Transit,,,,7.59336
hd 14067 b,,2860.3,2850.0,0.697,HD 14067,,10.7687,4846.0,142.024,34.293348,23.7676546,2014.0,Radial Velocity,,,,6.23751
hd 140901 b,,15.57359194,9.02378,0.472,HD 140901,0.99,,,15.2528,236.8689866,-37.9172333,2022.0,Radial Velocity,,,,5.83135
hd 140901 c,,1997.23370959,7417.50547,0.607,HD 140901,0.99,,,15.2528,236.8689866,-37.9172333,2022.0,Radial Velocity,,,,5.83135
hd 141004 b,,12.9,15.5093,0.139,HD 141004,,,5898.0,11.8148,236.6099205,7.3527684,2021.0,Radial Velocity,,,,4.27965
hd 141399 b,,143.65843996,94.375,0.053,HD 141399,1.091086,1.387236,5594.76,37.0169,236.7235392,46.986288,2014.0,Radial Velocity,,,0.3661,7.00926
hd 141399 c,,432.2488,202.08,0.05,HD 141399,1.14,1.46,5360.0,37.0169,236.7235392,46.986288,2014.0,Radial Velocity,,K0 V,0.18,7.00926
hd 141399 d,,401.41727804,1074.8,0.044,HD 141399,1.091086,1.387236,5594.76,37.0169,236.7235392,46.986288,2014.0,Radial Velocity,,,0.3661,7.00926
hd 141399 e,,204.68149411,3336.0,0.047,HD 141399,1.091086,1.387236,5594.76,37.0169,236.7235392,46.986288,2014.0,Radial Velocity,,,0.3661,7.00926
hd 141937 b,,3080.0,653.22,0.41,HD 141937,1.1,,5925.0,33.3622,238.0735585,-18.4359716,2002.0,Radial Velocity,,G2/G3 V,0.11,7.09149
hd 142 a d,,82.63538582,108.45299,0.13,HD 142,1.21,,,26.1853,1.5836771,-49.0753625,2022.0,Radial Velocity,,,,5.58442
hd 142 b,,397.27,349.7,0.17,HD 142,1.232,1.47,6245.0,26.1853,1.5836771,-49.0753625,2001.0,Radial Velocity,,,0.09,5.58442
hd 142 c,,1684.4,6005.0,0.21,HD 142,1.232,1.47,6245.0,26.1853,1.5836771,-49.0753625,2012.0,Radial Velocity,,,0.09,5.58442
hd 142022 a b,,1433.40611557,1935.0,0.506,HD 142022 A,0.98,,5499.0,34.2802,242.5481731,-84.2317494,2005.0,Radial Velocity,,G9 IV-V,0.19,7.51423
hd 142245 b,,603.9,1299.0,0.09,HD 142245,1.69,5.2,4878.0,97.2305,238.2342443,15.4306118,2011.0,Radial Velocity,,,0.23,7.18949
hd 142415 b,,515.0,386.3,0.5,HD 142415,1.03,,6045.0,35.5318,239.418989,-60.2006948,2003.0,Radial Velocity,,,0.21,7.17789
hd 143105 b,,384.5743,2.1974,0.07,HD 143105,1.51,,6380.0,46.7789,238.4023547,68.7199779,2016.0,Radial Velocity,,F5,0.15,6.62583
hd 143361 b,,953.49,1086.0,0.18,HD 143361,0.95,,,68.5146,240.4588405,-44.4350575,2008.0,Radial Velocity,,G0 V,0.29,9.01602
hd 143811 ab b,,1779.8390792,120000.0,0.23,HD 143811 A,1.3,,6751.0,136.608,240.8891972,-30.1371574,2025.0,Imaging,1042.0,,,8.78821
hd 144899 b,,20.34101805,40.43914,0.821,HD 144899,1.16,,,115.665,242.5721002,-47.9146826,2022.0,Radial Velocity,,,,8.81343
hd 145377 b,,1913.3366,103.95,0.31,HD 145377,1.2,1.05,6014.0,53.4884,242.9019658,-27.0781199,2008.0,Radial Velocity,,,0.11,7.96999
hd 145457 b,,921.668,176.3,0.112,HD 145457,1.9,9.9,4757.0,135.292,242.5162215,26.7429068,2010.0,Radial Velocity,,,-0.14,6.28309
hd 145675 c,,1597.08774518,15732.45889,0.393,14 Her,0.91,,,17.9323,242.6021014,43.8163621,2021.0,Radial Velocity,,,,6.383
hd 145934 b,,648.36995028,2790.0,0.057,HD 145934,1.812692,6.930587,4823.75,227.881,243.2912249,13.2394527,2015.0,Radial Velocity,,,0.0951,8.24065
hd 1461 b,,7.6,5.7727,0.14,HD 1461,1.018,1.11,5765.0,23.4534,4.6762645,-8.0536206,2010.0,Radial Velocity,,,,6.29454
hd 1461 c,,7.05579064,13.504,0.11,HD 1461,1.03064,1.152288,5695.23,23.4534,4.6762645,-8.0536206,2015.0,Radial Velocity,,,0.1823,6.29454
hd 147018 b,,674.0,44.236,0.4686,HD 147018,0.927,,5441.0,40.4256,245.7490012,-61.6901291,2009.0,Radial Velocity,,G9 V,0.1,8.11145
hd 147018 c,,2080.0,1008.0,0.133,HD 147018,0.927,,5441.0,40.4256,245.7490012,-61.6901291,2009.0,Radial Velocity,,G9 V,0.1,8.11145
hd 147379 b,,21.6,86.58,0.063,HD 147379,0.58,,4090.0,10.7643,244.1725686,67.2392041,2017.0,Radial Velocity,,M0.0 V,0.16,7.90052
hd 147513 b,,385.0,528.4,0.26,HD 147513,1.11,,5883.0,12.9032,246.0057894,-39.1929661,2003.0,Radial Velocity,,,0.06,5.22664
hd 14787 b,,356.28743,676.6,0.155,HD 14787,1.43,5.01,4946.0,119.137,35.8085099,10.8367972,2018.0,Radial Velocity,,,,7.37839
hd 147873 b,,1633.6462,116.596,0.207,HD 147873,1.38,2.29,5972.0,109.055,246.4380471,-33.5672217,2016.0,Radial Velocity,,G1 V,0.03,7.81828
hd 147873 c,,731.009,491.54,0.23,HD 147873,1.38,2.29,5972.0,109.055,246.4380471,-33.5672217,2016.0,Radial Velocity,,G1 V,0.03,7.81828
hd 148156 b,,270.144,1027.0,0.52,HD 148156,1.22,1.21,6308.0,57.1289,247.0723035,-46.3175085,2009.0,Radial Velocity,,,0.29,7.55508
hd 148164 b,,390.9309,328.55,0.587,HD 148164,1.21,1.34,6032.0,77.1971,246.4351678,11.9190729,2018.0,Radial Velocity,,F8,0.24,8.0907
hd 148164 c,,1640.0028,5062.0,0.125,HD 148164,1.21,1.34,6032.0,77.1971,246.4351678,11.9190729,2018.0,Radial Velocity,,F8,0.24,8.0907
hd 149026 b,8.33267,,2.8758831,,HD 149026,,1.46,6084.0,75.8643,247.6229827,38.3475349,2005.0,Radial Velocity,1602.0,,,8.01416
hd 149143 b,,422.7,4.072,0.016,HD 149143,1.21,1.49,5884.0,73.2801,248.2126715,2.0844547,2005.0,Radial Velocity,,,0.26,7.74081
hd 149806 b,,4003.68444298,16521.52778,0.357,HD 149806,0.93,,,20.2727,249.2855187,0.2546794,2022.0,Radial Velocity,,,,6.86807
hd 150010 b,,762.7881768,562.0,0.2,HD 150010,1.3,16.2,4153.0,144.49,247.8670682,72.6125804,2022.0,Radial Velocity,,K2 III,-0.25,5.86642
hd 1502 b,,874.0325,428.5,0.031,HD 1502,1.46,4.67,4947.0,190.953,4.8214389,14.054683,2011.0,Radial Velocity,,,,8.10417
hd 150706 b,,861.28,5894.0,0.38,HD 150706,1.17,0.96,5961.0,28.2697,247.8255687,79.7894032,2012.0,Radial Velocity,,G0 V,-0.01,6.85038
hd 151450 b,,38.45723725,21.89288,0.496,HD 151450,1.14,,,43.6002,252.0080127,-15.964345,2022.0,Radial Velocity,,,,7.28278
hd 151450 c,,1636.18063924,18144.76236,0.138,HD 151450,1.14,,,43.6002,252.0080127,-15.964345,2022.0,Radial Velocity,,,,7.28278
hd 152079 b,,692.8694,2899.0,0.52,HD 152079,1.1,1.15,5726.0,87.8888,253.3732313,-46.3333582,2009.0,Radial Velocity,,G6 V,0.16,9.01051
hd 152581 b,,594.02427,686.5,0.04,HD 152581,1.3,5.14,5027.0,165.76,253.4316451,11.9736828,2011.0,Radial Velocity,,,,8.12746
hd 152843 b,3.41,11.56,11.6264,0.14,HD 152843,1.15,1.43,6310.0,107.898,253.7848853,20.491524,2021.0,Transit,,G0,-0.16,8.76412
hd 152843 c,5.83,27.5,24.38,0.115,HD 152843,1.15,1.43,6310.0,107.898,253.7848853,20.491524,2021.0,Transit,,G0,-0.16,8.76412
hd 15337 b,1.47900686,,4.75599951974,,HD 15337,,0.841842,5175.2,44.8155,36.8678846,-27.6361171,2019.0,Transit,1249.44,,,8.85598
hd 15337 c,2.39,8.11,17.1784,0.05,HD 15337,0.9,0.856,5125.0,44.8155,36.8678846,-27.6361171,2019.0,Transit,642.0,K1 V,0.15,8.85598
hd 153557 b,,20.34101805,7.29903,0.065,HD 153557,0.79,,,17.9412,254.4706516,47.3678558,2022.0,Radial Velocity,,,,7.50548
hd 153557 c,,17.48056238,15.27018,0.511,HD 153557,0.79,,,17.9412,254.4706516,47.3678558,2022.0,Radial Velocity,,,,7.50548
hd 153557 d,,8725.66108578,40654.64809,0.152,HD 153557,0.79,,,17.9412,254.4706516,47.3678558,2022.0,Radial Velocity,,,,7.50548
hd 153950 b,,937.5985,499.39999,0.34,HD 153950,1.25,1.28,6124.0,48.4549,256.1292826,-43.3103753,2008.0,Radial Velocity,,,-0.01,7.23813
hd 154088 b,,6.6,18.56,0.344,HD 154088,0.91,,5374.0,18.2692,256.1164214,-28.5838342,2021.0,Radial Velocity,,K0 IV-V,0.28,6.36693
hd 154345 b,,378.21580433,3340.0,0.157,HD 154345,0.88,,5468.0,18.284,255.6524619,47.0855544,2006.0,Radial Velocity,,G9,-0.105,6.56771
hd 154391 b,,2892.2385037,5163.0,0.2,HD 154391,2.07,8.56,4909.0,100.947,255.3201345,60.6489226,2023.0,Radial Velocity,,K1 III,0.1,5.89921
hd 154672 b,,1706.7471,163.94,0.61,HD 154672,1.18,1.32,5743.0,63.0484,257.520697,-56.4498041,2008.0,Radial Velocity,,,0.25,8.03732
hd 154857 b,,778.6835,408.60001,0.46,HD 154857,1.96,2.3,5589.0,63.4482,257.816194,-56.681038,2004.0,Radial Velocity,,,-0.22,7.04837
hd 154857 c,,819.97,3452.0,0.06,HD 154857,1.718,1.76,5605.0,63.4482,257.816194,-56.681038,2014.0,Radial Velocity,,G5 V,-0.2,7.04837
hd 155193 b,,238.37130525,352.65,0.21,HD 155193,1.221,,6239.0,57.7995,257.4208876,10.0381003,2021.0,Radial Velocity,,F8 IV,0.05,6.86686
hd 155358 b,,270.0,194.3,0.17,HD 155358,0.92,,5900.0,43.6197,257.3930947,33.3549277,2007.0,Radial Velocity,,G0,-0.51,7.12074
hd 155358 c,,261.0,391.9,0.16,HD 155358,0.92,,5900.0,43.6197,257.3930947,33.3549277,2007.0,Radial Velocity,,G0,-0.51,7.12074
hd 155918 b,,7.62788177,1.87567,0.194,HD 155918,1.03,,,27.561,260.5364025,-75.349239,2022.0,Radial Velocity,,,,6.8406
hd 155918 c,,1878.04805696,17202.19446,0.071,HD 155918,1.03,,,27.561,260.5364025,-75.349239,2022.0,Radial Velocity,,,,6.8406
hd 156098 b,,15.89142035,21.85849,0.109,HD 156098,1.29,,,48.249,259.264687,-32.6630768,2022.0,Radial Velocity,,,,5.41159
hd 156098 c,,1661.6069118,7841.5839,0.391,HD 156098,1.29,,,48.249,259.264687,-32.6630768,2022.0,Radial Velocity,,,,5.41159
hd 156279 b,,3019.3698665,133.4031,0.64779,HD 156279,0.959814,0.966117,5458.24,36.1945,258.0966686,63.3527828,2011.0,Radial Velocity,,,0.1917,7.86569
hd 156279 c,,3098.82696825,4818.25358,0.261,HD 156279,0.94,,,36.1945,258.0966686,63.3527828,2016.0,Radial Velocity,,,,7.86569
hd 156411 b,,235.18,842.2,0.22,HD 156411,1.25,2.16,5900.0,56.8655,259.9639522,-48.5502313,2009.0,Radial Velocity,,F8 IV/V,-0.12,6.5121
hd 156668 b,,4.15,4.6426,0.22,HD 156668,0.79,0.760432,4849.92,24.3323,259.4183491,29.228161,2010.0,Radial Velocity,,,-0.0511,8.10753
hd 156668 c,,31.49679513,811.3,0.089,HD 156668,0.785167,0.774528,4903.69,24.3323,259.4183491,29.228161,2021.0,Radial Velocity,,,0.0493,8.10753
hd 156846 b,,3321.3235,359.51,0.8472,HD 156846,1.43,,6138.0,47.7332,260.1423366,-19.334365,2007.0,Radial Velocity,,G0 V,0.22,6.3623
hd 158038 b,,486.2799,521.0,0.29,HD 158038,1.3,4.5,4860.0,94.8625,261.4395312,27.3030721,2011.0,Radial Velocity,,,0.19,7.2068
hd 158259 b,,2.22,2.178,,HD 158259,1.08,1.21,,27.0498,261.3495847,52.7904721,2020.0,Radial Velocity,,G0,,6.30694
hd 158259 c,,5.6,3.432,,HD 158259,1.08,1.21,,27.0498,261.3495847,52.7904721,2020.0,Radial Velocity,,G0,,6.30694
hd 158259 d,,5.41,5.1980814,,HD 158259,1.08,1.21,,27.0498,261.3495847,52.7904721,2020.0,Radial Velocity,,G0,,6.30694
hd 158259 e,,6.08,7.951,,HD 158259,1.08,1.21,,27.0498,261.3495847,52.7904721,2020.0,Radial Velocity,,G0,,6.30694
hd 158259 f,,6.14,12.028,,HD 158259,1.08,1.21,,27.0498,261.3495847,52.7904721,2020.0,Radial Velocity,,G0,,6.30694
hd 158996 b,,4449.62,820.2,0.13,HD 158996,1.8,50.3,4069.0,283.659,259.9051092,80.1364033,2018.0,Radial Velocity,,K5 III,-0.2,5.18609
hd 15906 b,1.90150181,,10.92454779649,,HD 15906,,0.74413,4884.0,45.5621,38.2712534,-10.352178,2023.0,Transit,621.42,,,9.47728
hd 15906 c,2.93,,21.583298,0.04,HD 15906,0.79,0.762,4757.0,45.5621,38.2712534,-10.352178,2023.0,Transit,532.0,K V,0.02,9.47728
hd 159243 b,,359.13,12.62,0.02,HD 159243,1.125,1.12,6123.0,73.3055,263.3395365,5.7008254,2013.0,Radial Velocity,,G0 V,0.05,8.51188
hd 159243 c,,603.9,248.4,0.075,HD 159243,1.125,1.12,6123.0,73.3055,263.3395365,5.7008254,2013.0,Radial Velocity,,G0 V,0.05,8.51188
hd 159868 b,,667.41,1178.4,0.01,HD 159868,1.087,,5558.0,55.8503,264.7466665,-43.1462347,2006.0,Radial Velocity,,G5 V,-0.08,7.04579
hd 159868 c,,232.01,352.3,0.15,HD 159868,1.087,,5558.0,55.8503,264.7466665,-43.1462347,2012.0,Radial Velocity,,G5 V,-0.08,7.04579
hd 1605 b,,310.0,577.9,0.078,HD 1605,1.31,3.8,4757.0,88.8047,5.1317548,30.9750611,2015.0,Radial Velocity,,K1 IV,0.21,7.25688
hd 1605 c,,1150.5446,2149.0,0.099,HD 1605,1.33,3.49,4915.0,88.8047,5.1317548,30.9750611,2015.0,Radial Velocity,,K1 IV,0.22,7.25688
hd 160691 b,,540.311,637.0,0.31,HD 160691,1.08,,,15.5981,266.0361585,-51.8348751,2000.0,Radial Velocity,,,,4.94916
hd 160691 c,,576.519,4205.8,0.0985,HD 160691,1.08,,,15.5981,266.0361585,-51.8348751,2004.0,Radial Velocity,,,,4.94916
hd 160691 d,,10.17,9.6369,0.184,HD 160691,1.03,1.37818,5771.56,15.5981,266.0361585,-51.8348751,2004.0,Radial Velocity,,,0.3016,4.94916
hd 160691 e,,2224.798849,307.9,,HD 160691,1.13,1.33,5773.0,15.5981,266.0361585,-51.8348751,2006.0,Radial Velocity,,G3 IV-V,0.28,4.94916
hd 161178 b,,181.16219199,279.3,0.044,HD 161178,1.06,10.95,4786.0,107.188,264.2873565,72.455859,2021.0,Radial Velocity,,G9 III,-0.21,5.59958
hd 16141 b,,82.6,75.523,0.252,HD 16141,1.12,,5794.0,37.7861,38.8323674,-3.5624887,2000.0,Radial Velocity,,,0.17,6.65773
hd 16175 b,,1620.933,990.0,0.6,HD 16175,1.63,1.72,5981.0,59.859,39.2577379,42.0624526,2009.0,Radial Velocity,,,0.3,7.1291
hd 162020 b,,4580.0,8.428198,0.277,HD 162020,0.75,,4830.0,30.8248,267.6599252,-40.3184646,2002.0,Radial Velocity,650.0,K3 V,0.01,8.75949
hd 163607 b,,251.0857,75.195,0.744,HD 163607,1.12,1.76,5522.0,67.7855,268.4181383,56.3924701,2010.0,Radial Velocity,,G5,0.19,7.81298
hd 163607 c,,686.5128,1267.4,0.076,HD 163607,1.12,1.76,5522.0,67.7855,268.4181383,56.3924701,2010.0,Radial Velocity,,G5,0.19,7.81298
hd 16417 b,,22.1,17.24,0.2,HD 16417,1.2,,,25.3936,39.2441029,-34.5790905,2008.0,Radial Velocity,,G1 V,0.06,5.61319
hd 164509 b,,140.79869,280.17,0.238,HD 164509,1.12,1.11,5859.0,53.1119,270.3800811,0.1044685,2010.0,Radial Velocity,,G5,0.2,7.95594
hd 164595 b,,16.14,40.0,0.088,HD 164595,0.99,,5790.0,28.254,270.1613723,29.5726698,2015.0,Radial Velocity,,G2 V,-0.04,6.89472
hd 164604 b,,858.105,606.4,0.24,HD 164604,0.8,,,39.3633,270.7787177,-28.5608343,2009.0,Radial Velocity,,K2 V,-0.18,9.32786
hd 164604 c,,3019.3698665,5387.0,0.196,HD 164604,0.77,0.78,4663.0,39.3633,270.7787177,-28.5608343,2026.0,Radial Velocity,,K3.5 V,0.12,9.32786
hd 164922 b,,114.414,1155.0,0.05,HD 164922,0.94,,5385.0,22.0016,270.6304652,26.3104077,2005.0,Radial Velocity,,,0.17,6.78614
hd 164922 c,,13.0,75.74,0.12,HD 164922,0.926,0.946,5390.0,22.0016,270.6304652,26.3104077,2016.0,Radial Velocity,,,0.18,6.78614
hd 164922 d,,4.73564326,12.4584,0.18,HD 164922,0.921146,1.001813,5393.43,22.0016,270.6304652,26.3104077,2020.0,Radial Velocity,,,0.1967,6.78614
hd 164922 e,,10.52012027,41.763,0.086,HD 164922,0.921146,1.001813,5393.43,22.0016,270.6304652,26.3104077,2021.0,Radial Velocity,,,0.1967,6.78614
hd 165131 b,,6038.739733,2343.0,0.672,HD 165131,1.1,,,57.4263,271.3444007,-21.6737039,2023.0,Radial Velocity,,G3/5 V,,8.26134
hd 165155 b,,918.5287,434.5,0.2,HD 165155,1.02,0.95,5426.0,63.3574,271.4893395,-29.9172536,2016.0,Radial Velocity,,G8 V,0.09,9.21413
hd 1666 b,,2040.0,270.0,0.63,HD 1666,1.5,1.93,6317.0,117.908,5.2180424,-19.9314823,2015.0,Radial Velocity,,F7 V,0.37,8.05121
hd 166724 b,,1207.7479466,4750.0,0.729,HD 166724,0.81,,5127.0,45.1342,273.4988604,-42.5757218,2012.0,Radial Velocity,,K0 IV/V,-0.09,9.06863
hd 167042 b,,540.29,420.77,0.089,HD 167042,1.72,,,49.6633,272.6326268,54.2876184,2007.0,Radial Velocity,,,,5.72384
hd 167677 b,,905.81095995,1820.0,0.182,HD 167677,0.96,,5474.0,54.3258,274.2067844,-11.4067857,2023.0,Radial Velocity,,G5 V,-0.29,8.7114
hd 167768 b,,270.15414595,20.6532,0.149,HD 167768,1.08,9.7,4851.0,107.214,274.2213308,-3.0085807,2022.0,Radial Velocity,,G8 III,-0.67,5.7545
hd 168009 b,,9.53485221,15.1479,0.12,HD 168009,0.986073,1.209505,5778.33,23.3032,273.8847918,45.2088229,2021.0,Radial Velocity,,,0.0183,6.14052
hd 168443 b,,2571.23181263,58.11164,0.5288,HD 168443,1.064,,,39.6245,275.0159879,-9.5966905,1998.0,Radial Velocity,,,,6.73166
hd 168443 c,,6515.4823435,1759.2,0.2131,HD 168443,1.063,,,39.6245,275.0159879,-9.5966905,2000.0,Radial Velocity,,,,6.73166
hd 168746 b,,78.819,6.404,0.107,HD 168746,0.93,,5564.0,41.5681,275.4573269,-11.9229757,2002.0,Radial Velocity,,,0.078,7.77169
hd 168863 b,,2415.4958932,10000.0,0.21,HD 168863,0.826,,,39.8979,275.6642157,-18.0219726,2022.0,Radial Velocity,,,,9.06821
hd 1690 b,,2793.7257,533.0,0.64,HD 1690,1.86,21.66,4374.0,752.615,5.3055886,-8.2811442,2010.0,Radial Velocity,,,-0.27,8.74943
hd 16905 b,,2881.11450946,6707.49126,0.665,HD 16905,0.79,,,39.7401,40.0136203,-61.3550396,2022.0,Radial Velocity,,,,9.11324
hd 169142 b,,953.485221,,,HD 169142,1.85,,,113.6,276.1240717,-29.7805318,2023.0,Imaging,,,,8.05449
hd 169830 b,,915.31,225.62,0.31,HD 169830,1.4,,6299.0,37.6048,276.9561859,-29.8167919,2000.0,Radial Velocity,,F8 V,0.21,5.77641
hd 169830 c,,1283.98,2102.0,0.33,HD 169830,1.4,,6299.0,37.6048,276.9561859,-29.8167919,2003.0,Radial Velocity,,F8 V,0.21,5.77641
hd 170469 b,,176.39476588,1130.0,0.15,HD 170469,1.134802,1.27459,5765.62,60.178,277.2955423,11.6954244,2007.0,Radial Velocity,,,0.3112,8.04953
hd 17092 b,,1462.0,359.9,0.166,HD 17092,2.3,,4650.0,228.422,41.5924261,49.6530375,2007.0,Radial Velocity,,K0 III,0.22,7.33993
hd 171028 b,,629.28,550.0,0.59,HD 171028,,,,111.659,278.0643694,6.9456827,2007.0,Radial Velocity,,,,8.10233
hd 171238 b,,826.32,1523.0,0.4,HD 171238,0.943,,5467.0,44.8113,278.6818389,-28.0727849,2009.0,Radial Velocity,,K0 V,0.17,8.41099
hd 17156 b,,1004.3428,21.2167,0.6753,HD 17156,1.23,1.47,5969.0,78.0863,42.4366123,71.7530882,2007.0,Radial Velocity,,G5,0.22,8.03298
hd 173416 b,,645.2,,,HD 173416,1.3,,,132.184,280.9005676,36.556857,2008.0,Radial Velocity,,,,5.75681
hd 174205 b,,1334.8793094,582.0,0.4,HD 174205,1.8,26.6,4308.0,234.027,280.7932014,70.7928237,2022.0,Radial Velocity,,K2,-0.28,5.89765
hd 175167 b,,3019.3698665,898.0,0.19,HD 175167,,,,71.0863,285.0033888,-69.9450664,2009.0,Radial Velocity,,,,7.82424
hd 175541 b,,193.87,297.3,0.33,HD 175541,1.65,3.8,5060.0,129.603,283.9203211,4.2649344,2007.0,Radial Velocity,,G8 IV,-0.07,7.75927
hd 175607 b,,8.98,29.01,0.11,HD 175607,0.71,0.7,5392.0,40.3303,285.2742901,-66.1943379,2015.0,Radial Velocity,,G6 V,-0.62,8.40957
hd 17674 b,,276.5121,623.8,0.13,HD 17674,0.98,1.18,5904.0,44.4264,42.7684964,30.2865981,2017.0,Radial Velocity,,G0 V,-0.16,7.40113
hd 176986 b,,1487.75477317,6.49,,HD 176986,,,,27.7843,285.7739138,-11.044941,2017.0,Radial Velocity,,,,8.14249
hd 176986 c,,2097.98531461,16.82,,HD 176986,,,,27.7843,285.7739138,-11.044941,2017.0,Radial Velocity,,,,8.14249
hd 176986 d,,6.76,61.376,,HD 176986,0.789,0.782,4931.0,27.7843,285.7739138,-11.044941,2026.0,Radial Velocity,363.0,K2.5 V,0.03,8.14249
hd 177565 b,,15.1,44.505,0.0593,HD 177565,1.0,,,16.9179,286.7175787,-37.8122394,2017.0,Radial Velocity,,,,5.9739
hd 177830 b,,486.3,410.1,0.096,HD 177830,,3.30878,4923.79,62.7674,286.3363574,25.9204327,1999.0,Radial Velocity,,,0.3943,6.8866
hd 177830 c,,47.6725,110.9,0.3,HD 177830,1.47,2.62,4949.0,62.7674,286.3363574,25.9204327,2010.0,Radial Velocity,,,0.545,6.8866
hd 178911 b b,,2552.1749,71.484,0.11,HD 178911 B,1.24,1.08,5588.0,40.9727,287.2632091,34.6006972,2001.0,Radial Velocity,,,0.24,7.86705
hd 179079 b,,25.74423,14.479,0.049,HD 179079,1.14,1.63,5646.0,69.7116,287.7903733,-2.6387703,2008.0,Radial Velocity,,G5 IV,0.24,7.77454
hd 179949 b,,307.34006957,3.092535,0.016,HD 179949,1.220173,1.266865,6176.2,27.4573,288.8890182,-24.1797939,2000.0,Radial Velocity,,,0.1555,6.1106
hd 180053 b,,697.31902,213.72,0.081,HD 180053,1.75,4.06,5131.0,137.043,288.4008374,34.9146658,2018.0,Radial Velocity,,,,7.70327
hd 18015 b,,1048.8337431,2240.0,0.092,HD 18015,1.5,,5643.0,123.801,43.3636339,-8.8480392,2018.0,Radial Velocity,,G6 IV,-0.14,7.72194
hd 180314 b,,6397.9179,396.03,0.26,HD 180314,2.2,8.13,4924.0,122.362,288.7094401,31.8604391,2010.0,Radial Velocity,,,0.14,6.34583
hd 180617 b,,12.2,105.9,0.16,HD 180617,0.45,0.453,3557.0,5.91059,289.2277322,5.1631615,2018.0,Radial Velocity,,M2.5 V,0.0,8.0976
hd 180902 b,,495.8148,479.0,0.09,HD 180902,1.52,3.78,4992.0,104.577,289.8239604,-23.5582432,2009.0,Radial Velocity,,,-0.01,7.52132
hd 181234 b,,2660.2371,7462.0575,0.73,HD 181234,1.01,1.05,5386.0,47.7458,289.9998695,-9.32497,2019.0,Radial Velocity,,G5,0.32,8.36926
hd 181342 b,,921.707,562.1,0.1,HD 181342,1.89,5.12,5040.0,120.391,290.2674078,-23.6196996,2009.0,Radial Velocity,,K0 III,0.2,7.28405
hd 18143 b,,10.80616584,10.2851,0.224,HD 18143,0.85,,,22.5243,43.9140248,26.8723829,2022.0,Radial Velocity,,,,7.33209
hd 18143 c,,3177.64841319,28982.41764,0.194,HD 18143,0.85,,,22.5243,43.9140248,26.8723829,2022.0,Radial Velocity,,,,7.33209
hd 181433 b,,1708.64551603,9.374,,HD 181433,,,,26.8762,291.2873731,-66.4677838,2008.0,Radial Velocity,,,,8.09228
hd 181433 c,,238.05347684,1022.0,0.235,HD 181433,0.871,,,26.8762,291.2873731,-66.4677838,2008.0,Radial Velocity,,,,8.09228
hd 181433 d,,194.51098508,7012.0,0.469,HD 181433,0.78,,4962.0,26.8762,291.2873731,-66.4677838,2008.0,Radial Velocity,,,0.33,8.09228
hd 181720 b,,117.59,956.0,0.26,HD 181720,0.92,1.39,5781.0,60.2046,290.7212224,-32.9208401,2009.0,Radial Velocity,,G1 V,-0.53,7.67484
hd 183263 b,,1155.263,625.1,0.3728,HD 183263,1.06,1.29106,5867.0,54.1955,292.1022982,8.3579183,2004.0,Radial Velocity,,,0.27,7.71818
hd 183263 c,,2529.91411972,5010.0,0.0595,HD 183263,1.170583,1.293337,5875.99,54.1955,292.1022982,8.3579183,2008.0,Radial Velocity,,,0.2776,7.71818
hd 183579 b,3.57668278,,17.47130782378,,HD 183579,,0.974669,5783.54,57.2651,293.2866147,-54.5327284,2021.0,Transit,689.36,,,8.51549
hd 184010 b,,98.52680617,286.6,0.0,HD 184010,1.35,4.86,4971.0,60.7993,292.8401421,26.6172796,2022.0,Radial Velocity,,K0 III-IV,-0.17,5.64508
hd 184010 c,,95.3485221,484.3,0.0,HD 184010,1.35,4.86,4971.0,60.7993,292.8401421,26.6172796,2022.0,Radial Velocity,,K0 III-IV,-0.17,5.64508
hd 184010 d,,143.02278315,836.4,0.0,HD 184010,1.35,4.86,4971.0,60.7993,292.8401421,26.6172796,2022.0,Radial Velocity,,K0 III-IV,-0.17,5.64508
hd 18438 b,,6674.396547,803.0,0.1,HD 18438,1.84,88.475,3860.0,224.146,46.5318358,79.41858,2023.0,Radial Velocity,,M2.5 III,-0.4,4.73199
hd 185269 b,,346.4347,6.83785,0.3,HD 185269,1.57,2.0,6048.0,51.9917,294.2987668,28.499514,2006.0,Radial Velocity,,,0.13,6.51831
hd 185283 b,,413.1769291,4060.0,0.07,HD 185283,0.8,,,31.395,295.3233609,-56.3221096,2023.0,Radial Velocity,,K3 V,,8.71311
hd 18599 b,2.6,24.1,4.1374354,0.34,HD 18599,0.863,0.767,5145.0,38.5653,44.2620144,-56.1918694,2022.0,Transit,,K2 V,0.0,8.73117
hd 187085 b,,265.70588,1019.74,0.251,HD 187085,1.189,1.27,6117.0,45.8993,297.3915731,-37.7809929,2006.0,Radial Velocity,,,0.12,7.07508
hd 187123 b,,152.55,3.0966,0.01,HD 187123,1.04,1.15043,5790.0,45.9548,296.7428786,34.41899,1998.0,Radial Velocity,,,0.09,7.67284
hd 187123 c,,577.791,3324.0,0.28,HD 187123,1.04,1.15043,5790.0,45.9548,296.7428786,34.41899,2008.0,Radial Velocity,,,0.09,7.67284
hd 18742 b,,1185.5059,772.0,0.12,HD 18742,2.58,5.88,5021.0,162.685,45.0443115,-20.8027024,2011.0,Radial Velocity,,,-0.14,7.55464
hd 188015 b,,462.12250378,462.59,0.17,HD 188015,1.042676,1.125296,5649.5,50.6706,298.0191857,28.0999769,2004.0,Radial Velocity,,,0.2534,8.06588
hd 188641 b,,9333.03117155,14583.81038,0.034,HD 188641,1.07,,,64.3399,299.4048303,-37.7448845,2022.0,Radial Velocity,,,,7.17761
hd 189567 b,,8.5,14.288,0.189,HD 189567,0.83,,5726.0,17.9055,301.3959616,-67.3237992,2021.0,Radial Velocity,,G3 V,-0.24,5.9098
hd 189567 c,,8.0,33.571,0.14,HD 189567,,,5730.0,17.9055,301.3959616,-67.3237992,2021.0,Radial Velocity,,,,5.9098
hd 189733 b,12.755842,356.92309,2.2185752,0.0039,HD 189733,0.806,0.756,5040.0,19.7638,300.1821223,22.7097759,2005.0,Radial Velocity,,,-0.03,7.41432
hd 190007 b,,15.5,11.724128,0.136,HD 190007,0.77,,4610.0,12.7141,300.6956339,3.3266992,2020.0,Radial Velocity,,K4 V,0.16,7.06341
hd 190228 b,,1598.67688721,1143.59858,0.559,HD 190228,1.415,,,62.7146,300.7537294,28.3065564,2022.0,Radial Velocity,,,,7.08482
hd 190360 b,,572.0911326,2854.0,0.34,HD 190360,1.0,,,16.0069,300.9092476,29.894541,2003.0,Radial Velocity,150.0,G V,,5.55436
hd 190360 c,,21.45341747,17.11704,0.165,HD 190360,0.986343,1.165616,5537.68,16.0069,300.9092476,29.894541,2005.0,Radial Velocity,,,0.2297,5.55436
hd 190647 b,,630.89255,1176.45,0.224,HD 190647,1.069,1.376,5656.0,54.4738,301.8318167,-35.5395236,2007.0,Radial Velocity,,,0.23,7.5942
hd 190984 b,,985.2,4885.0,0.57,HD 190984,0.91,1.53,5988.0,148.187,302.8779827,-64.6202728,2009.0,Radial Velocity,,F8 V,-0.48,8.61126
hd 191806 b,,3219.60176291,1604.0,0.213,HD 191806,1.14,,6010.0,65.6668,302.368758,52.2767265,2016.0,Radial Velocity,,K0,0.3,7.93339
hd 191939 b,,,8.880318,,HD 191939,0.92,0.945,5427.0,53.6089,302.0256247,66.8503014,2020.0,Transit,,G8 V,-0.16,8.77476
hd 191939 c,3.14550353,,28.580474,,HD 191939,,0.920435,5555.7,53.6089,302.0256247,66.8503014,2020.0,Transit,545.0,,,8.77476
hd 191939 d,3.1168896,2.2,38.352562,0.0,HD 191939,0.8222,0.934,5385.0,53.6089,302.0256247,66.8503014,2020.0,Transit,502.73,,-0.138,8.77476
hd 191939 e,,108.0,101.5,0.0,HD 191939,0.81,0.94,5348.0,53.6089,302.0256247,66.8503014,2022.0,Radial Velocity,397.0,G9 V,-0.15,8.77476
hd 191939 f,,915.34581216,2898.0,,HD 191939,0.81,0.94,5348.0,53.6089,302.0256247,66.8503014,2022.0,Radial Velocity,,,-0.15,8.77476
hd 191939 g,,6.88,288.6,,HD 191939,0.81,0.94,5348.0,53.6089,302.0256247,66.8503014,2022.0,Radial Velocity,,,-0.15,8.77476
hd 192263 b,,247.9,24.4,0.22,HD 192263,,,,19.6359,303.4990864,-0.8657574,1999.0,Radial Velocity,486.0,K0 V,,7.49558
hd 192310 b,,16.9,74.72,0.13,HD 192310,0.8,,5166.0,8.79687,303.8284712,-27.0337556,2011.0,Radial Velocity,355.0,,-0.04,5.47661
hd 192310 c,,24.0,525.8,0.32,HD 192310,0.8,,5166.0,8.79687,303.8284712,-27.0337556,2011.0,Radial Velocity,185.0,,-0.04,5.47661
hd 192699 b,,737.3656,345.53,0.13,HD 192699,1.61,4.31,5164.0,71.8627,304.0248392,4.5805708,2007.0,Radial Velocity,,,-0.25,6.21085
hd 194490 b,,3561.90295725,13092.18348,0.251,HD 194490,1.06,,,80.2349,306.9980087,-51.6644646,2022.0,Radial Velocity,,,,8.82731
hd 195019 b,,1264.9634,18.20132,0.01,HD 195019,1.21,1.48,5751.0,37.6681,307.0792427,18.7692509,1998.0,Radial Velocity,,,0.05,6.72911
hd 196050 b,,921.67,1378.0,0.228,HD 196050,,,,50.6742,309.4637796,-60.6347649,2002.0,Radial Velocity,,,,7.3407
hd 196067 b,,3623.2438398,3413.7,0.56292,HD 196067,1.16,1.71,6072.0,39.9346,310.4364195,-75.3514992,2012.0,Radial Velocity,,G0 V,0.213,6.33009
hd 196067 c,,10.4,4.601088,0.235,HD 196067,1.16,1.71,6072.0,39.9346,310.4364195,-75.3514992,2025.0,Radial Velocity,,G0 V,0.213,6.33009
hd 19615 b,,2701.5414595,402.0,0.2,HD 19615,1.1,32.3,4263.0,265.155,48.7813299,73.868015,2022.0,Radial Velocity,,K0,-0.31,6.02012
hd 196885 a b,,947.1334,1325.8575,0.48,HD 196885 A,1.18,1.43072,6172.0,34.1692,309.9664609,11.2500236,2007.0,Radial Velocity,,,0.25,6.26141
hd 197037 b,,251.0,1035.7,0.22,HD 197037,1.11,,6150.0,33.1944,309.8869681,42.247593,2012.0,Radial Velocity,,F7 V,-0.2,6.67106
hd 199509 b,,43.22466335,99.62167,0.373,HD 199509,1.04,,,24.3056,317.3445632,-82.0274926,2022.0,Radial Velocity,,,,6.817
hd 19994 b,,435.41,466.2,0.063,HD 19994,1.365,,6188.0,22.5242,48.1943193,-1.1963955,2003.0,Radial Velocity,,F8 V,0.27,4.93038
hd 20003 b,,11.66,11.8482,0.36,HD 20003,0.875,,5494.0,41.8316,46.9090081,-72.3219221,2019.0,Radial Velocity,,G8 V,0.04,8.19184
hd 20003 c,,14.44,33.9239,0.1,HD 20003,0.875,,5494.0,41.8316,46.9090081,-72.3219221,2019.0,Radial Velocity,,G8 V,0.04,8.19184
hd 200964 b,,587.96,613.8,0.04,HD 200964,1.44,4.3,5164.0,72.5922,316.6664183,3.8033357,2010.0,Radial Velocity,,,-0.15,6.23723
hd 200964 c,,284.446,825.0,0.181,HD 200964,1.44,4.3,5164.0,72.5922,316.6664183,3.8033357,2010.0,Radial Velocity,,,-0.15,6.23723
hd 202206 c,,776.0,1383.4,0.267,HD 202206,,,,45.9665,318.7405221,-20.7897284,2004.0,Radial Velocity,,,,7.91051
hd 202696 b,,634.38868,517.8,0.011,HD 202696,1.91,6.43,5040.0,188.546,319.2250346,27.2582799,2019.0,Radial Velocity,,K0 III-IV,0.02,7.95929
hd 202696 c,,592.43512,946.6,0.028,HD 202696,1.91,6.43,5040.0,188.546,319.2250346,27.2582799,2019.0,Radial Velocity,,K0 III-IV,0.02,7.95929
hd 202772 a b,24.9862,,3.3088922,,HD 202772 A,,2.62,6188.0,161.498,319.6995877,-26.6163743,2019.0,Transit,3184.0,,,8.22688
hd 203030 b,,7656.097,,,HD 203030,,,,39.2503,319.7432238,26.2305846,2006.0,Imaging,1206.0,G8 V,,8.24663
hd 20329 b,1.67736,,0.9260632,,HD 20329,,1.11,5640.0,63.6796,49.178124,15.6563542,2022.0,Transit,1576.0,,,8.59089
hd 203387 b,,1106.04285636,512.5352,0.732,HD 203387,2.817,,,61.7477,320.561782,-16.8345229,2022.0,Radial Velocity,,,,4.05534
hd 203387 c,,2378.9456264,2481.07227,0.202,HD 203387,2.817,,,61.7477,320.561782,-16.8345229,2022.0,Radial Velocity,,,,4.05534
hd 2039 b,,1999.1507,1120.0,0.71,HD 2039,1.23,1.19,5945.0,85.6922,6.0851069,-56.649988,2002.0,Radial Velocity,,,0.3,8.85974
hd 204313 b,,1287.16,1931.0,0.131,HD 204313,1.045,,5767.0,47.7945,322.0510568,-21.7274194,2010.0,Radial Velocity,,G5 V,0.18,7.83246
hd 204313 c,,17.6,34.905,0.155,HD 204313,1.02,,5776.0,47.7945,322.0510568,-21.7274194,2015.0,Radial Velocity,,G5 V,0.18,7.83246
hd 204313 e,,4868.17771002,7325.64666,0.253,HD 204313,1.03,,,47.7945,322.0510568,-21.7274194,2022.0,Radial Velocity,,,,7.83246
hd 204941 b,,84.5392,1733.0,0.37,HD 204941,0.74,0.72,5056.0,28.7165,323.0966714,-20.957957,2011.0,Radial Velocity,,,-0.19,8.19092
hd 205158 b,,124.58873554,25.33798,0.145,HD 205158,1.16,,,86.6159,323.9186227,-59.6933144,2022.0,Radial Velocity,,,,7.71934
hd 205739 b,,435.41,279.8,0.27,HD 205739,1.22,1.33,6176.0,92.5087,324.5351273,-31.7378373,2008.0,Radial Velocity,,,0.19,8.41991
hd 206255 b,,34.2,96.045,0.23,HD 206255,1.42,,5635.0,75.2363,325.5917768,-50.0935884,2019.0,Radial Velocity,,G5 IV/V,,7.44849
hd 206610 b,,813.6448,610.0,0.23,HD 206610,1.93,4.92,4890.0,147.192,325.8537599,-7.4082451,2009.0,Radial Velocity,,,0.16,8.06506
hd 206893 b,14.01122587,8899.195396,9350.0,0.14,HD 206893,1.32,,,40.7583,326.3416874,-12.7833522,2021.0,Imaging,1429.2,F5 V,,6.56783
hd 206893 c,16.36511182,4036.4207689,2090.0,0.41,HD 206893,1.32,,,40.7583,326.3416874,-12.7833522,2022.0,Imaging,1181.9,F5 V,,6.56783
hd 207496 b,2.56374,,6.441006,,HD 207496,,0.8,4867.0,23.606,328.7181708,-77.3388025,2023.0,Transit,853.0,,,7.97255
hd 20781 b,,1.93,5.3135,0.1,HD 20781,0.7,,5256.0,35.9715,50.0139757,-28.7841175,2019.0,Radial Velocity,,K0 V,-0.11,8.2372
hd 20781 c,,5.33,13.8905,0.09,HD 20781,0.7,,5256.0,35.9715,50.0139757,-28.7841175,2019.0,Radial Velocity,,K0 V,-0.11,8.2372
hd 20781 d,,10.61,29.158,0.11,HD 20781,0.7,,5256.0,35.9715,50.0139757,-28.7841175,2019.0,Radial Velocity,,K0 V,-0.11,8.2372
hd 20781 e,,14.03,85.5073,0.06,HD 20781,0.7,,5256.0,35.9715,50.0139757,-28.7841175,2019.0,Radial Velocity,,K0 V,-0.11,8.2372
hd 20782 b,,572.07,585.86,0.92,HD 20782,1.0,,5758.0,35.9864,50.0166232,-28.8543535,2006.0,Radial Velocity,,,-0.05,7.19283
hd 207832 b,,177.9848,161.97,0.13,HD 207832,0.94,0.901,5710.0,58.9291,328.1517893,-26.0271749,2012.0,Radial Velocity,,,0.06,8.61176
hd 207832 c,,232.0159,1155.7,0.27,HD 207832,0.94,0.901,5710.0,58.9291,328.1517893,-26.0271749,2012.0,Radial Velocity,,,0.06,8.61176
hd 207897 b,2.501,14.4,16.202159,0.047,HD 207897,0.8,0.779,5070.0,28.2938,325.2016451,84.3337613,2021.0,Transit,632.2,K0 V,-0.042,8.13037
hd 20794 b,,2.7,18.315,0.0,HD 20794,0.7,,5401.0,6.00278,49.9997666,-43.0666533,2011.0,Radial Velocity,660.0,G8 V,-0.4,4.06635
hd 20794 d,,3.52,88.9,0.25,HD 20794,0.813,,,6.00278,49.9997666,-43.0666533,2011.0,Radial Velocity,,G8,,4.06635
hd 20794 e,,4.77,147.02,0.29,HD 20794,0.813,,,6.00278,49.9997666,-43.0666533,2017.0,Radial Velocity,,G8,,4.06635
hd 20794 f,,5.82,647.6,0.45,HD 20794,0.79,0.93,5368.0,6.00278,49.9997666,-43.0666533,2025.0,Radial Velocity,,G6 V,-0.42,4.06635
hd 208487 b,,152.55,129.97,0.22,HD 208487,1.05,,,45.147,329.3332489,-37.7641354,2004.0,Radial Velocity,,,,7.33164
hd 208527 b,,3146.4,875.5,0.08,HD 208527,1.6,51.1,4035.0,312.202,329.0999413,21.239922,2012.0,Radial Velocity,,M1 III,-0.09,5.61607
hd 20868 b,,632.46,380.85,0.75,HD 20868,0.78,0.79,4795.0,47.7223,50.1794053,-33.72969,2008.0,Radial Velocity,,K3/4 IV,0.04,9.61323
hd 208897 b,,,,,HD 208897,,,,,,,2017.0,Radial Velocity,,,,
hd 209458 b,,,,0.0,HD 209458,,,,48.3016,330.7950219,18.8842419,1999.0,Radial Velocity,,,,7.50866
hd 210193 b,,153.1,649.918,0.24,HD 210193,1.04,,5790.0,42.2029,332.3951324,-41.225205,2019.0,Radial Velocity,,G3 V,,7.6687
hd 210277 b,,410.0007,442.19,0.48,HD 210277,1.01,1.07,5538.0,21.2985,332.3748117,-7.5505962,1998.0,Radial Velocity,,,0.22,6.34701
hd 210702 b,,574.63664,354.1,0.028,HD 210702,1.61,4.92,4951.0,54.1963,332.9638643,16.0404806,2007.0,Radial Velocity,,,,5.6807
hd 211403 b,,1760.76937478,223.8,0.084,HD 211403,1.2,1.206,6273.0,83.0919,333.8158177,58.2755601,2021.0,Radial Velocity,380.0,F7 V,0.18,8.34865
hd 211810 b,,212.9461,1558.0,0.68,HD 211810,1.03,1.13,5652.0,64.6353,334.5286724,61.1349912,2018.0,Radial Velocity,,G5,0.17,8.417831
hd 211970 b,,13.0,25.201,0.15,HD 211970,0.61,,4127.0,13.1277,335.5661579,-54.5596006,2019.0,Radial Velocity,,K7 V,,8.40444
hd 212301 b,,162.0933,2.24571,0.0,HD 212301,1.55,1.16,6239.0,54.2304,336.8803957,-77.7183219,2005.0,Radial Velocity,,,0.18,7.63495
hd 212771 b,,1172.7927,373.29999,0.11,HD 212771,2.41,4.55,5069.0,111.155,336.762413,-17.2641046,2009.0,Radial Velocity,,,-0.15,7.35208
hd 213240 b,,1430.235,951.0,0.45,HD 213240,1.22,,5975.0,40.8707,337.7506266,-49.4341037,2001.0,Radial Velocity,,,0.16,6.65761
hd 213472 b,,1112.3994245,17000.0,0.53,HD 213472,1.048132,1.433902,5729.54,64.4527,337.7069969,40.7222277,2021.0,Radial Velocity,,,0.1249,8.01189
hd 213519 b,,9.2170238,11.12214,0.413,HD 213519,1.05,,,41.0014,337.7727845,45.1452472,2022.0,Radial Velocity,,,,7.51625
hd 213885 b,1.7202,,1.0082361,,HD 213885,,1.13,5795.29,48.0883,338.9837166,-59.864829,2019.0,Transit,1835.0,,,7.80173
hd 213885 c,,19.95,4.78503,0.0,HD 213885,1.068,1.1011,5978.0,48.0883,338.9837166,-59.864829,2019.0,Radial Velocity,1265.4,G,-0.04,7.80173
hd 21411 b,,65.9,84.288,0.4,HD 21411,0.89,,5605.0,29.1328,51.5474155,-30.6168403,2019.0,Radial Velocity,,G8 V,,7.68183
hd 214823 b,,6102.336,1877.0,0.154,HD 214823,1.22,,6215.0,101.368,340.0832062,31.7875183,2016.0,Radial Velocity,,G0 V,0.17,7.91589
hd 215152 b,,565.41673605,5.76,,HD 215152,,,,21.5974,340.8380941,-6.4020685,2018.0,Radial Velocity,,,,7.80163
hd 215152 c,,1.72,7.28243,0.0,HD 215152,0.77,0.73,4935.0,21.5974,340.8380941,-6.4020685,2018.0,Radial Velocity,,K3 V,-0.1,7.80163
hd 215152 d,,770.41605857,10.86,,HD 215152,,,,21.5974,340.8380941,-6.4020685,2018.0,Radial Velocity,,,,7.80163
hd 215152 e,,2.877,25.1967,0.0,HD 215152,0.77,0.73,4935.0,21.5974,340.8380941,-6.4020685,2018.0,Radial Velocity,,K3 V,-0.1,7.80163
hd 21520 b,1.93226,,25.1290153,,HD 21520,,1.04,5871.0,79.208,51.6403449,-43.6136649,2024.0,Transit,627.0,,,9.01796
hd 215497 b,,6.6,3.93404,0.16,HD 215497,0.872,,5113.0,40.5468,341.652714,-56.5997984,2009.0,Radial Velocity,,K3 V,0.23,8.68605
hd 215497 c,,104.3,567.94,0.49,HD 215497,0.872,,5113.0,40.5468,341.652714,-56.5997984,2009.0,Radial Velocity,,K3 V,0.23,8.68605
hd 216435 b,,400.4,1311.0,0.07,HD 216435,1.3,,5999.0,32.9834,343.4094703,-48.5986332,2002.0,Radial Velocity,,,0.244,5.88357
hd 216437 b,,706.53609,1334.28,0.317,HD 216437,1.165,1.394,5909.0,26.6902,343.6639631,-70.0733957,2002.0,Radial Velocity,,,0.2,5.89397
hd 216520 b,,10.26,35.45,0.09,HD 216520,0.82,0.76,5103.0,19.552,341.8768719,83.6975307,2020.0,Radial Velocity,,,-0.16,7.27896
hd 216520 c,,9.44,154.43,0.12,HD 216520,0.82,0.76,5103.0,19.552,341.8768719,83.6975307,2020.0,Radial Velocity,,,-0.16,7.27896
hd 216536 b,,467.19,148.6,0.38,HD 216536,1.36,12.5,4639.0,376.233,343.2665641,44.4777303,2015.0,Radial Velocity,,K0,-0.17,8.88324
hd 216770 b,,181.1631,118.45,0.37,HD 216770,0.74,0.93,5399.0,36.6625,343.9748751,-26.6595286,2003.0,Radial Velocity,,,0.27,7.91638
hd 21693 b,,8.23,22.6786,0.12,HD 21693,0.8,,5430.0,33.255,51.8040469,-58.3232726,2019.0,Radial Velocity,,G8 V,0.0,7.75701
hd 21693 c,,17.37,53.7357,0.07,HD 21693,0.8,,5430.0,33.255,51.8040469,-58.3232726,2019.0,Radial Velocity,,G8 V,0.0,7.75701
hd 217107 b,,459.57987652,7.1270166,0.1284,HD 217107,1.045,1.2245,,20.0619,344.5647243,-2.3954489,1998.0,Radial Velocity,,G,,5.96401
hd 217107 c,,1369.84043417,5141.0,0.3928,HD 217107,1.059631,1.17195,5606.83,20.0619,344.5647243,-2.3954489,2005.0,Radial Velocity,,,0.3399,5.96401
hd 21749 c,0.96179656,,7.78978861866,,GJ 143,,0.71,4628.53,16.32,51.7501882,-63.500166,2019.0,Transit,1165.14,,,7.67906
hd 217786 b,,9185.2409623,1302.1,0.3158,HD 217786,1.02,,5966.0,55.4847,345.7838088,-0.4303594,2011.0,Radial Velocity,,F8 V,-0.135,7.63573
hd 217786 c,,7.31005336,2.52221,0.399,HD 217786,1.14,,,55.4847,345.7838088,-0.4303594,2022.0,Radial Velocity,,,,7.63573
hd 217958 b,,166.54208527,2560.19774,0.156,HD 217958,1.08,,,61.7957,346.136577,-25.6917758,2022.0,Radial Velocity,,,,7.89501
hd 218566 b,,66.7415,225.7,0.3,HD 218566,0.85,0.86,4820.0,28.8274,347.297417,-2.2611645,2010.0,Radial Velocity,,,0.38,8.27432
hd 219077 b,,3057.50927534,5478.68861,0.768,HD 219077,0.92,,,29.1864,348.5319387,-62.7018297,2012.0,Radial Velocity,,,,5.91597
hd 219134 b,,3.73,3.092926,0.121,HD 219134,,,4874.0,6.53127,348.3372026,57.1696255,2015.0,Radial Velocity,,,,5.2402
hd 219134 c,,3.49613,6.7635,0.0,HD 219134,0.794,0.77,4913.0,6.53127,348.3372026,57.1696255,2015.0,Radial Velocity,,K3 V,0.08,5.2402
hd 219134 d,,8.94,46.66,0.46,HD 219134,0.78,0.778,4699.0,6.53127,348.3372026,57.1696255,2015.0,Radial Velocity,,K3 V,0.11,5.2402
hd 219134 f,,8.89924,22.805,0.0,HD 219134,0.794,0.77,4913.0,6.53127,348.3372026,57.1696255,2015.0,Radial Velocity,,K3 V,0.08,5.2402
hd 219134 g,,10.80622,94.2,0.0,HD 219134,0.794,0.77,4913.0,6.53127,348.3372026,57.1696255,2015.0,Radial Velocity,,K3 V,0.08,5.2402
hd 219134 h,,76.2792,2146.0,0.06,HD 219134,0.794,,,6.53127,348.3372026,57.1696255,2015.0,Radial Velocity,,,,5.2402
hd 219139 b,,247.90615746,275.5,0.11,HD 219139,1.46,11.22,4831.0,104.935,348.3604055,11.0649832,2021.0,Radial Velocity,,G5 III,-0.2,5.57762
hd 219415 b,,317.83,2093.3,0.4,HD 219415,1.0,2.9,4820.0,165.184,348.7243579,56.7303001,2012.0,Radial Velocity,,K0 III,-0.04,8.59745
hd 219666 b,4.6585117,,6.03446338952,,HD 219666,,1.05,5586.0,94.1719,349.5592665,-56.9039857,2018.0,Transit,1377.92,,,9.64956
hd 219828 b,,21.0,3.834887,0.059,HD 219828,1.23,1.69,5891.0,73.114,349.6947029,18.6457524,2007.0,Radial Velocity,,G0 IV,0.19,7.88338
hd 219828 c,,4640.318,4682.0,0.8102,HD 219828,1.18,1.61,5807.0,73.114,349.6947029,18.6457524,2016.0,Radial Velocity,,G0 IV,0.18,7.88338
hd 220074 b,,3527.8,672.1,0.14,HD 220074,1.2,49.7,3935.0,324.54,350.0599827,61.9701062,2012.0,Radial Velocity,,M2 III,-0.25,5.62737
hd 220197 b,,63.566,1728.0,0.187,HD 220197,0.91,0.98,5683.0,64.411,350.4946927,16.6323305,2018.0,Radial Velocity,,,-0.55,8.74481
hd 220689 b,,381.3940884,2280.0,0.053,HD 220689,1.04,,5921.0,46.8778,351.4707282,-20.6167923,2012.0,Radial Velocity,,G3 V,0.0,7.59438
hd 220773 b,,460.8,3724.7,0.51,HD 220773,1.16,,5940.0,50.5103,351.6144715,8.6428871,2011.0,Radial Velocity,,F9,0.09,6.94595
hd 220842 b,,1010.6994,218.47,0.404,HD 220842,1.13,,5960.0,64.6498,351.6534162,56.8871415,2016.0,Radial Velocity,,F8,-0.17,7.83398
hd 221287 b,,982.05,456.1,0.08,HD 221287,1.25,,6304.0,55.9231,352.836223,-58.209754,2007.0,Radial Velocity,,,-0.03,7.68153
hd 221416 b,,,14.2769,,HD 221416,1.212,2.943,5080.0,95.5483,353.0331863,-21.8012007,2019.0,Transit,,,-0.08,7.90776
hd 221420 b,,6324.7852993,11100.0,0.199,HD 221420,1.34,,,31.1415,353.3319001,-77.3853286,2019.0,Radial Velocity,,,,5.65862
hd 221585 b,,511.7063,1173.0,0.123,HD 221585,1.19,,5620.0,55.8535,353.2293802,63.1556146,2016.0,Radial Velocity,,G8 IV,0.29,7.28128
hd 222076 b,,540.3082919,873.04,0.0,HD 222076,1.28,4.28,4879.0,91.1538,354.531982,-70.9032461,2016.0,Radial Velocity,,K1 III,0.08,7.18755
hd 222155 b,,581.62598481,3270.0,0.09,HD 222155,1.13,,5765.0,50.6078,354.5025617,48.9960191,2011.0,Radial Velocity,,G2 V,-0.11,6.93563
hd 222237 b,,1589.142035,20089.0,0.54,HD 222237,0.7,,,11.4469,354.9078642,-72.7253271,2024.0,Radial Velocity,,,,6.73988
hd 222582 b,,2504.48784716,572.537,0.7615,HD 222582,0.969129,1.145017,5746.66,42.1586,355.4640788,-5.9862379,1999.0,Radial Velocity,,,0.0171,7.51889
hd 224018 b,0.91,4.1,10.6413,0.06,HD 224018,1.013,1.147,5784.0,105.48,358.6390056,-4.7233362,2025.0,Radial Velocity,968.0,G V,0.05,9.52137
hd 224018 c,2.42,10.4,36.57669,0.02,HD 224018,1.013,1.147,5784.0,105.48,358.6390056,-4.7233362,2025.0,Transit,641.0,G V,0.05,9.52137
hd 224018 d,2.4,4.2,138.0731,0.04,HD 224018,1.013,1.147,5784.0,105.48,358.6390056,-4.7233362,2025.0,Transit,411.0,G V,0.05,9.52137
hd 224538 b,,3655.0266805,1201.0,0.484,HD 224538,1.34,,6097.0,79.0608,359.7164302,-61.5868613,2016.0,Radial Velocity,,F8/G0 IV/V,0.27,7.92192
hd 224693 b,,225.65,26.73,0.05,HD 224693,1.33,1.7,6037.0,93.5015,359.9749837,-22.4279999,2006.0,Radial Velocity,,G2 IV,0.343,8.08528
hd 22496 b,,5.57,5.09071,,HD 22496,0.684,0.674,4385.0,13.5956,53.7565398,-48.4178173,2021.0,Radial Velocity,573.0,,-0.08,8.01945
hd 22532 b,,673.79622284,872.6,0.03,HD 22532,1.57,5.69,5038.0,161.183,53.8148478,-49.4172669,2022.0,Radial Velocity,,G8 III/IV,-0.19,7.6043
hd 22781 b,,4338.2,528.07,0.8191,HD 22781,0.75,,5027.0,32.6034,55.2065581,31.8258855,2011.0,Radial Velocity,,K1,-0.37,8.52445
hd 22946 d,2.607,26.57,47.42489,,HD 22946,1.098,1.117,6169.0,62.7792,54.819538,-42.7630276,2023.0,Transit,546.0,,-0.08,8.1281
hd 23079 b,,845.42356262,735.74,0.07348,HD 23079,1.16,1.08,5994.0,33.4591,54.9281897,-52.9162344,2001.0,Radial Velocity,,F9.5 V,-0.129,6.96235
hd 23079 c,,8.26,5.748913,0.097,HD 23079,1.16,1.08,5994.0,33.4591,54.9281897,-52.9162344,2025.0,Radial Velocity,,F9.5 V,-0.129,6.96235
hd 23127 b,,485.32641,1211.17,0.406,HD 23127,1.208,1.49,5843.0,93.8555,54.8491271,-60.077229,2006.0,Radial Velocity,,,0.29,8.42019
hd 231701 b,,359.1479,141.63,0.13,HD 231701,1.21,1.53,6101.0,108.877,293.017622,16.4743566,2007.0,Radial Velocity,,F8 V,0.05,8.83051
hd 233604 b,,2089.644,192.0,0.05,HD 233604,1.5,10.9,4791.0,847.058,137.4535054,53.5682016,2013.0,Radial Velocity,,K5,-0.36,10.1054
hd 233832 b,,864.4976,4047.0,0.381,HD 233832,0.82,0.738364,4971.74,58.742,171.5196515,50.3763099,2018.0,Radial Velocity,,,-0.83,9.94557
hd 23472 b,2.0,8.32,17.667087,0.072,HD 23472,0.67,0.71,4684.0,39.0341,55.4590314,-62.7672667,2019.0,Transit,543.0,K4 V,-0.2,9.38476
hd 23472 c,1.87,3.41,29.79749,0.063,HD 23472,0.67,0.71,4684.0,39.0341,55.4590314,-62.7672667,2019.0,Transit,467.0,K4 V,-0.2,9.38476
hd 23472 d,0.75,0.55,3.97664,0.07,HD 23472,0.67,0.71,4684.0,39.0341,55.4590314,-62.7672667,2022.0,Transit,909.0,K4 V,-0.2,9.38476
hd 23472 e,0.818,0.72,7.90754,0.07,HD 23472,0.67,0.71,4684.0,39.0341,55.4590314,-62.7672667,2022.0,Transit,723.0,K4 V,-0.2,9.38476
hd 23472 f,1.06362368,,12.1623046419,,HD 23472,,0.69,4813.0,39.0341,55.4590314,-62.7672667,2022.0,Transit,818.99,,,9.38476
hd 235088 b,1.97737,,7.4341456,,HD 235088,,0.78,5064.0,41.1706,300.6154535,53.3774418,2023.0,Transit,733.0,,,8.94271
hd 23596 b,,2450.37,1561.0,0.266,HD 23596,1.159,,5904.0,52.0018,57.0018601,40.5307308,2003.0,Radial Velocity,,F8 V,0.33,7.10356
hd 238090 b,,6.89,13.671,0.3,HD 238090,0.578,0.57,3933.0,15.2354,183.0886375,54.486153,2020.0,Radial Velocity,469.6,M0.0 V,-0.03,9.037911
hd 238914 b,,1906.98,4100.0,0.56,HD 238914,1.47,12.73,4769.0,519.452,279.5842102,59.2538819,2018.0,Radial Velocity,,,-0.25,8.497
hd 240210 b,,1655.82,501.75,0.15,HD 240210,0.82,,4297.0,372.405,347.6219227,57.0294818,2009.0,Radial Velocity,,K3 III,-0.18,7.64476
hd 240237 b,,5050.3187,745.70001,0.4,HD 240237,8.76,71.23,3926.0,933.377,348.9259334,58.0432233,2011.0,Radial Velocity,,,-0.25,7.49317
hd 24040 b,,1287.20504835,3552.0,0.012,HD 24040,1.10394,1.387296,5776.49,46.6224,57.5962104,17.4752873,2006.0,Radial Velocity,,,0.1971,7.33476
hd 24040 c,,63.88350981,515.4,0.11,HD 24040,1.10394,1.387296,5776.49,46.6224,57.5962104,17.4752873,2021.0,Radial Velocity,,,0.1971,7.33476
hd 24064 b,,2987.602,535.6,0.35,HD 24064,1.0,38.0,4052.5,300.247,59.1510071,74.0800789,2015.0,Radial Velocity,,K0,-0.49,6.17839
hd 24085 b,,11.8,2.0455,0.22,HD 24085,1.22,,6034.0,54.9004,56.2563447,-70.0245193,2019.0,Radial Velocity,,G0 V,,7.42496
hd 25015 b,,2993.94359394,6360.0,0.341,HD 25015,0.86,,5160.0,37.433,59.4335463,-20.2673347,2019.0,Radial Velocity,,K2 V,0.04,8.59876
hd 25171 b,,290.81445,1802.29,0.042,HD 25171,1.076,1.23,6125.0,55.6146,58.9574779,-65.1863239,2010.0,Radial Velocity,,,-0.12,7.638
hd 25463 b,2.84649412,,7.04916084122,,HD 25463,,1.42717,6337.87,45.6181,60.7483361,9.2077676,2023.0,Transit,1199.74,,,6.77613
hd 25463 c,1.33374248,,3.04404408205,,HD 25463,,1.42717,6337.87,45.6181,60.7483361,9.2077676,2023.0,Transit,1587.27,,,6.77613
hd 25723 b,,794.5710175,457.01,0.04,HD 25723,2.12,13.76,4766.0,114.816,61.0947182,-12.7922241,2020.0,Radial Velocity,,K1 III,-0.03,5.31947
hd 25912 b,,38.13940884,41.83156,0.05,HD 25912,1.08,,,49.1661,60.9074988,-51.9315058,2022.0,Radial Velocity,,,,8.02788
hd 25912 c,,5252.75008249,26308.65619,0.051,HD 25912,1.08,,,49.1661,60.9074988,-51.9315058,2022.0,Radial Velocity,,,,8.02788
hd 260655 b,1.27326,,2.7694936,,HD 260655,,0.47,3807.0,10.0055,99.2915429,17.5662696,2022.0,Transit,602.0,,,8.876041
hd 260655 c,1.89602,,5.7060868,,HD 260655,,0.47,3807.0,10.0055,99.2915429,17.5662696,2022.0,Transit,593.0,,,8.876041
hd 26161 b,,4290.6834945,32000.0,0.82,HD 26161,1.132916,1.455981,6057.62,40.9128,62.4122255,31.6524346,2021.0,Radial Velocity,,,-0.0095,6.7427
hd 2638 b,,152.55,3.4442,0.0,HD 2638,0.93,,5192.0,54.9621,7.4990038,-5.76496,2005.0,Radial Velocity,,G5,0.16,9.192761
hd 2685 b,,,4.1269052,0.091,HD 2685,1.43,1.56,6801.0,196.852,7.3289156,-76.304032,2019.0,Transit,,,0.02,9.52025
hd 27442 b,,429.0705,415.2,0.058,HD 27442,1.2,,,18.2704,64.1205476,-59.3028771,2000.0,Radial Velocity,,,0.22,4.14532
hd 27631 b,,474.83802,2198.14,0.141,HD 27631,0.944,0.923,5737.0,50.2862,64.9392168,-41.9606604,2012.0,Radial Velocity,,,-0.12,8.08478
hd 27894 b,,205.0,17.9904,0.0486,HD 27894,,,,43.8214,65.1975693,-59.4096776,2005.0,Radial Velocity,,,,9.06573
hd 27894 c,,51.48846,36.07,0.015,HD 27894,0.8,,,43.8214,65.1975693,-59.4096776,2017.0,Radial Velocity,,K2 V,0.3,9.06573
hd 27894 d,,2409.13932506,5045.2,0.3239,HD 27894,0.871,,,43.8214,65.1975693,-59.4096776,2017.0,Radial Velocity,,,,9.06573
hd 27969 b,,1525.5763536,654.5,0.182,HD 27969,1.16,1.27,5966.0,67.9328,66.7068364,42.90872,2021.0,Radial Velocity,261.0,G0 V,0.18,7.5139
hd 28109 b,2.69,6.2,22.891054,0.0071,HD 28109,1.227,1.425,6189.0,139.611,65.2383065,-68.1026875,2022.0,Transit,867.0,F8,0.1,9.29976
hd 28109 c,4.60744436,,56.00450564844,,HD 28109,,1.41189,6321.0,139.611,65.2383065,-68.1026875,2022.0,Transit,596.67,,,9.29976
hd 28109 d,3.25,5.681,84.25999,0.0864,HD 28109,1.26,1.446,6120.0,139.611,65.2383065,-68.1026875,2022.0,Transit,506.5,F8/G0 V,0.0,9.29976
hd 28185 b,,1776.59,385.9,0.092,HD 28185,0.98,,5546.0,39.3809,66.6100461,-10.5510754,2001.0,Radial Velocity,,G5,0.12,7.62682
hd 28185 c,,1906.970442,9090.0,0.15,HD 28185,0.974,1.048,5602.0,39.3809,66.6100461,-10.5510754,2022.0,Radial Velocity,,,0.19,7.62682
hd 28192 b,,99.7981198,14.23283,0.104,HD 28192,1.08,,,49.8063,66.7032517,-1.7244842,2022.0,Radial Velocity,,,,7.89874
hd 28254 b,,368.67,1116.0,0.81,HD 28254,1.06,1.48,5664.0,55.2884,66.2108141,-50.6228081,2010.0,Radial Velocity,,G1 IV/V,0.06,7.49977
hd 284149 ab b,,8352.53053596,,,HD 284149 A,,1.36,6035.0,117.807,61.6616887,20.3030344,2017.0,Imaging,2395.0,,,9.41967
hd 28471 b,,3.72,3.1649,0.195,HD 28471,0.98,1.08,5766.0,43.6455,66.2875166,-64.0786861,2025.0,Radial Velocity,1377.0,G5 V,-0.04,7.72751
hd 28471 c,,5.72,6.1245,0.088,HD 28471,0.98,1.08,5766.0,43.6455,66.2875166,-64.0786861,2025.0,Radial Velocity,1066.0,G5 V,-0.04,7.72751
hd 28471 d,,4.91,11.681,0.093,HD 28471,0.98,1.08,5766.0,43.6455,66.2875166,-64.0786861,2025.0,Radial Velocity,945.0,G5 V,-0.04,7.72751
hd 285507 b,,311.4734,6.0881,0.09,HD 285507,0.82,0.69,4503.0,45.0293,61.755663,15.3349441,2013.0,Radial Velocity,,,0.13,10.0404
hd 285968 b,,8.4,8.7836,0.0,HD 285968,0.5,,,9.47045,70.7353853,18.953358,2008.0,Radial Velocity,450.0,M2 V,-0.1,8.99955
hd 28678 b,,540.3,387.1,0.168,HD 28678,1.74,6.2,5076.0,189.908,67.8560643,4.5752495,2011.0,Radial Velocity,,,-0.11,8.05469
hd 29021 b,,1420.69297929,1365.0,0.453,HD 29021,0.86,,,30.9939,69.4681379,60.6762985,2017.0,Radial Velocity,,G5,-0.3,7.58565
hd 290327 b,,772.3269,2443.0,0.08,HD 290327,0.84,0.95,5505.0,56.433,80.8399887,-2.2780391,2009.0,Radial Velocity,,,-0.14,8.80364
hd 29399 b,,551.8,,,HD 29399,1.361,4.845,4845.0,44.1518,68.3903471,-62.8237576,2022.0,Radial Velocity,,,,5.50503
hd 2952 b,,435.4271,311.60001,0.13,HD 2952,1.97,10.76,4844.0,110.103,8.2938367,54.8948177,2013.0,Radial Velocity,,,0.0,5.64532
hd 29985 b,,899.45439181,9900.0,0.68,HD 29985,0.718,,,31.2707,70.5216589,-33.9210696,2022.0,Radial Velocity,,,,9.47227
hd 30177 b,,2447.291,1620.0,0.22,HD 30177,0.95,,,55.5867,70.4770964,-58.0208085,2002.0,Radial Velocity,,,,8.21511
hd 30177 c,,2415.508,11613.0,0.22,HD 30177,0.988,,5580.0,55.5867,70.4770964,-58.0208085,2016.0,Radial Velocity,,,0.33,8.21511
hd 30562 b,,387.7526,1157.0,0.76,HD 30562,1.12,1.61,5882.0,26.1597,72.1529519,-5.6751152,2009.0,Radial Velocity,,,0.2,5.61828
hd 30669 b,,149.37,1684.0,0.18,HD 30669,0.92,0.91,5400.0,58.0844,72.1198522,-28.4190757,2014.0,Radial Velocity,,G9 V,0.13,8.90667
hd 30856 b,,670.6213,912.0,0.12,HD 30856,1.65,4.73,4971.0,131.199,72.5745099,-24.3689282,2011.0,Radial Velocity,,,-0.14,7.65813
hd 31253 b,,141.75146952,468.7,0.44,HD 31253,1.325015,1.8288,6014.94,58.1438,73.6822877,12.3520103,2010.0,Radial Velocity,,,0.1399,6.98479
hd 31527 b,,10.47,16.5535,0.1,HD 31527,0.96,,5898.0,38.4473,73.9096193,-23.2413163,2019.0,Radial Velocity,,G2 V,-0.17,7.33222
hd 31527 c,,14.16,51.2053,0.04,HD 31527,0.96,,5898.0,38.4473,73.9096193,-23.2413163,2019.0,Radial Velocity,,G2 V,-0.17,7.33222
hd 31527 d,,11.82,271.6737,0.24,HD 31527,0.96,,5898.0,38.4473,73.9096193,-23.2413163,2019.0,Radial Velocity,,G2 V,-0.17,7.33222
hd 3167 b,1.557,,0.959628,,HD 3167,0.883,0.828,5370.0,47.2899,8.7401487,4.3807215,2016.0,Transit,1860.0,,0.0,8.76221
hd 3167 c,2.85,,29.8454,,HD 3167,0.883,0.828,5370.0,47.2899,8.7401487,4.3807215,2016.0,Transit,500.0,,0.0,8.76221
hd 3167 d,,4.33,8.4112,0.12,HD 3167,0.837,0.88,5261.0,47.2899,8.7401487,4.3807215,2017.0,Radial Velocity,,,0.04,8.76221
hd 3167 e,,9.74,102.09,0.6,HD 3167,0.852,0.871,5300.0,47.2899,8.7401487,4.3807215,2022.0,Radial Velocity,374.8,,0.037,8.76221
hd 32518 b,,905.49313154,157.35,0.028,HD 32518,1.13,10.22,4580.0,122.115,77.4037569,69.6391355,2009.0,Radial Velocity,,K1 III,-0.15,6.11933
hd 32963 b,,222.481,2372.0,0.07,HD 32963,0.94,,5727.0,38.0786,76.9820146,26.3276805,2015.0,Radial Velocity,,,0.11,7.42756
hd 330075 b,,152.5584,3.38773,0.0,HD 330075,0.47,0.84,5000.0,45.2989,237.4054997,-49.9639199,2004.0,Radial Velocity,,,0.05,9.09159
hd 331093 b,,476.7426105,621.62,0.59,HD 331093,1.03,,5544.0,50.1928,295.6200054,31.7395451,2021.0,Radial Velocity,,K0,0.17,8.19105
hd 33142 b,,400.46379282,330.0,0.049,HD 33142,1.52,4.17,5025.4,121.375,76.8980559,-13.9863374,2011.0,Radial Velocity,,K0 III,0.06,7.71274
hd 33142 c,,1897.4451,834.0,0.05,HD 33142,1.62,,,121.375,76.8980559,-13.9863374,2016.0,Radial Velocity,,,,7.71274
hd 33142 d,,63.5656814,89.9,0.191,HD 33142,1.52,4.17,5025.4,121.375,76.8980559,-13.9863374,2022.0,Radial Velocity,,K0 III,0.06,7.71274
hd 332231 b,,,18.71204,,HD 332231,1.127,1.277,6089.0,80.6665,306.741134,33.7443882,2020.0,Transit,,F8,0.036,8.41839
hd 33283 b,,117.5971,18.179,0.48,HD 33283,1.47,1.74,6108.0,89.8623,77.0044889,-26.7976689,2006.0,Radial Velocity,,,0.34,7.89933
hd 33564 b,,2892.1,388.0,0.34,HD 33564,1.25,,6250.0,20.9531,80.6378979,79.2318488,2005.0,Radial Velocity,,F6 V,-0.12,4.97155
hd 33844 b,,622.9468,551.4,0.15,HD 33844,1.78,5.29,4861.0,105.779,78.1505649,-14.9509775,2015.0,Radial Velocity,,K0 III,0.27,7.01153
hd 33844 c,,556.2025,916.0,0.13,HD 33844,1.78,5.29,4861.0,105.779,78.1505649,-14.9509775,2015.0,Radial Velocity,,K0 III,0.27,7.01153
hd 34445 b,,260.6206,1049.0,0.27,HD 34445,1.14,1.38,5879.0,46.0907,79.4207483,7.3527156,2009.0,Radial Velocity,,,0.18,7.14947
hd 34445 c,,53.5,214.67,0.036,HD 34445,1.07,1.38,5836.0,46.0907,79.4207483,7.3527156,2017.0,Radial Velocity,,G0 V,0.14,7.14947
hd 34445 d,,30.7,117.87,0.027,HD 34445,1.07,1.38,5836.0,46.0907,79.4207483,7.3527156,2017.0,Radial Velocity,,G0 V,0.14,7.14947
hd 34445 e,,16.8,49.175,0.09,HD 34445,1.07,1.38,5836.0,46.0907,79.4207483,7.3527156,2017.0,Radial Velocity,,G0 V,0.14,7.14947
hd 34445 f,,37.9,676.8,0.031,HD 34445,1.07,1.38,5836.0,46.0907,79.4207483,7.3527156,2017.0,Radial Velocity,,G0 V,0.14,7.14947
hd 34445 g,,120.6,5700.0,0.032,HD 34445,1.07,1.38,5836.0,46.0907,79.4207483,7.3527156,2017.0,Radial Velocity,,G0 V,0.14,7.14947
hd 35759 b,,1195.0408,82.467,0.389,HD 35759,1.15,,6060.0,71.2423,82.8886636,64.3183753,2016.0,Radial Velocity,,G0,0.04,7.59606
hd 35843 b,,5.84,9.8991,0.0,HD 35843,0.94,0.897,5666.0,69.6026,81.3488924,-44.4312849,2025.0,Radial Velocity,,,-0.27,9.19551
hd 35843 c,2.54,11.32,46.9622,0.153,HD 35843,0.94,0.897,5666.0,69.6026,81.3488924,-44.4312849,2025.0,Transit,479.0,,-0.27,9.19551
hd 360 b,,238.37130525,273.1,0.139,HD 360,1.69,10.86,4770.0,111.542,2.072903,-8.8242618,2021.0,Radial Velocity,,G8 III,-0.06,5.70895
hd 36384 b,,2097.6674862,490.0,0.2,HD 36384,1.14,38.4,3940.0,209.309,84.9319998,75.0439884,2023.0,Radial Velocity,,M0 III,-0.16,5.48147
hd 3651 b,,72.1,62.206,0.618,HD 3651,0.9,0.873266,5274.92,11.1336,9.8387218,21.2488844,2003.0,Radial Velocity,,,0.1453,5.65255
hd 37124 b,,198.318,,0.079,HD 37124,0.78,,,31.6634,84.2599947,20.7289784,2002.0,Radial Velocity,,,,7.47238
hd 37124 c,,320.99,1942.0,0.4,HD 37124,0.91,,,31.6634,84.2599947,20.7289784,2002.0,Radial Velocity,,G4 V,-0.42,7.47238
hd 37124 d,,209.76,2295.0,0.2,HD 37124,0.78,,,31.6634,84.2599947,20.7289784,2005.0,Radial Velocity,,G4 IV-V,-0.42,7.47238
hd 37605 b,,890.522,55.01307,0.6767,HD 37605,1.0,0.901,5448.0,46.7864,85.0074276,6.0595116,2004.0,Radial Velocity,,K0 V,0.336,8.46192
hd 37605 c,,1013.8777,2720.0,0.03,HD 37605,0.94,0.91,5329.0,46.7864,85.0074276,6.0595116,2012.0,Radial Velocity,,K0,0.27,8.46192
hd 3765 b,,54.98431441,1211.0,0.298,HD 3765,0.851785,0.83061,5049.8,17.926,10.2072994,40.1842918,2021.0,Radial Velocity,,,0.1716,7.07827
hd 38283 b,,108.0622,363.2,0.41,HD 38283,1.085,,5998.0,38.0615,84.2605324,-73.6998131,2010.0,Radial Velocity,,,-0.12,6.54392
hd 38529 b,,278.41768453,14.31014,0.26,HD 38529,1.529286,2.857838,5624.21,42.3538,86.6451363,1.1675866,2000.0,Radial Velocity,,,0.3773,5.74796
hd 38529 c,,4163.573,2146.1,0.3551,HD 38529,0.98,2.83515,5541.0,42.3538,86.6451363,1.1675866,2000.0,Radial Velocity,,,0.32,5.74796
hd 38801 b,,3082.31534,685.25,0.017,HD 38801,1.207,2.029,5338.0,91.4349,86.9963141,-8.3280256,2009.0,Radial Velocity,,,0.25,8.03397
hd 39091 b,,4100.007,2090.3,0.644,HD 39091,1.094,,,18.2702,84.2992798,-80.4646041,2001.0,Radial Velocity,,,,5.5128
hd 39194 b,,4.62,5.63692,0.101,HD 39194,0.86,,,26.4131,86.129071,-70.1382377,2021.0,Radial Velocity,,,,7.85201
hd 39194 c,,6.3,14.03,0.154,HD 39194,0.67,,5205.0,26.4131,86.129071,-70.1382377,2021.0,Radial Velocity,,K0 V,-0.61,7.85201
hd 39194 d,,5.16,33.874,0.159,HD 39194,0.86,,,26.4131,86.129071,-70.1382377,2021.0,Radial Velocity,,,,7.85201
hd 39855 b,,8.5,3.2498,0.14,HD 39855,0.87,,5576.0,23.2599,88.6260731,-19.7044472,2019.0,Radial Velocity,,G8 V,,7.32113
hd 40307 b,,4.0,4.3123,0.1964,HD 40307,0.79,0.716684,4867.44,12.9363,88.5172191,-60.0237289,2009.0,Radial Velocity,910.0,,-0.3231,6.84367
hd 40307 c,,6.43,9.6207,0.103,HD 40307,0.77,,4977.0,12.9363,88.5172191,-60.0237289,2009.0,Radial Velocity,,K3 V,-0.31,6.84367
hd 40307 d,,9.5,20.432,0.07,HD 40307,0.77,,4956.0,12.9363,88.5172191,-60.0237289,2009.0,Radial Velocity,,K2.5 V,-0.31,6.84367
hd 40307 f,,3.63,51.56,0.352,HD 40307,0.77,,4977.0,12.9363,88.5172191,-60.0237289,2013.0,Radial Velocity,,K3 V,-0.31,6.84367
hd 40307 g,,7.1,197.8,0.29,HD 40307,0.77,,4956.0,12.9363,88.5172191,-60.0237289,2013.0,Radial Velocity,,K2.5 V,-0.31,6.84367
hd 40956 b,,858.141,578.6,0.24,HD 40956,2.0,8.56,4869.0,116.593,91.6628015,63.453875,2017.0,Radial Velocity,,,0.14,6.14049
hd 40979 b,,1274.44,264.15,0.252,HD 40979,1.154,,6089.0,34.0883,91.1253346,44.2597855,2002.0,Radial Velocity,,F8 V,0.15,6.59963
hd 41004 a b,,807.25,963.0,0.74,HD 41004 A,,,,36.69117,89.9566041,-48.2394189,2004.0,Radial Velocity,,,,
hd 41004 b b,,5838.29,1.3283,0.081,HD 41004 B,0.4,,,41.5504,89.9565956,-48.2394114,2003.0,Radial Velocity,,M2 V,,8.37625
hd 4113 b,,495.79,526.62,0.903,HD 4113,0.99,,5688.0,41.8727,10.8027515,-37.9831248,2007.0,Radial Velocity,,G5,0.2,7.71051
hd 42012 b,,508.528,857.5,0.2,HD 42012,0.83,0.82,5405.0,36.7984,92.485473,34.1341722,2017.0,Radial Velocity,,K0,-0.09,8.22949
hd 4203 b,,708.7609,431.88,0.52,HD 4203,1.25,1.42,5596.0,81.3795,11.1722288,20.4483925,2001.0,Radial Velocity,,,0.4,8.51545
hd 4203 c,,689.66,6700.0,0.24,HD 4203,0.99,1.49795,5582.0,81.3795,11.1722288,20.4483925,2014.0,Radial Velocity,,,0.34,8.51545
hd 4208 b,,245.0457018,829.5,0.059,HD 4208,0.846671,0.935398,5669.81,34.1937,11.1125532,-26.5150392,2001.0,Radial Velocity,,,-0.2201,7.61066
hd 42618 b,,14.4,149.61,0.19,HD 42618,1.015,0.999,5727.0,24.3358,93.0032173,6.7819742,2016.0,Radial Velocity,337.0,G4 V,-0.09,6.68303
hd 4308 b,,15.8915,15.56,0.0,HD 4308,0.93,1.02,5686.0,22.0158,11.1652594,-65.6527159,2005.0,Radial Velocity,,,-0.35,6.37578
hd 4313 b,,730.978,356.0,0.041,HD 4313,1.72,4.9,5035.0,136.308,11.4181301,7.8450492,2009.0,Radial Velocity,,,0.14,7.57399
hd 43197 b,,190.69,327.8,0.83,HD 43197,0.96,1.0,5508.0,62.4112,93.3993231,-29.8971929,2010.0,Radial Velocity,,G8 V,0.4,8.77158
hd 43197 c,,2500.67390628,9295.9735,0.149,HD 43197,0.96,,,62.4112,93.3993231,-29.8971929,2022.0,Radial Velocity,,,,8.77158
hd 43691 b,,791.36,36.96,0.14,HD 43691,1.38,,6200.0,85.6009,94.8946124,41.0920773,2007.0,Radial Velocity,,G0 IV,0.28,7.8972
hd 44219 b,,184.34047606,472.0,0.41,HD 44219,1.2,,,52.9051,95.0599971,-10.7250799,2010.0,Radial Velocity,,G3 V,,7.52973
hd 45184 b,,11.91856526,5.8858,0.18,HD 45184,1.014904,1.075139,5820.13,21.9532,96.1820205,-28.7806402,2019.0,Radial Velocity,,,0.0422,6.21037
hd 45184 c,,8.81,13.1354,0.07,HD 45184,1.03,,5869.0,21.9532,96.1820205,-28.7806402,2019.0,Radial Velocity,,G1.5 V,0.04,6.21037
hd 45350 b,,568.89,963.6,0.778,HD 45350,0.98,1.26442,5566.0,46.8733,97.1902262,38.9627315,2004.0,Radial Velocity,,,0.23,7.7
hd 45364 b,,60.16491745,225.79,0.067,HD 45364,0.82,0.89,5466.0,34.354,96.4105736,-31.4810037,2008.0,Radial Velocity,,K0 V,,7.88016
hd 45364 c,,174.48779544,345.43,0.019,HD 45364,0.82,0.89,5466.0,34.354,96.4105736,-31.4810037,2008.0,Radial Velocity,,K0 V,,7.88016
hd 45652 b,,111.2405,43.6,0.38,HD 45652,0.54,0.96,5232.0,34.8541,97.3058709,10.9336212,2008.0,Radial Velocity,,,0.29,7.9118
hd 457 b,,8445.3364308,20324.58153,0.565,HD 457,1.15,,,55.0375,2.2492922,-39.7372401,2022.0,Radial Velocity,,,,7.57794
hd 46375 b,,72.01991703,3.023495,0.063,HD 46375,0.932831,0.914196,5264.38,29.5529,98.3030763,5.4625071,2000.0,Radial Velocity,,,0.2714,7.69533
hd 47186 b,,22.2481,4.0845,0.04,HD 47186,0.96,1.08,5657.0,37.4574,99.0367212,-27.6234285,2008.0,Radial Velocity,,,0.24,7.44897
hd 47186 c,,111.42,1353.6,0.249,HD 47186,,,,37.4574,99.0367212,-27.6234285,2008.0,Radial Velocity,,,,7.44897
hd 4732 b,,631.2072163,371.74,0.266,HD 4732,1.39,5.03,4898.0,54.7841,12.3085089,-24.1369079,2012.0,Radial Velocity,,K0 IV,-0.01,5.6509
hd 4732 c,,753.23,2732.0,0.23,HD 4732,1.74,5.4,4959.0,54.7841,12.3085089,-24.1369079,2012.0,Radial Velocity,,K0 IV,0.01,5.6509
hd 47366 b,,556.2025,363.3,0.089,HD 47366,1.81,7.3,4866.0,84.3552,99.4200181,-12.9856593,2016.0,Radial Velocity,,K1 III,-0.02,5.83869
hd 47366 c,,597.5204,682.85,0.1,HD 47366,2.19,6.2,4914.0,84.3552,99.4200181,-12.9856593,2016.0,Radial Velocity,,,-0.07,5.83869
hd 47536 b,,2330.0,712.13,0.2,HD 47536,2.1,23.47,4380.0,122.536,99.448958,-32.3394531,2002.0,Radial Velocity,,K1 III,,4.88004
hd 4760 b,,4417.837,434.0,0.23,HD 4760,1.05,42.4,4076.0,537.873,12.4161652,6.4071412,2021.0,Radial Velocity,,,-0.91,6.98504
hd 48265 b,,380.0,762.0,0.24,HD 48265,0.93,,,90.5446,100.0073683,-48.5418284,2008.0,Radial Velocity,,G5 V,0.17,7.87925
hd 48265 c,,1414.33641115,10418.0,0.41,HD 48265,1.38,,5805.0,90.5446,100.0073683,-48.5418284,2026.0,Radial Velocity,,G5 IV/V,0.39,7.87925
hd 48948 b,,4.88,7.34013,0.055,HD 48948,0.686,0.679,4593.0,16.9043,102.489811,60.3373133,2024.0,Radial Velocity,957.0,K3 V,-0.21,8.11311
hd 48948 c,,7.27,38.06,0.55,HD 48948,0.686,0.679,4593.0,16.9043,102.489811,60.3373133,2024.0,Radial Velocity,553.0,K3 V,-0.21,8.11311
hd 48948 d,,10.59,151.92,0.055,HD 48948,0.686,0.679,4593.0,16.9043,102.489811,60.3373133,2024.0,Radial Velocity,349.0,K3 V,-0.21,8.11311
hd 4917 b,,513.29545,400.5,0.066,HD 4917,1.32,5.01,4802.0,204.277,12.7762624,-12.9276648,2018.0,Radial Velocity,,,,7.74877
hd 49674 b,,31.783,4.94737,0.09,HD 49674,1.03,1.02,5602.0,43.0399,102.8773483,40.8672284,2002.0,Radial Velocity,,,0.32,7.91841
hd 50499 b,,432.2488,2453.0,0.334,HD 50499,1.28,,,46.2845,103.008075,-33.915267,2005.0,Radial Velocity,,,,7.0564
hd 50499 c,,1010.69433426,10400.0,0.241,HD 50499,1.253184,1.432954,5978.1,46.2845,103.008075,-33.915267,2019.0,Radial Velocity,,,0.3047,7.0564
hd 50554 b,,1420.0,1224.0,0.444,HD 50554,1.05,,5929.0,31.1664,103.678273,24.2451409,2002.0,Radial Velocity,,,-0.066,6.69786
hd 51608 b,,12.77,14.0726,0.09,HD 51608,0.8,,5358.0,35.0553,103.7137102,-55.2600189,2019.0,Radial Velocity,,G7 V,-0.07,7.96058
hd 51608 c,,14.31,95.9446,0.14,HD 51608,0.8,,5358.0,35.0553,103.7137102,-55.2600189,2019.0,Radial Velocity,,G7 V,-0.07,7.96058
hd 52265 b,,346.0,119.29,0.325,HD 52265,1.2,,6076.0,29.9803,105.0746449,-5.3668142,2000.0,Radial Velocity,,,0.193,6.15257
hd 5278 b,2.45,7.8,14.339156,0.08,HD 5278,1.126,1.194,6203.0,57.5846,12.5467785,-83.7437671,2021.0,Transit,943.0,F V,-0.12,7.80375
hd 5278 c,,18.4,40.87,0.07,HD 5278,1.126,1.194,6203.0,57.5846,12.5467785,-83.7437671,2021.0,Radial Velocity,,F V,-0.12,7.80375
hd 5319 b,,494.54348,637.1,0.092,HD 5319,1.27,4.06,4871.0,121.405,13.7558096,0.7893425,2007.0,Radial Velocity,,,,7.77238
hd 5319 c,,324.1866,877.0,0.109,HD 5319,1.27,4.06,4871.0,121.405,13.7558096,0.7893425,2014.0,Radial Velocity,,G5,0.17,7.77238
hd 55696 b,,1357.12729789,1706.0,0.681,HD 55696,1.29,,6012.0,77.9693,108.0622029,-38.174639,2018.0,Radial Velocity,,G0 V,0.36,7.81135
hd 5583 b,,1837.0574,139.35,0.076,HD 5583,1.01,9.09,4830.0,219.216,14.486946,34.9853306,2016.0,Radial Velocity,,,-0.5,7.30769
hd 5608 b,,444.962,792.6,0.19,HD 5608,1.55,5.5,4854.0,58.1105,14.5594349,33.9505774,2012.0,Radial Velocity,,,,5.72695
hd 564 b,,104.88,492.3,0.096,HD 564,0.961,1.01,5902.0,51.1659,2.4694459,-50.2678998,2014.0,Radial Velocity,,G2/G3 V,-0.2,8.17077
hd 56414 b,2.94821768,,29.0496801439,,HD 56414,,1.8,8208.0,272.217,107.8436846,-68.8333403,2022.0,Transit,1765.91,,,9.20475
hd 56957 b,,1880.90851263,5859.08992,0.273,HD 56957,1.03,,,61.4925,109.3253986,-40.6560651,2022.0,Radial Velocity,,,,7.39841
hd 5891 b,,2425.0429,177.11,0.07,HD 5891,1.93,10.64,4673.0,283.502,15.1383168,20.2923139,2011.0,Radial Velocity,,,-0.37,7.79825
hd 59686 a b,,2199.3836,299.36,0.05,HD 59686 A,1.9,13.2,4658.0,89.2721,112.9518629,17.0857195,2016.0,Radial Velocity,,K2 III,0.15,5.13228
hd 60292 b,,2065.895,495.4,0.27,HD 60292,1.7,27.0,4348.0,315.211,114.6201698,66.2350517,2020.0,Radial Velocity,,K0 III,-0.17,6.53238
hd 60532 b,,336.8998,201.9,0.26,HD 60532,1.5,2.57,6245.0,25.9716,113.5130656,-22.2958661,2008.0,Radial Velocity,,,-0.26,4.30793
hd 60532 c,,797.7533,600.1,0.03,HD 60532,1.5,2.57,6245.0,25.9716,113.5130656,-22.2958661,2008.0,Radial Velocity,,,-0.26,4.30793
hd 6061 b,2.45,10.8,5.254467,0.0,HD 6061,1.0,1.03,5920.0,67.6203,15.5981441,37.1854394,2023.0,Transit,1194.0,,-0.08,8.69933
hd 62364 b,,5628.74108797,5161.0,0.587,HD 62364,1.3,,,53.112,113.9052658,-75.5442707,2022.0,Radial Velocity,,,,7.1814
hd 62364 c,,7923.46218651,74839.94555,0.773,HD 62364,1.19,,,53.112,113.9052658,-75.5442707,2022.0,Radial Velocity,,,,7.1814
hd 62509 b,,839.0712,596.6,0.011,HD 62509,1.73,,4858.0,,116.328824,28.026127,2006.0,Radial Velocity,,,0.19,
hd 62549 b,,2707.58019923,14306.88519,0.15,HD 62549,1.08,,,49.3305,116.0821439,-5.0541223,2022.0,Radial Velocity,,,,7.56542
hd 63433 b,2.15,,7.10793,0.0,HD 63433,0.99,0.912,5640.0,22.4035,117.4793699,27.3631342,2020.0,Transit,,,,6.71831
hd 63433 c,2.67,,20.5453,0.0,HD 63433,0.99,0.912,5640.0,22.4035,117.4793699,27.3631342,2020.0,Transit,,,,6.71831
hd 63433 d,1.073,,4.209075,0.16,HD 63433,0.99,0.912,5688.0,22.4035,117.4793699,27.3631342,2023.0,Transit,1040.0,G5 V,0.03,6.71831
hd 63454 b,,79.4575,2.81805,0.0,HD 63454,0.42,0.77,4812.0,37.6894,114.8406393,-78.2791464,2005.0,Radial Velocity,,,0.1,9.05402
hd 63765 b,,168.4499,358.0,0.24,HD 63765,0.65,0.83,5449.0,32.5376,116.9582617,-54.265345,2009.0,Radial Velocity,,,-0.16,7.90983
hd 63935 b,2.67607,,9.0588209,,HD 63935,,0.96,5560.26,48.9739,117.9246417,9.3852412,2021.0,Transit,864.0,,,8.39353
hd 63935 c,2.9,11.1,21.4023,0.0,HD 63935,0.933,0.959,5534.0,48.9739,117.9246417,9.3852412,2021.0,Radial Velocity,684.0,,0.07,8.39353
hd 64114 b,,17.8,45.791,0.12,HD 64114,0.95,,5676.0,31.5262,117.982556,-11.0337221,2019.0,Radial Velocity,,G7 V,,7.52581
hd 64121 b,,813.64072192,623.0,0.11,HD 64121,1.64,5.44,5078.0,129.966,117.3651424,-54.8126136,2022.0,Radial Velocity,,G8/K0 III,-0.21,7.17872
hd 6434 b,,123.95,21.998,0.17,HD 6434,0.79,,5835.0,42.358,16.1663441,-39.4904909,2003.0,Radial Velocity,,,-0.52,7.5609
hd 65216 b,,400.45,572.4,0.0,HD 65216,1.0,0.886644,5623.44,35.1205,118.4209646,-63.6466892,2003.0,Radial Velocity,,,-0.1685,7.7943
hd 65216 c,,645.1949,5370.0,0.17,HD 65216,0.874,,5612.0,35.1205,118.4209646,-63.6466892,2013.0,Radial Velocity,,,,7.7943
hd 66141 b,,1906.9,480.5,0.07,HD 66141,1.1,21.4,4323.0,68.1509,120.5662825,2.3350265,2012.0,Radial Velocity,,K2 III,-0.323,3.97926
hd 66428 b,,3478.94974302,2269.81726,0.471,HD 66428,1.01,,,53.2817,120.8691654,-1.1636019,2005.0,Radial Velocity,,,,8.08142
hd 66428 c,,8581.366989,39000.0,0.32,HD 66428,1.050575,1.169119,5647.6,53.2817,120.8691654,-1.1636019,2021.0,Radial Velocity,,,0.2714,8.08142
hd 67087 b,,973.0,352.2,0.17,HD 67087,1.36,1.55,6330.0,76.5217,121.9155672,31.5511553,2015.0,Radial Velocity,,F8 V,0.25,7.92235
hd 67087 c,,1540.0,2374.0,0.76,HD 67087,1.36,1.55,6330.0,76.5217,121.9155672,31.5511553,2015.0,Radial Velocity,,F8 V,0.25,7.92235
hd 68402 b,,2510.8444153,1150.0,0.225,HD 68402,1.12,,5950.0,78.4293,121.3474609,-74.4100732,2016.0,Radial Velocity,,G5 IV/V,0.29,8.95443
hd 68475 b,,1639.99458012,7832.0,0.62,HD 68475,0.83,,5022.0,33.4297,122.7192621,-42.8128841,2026.0,Radial Velocity,,K2 VC,0.07,8.51672
hd 6860 b,,8981.83078182,663.87,0.28,HD 6860,2.49,86.4,3802.0,61.12469,17.432979,35.620499,2023.0,Radial Velocity,,M0 III,-0.03,
hd 68988 b,,626.7576186,6.2764169,0.1533,HD 68988,1.211,,,60.8447,124.5935429,61.4608518,2001.0,Radial Velocity,,,,8.04611
hd 68988 c,,4767.426105,16000.0,0.45,HD 68988,1.171665,1.255733,5883.41,60.8447,124.5935429,61.4608518,2021.0,Radial Velocity,,,0.3052,8.04611
hd 69123 b,,982.08977763,1191.0,0.224,HD 69123,1.68,,4842.0,75.116,123.55499,-35.4899246,2022.0,Radial Velocity,,K 1III,0.05,5.49555
hd 69830 b,,10.26585755,8.66945,0.112,HD 69830,0.889787,0.886947,5420.58,12.5591,124.6010091,-12.6364246,2006.0,Radial Velocity,,,0.012,5.75392
hd 69830 c,,11.65,31.6131,0.052,HD 69830,,,5423.0,12.5591,124.6010091,-12.6364246,2006.0,Radial Velocity,,,,5.75392
hd 69830 d,,14.07979843,200.61,0.1,HD 69830,0.889787,0.886947,5420.58,12.5591,124.6010091,-12.6364246,2006.0,Radial Velocity,,,0.012,5.75392
hd 70573 b,,1900.0,851.8,0.4,HD 70573,1.0,,5737.0,59.182,125.7079153,1.8591088,2007.0,Radial Velocity,,G1-1.5 V,-0.18,8.54261
hd 70642 b,,626.0,2068.0,0.034,HD 70642,1.05,,5706.0,29.276,125.3661079,-39.7044432,2003.0,Radial Velocity,,,0.164,6.99211
hd 7199 b,,85.8141,615.0,0.19,HD 7199,0.77,0.97,5371.0,36.1531,17.6979344,-66.1886947,2011.0,Radial Velocity,,,0.32,7.83743
hd 72490 b,,561.92344,858.0,0.124,HD 72490,1.21,4.96,4934.0,126.339,128.4028287,13.5507189,2018.0,Radial Velocity,,,,7.57415
hd 72659 b,,1001.12,3383.0,0.271,HD 72659,1.068,,5920.0,51.8949,128.5128072,-1.5686323,2002.0,Radial Velocity,,G0 V,-0.02,7.3107
hd 72659 c,,5977.08102204,18207.72098,0.091,HD 72659,1.09,,,51.8949,128.5128072,-1.5686323,2022.0,Radial Velocity,,,,7.3107
hd 72892 b,,1737.88572948,39.44603,0.419,HD 72892,1.01,,,69.7311,128.7195554,-14.4574311,2016.0,Radial Velocity,,,,8.6469
hd 73256 c,,5085.254512,2690.0,0.16,HD 73256,1.0,,,36.708,129.0949961,-30.0373339,2023.0,Radial Velocity,,G8 IV,,7.85676
hd 73267 b,,1321.53051631,1257.99159,0.261,HD 73267,0.93,,,50.4093,129.0735123,-34.4594469,2008.0,Radial Velocity,,,,8.67835
hd 73267 c,,1630.77755632,17071.78045,0.089,HD 73267,0.93,,,50.4093,129.0735123,-34.4594469,2022.0,Radial Velocity,,,,8.67835
hd 73344 b,,12.43,15.604,0.0,HD 73344,1.19,1.22,6148.0,35.26,129.6894456,23.6852651,2024.0,Transit,,,0.16,6.7468
hd 73344 c,,118.54999581,65.94,0.124,HD 73344,1.19,1.22,6148.0,35.26,129.6894456,23.6852651,2025.0,Radial Velocity,,,0.16,6.7468
hd 73344 d,,810.46243785,5823.0,0.18,HD 73344,1.19,1.22,6148.0,35.26,129.6894456,23.6852651,2025.0,Radial Velocity,,,0.16,6.7468
hd 73526 b,,978.9164,188.3,0.19,HD 73526,1.14,1.53,5601.0,97.2396,129.318331,-41.3184231,2002.0,Radial Velocity,,,0.22,8.79682
hd 73526 c,,715.09,379.1,0.28,HD 73526,1.014,,,97.2396,129.318331,-41.3184231,2005.0,Radial Velocity,,,,8.79682
hd 73534 b,,321.0083,1721.0,0.0,HD 73534,1.16,2.58,4917.0,83.3321,129.8153421,12.9599703,2008.0,Radial Velocity,,G5,0.28,7.95707
hd 73583 b,2.49,,6.39805,,HD 73583,0.73,0.65,4511.0,31.5666,129.6883026,-13.2565267,2022.0,Transit,655.0,K4 V,0.0,9.27033
hd 73583 c,2.39,9.7,18.87974,0.08,HD 73583,0.73,0.65,4511.0,31.5666,129.6883026,-13.2565267,2022.0,Transit,498.0,K4 V,0.0,9.27033
hd 74156 b,,532.36258173,51.63564,0.636,HD 74156,1.1,,,57.603,130.6047813,4.5772338,2003.0,Radial Velocity,,,,7.46934
hd 74156 c,,2431.38731355,2448.6,0.3691,HD 74156,1.15133,1.510576,5951.71,57.603,130.6047813,4.5772338,2003.0,Radial Velocity,,,0.0794,7.46934
hd 7449 b,,352.776,1275.0,0.82,HD 7449,1.05,1.01,6024.0,38.662,18.621465,-5.0479716,2011.0,Radial Velocity,,,-0.11,7.34996
hd 74698 b,,23.0,15.017,0.1,HD 74698,1.039,1.333,5783.0,52.0648,130.0744755,-71.8768726,2023.0,Radial Velocity,,G5 V,0.07,7.60959
hd 74698 c,,126.0,3449.0,0.2,HD 74698,1.039,1.333,5783.0,52.0648,130.0744755,-71.8768726,2023.0,Radial Velocity,,G5 V,0.07,7.60959
hd 75289 b,,148.42661,3.509267,0.034,HD 75289,1.21,,6095.0,29.1158,131.9181715,-41.7377748,1999.0,Radial Velocity,,,0.217,6.21047
hd 75302 b,,1716.2733978,4356.0,0.39,HD 75302,1.06,,,30.3288,132.3015641,3.4850141,2023.0,Radial Velocity,,G5 V,,7.283
hd 75784 b,,365.49,341.7,0.13,HD 75784,1.41,3.3,4917.0,85.4321,133.0992289,13.2330548,2014.0,Radial Velocity,,K3 IV,0.25,7.5599
hd 75784 c,,1430.235,3878.0,0.266,HD 75784,1.26,3.4,4867.0,85.4321,133.0992289,13.2330548,2018.0,Radial Velocity,,G5,0.28,7.5599
hd 75898 b,,858.141,418.20001,0.1,HD 75898,1.43,1.55,6061.0,78.0505,133.4611999,33.0566885,2007.0,Radial Velocity,,,0.27,7.89597
hd 75898 c,,2698.36317543,6717.0,0.08,HD 75898,1.295,,6122.0,78.0505,133.4611999,33.0566885,2024.0,Radial Velocity,,F8 V,0.29,7.89597
hd 76700 b,,74.05439,3.97097,0.095,HD 76700,1.13,,5668.0,60.8831,133.4782248,-66.8004747,2002.0,Radial Velocity,,,0.345,7.97348
hd 76920 b,,994.80291391,415.891,0.8782,HD 76920,1.0,8.33,4664.0,184.031,133.820353,-67.2653621,2017.0,Radial Velocity,,,-0.19,7.5144
hd 77338 b,,15.9,5.7361,0.09,HD 77338,0.93,0.88,5370.0,45.935,135.3022475,-25.5282343,2012.0,Radial Velocity,,,,8.40992
hd 77946 b,2.89726371,,6.52738841375,,HD 77946,,1.32944,6023.0,99.451,136.777644,46.6724251,2024.0,Transit,1149.83,,,8.85184
hd 79181 b,,203.41018048,273.1,0.259,HD 79181,1.28,11.06,4862.0,103.335,137.9944736,-19.7474341,2021.0,Radial Velocity,,G8 III,-0.28,5.45292
hd 7924 b,,2058.25676373,5.398,,HD 7924,,,,16.9922,20.4956562,76.7101475,2008.0,Radial Velocity,,,,6.92516
hd 7924 c,,8.83562971,15.3006,0.1,HD 7924,0.802036,0.77984,5171.13,16.9922,20.4956562,76.7101475,2015.0,Radial Velocity,,,-0.1235,6.92516
hd 7924 d,,1568.16536014,24.45,,HD 7924,,,,16.9922,20.4956562,76.7101475,2015.0,Radial Velocity,,,,6.92516
hd 79498 b,,425.9,1966.1,0.59,HD 79498,1.06,,5740.0,48.9489,138.7885794,23.3748792,2011.0,Radial Velocity,,G5,0.24,7.8859
hd 80606 b,10.98,1252.2,111.4357,0.9332,HD 80606,0.97,0.978,,66.4711,140.6569501,50.6037764,2001.0,Radial Velocity,,,,8.82008
hd 80653 b,1.613,5.6,0.719573,,HD 80653,1.18,1.22,,109.86,140.3390845,14.3678691,2020.0,Transit,,G2,,9.30733
hd 80869 b,,1802.08706769,1711.0,0.871,HD 80869,1.08,,5837.0,85.3951,140.7912931,33.9048294,2021.0,Radial Velocity,,G5,0.17,8.33173
hd 80883 b,,1748.0562385,6383.78352,0.203,HD 80883,0.88,,,34.6011,139.9331831,-59.4780815,2022.0,Radial Velocity,,,,8.3618
hd 80913 b,,7505.2000029,10839.83341,0.313,HD 80913,1.11,,,61.3603,138.1021548,-81.768451,2022.0,Radial Velocity,,,,7.33567
hd 81040 b,,2301.07766668,1002.7,0.525,HD 81040,0.99,,,34.4341,140.9455027,20.3646078,2005.0,Radial Velocity,,G2/G3,-0.04,7.55543
hd 81688 b,,858.1,184.02,0.0,HD 81688,2.1,13.0,4753.0,85.7183,142.1665753,45.6009241,2007.0,Radial Velocity,,,-0.359,5.12598
hd 81817 b,,7668.5638041,1021.20159,0.097,HD 81817,4.3,,,269.126,144.2715659,81.3263096,2020.0,Radial Velocity,,,,3.80122
hd 81817 c,,7185.78245386,622.97802,0.095,HD 81817,4.3,,,269.126,144.2715659,81.3263096,2022.0,Radial Velocity,,,,3.80122
hd 82886 b,,740.5439,705.0,0.07,HD 82886,2.53,5.26,4953.0,127.061,143.9383526,34.7805902,2011.0,Radial Velocity,,,-0.31,7.38096
hd 82943 b,,534.25,441.47,0.162,HD 82943,1.08,1.1826,5935.0,27.5902,143.7114034,-12.1302976,2003.0,Radial Velocity,,,0.26,6.38964
hd 82943 c,,622.603,220.078,0.3663,HD 82943,1.08,1.1826,5935.0,27.5902,143.7114034,-12.1302976,2003.0,Radial Velocity,,,0.26,6.38964
hd 8326 b,,66.6,158.991,0.2,HD 8326,0.8,,4914.0,30.6862,20.5314418,-26.8940678,2019.0,Radial Velocity,,K2 V,,8.47487
hd 83443 b,,127.127,2.985625,0.008,HD 83443,0.95,1.00468,5429.0,40.8991,144.2994103,-43.272721,2002.0,Radial Velocity,,,0.34,8.0265
hd 83443 c,,476.7426105,8241.0,0.76,HD 83443,1.0,0.94,5442.0,40.8991,144.2994103,-43.272721,2022.0,Radial Velocity,,K0 V,0.34,8.0265
hd 8535 b,,216.1244,1313.0,0.15,HD 8535,1.13,1.19,6136.0,55.4401,20.9054804,-41.2701007,2010.0,Radial Velocity,,G0 V,0.06,7.56066
hd 85390 b,,34.9613,788.0,0.41,HD 85390,0.54,0.8,5164.0,33.5225,147.5105663,-49.7905254,2009.0,Radial Velocity,,,-0.08,8.29462
hd 85426 c,,10.3,35.73,0.06,TOI-1774,0.991,1.1303,5746.0,53.974,148.1619305,35.111008,2026.0,Radial Velocity,640.0,,-0.02,8.08235
hd 8574 b,,561.28496676,227.04,0.306,HD 8574,1.090782,1.423047,6004.14,44.8264,21.3033807,28.5660169,2002.0,Radial Velocity,,,-0.0104,6.98345
hd 86065 b,,2877.30056857,25775.78859,0.219,HD 86065,0.81,,,40.3661,148.9256674,-18.1069385,2022.0,Radial Velocity,,,,9.06059
hd 86081 b,,521.2412,2.1375,0.01,HD 86081,1.39,1.58,6018.0,103.936,149.0243714,-3.8083543,2006.0,Radial Velocity,,,0.2,8.58804
hd 86226 b,,146.20106722,1609.5,0.0389,HD 86226,1.08,1.03,6007.0,45.683,149.1235154,-24.0991859,2009.0,Radial Velocity,,G2 V,-0.015,7.7713
hd 86226 c,,,3.9846654,0.075,HD 86226,1.019,1.053,5863.0,45.683,149.1235154,-24.0991859,2020.0,Transit,,G1 V,0.018,7.7713
hd 86264 b,,3909.2894061,1480.0,0.77,HD 86264,1.42,,6210.0,67.8107,149.2409308,-15.8953993,2009.0,Radial Velocity,,F7 V,0.202,7.28372
hd 86728 b,,9.43,31.1515,0.067,HD 86728,0.967,1.237,5610.0,14.9202,150.250054,31.9218216,2025.0,Radial Velocity,,,0.2,5.2094
hd 8673 b,,4210.59073594,1644.69097,0.73,HD 8673,1.28,,,37.8619,21.5378455,34.5793389,2009.0,Radial Velocity,,,,6.2242
hd 86950 b,,1144.188,1270.0,0.17,HD 86950,1.66,8.8,4805.0,209.839,150.4066612,-17.3330699,2016.0,Radial Velocity,,K1 III,0.04,7.17997
hd 87646 b,,3941.092,13.481,0.05,HD 87646,1.12,1.55,5770.0,73.58352,151.6695435,17.8949795,2016.0,Radial Velocity,,G,-0.17,7.9295
hd 87816 b,,2142.16346318,484.17,0.78,HD 87816,2.41,9.0,4989.0,133.233,151.5296524,-52.1878679,2025.0,Radial Velocity,,K0 III,0.14,6.24221
hd 87816 c,,3877.5065654,7596.0,0.19,HD 87816,2.41,9.0,4989.0,133.233,151.5296524,-52.1878679,2025.0,Radial Velocity,,K0 III,0.14,6.24221
hd 87883 b,,2005.49724817,3006.0,0.72,HD 87883,0.8,,,18.2912,152.1794175,34.2419984,2009.0,Radial Velocity,,K0,0.11,7.27194
hd 88072 b,,2511.79790052,18538.79293,0.156,HD 88072,1.04,,,35.9098,152.3467466,2.371054,2022.0,Radial Velocity,,,,7.37665
hd 88133 b,,95.03117,3.41587,0.133,HD 88133,0.94,2.03023,5392.0,73.6123,152.5319349,18.1857284,2004.0,Radial Velocity,,,0.3,7.80979
hd 88986 b,2.49,17.2,146.05,0.24,HD 88986,1.25,1.543,5861.0,33.2673,154.1166869,28.6820708,2023.0,Radial Velocity,460.0,G2 V,0.06,6.30259
hd 89307 b,,659.152,2199.0,0.25,HD 89307,1.05,1.01,5906.0,32.0104,154.5874958,12.6209392,2009.0,Radial Velocity,,,-0.17,6.86817
hd 89345 b,6.97249322,,11.81417261526,,HD 89345,,1.78598,5609.0,132.345,154.6710977,10.1288464,2018.0,Transit,1039.22,,,9.21702
hd 89744 b,,2653.8805,256.78,0.677,HD 89744,1.86,,6291.0,38.6364,155.5433193,41.2289354,1999.0,Radial Velocity,,,,5.60551
hd 89839 b,,1652.7077164,3448.0,0.2,HD 89839,1.3,,,57.3063,155.168879,-53.6640291,2023.0,Radial Velocity,,F7 V,,7.51304
hd 90156 b,,11.7914339,49.609,0.16,HD 90156,0.855954,0.920286,5629.62,21.9496,155.9801144,-29.645103,2009.0,Radial Velocity,,,-0.1805,6.73951
hd 9174 b,,352.7913,1179.0,0.12,HD 9174,1.03,1.67,5577.0,81.4893,22.5043352,-19.6052945,2016.0,Radial Velocity,,G8 IV,0.39,8.22923
hd 92788 b,,1179.1493,325.81,0.33,HD 92788,1.15,1.11,5738.0,34.6538,160.7021351,-2.1847173,2000.0,Radial Velocity,,,0.3,7.13929
hd 92788 c,,893.09782367,8360.0,0.355,HD 92788,1.07575,1.161955,5702.25,34.6538,160.7021351,-2.1847173,2019.0,Radial Velocity,,,0.277,7.13929
hd 93083 b,,117.59,143.58,0.14,HD 93083,0.7,,4995.0,28.5159,161.0866672,-33.5776794,2005.0,Radial Velocity,,K3 V,0.15,8.04206
hd 93351 b,,3.49611248,2.45946,0.549,HD 93351,0.94,,,56.163,161.6779279,-1.6885763,2022.0,Radial Velocity,,,,8.94652
hd 93351 c,,4154.01727949,14010.2941,0.109,HD 93351,0.94,,,56.163,161.6779279,-1.6885763,2022.0,Radial Velocity,,,,8.94652
hd 93385 b,,4.2,7.3426,0.295,HD 93385,1.04,,5977.0,43.3475,161.5627065,-41.464604,2021.0,Radial Velocity,,G2/G3 V,0.02,7.33769
hd 93385 c,,7.1,13.18,0.2,HD 93385,1.04,,5977.0,43.3475,161.5627065,-41.464604,2021.0,Radial Velocity,,G2/G3 V,0.02,7.33769
hd 93385 d,,8.7,45.85,0.09,HD 93385,1.04,,5977.0,43.3475,161.5627065,-41.464604,2021.0,Radial Velocity,,G2/G3 V,0.02,7.33769
hd 93963 a b,1.35,7.8,1.0391353,,HD 93963 A,1.109,1.043,5987.0,82.3432,162.7766969,25.641065,2022.0,Transit,2042.0,G0 V,0.1,9.03376
hd 93963 a c,2.99324,,3.6451549,,HD 93963 A,,1.05,5922.0,82.3432,162.7766969,25.641065,2022.0,Transit,1143.0,,,9.03376
hd 9446 b,,222.472,30.052,0.2,HD 9446,1.0,1.0,5793.0,50.3503,23.3350424,29.2649187,2009.0,Radial Velocity,,G5 V,0.09,8.2095
hd 9446 c,,578.426,192.9,0.06,HD 9446,1.0,1.0,5793.0,50.3503,23.3350424,29.2649187,2009.0,Radial Velocity,,G5 V,0.09,8.2095
hd 94771 b,,169.0,2164.0,0.39,HD 94771,1.2,1.903,5631.0,57.7807,163.9746776,-35.1145225,2023.0,Radial Velocity,,G3/G5 V,0.22,7.17929
hd 94834 b,,400.4658,1576.0,0.14,HD 94834,1.11,4.2,4798.0,98.1609,164.3126363,24.1429374,2018.0,Radial Velocity,,,,7.30241
hd 94890 b,,676.97450691,824.61,0.22,HD 94890,1.74,10.71,4867.0,61.7012,164.1797804,-37.1383035,2025.0,Radial Velocity,,K0 III,-0.02,4.32647
hd 94890 c,,2831.85110637,2492.19,0.05,HD 94890,1.74,10.71,4867.0,61.7012,164.1797804,-37.1383035,2025.0,Radial Velocity,,K0 III,-0.02,4.32647
hd 95086 b,,2288.3645304,,,HD 95086,,,,86.2279,164.2621032,-68.6672917,2013.0,Imaging,,,,7.30915
hd 95089 b,,400.4658,464.4,0.119,HD 95089,1.54,5.08,4918.0,136.957,164.698748,1.7290087,2009.0,Radial Velocity,,,,7.66056
hd 95089 c,,1096.5135,1785.0,0.284,HD 95089,1.54,5.08,4918.0,136.957,164.698748,1.7290087,2016.0,Radial Velocity,,,,7.66056
hd 95127 b,,1592.26,482.0,0.11,HD 95127,1.2,20.0,4218.0,676.579,164.8961152,43.8144094,2015.0,Radial Velocity,,K0,-0.18,7.72111
hd 95338 b,4.27174254,,55.082694,,HD 95338,0.848,0.868,5097.0,36.9941,164.8563364,-56.6235564,2020.0,Radial Velocity,,,0.08,8.38213
hd 95544 b,,1913.64483855,2041.54152,0.049,HD 95544,1.01,,,87.8049,166.3231784,81.0389868,2021.0,Radial Velocity,,,,8.210671
hd 95735 c,,18.7,2801.0,0.09,GJ 411,,,3601.0,5.675773,165.834471,35.972317,2021.0,Radial Velocity,,,,
hd 95872 b,,1188.6842,4375.0,0.06,HD 95872,0.7,0.84,5312.0,72.2195,165.8658796,-22.0943303,2015.0,Radial Velocity,,,0.41,9.65278
hd 96063 b,,286.0,361.1,0.03,HD 96063,1.02,4.5,5148.0,140.065,166.1853484,-2.5132966,2011.0,Radial Velocity,,,-0.3,7.96991
hd 96127 b,,1271.32,647.3,0.3,HD 96127,0.91,35.0,4152.0,587.659,166.441502,44.30155,2011.0,Radial Velocity,,K2 III,-0.24,6.88245
hd 96167 b,,225.6593,498.1,0.681,HD 96167,1.27,1.94,5733.0,85.3006,166.3125657,-10.291345,2009.0,Radial Velocity,,G5,0.34,7.92849
hd 96700 b,,8.9,8.1245,0.138,HD 96700,0.89,,5845.0,25.4111,166.9742616,-30.1751383,2021.0,Radial Velocity,,G0 V,-0.18,6.35547
hd 96700 c,,3.5,19.88,0.293,HD 96700,0.89,,5845.0,25.4111,166.9742616,-30.1751383,2021.0,Radial Velocity,,G0 V,-0.18,6.35547
hd 96700 d,,12.7,103.5,0.27,HD 96700,0.89,,5845.0,25.4111,166.9742616,-30.1751383,2021.0,Radial Velocity,,G0 V,-0.18,6.35547
hd 96992 b,,362.3262,514.0,0.41,HD 96992,0.96,7.43,4725.0,396.082,167.5966158,43.9189897,2021.0,Radial Velocity,,,-0.45,8.27377
hd 97037 b,,6707.76852973,6449.08337,0.357,HD 97037,1.06,,,32.413,167.5545621,-7.3901483,2022.0,Radial Velocity,,,,6.64346
hd 97048 b,,794.575,,,HD 97048,2.4,2.25,10000.0,183.857,167.0133422,-77.654853,2019.0,Disk Kinematics,,Be9.5/AO,,8.33867
hd 97658 b,,8.26323,9.494,,HD 97658,0.78,0.68,5170.0,21.5618,168.6376584,25.7105962,2010.0,Radial Velocity,,,-0.23,7.5136
hd 98219 b,,699.226,436.89999,0.0,HD 98219,1.71,3.85,4946.0,113.704,169.4475218,-23.975488,2011.0,Radial Velocity,,,-0.02,7.79079
hd 98649 b,,2161.2,4951.0,0.85,HD 98649,1.0,1.0,5759.0,42.1727,170.2147665,-23.2181063,2012.0,Radial Velocity,,G4 V,0.02,7.82889
hd 98736 b,,740.5439,968.8,0.226,HD 98736,0.92,0.93,5271.0,32.4459,170.4549045,18.1896082,2018.0,Radial Velocity,,,0.36,7.75446
hd 99109 b,,150.65066492,441.0,0.06,HD 99109,0.969168,0.986304,5323.91,54.7901,171.0715576,-1.529761,2005.0,Radial Velocity,,,0.3839,8.86823
hd 99283 b,,308.29355479,310.4,0.2,HD 99283,1.76,11.21,4886.0,111.093,171.4874082,55.8506653,2021.0,Radial Velocity,,K0 III,-0.16,5.46403
hd 99492 b,,25.10857,17.054,0.07,HD 99492,0.85,0.78,4929.0,18.2038,171.689687,3.0071331,2004.0,Radial Velocity,,,0.3,7.26005
hd 99492 c,,17.9,95.233,0.063,HD 99492,0.85,,4929.0,18.2038,171.689687,3.0071331,2023.0,Radial Velocity,,K2 V,0.3,7.26005
hd 99706 b,,441.7837,868.0,0.37,HD 99706,1.7,6.29,4891.0,146.6,172.1261621,43.9662025,2011.0,Radial Velocity,,,0.02,7.37747
hd 99706 c,,1808.4527,1278.0,0.411,HD 99706,1.72,,,146.6,172.1261621,43.9662025,2016.0,Radial Velocity,,,,7.37747
hip 105854 b,,2606.1,184.2,0.02,HIP 105854,2.1,,4780.0,78.6381,321.5962275,-37.8294782,2014.0,Radial Velocity,,K2 III,0.31,5.28614
hip 107772 b,,12.9,55.199,0.18,HIP 107772,0.63,,,23.6434,327.4977057,-41.2440371,2020.0,Radial Velocity,,M0 V,,9.93207
hip 107773 b,,629.3034,144.3,0.09,HIP 107773,2.42,11.6,4945.0,105.18,327.5005089,-64.7126993,2015.0,Radial Velocity,,K1 III,0.03,5.36073
hip 109384 b,,495.8148,499.48,0.549,HIP 109384,0.78,,5180.0,58.9582,332.408972,71.313956,2016.0,Radial Velocity,,G5,-0.26,9.387981
hip 109600 b,,851.7844,232.08,0.163,HIP 109600,0.87,,5530.0,66.3361,333.027079,29.0662082,2016.0,Radial Velocity,,G5,-0.12,9.003861
hip 111909 b,,384.57237247,487.08,,HIP 111909,1.28,4.53,4891.0,88.077,340.0304354,-49.5985391,2025.0,Radial Velocity,,K1 III,-0.01,7.09697
hip 111909 c,,257.44100967,893.63,,HIP 111909,1.28,4.53,4891.0,88.077,340.0304354,-49.5985391,2025.0,Radial Velocity,,K1 III,-0.01,7.09697
hip 113103 b,1.829,,7.610303,0.17,HIP 113103,0.761,0.742,4930.0,46.2122,343.5723794,-43.0102291,2023.0,Transit,721.0,,-0.1,9.61752
hip 113103 c,3.68209,,14.2456603,,HIP 113103,,0.76,4760.0,46.2122,343.5723794,-43.0102291,2023.0,Transit,1021.0,,,9.61752
hip 114933 b,,616.58710958,1481.6,0.21,HIP 114933,1.39,5.27,4823.0,101.766,349.2071949,-21.2033101,2021.0,Radial Velocity,,K0 III,0.06,6.97658
hip 116454 b,2.469,9.7,9.1004157,0.215,HIP 116454,0.8,0.758,5048.0,62.4491,353.9543517,0.4447043,2014.0,Transit,753.2,,0.0,9.93208
hip 12961 b,,114.4188,57.435,0.17,HIP 12961,0.69,0.65,3901.0,23.371,41.6800749,-23.0860048,2010.0,Radial Velocity,,,-0.14,9.59893
hip 14810 b,,1074.2654,6.67386,0.14,HIP 14810,0.81,1.04,5520.0,50.48,47.809275,21.0971302,2005.0,Radial Velocity,,,0.29,8.33307
hip 14810 c,,416.3573,147.747,0.1566,HIP 14810,1.01,1.07,5544.0,50.48,47.809275,21.0971302,2006.0,Radial Velocity,,G5,0.24,8.33307
hip 14810 d,,187.5197,981.8,0.185,HIP 14810,1.01,1.07,5544.0,50.48,47.809275,21.0971302,2009.0,Radial Velocity,,G5,0.24,8.33307
hip 18606 b,,244.72787339,674.94,,HIP 18606,1.21,4.83,4860.0,47.0288,59.7181058,-5.4706979,2025.0,Radial Velocity,,K0/1 III,-0.01,5.56374
hip 19976 b,,21.61233168,50.65905,0.304,HIP 19976,0.67,,,40.2707,64.2597881,-40.7985198,2022.0,Radial Velocity,,,,9.88841
hip 21152 b,,7627.881768,22000.0,0.36,HIP 21152,1.4,,6655.0,43.4073,68.0205209,5.4100745,2022.0,Imaging,1300.0,F5 V,0.13,6.25568
hip 29442 c,1.58,4.5,3.53796,,TOI-469,0.89,0.98,5289.0,68.192,93.0578446,-14.6493167,2023.0,Radial Velocity,1217.0,,0.24,9.27468
hip 29442 d,1.37,5.1,6.42975,,TOI-469,0.89,0.98,5289.0,68.192,93.0578446,-14.6493167,2023.0,Radial Velocity,998.0,,0.24,9.27468
hip 34222 b,,263.79757781,159.986,0.305,HIP 34222,0.62,,,22.8386,106.4257786,27.4704132,2021.0,Radial Velocity,,K7 V,,9.57701
hip 35173 b,,12.7,41.516,0.16,HIP 35173,0.79,,4881.0,33.1562,109.0449329,-3.6661273,2019.0,Radial Velocity,,K2 V,,8.70829
hip 35965 b,,2589.98368864,26125.56497,0.138,HIP 35965,0.78,,,50.1677,111.2025182,-51.3257507,2022.0,Radial Velocity,,,,9.88264
hip 38594 b,,8.1,60.722,0.17,HIP 38594,0.61,,,17.7886,118.5439118,-25.3023073,2020.0,Radial Velocity,,M0,,9.08528
hip 38594 c,,48.4,3477.768,0.16,HIP 38594,0.61,,,17.7886,118.5439118,-25.3023073,2020.0,Radial Velocity,,M0,,9.08528
hip 39017 b,,7500.7504052,31000.0,0.55,HIP 39017,1.52,,,66.3217,119.7665756,-4.3326006,2024.0,Imaging,,A9/F0,-0.26,6.90458
hip 41378 b,2.419,9.06,15.571893,0.0213,HIP 41378,1.245,1.306,6371.0,106.289,126.6158279,10.0803708,2016.0,Transit,970.67,,0.046,8.80998
hip 41378 c,2.56,,31.6978,,HIP 41378,1.15,1.4,6199.0,106.289,126.6158279,10.0803708,2016.0,Transit,,,-0.11,8.80998
hip 41378 d,,,1114.0,,HIP 41378,1.168,1.343,6226.0,106.289,126.6158279,10.0803708,2016.0,Transit,,,,8.80998
hip 41378 e,4.92,12.0,369.0,,HIP 41378,1.16,1.273,6320.0,106.289,126.6158279,10.0803708,2016.0,Transit,335.0,,-0.1,8.80998
hip 41378 f,,,1084.0,,HIP 41378,1.168,1.343,6226.0,106.289,126.6158279,10.0803708,2016.0,Transit,,,,8.80998
hip 41378 g,,6.81,64.067,0.01,HIP 41378,1.245,1.306,6371.0,106.289,126.6158279,10.0803708,2025.0,Radial Velocity,,,0.046,8.80998
hip 4845 b,,14.4,34.15,0.25,HIP 4845,0.62,,,21.0974,15.5881733,-10.4246208,2020.0,Radial Velocity,,,,9.37826
hip 48714 b,,22.9,17.818,0.5,HIP 48714,0.58,,,10.5298,149.0332672,62.7859505,2020.0,Radial Velocity,,M0.5 Ve,,8.22861
hip 5158 b,,305.1168,345.72,0.52,HIP 5158,0.43,0.75,4813.0,51.6026,16.5094891,-22.4536134,2009.0,Radial Velocity,,,0.17,9.80235
hip 5158 c,,4780.1632,9017.76,0.14,HIP 5158,0.78,0.754089,4813.0,51.6026,16.5094891,-22.4536134,2011.0,Radial Velocity,,,0.17,9.80235
hip 54373 b,,8.62,7.76,0.2,HIP 54373,0.57,,4021.0,18.7168,166.8643532,-19.2916857,2019.0,Radial Velocity,,K5 V,,9.64076
hip 54373 c,,12.44,15.144,0.2,HIP 54373,0.57,,4021.0,18.7168,166.8643532,-19.2916857,2019.0,Radial Velocity,,K5 V,,9.64076
hip 54515 b,,5625.5628039,33000.0,0.42,HIP 54515,1.9,,8100.0,82.8101,167.3066308,-1.3332838,2026.0,Imaging,,A5 V,,6.76889
hip 54597 b,,639.0,3250.0,0.04,HIP 54597,0.69,0.66,4799.0,39.7429,167.6082179,-29.4143018,2023.0,Radial Velocity,,K5 V,-0.22,9.4828
hip 55507 b,,2585.53409095,5138.43727,0.362,HIP 55507,0.65,,,25.4893,170.5227246,46.907803,2022.0,Radial Velocity,,,,9.26803
hip 56640 b,,2151.69831539,2675.57603,0.118,HIP 56640,1.75,,,122.324,174.2008941,-37.0391349,2021.0,Radial Velocity,,,,7.64993
hip 57274 b,,3359.44626199,8.135,,HIP 57274,,,,25.8618,176.1705487,30.9576484,2011.0,Radial Velocity,,,,8.57069
hip 57274 c,,130.0,32.03,0.05,HIP 57274,0.73,0.68,4640.0,25.8618,176.1705487,30.9576484,2011.0,Radial Velocity,,K4 V,0.09,8.57069
hip 57274 d,,167.4,431.7,0.27,HIP 57274,0.73,0.68,4640.0,25.8618,176.1705487,30.9576484,2011.0,Radial Velocity,,K4 V,0.09,8.57069
hip 5763 b,,162.09248757,30.014,0.054,HIP 5763,0.72,,,31.9043,18.495343,16.4942738,2021.0,Radial Velocity,,K6 V,,9.39022
hip 63242 b,,2917.56,124.6,0.23,HIP 63242,1.54,,4830.0,156.456,194.3824825,-65.6463263,2013.0,Radial Velocity,,G8,-0.31,6.56453
hip 65 a b,,937.59380065,0.981,0.009,HIP 65 A,0.74,,,61.7856,0.1856063,-54.8308228,2020.0,Transit,,K4 V,,10.5895
hip 65407 b,,136.03124,28.125,0.14,HIP 65407,0.93,,5460.0,61.7804,201.087663,48.8847322,2016.0,Radial Velocity,,K0,0.25,9.15101
hip 65407 c,,249.17872,67.3,0.12,HIP 65407,0.93,,5460.0,61.7804,201.087663,48.8847322,2016.0,Radial Velocity,,K0,0.25,9.15101
hip 65426 b,16.8135,2860.47,,,HIP 65426,1.96,1.77,8840.0,108.875,201.1501727,-51.5045384,2017.0,Imaging,1500.0,A2 V,,6.98273
hip 65891 b,,1906.98,1084.5,0.13,HIP 65891,2.5,8.93,5000.0,150.292,202.6050857,-58.6643937,2015.0,Radial Velocity,,K0 III,0.16,6.48224
hip 66074 b,,1589.142035,310.9,0.948,HIP 66074,0.705,0.69,4300.0,35.4438,203.1635632,75.0071038,2023.0,Astrometry,,,0.12,9.74727
hip 67522 b,10.178,,6.959471,0.0,HIP 67522,,,5675.0,127.28,207.526001,-40.8358961,2020.0,Transit,,,0.0,9.63261
hip 67522 c,7.93595834,,14.334892,0.077,HIP 67522,1.22,1.38,5675.0,127.28,207.526001,-40.8358961,2024.0,Transit,917.0,,,9.63261
hip 67537 b,,4354.2491759,2550.0,0.589,HIP 67537,2.41,,4985.0,116.046,207.5808445,-39.9008996,2017.0,Radial Velocity,,K1 III,0.15,6.17087
hip 67851 b,,362.32438398,89.11,0.0001,HIP 67851,1.19,5.72,4807.0,64.1181,208.465364,-35.3146536,2015.0,Radial Velocity,,K0 III,-0.07,5.89329
hip 67851 c,,1484.25866069,3268.56,0.252,HIP 67851,1.19,5.72,4807.0,64.1181,208.465364,-35.3146536,2015.0,Radial Velocity,,K0 III,-0.07,5.89329
hip 70849 b,,1446.11925185,3669.3,0.584,HIP 70849,0.647,,,24.0572,217.3270762,-46.464684,2009.0,Radial Velocity,,,,9.69796
hip 71135 b,,18.8,87.19,0.21,HIP 71135,0.66,,4146.0,32.3311,218.2158073,-52.6464757,2019.0,Radial Velocity,,M1,,9.95835
hip 74890 b,,610.23054144,812.47,0.0,HIP 74890,1.31,4.62,4824.0,78.6562,229.5714974,-41.4210961,2016.0,Radial Velocity,,K1 III,0.12,6.75234
hip 75092 b,,483.09917864,970.78,0.0,HIP 75092,1.28,4.53,4891.0,81.6696,230.1724206,-25.9910525,2021.0,Radial Velocity,,K0 III,-0.01,6.82953
hip 77900 b,,6674.396547,,,HIP 77900,,,,150.862,238.6253901,-27.3387434,2024.0,Imaging,2507.0,,,6.11944
hip 78530 b,,7300.0,,,HIP 78530,2.5,,10500.0,136.759,240.4810052,-21.980492,2010.0,Imaging,2700.0,B9 V,,7.14665
hip 79098 ab b,,6515.515,,,HIP 79098 AB,3.75,,,145.798,242.1821202,-23.6855244,2019.0,Imaging,2450.0,,,5.83871
hip 79431 b,,667.415,111.7,0.29,HIP 79431,0.49,,3191.0,14.5324,243.1742467,-18.8764247,2009.0,Radial Velocity,,M3 V,0.4,10.2351
hip 81208 c b,,4703.8604236,104100.0,,HIP 81208 C,0.135,,,147.533,248.8075,-35.7247583,2023.0,Imaging,2050.0,M,,
hip 8152 b,2.53625843,8.9,10.751014,0.0,HIP 8152,0.9373,0.9603,5618.0,101.694,26.2092533,-18.4013844,2023.0,Transit,794.96,,0.007,9.90726
hip 8152 c,2.48,9.4,19.6053,0.28,HIP 8152,0.91,0.95,5530.0,101.694,26.2092533,-18.4013844,2023.0,Transit,699.0,,-0.09,9.90726
hip 8541 b,,1811.6219199,1585.0,0.122,HIP 8541,1.17,,4670.0,155.121,27.5271962,-54.4651633,2016.0,Radial Velocity,,K2 III/ IV,-0.15,7.56075
hip 86221 b,,225.65816897,2.224,0.086,HIP 86221,0.79,,,29.4898,264.294875,27.896391,2021.0,Radial Velocity,,K5 V,,
hip 90988 b,,543.48657597,452.45,0.0,HIP 90988,1.3,3.94,4884.0,94.0349,278.3892816,-50.211692,2021.0,Radial Velocity,,K1 III,0.17,7.46648
hip 91258 b,,339.428,5.0505,0.024,HIP 91258,0.95,1.0,5519.0,45.8846,279.2211173,61.7015065,2013.0,Radial Velocity,,G5 V,0.23,8.45032
hip 94235 b,3.0,379.0,7.713057,0.32,HIP 94235,1.094,1.08,5991.0,58.5146,287.7411441,-60.2726358,2022.0,Transit,1060.0,G V,0.0,8.16034
hip 948 b,,6547.2651842,24955.45756,0.23,HIP 948,0.71,,,34.8523,2.9276336,-39.2304879,2022.0,Radial Velocity,,,,9.55771
hip 9618 b,3.82838127,8.3,20.772858,0.0,HIP 9618,0.942,0.9593,5649.0,67.5478,30.9050061,21.2813274,2023.0,Transit,640.88,,-0.018,9.02543
hip 9618 c,3.28372,,52.56370562152,,HIP 9618,,0.97,5625.56,67.5478,30.9050061,21.2813274,2023.0,Transit,542.0,,,9.02543
hip 97166 b,2.74,20.0,10.28891,0.16,HIP 97166,0.898,0.836,5198.0,65.9501,296.2446203,74.0628577,2021.0,Transit,757.0,K0 V,0.27,9.68443
hip 97166 c,,8.0,16.432,0.0,HIP 97166,0.9342,0.8418,5216.0,65.9501,296.2446203,74.0628577,2021.0,Radial Velocity,,,0.248,9.68443
hip 97233 b,,7182.9219982,1054.0,0.633,HIP 97233,1.74,,5020.0,102.275,296.4221207,-0.6968794,2014.0,Radial Velocity,,K0/1 III,0.29,7.07025
hip 99770 b,,5117.0373527,18600.0,0.25,HIP 99770,1.85,,8000.0,40.0765,303.6338344,36.8066046,2023.0,Imaging,,A5-A6,,4.9147
hn lib b,,5.46,36.116,0.079,HN Lib,0.291,0.299,3347.0,6.24442,218.5684823,-12.5170062,2023.0,Radial Velocity,234.4,M4.0 V,-0.18,9.87882
hn peg b,11.7768,6991.57,,,HN Peg,,,,18.1186,326.1315705,14.7714524,2006.0,Imaging,,G0 V,,5.82363
hr 2562 b,,4195.3349724,,,HR 2562,1.368,1.334,6597.0,34.0071,102.5042716,-60.2486775,2016.0,Imaging,1255.0,F5 V,0.1,5.99741
hr 5183 b,,1004.33776612,43000.0,0.886,HR 5183,1.099514,1.555268,5833.8,31.4607,206.7357992,6.3498994,2019.0,Radial Velocity,,,0.1014,6.17464
hr 810 b,,718.2958,320.1,0.161,HR 810,1.03,,,17.3181,40.6417178,-50.7993484,1999.0,Radial Velocity,,,,5.25587
hr 858 b,2.004,3.55,3.585287,0.0,HR 858,1.204,1.258,6354.0,31.964,42.9849779,-30.8140609,2019.0,Transit,1552.0,,0.025,6.25276
hr 858 c,1.939,,5.97293,0.19,HR 858,1.145,1.31,6201.0,31.964,42.9849779,-30.8140609,2019.0,Transit,1326.0,,-0.14,6.25276
hr 858 d,2.164,,11.23,0.28,HR 858,1.145,1.31,6201.0,31.964,42.9849779,-30.8140609,2019.0,Transit,1075.0,,-0.14,6.25276
hr 8799 b,13.0,2000.0,170000.0,,HR 8799,1.5,,,41.2441,346.8701486,21.1340376,2008.0,Imaging,,A5 V,-0.47,5.90914
hr 8799 c,11.209,,,,HR 8799,1.61,1.49338,7204.58,41.2441,346.8701486,21.1340376,2008.0,Imaging,1200.0,,,5.90914
hr 8799 d,13.0,3000.0,37000.0,,HR 8799,1.5,,,41.2441,346.8701486,21.1340376,2008.0,Imaging,,A5 V,-0.47,5.90914
hr 8799 e,10.0881,,,,HR 8799,1.61,1.49338,7204.58,41.2441,346.8701486,21.1340376,2010.0,Imaging,1300.0,,,5.90914
hs psc b,,464.02947422,3.986,0.27,HS Psc,0.69,0.65,4203.0,37.6604,24.347379,26.9528036,2024.0,Radial Velocity,,K7 V,-0.05,10.2865
hu aqr ab b,,1875.197,2390.0,0.0,HU Aqr,0.88,,,,316.9921976,-5.2948694,2011.0,Eclipse Timing Variations,,,,16.4718
hu aqr ab c,,1430.235,4368.0,0.51,HU Aqr,0.88,,,,316.9921976,-5.2948694,2011.0,Eclipse Timing Variations,,,,16.4718
ic 4651 9122 b,,2002.329,734.0,0.18,IC 4651 9122,2.1,,,859.324,261.2086139,-49.9489317,2018.0,Radial Velocity,,,0.12,10.5336
iras 04125+2902 b,10.73820351,,8.834978,,IRAS 04125+2902,0.7,1.45,4080.0,159.244,63.9283394,29.166542,2024.0,Transit,854.0,,,13.991
itg 15 b,,6674.396547,,,ITG 15 A,,,,136.37,69.9370379,26.0312128,2024.0,Imaging,2601.0,,,14.9979
k2-10 b,4.37,,19.3037,,K2-10,0.92,1.08,5581.0,272.36,172.1216476,1.6906217,2015.0,Transit,,,,12.2156
k2-100 b,,,1.674,,K2-100,1.153,1.21742,6115.49,188.959,129.6010863,20.1060074,2016.0,Transit,,,0.2808,10.4053
k2-101 b,1.85,,14.675828,,K2-101,,0.725,,188.33,130.3439097,18.9338205,2016.0,Transit,,,,12.6619
k2-102 b,1.3,,9.915615,0.1,K2-102,0.77,0.71,4695.0,188.175,130.0558953,19.7787519,2016.0,Transit,,,0.14,12.8466
k2-104 b,,,1.974991,,K2-104,,0.484,3820.0,189.289,129.6366594,19.7737202,2016.0,Transit,,,,15.3955
k2-105 b,3.5,,8.267084,,K2-105,,0.98,,197.989,125.4202985,13.4975122,2017.0,Transit,,,,11.7124
k2-107 b,15.98,,3.313959,,K2-107,1.3,1.81,6061.0,685.2,284.985355,-22.2934206,2017.0,Transit,1649.0,,0.14,12.7669
k2-108 b,5.3,,4.734006,,K2-108,,1.77,,477.295,123.3818484,16.419516,2017.0,Transit,,,,12.1704
k2-11 b,7.55,,39.93767,,K2-11,1.35,5.15,5433.0,329.309,169.0418328,1.9866832,2015.0,Transit,734.0,,-0.12,13.1501
k2-110 b,2.592,16.7,13.86375,0.079,K2-110,0.738,0.713,5010.0,116.474,207.3497402,-12.2849182,2017.0,Transit,640.0,K3 V,-0.34,11.6627
k2-111 b,2.09,,5.35161,,K2-111,,1.17,5788.0,200.394,59.8903081,21.2985263,2017.0,Transit,,,,10.9294
k2-111 c,,11.08,15.6805,0.071,K2-111,0.84,1.25,5775.0,200.394,59.8903081,21.2985263,2020.0,Radial Velocity,,,-0.46,10.9294
k2-113 b,,,5.8176015,,K2-113,1.007,1.047,5627.0,635.722,19.4493823,6.8688469,2017.0,Transit,,G,0.18,13.5039
k2-114 b,,,11.391,,K2-114,0.81,0.875936,4913.0,475.758,127.882912,11.922255,2017.0,Transit,,,,14.2751
k2-115 b,12.06,,20.272615,,K2-115,0.95,0.88,5657.0,413.591,126.5535002,12.281851,2017.0,Transit,619.0,,-0.1,13.2
k2-116 b,,,4.654879,,K2-116,0.694512,0.6694,4348.35,49.3855,336.1523363,-11.5793181,2017.0,Transit,,,,10.3281
k2-117 b,2.45117748,,1.29160335703,,K2-117,,0.514745,3689.0,101.632,133.8557342,10.4692176,2017.0,Transit,856.69,,,13.8012
k2-117 c,2.1,,5.443984,,K2-117,,0.52,,101.632,133.8557342,10.4692176,2017.0,Transit,,,,13.8012
k2-118 b,2.54,,50.92092,0.2,K2-118,0.756446,0.734626,4726.29,321.722,132.1268608,15.6558964,2017.0,Transit,,,,13.7484
k2-119 b,,,7.72651124,,K2-119,0.71,0.739177,4525.0,365.581,132.0098683,16.9017663,2017.0,Transit,,,,14.5103
k2-12 b,2.14,,8.2824161,,K2-12,,0.92,5615.0,326.381,173.1919022,2.2446794,2015.0,Transit,,,,12.0884
k2-121 b,7.64369371,,5.185759,,K2-121,0.72709,0.686484,4695.0,169.398,126.9366624,17.5793267,2017.0,Transit,,,-0.14,12.9247
k2-122 b,1.17,,2.219368,,K2-122,,0.532,,72.0444,126.4762179,20.3593384,2017.0,Transit,,,,12.3708
k2-123 b,,,30.96028326,,K2-123,0.595401,0.609039,3856.0,161.555,134.4441404,21.4532748,2017.0,Transit,,,,14.0916
k2-124 b,2.36,,6.41362,,K2-124,,0.299,,140.385,133.6410515,23.1329509,2017.0,Transit,,,,15.4618
k2-125 b,2.18,,21.750264,0.08,K2-125,0.494727,0.402049,3654.47,124.156,204.1418754,-14.9478195,2017.0,Transit,,,,15.1508
k2-126 b,1.79540442,,7.387066,,K2-126,0.610472,0.588892,4396.0,102.953,203.5467021,-13.5769705,2017.0,Transit,,,-0.44,12.4013
k2-127 b,8.37,,3.588163,,K2-127,0.72,0.66,4575.0,709.999,207.0782895,-11.5889878,2017.0,Transit,809.0,,-0.11,14.7871
k2-128 b,1.42,,5.675819,0.23,K2-128,0.711248,0.777569,4469.51,114.637,204.4376666,-8.5970858,2017.0,Transit,,,,12.2204
k2-129 b,1.04,,8.239493,0.13,K2-129,0.360031,0.36001,3459.09,27.7957,289.1485491,-25.6463233,2017.0,Transit,,,,12.4624
k2-13 b,2.29,,40.062771,,K2-13,,0.88,5508.0,342.394,170.1554763,2.5027534,2015.0,Transit,,,,12.739
k2-130 b,1.22,,2.494206,,K2-130,,0.663,,118.011,290.2705419,-19.6908744,2017.0,Transit,,,,12.3253
k2-131 b,1.7,,0.36931,,K2-131,0.84,0.75,5245.0,152.509,182.751404,-9.7652392,2017.0,Transit,2062.0,,-0.17,11.8999
k2-132 b,9.02881,,9.1720535,,K2-132,,3.79,4933.0,609.818,182.1662666,-8.7472172,2017.0,Transit,1152.0,,,11.64
k2-133 b,1.34,,3.07133,,K2-133,0.461,0.455,3655.0,75.1703,70.1493775,25.0098135,2017.0,Transit,,M1.5 V,,13.3245
k2-133 c,1.603,,4.86784,,K2-133,0.461,0.455,3655.0,75.1703,70.1493775,25.0098135,2017.0,Transit,,M1.5 V,,13.3245
k2-133 d,2.02,,11.0234,,K2-133,0.51,0.47,3655.0,75.1703,70.1493775,25.0098135,2017.0,Transit,,M1 V,,13.3245
k2-133 e,1.73,,26.5841,,K2-133,0.461,0.455,3655.0,75.1703,70.1493775,25.0098135,2019.0,Transit,296.0,M1.5 V,,13.3245
k2-136 b,1.014,4.3,7.9752,0.14,K2-136,0.742,0.677,4500.0,59.2474,67.4128615,22.8825674,2017.0,Transit,610.0,,-0.02,10.8545
k2-136 c,3.03,,17.3077,,K2-136,0.71,0.71,4364.0,59.2474,67.4128615,22.8825674,2017.0,Transit,,K5 V,0.15,10.8545
k2-136 d,1.55,,25.5715,0.75,K2-136,0.686,0.723,4359.0,59.2474,67.4128615,22.8825674,2017.0,Transit,,,0.17,10.8545
k2-137 b,0.89,158.915,0.179715,0.0,K2-137,0.463,0.442,3492.0,98.8765,186.870426,-6.1952168,2017.0,Transit,1471.0,M3 V,0.08,14.4345
k2-138 b,,2.54,,0.02,K2-138,0.891,0.834,5354.7,202.585,348.9490311,-10.8497391,2017.0,Transit,,,0.07,12.0252
k2-138 c,2.299,6.31,3.56004,0.045,K2-138,0.935,0.863,5356.3,202.585,348.9490311,-10.8497391,2017.0,Transit,,,0.14,12.0252
k2-138 d,2.39,7.92,5.40479,0.043,K2-138,0.935,0.863,5356.3,202.585,348.9490311,-10.8497391,2017.0,Transit,,,0.14,12.0252
k2-138 e,,14.11,8.261334,0.014,K2-138,0.891,0.834,5354.7,202.585,348.9490311,-10.8497391,2017.0,Transit,,,0.07,12.0252
k2-138 f,2.81,,12.75759,0.364,K2-138,0.93,0.86,5378.0,202.585,348.9490311,-10.8497391,2017.0,Transit,,K1 V,0.16,12.0252
k2-138 g,3.18,,41.96645,,K2-138,0.916,0.839,5283.0,202.585,348.9490311,-10.8497391,2021.0,Transit,445.0,G8 V,0.134,12.0252
k2-139 b,9.11,,28.380619,,K2-139,0.96,0.88,5370.0,153.856,289.066707,-17.9107147,2017.0,Transit,524.0,,0.24,11.4626
k2-14 b,6.65,,8.3688168,,K2-14,,0.56,3879.0,364.048,178.0568745,2.5941222,2015.0,Transit,,,,15.5348
k2-140 b,12.273855,323.86877,6.5693,0.12,K2-140,1.005,0.987,5654.0,347.917,188.1373172,-9.6076115,2017.0,Transit,1114.0,G5,0.12,12.4814
k2-141 b,1.493,5.16,0.28,,K2-141,0.706,0.6862,4599.0,61.8736,350.9170464,-1.1891827,2018.0,Transit,,,0.06,10.7217
k2-141 c,7.0,7.4,7.7485,0.0,K2-141,0.708,0.681,4599.0,61.8736,350.9170464,-1.1891827,2018.0,Transit,,,-0.06,10.7217
k2-146 b,2.15,,2.644661,,K2-146,0.33,0.33,3398.0,79.3002,130.0266951,19.0923416,2018.0,Transit,534.0,,-0.01,14.9834
k2-146 c,2.59,7.1,3.9663,0.16,K2-146,0.358,0.35,3385.0,79.3002,130.0266951,19.0923416,2019.0,Transit,,M3.0 V,-0.02,14.9834
k2-147 b,0.73,,0.961918,,K2-147,,0.31,3775.0,90.5494,293.8330329,-28.498475,2018.0,Transit,,,-0.1,13.1913
k2-148 b,1.33,,4.38395,,K2-148,0.65,0.632,4079.0,124.458,14.5176494,-0.193258,2018.0,Transit,,,-0.11,13.0599
k2-148 c,0.9,,6.92251,,K2-148,,0.371,,124.458,14.5176494,-0.193258,2018.0,Transit,,,,13.0599
k2-148 d,1.64,,9.7579,,K2-148,0.65,0.632,4079.0,124.458,14.5176494,-0.193258,2018.0,Transit,,,-0.11,13.0599
k2-149 b,1.64,,11.332,,K2-149,0.595,0.568,3745.0,123.676,9.8217519,7.2769939,2018.0,Transit,,M1.0 V,0.11,13.7795
k2-15 b,2.84,,11.8097,,K2-15,0.81,0.78,5314.0,493.992,178.1105741,4.2546649,2015.0,Transit,,,,14.4237
k2-150 b,2.0,,10.59357,,K2-150,0.457,0.436,3499.0,102.483,18.3443908,8.9874328,2018.0,Transit,,M2.5 V,0.09,14.815
k2-151 b,1.35,,3.835592,,K2-151,0.44,0.429,3585.0,69.4798,19.3047733,9.5012663,2018.0,Transit,,M1.5 V,-0.32,13.3119
k2-152 b,2.81,,32.6527,,K2-152,0.654,0.631,3940.0,108.449,181.6324078,-5.8274311,2018.0,Transit,,M0.0 V,0.09,13.0383
k2-153 b,2.0,,7.51554,,K2-153,0.512,0.495,3720.0,143.125,183.8088709,2.0208765,2018.0,Transit,,M3.0 V,-0.26,14.2706
k2-154 b,2.23,,3.67635,,K2-154,0.672,0.649,3978.0,129.356,189.0015173,-2.6696217,2018.0,Transit,,M0.0 V,0.19,13.3173
k2-154 c,2.1,,7.95478,,K2-154,0.672,0.649,3978.0,129.356,189.0015173,-2.6696217,2018.0,Transit,,M0.0 V,0.19,13.3173
k2-155 b,1.55,,6.34365,,K2-155,0.54,0.526,3919.0,72.7998,65.469614,21.3532633,2018.0,Transit,,,-0.42,12.2528
k2-155 c,2.2098839,,13.85327454047,,K2-155,,0.655766,3893.47,72.7998,65.469614,21.3532633,2018.0,Transit,450.75,,,12.2528
k2-155 d,1.64,,40.6835,,K2-155,0.54,0.526,3919.0,72.7998,65.469614,21.3532633,2018.0,Transit,,,-0.42,12.2528
k2-156 b,1.14414279,,0.813149,,K2-156,0.642263,0.615543,4460.0,150.21,182.699673,-6.2943552,2018.0,Transit,,,-0.33,12.9484
k2-157 b,0.935,1.14,0.3652575,,K2-157,0.89,0.86,5334.0,298.373,183.7514959,-5.7820178,2018.0,Transit,2432.0,G9 V,0.02,12.6419
k2-157 c,,30.8,25.942,0.2,K2-157,0.89,0.86,5334.0,298.373,183.7514959,-5.7820178,2025.0,Radial Velocity,587.0,G9 V,0.02,12.6419
k2-157 d,,23.3,66.5,0.5,K2-157,0.89,0.86,5334.0,298.373,183.7514959,-5.7820178,2025.0,Radial Velocity,429.1,G9 V,0.02,12.6419
k2-158 b,2.63456976,,10.062106,,K2-158,0.932757,0.892097,5489.0,197.299,179.9397081,-5.7216879,2018.0,Transit,,,0.07,11.6134
k2-158 c,1.28,,5.90279,,K2-158,0.92,0.95,5503.0,197.299,179.9397081,-5.7216879,2018.0,Transit,948.0,,0.07,11.6134
k2-159 b,2.20753881,,12.421078,,K2-159,0.8857,0.829915,5419.0,170.998,180.5408896,-3.5809053,2018.0,Transit,,,-0.1,11.6397
k2-16 b,1.87,,7.62117,,K2-16,,0.544,,334.967,175.0972238,4.5574311,2015.0,Transit,,,,14.3234
k2-16 c,2.58,,19.07454,,K2-16,,0.71,4620.0,334.967,175.0972238,4.5574311,2015.0,Transit,,,,14.3234
k2-160 b,3.17824034,,3.705871,,K2-160,0.982829,0.913754,5649.0,315.363,184.0545174,-3.5530888,2018.0,Transit,,,0.07,12.542
k2-161 b,6.11721229,,9.283188,,K2-161,0.986876,2.568173,4972.0,916.319,183.7938491,-3.4956913,2018.0,Transit,,,-0.03,12.3574
k2-162 b,1.44,,9.45889,,K2-162,0.75,0.69,4842.0,124.433,186.0383865,-1.111479,2018.0,Transit,631.0,,-0.17,11.9662
k2-163 b,2.46610713,,6.673117,,K2-163,0.826112,0.762201,4937.0,208.529,182.3292517,-0.5393421,2018.0,Transit,,,0.14,12.8062
k2-164 b,1.81,,17.355681,,K2-164,,1.06,5894.0,375.67,171.933659,-0.0628488,2018.0,Transit,,,,11.0942
k2-165 b,1.27443657,,2.354992,,K2-165,0.834847,0.803827,5185.0,134.591,184.9004881,0.968327,2018.0,Transit,,,-0.05,11.3272
k2-165 c,1.55409035,,4.382745,,K2-165,0.834847,0.803827,5185.0,134.591,184.9004881,0.968327,2018.0,Transit,,,-0.05,11.3272
k2-165 d,3.19087767,,14.06660140645,,K2-165,,0.837606,5141.67,134.591,184.9004881,0.968327,2018.0,Transit,629.38,,,11.3272
k2-166 b,1.82322896,,8.527219,,K2-166,1.072665,1.196219,5922.0,476.882,185.1880932,2.2823788,2018.0,Transit,,,0.05,11.9456
k2-167 b,2.36509493,,9.978541,0.48,K2-167,1.084,1.499,6310.0,80.8994,336.5761233,-18.011665,2018.0,Transit,1220.0,,-0.456,8.103581
k2-168 b,1.86,,15.8523,,K2-168,0.877,0.83,5502.7,243.935,333.1100738,-16.3418863,2018.0,Transit,766.35,,,12.0976
k2-169 b,1.27328671,,6.380803,,K2-169,0.986144,0.919053,5548.0,235.867,337.0442461,-14.5993376,2018.0,Transit,,,0.26,12.0063
k2-17 b,1.78,,17.96832,,K2-17,,0.556,,125.106,178.3296746,6.4123178,2015.0,Transit,,,,13.0023
k2-170 b,1.41817537,,7.576544,,K2-170,0.963657,0.981614,5748.0,392.872,335.4506923,-14.5933554,2018.0,Transit,,,-0.11,12.4959
k2-170 c,2.01,,12.3988,,K2-170,,1.0849,,392.872,335.4506923,-14.5933554,2018.0,Transit,,,,12.4959
k2-171 b,3.71,,5.6228,,K2-171,,2.378,,606.128,332.3407712,-13.4288624,2018.0,Transit,,,,12.4386
k2-172 b,1.8,,14.317001,,K2-172,,0.86,5449.0,249.742,335.3081368,-12.5569819,2018.0,Transit,,,,12.2809
k2-172 c,3.02,,29.6245,,K2-172,,0.824,,249.742,335.3081368,-12.5569819,2018.0,Transit,,,,12.2809
k2-173 b,1.60826194,,5.868699,,K2-173,0.881538,0.843154,5580.0,228.641,60.3752402,15.6251296,2018.0,Transit,,,-0.25,12.1848
k2-174 b,,,19.5661401,,K2-174,0.66,0.758892,4246.81,99.9293,60.7929729,16.347166,2018.0,Transit,,,-0.0294,12.0082
k2-175 b,2.03803688,,9.525988,,K2-175,1.094693,1.420038,5909.0,247.266,52.5035514,17.5841081,2018.0,Transit,,,0.05,10.6251
k2-176 b,1.49090097,,5.329439,,K2-176,0.938545,0.86416,5428.0,247.302,58.2691796,17.9069486,2018.0,Transit,,,0.15,12.6504
k2-177 b,2.1162048,,14.155185,,K2-177,1.210525,1.213565,6063.0,492.167,55.2296156,20.7360891,2018.0,Transit,,,0.41,12.422
k2-178 b,3.83,,8.74809,,K2-178,,0.938,,214.753,52.8888524,22.4348186,2018.0,Transit,,,,12.1562
k2-179 b,2.51267885,,5.172191,,K2-179,0.824345,0.768067,5015.0,190.81,58.7967878,23.7567524,2018.0,Transit,,,0.03,12.691
k2-18 b,,,32.92801934,,K2-18,0.440668,0.444516,3464.0,38.0266,172.560141,7.5878315,2015.0,Transit,,,,12.4154
k2-18 c,,7.51,8.962,0.47,K2-18,0.359,0.411,3457.0,38.0266,172.560141,7.5878315,2017.0,Radial Velocity,363.0,,,12.4154
k2-180 b,4.4,,8.867259,,K2-180,,0.65,,203.896,126.4643579,10.246577,2018.0,Transit,,,,12.4039
k2-181 b,2.69,,6.8941,,K2-181,0.96,1.06,5528.0,360.911,127.5541103,10.9101444,2018.0,Transit,949.0,,0.18,12.5618
k2-182 b,2.76,,4.736837,,K2-182,0.88,0.8,5165.0,154.83,130.180046,10.9829509,2018.0,Transit,885.0,,0.09,11.7202
k2-183 b,1.1,,0.469285,,K2-183,,0.87,5482.0,329.041,125.007177,14.0194586,2018.0,Transit,,,0.09,12.6702
k2-183 c,,,10.7930529,,K2-183,0.95,0.968558,5436.47,329.041,125.007177,14.0194586,2018.0,Transit,,,0.0642,12.6702
k2-183 d,17.4,,22.634594,,K2-183,,0.92,,329.041,125.007177,14.0194586,2018.0,Transit,,,,12.6702
k2-184 b,1.55,,16.995731,,K2-184,0.86,0.78,5220.0,75.5857,129.1405227,14.4618826,2018.0,Transit,580.0,,-0.07,10.13
k2-185 b,1.31284773,,10.616646,,K2-185,0.976219,0.914349,5722.0,268.357,130.2596625,14.6902225,2018.0,Transit,,,-0.05,12.0636
k2-185 c,2.39,,52.713494,,K2-185,0.96,0.94,5788.0,268.357,130.2596625,14.6902225,2018.0,Transit,477.0,,-0.1,12.0636
k2-186 b,3.17207779,,41.474219,,K2-186,1.018617,0.98083,5784.0,330.739,135.3350487,18.8252879,2018.0,Transit,,,0.06,12.1713
k2-187 b,1.2,,0.77401,,K2-187,,0.83,5438.0,330.916,132.5235618,23.1924709,2018.0,Transit,,,0.0,12.8673
k2-187 c,1.70058746,,2.871788,,K2-187,0.966999,0.894913,5477.0,330.916,132.5235618,23.1924709,2018.0,Transit,,,0.26,12.8673
k2-187 d,,,7.15,,K2-187,0.93,0.92027,5374.67,330.916,132.5235618,23.1924709,2018.0,Transit,,,0.266,12.8673
k2-187 e,2.5,,13.608511,,K2-187,,0.96,,330.916,132.5235618,23.1924709,2018.0,Transit,,,,12.8673
k2-188 b,1.35,,1.742169,,K2-188,1.06,1.19,5977.0,446.821,129.8137008,23.3574367,2018.0,Transit,1692.0,,-0.01,12.4903
k2-188 c,2.70889,,7.8092052,,K2-188,,1.22,5906.9,446.821,129.8137008,23.3574367,2018.0,Transit,1085.0,,,12.4903
k2-189 b,1.52,,2.588309,,K2-189,0.94,0.87,5519.0,242.113,203.6214411,-15.0365158,2018.0,Transit,1197.0,,0.0,12.2538
k2-189 c,2.5,,6.679195,,K2-189,0.94,0.87,5519.0,242.113,203.6214411,-15.0365158,2018.0,Transit,872.0,,0.0,12.2538
k2-19 b,7.46,,7.9194979,,K2-19,,0.84,5368.0,289.827,174.9602543,0.603596,2015.0,Transit,,,,12.8153
k2-19 c,4.1,,23.81486,,K2-19,,0.823,,289.827,174.9602543,0.603596,2015.0,Transit,,,,12.8153
k2-19 d,1.14,,2.50856,,K2-19,0.93,0.86,5430.0,289.827,174.9602543,0.603596,2016.0,Transit,1252.0,G9 V,0.1,12.8153
k2-190 b,1.35673729,,10.098858,,K2-190,0.904597,0.912206,5631.0,160.679,205.3630485,-13.1608686,2018.0,Transit,,,-0.19,10.9586
k2-190 c,1.09308317,,21.574023,,K2-190,0.904597,0.912206,5631.0,160.679,205.3630485,-13.1608686,2018.0,Transit,,,-0.19,10.9586
k2-191 b,1.57889322,,2.858646,,K2-191,0.900994,0.839696,5176.0,287.188,201.6391407,-12.8066737,2018.0,Transit,,,0.31,12.9948
k2-192 b,1.57477412,,4.163221,,K2-192,0.872619,0.828268,5252.0,221.753,206.5823122,-11.5563527,2018.0,Transit,,,0.05,12.45
k2-193 b,4.01454158,,14.787207,,K2-193,0.9943,0.95685,5623.0,411.923,205.2371043,-11.0093342,2018.0,Transit,,,0.21,13.0947
k2-194 b,3.64229858,,39.721386,,K2-194,1.110086,1.281115,5979.0,629.51,204.6089755,-8.9271609,2018.0,Transit,,,0.1,12.8383
k2-195 b,3.0,,15.852989,,K2-195,,0.95,,315.014,199.8315191,-8.5095364,2018.0,Transit,,,,12.3238
k2-195 c,2.57581891,,28.482786,,K2-195,0.963364,0.906367,5712.0,315.014,199.8315191,-8.5095364,2018.0,Transit,,,-0.09,12.3238
k2-196 b,3.59970536,,48.324222,,K2-196,1.162095,1.538801,6045.0,584.877,200.4562487,-8.4717104,2018.0,Transit,,,0.01,11.9274
k2-197 b,2.5,,8.357441,,K2-197,,0.96,,247.637,202.3934779,-7.3739779,2018.0,Transit,,,,11.9937
k2-198 b,4.11850271,,17.043179,,K2-198,0.835734,0.778475,5262.0,110.567,198.8436817,-6.4649888,2018.0,Transit,,,-0.16,10.9955
k2-198 c,,,3.359,,K2-198,0.879,0.781501,5183.84,110.567,198.8436817,-6.4649888,2019.0,Transit,,,0.094,10.9955
k2-198 d,2.438,,7.4500177,,K2-198,0.799,0.757,5212.9,110.567,198.8436817,-6.4649888,2019.0,Transit,943.2,,,10.9955
k2-199 b,1.593,,3.225369,,K2-199,,0.582,,107.518,208.9014508,-6.1360833,2018.0,Transit,,,,11.9053
k2-199 c,,,7.3744828,,K2-199,0.705681,0.667422,4681.0,107.518,208.9014508,-6.1360833,2018.0,Transit,,,-0.23,11.9053
k2-200 b,1.3643987,,2.849883,,K2-200,0.860208,0.791736,5233.0,184.131,202.251206,-4.6100532,2018.0,Transit,,,-0.04,12.2315
k2-201 b,1.47,,1.059806,,K2-201,,0.92,,197.932,293.5607117,-23.1312775,2018.0,Transit,,,,11.9432
k2-201 c,3.28568401,,22.779878,,K2-201,0.956055,0.878161,5507.0,197.932,293.5607117,-23.1312775,2018.0,Transit,,,0.13,11.9432
k2-2016-blg-0005l b,,368.68095212,4700.0,,K2-2016-BLG-0005L,0.574,,,5260.0,269.8798333,-27.6074722,2023.0,Microlensing,,,,
k2-202 b,2.30165603,,3.405164,,K2-202,0.971461,0.910685,5491.0,300.397,283.2643203,-22.4070553,2018.0,Transit,,,0.27,13.0435
k2-203 b,1.37,,9.6897,,K2-203,,0.776,,166.147,12.7736909,-1.1958844,2018.0,Transit,,,,12.1219
k2-204 b,2.76,,7.05647,,K2-204,,1.09,,577.235,17.3825067,-0.5177539,2018.0,Transit,,,,12.8893
k2-205 b,1.99552771,,26.672263,,K2-205,0.951027,1.077574,5890.0,405.301,15.2175909,0.425966,2018.0,Transit,,,-0.26,12.2509
k2-206 b,2.79522879,,18.294549,,K2-206,0.789481,0.758046,5043.0,244.443,11.2564264,0.5931866,2018.0,Transit,,,-0.14,12.8274
k2-207 b,2.60585269,,12.48749,,K2-207,0.941851,0.928158,5522.0,363.064,11.6996481,0.6406182,2018.0,Transit,,,0.11,12.9687
k2-208 b,1.75,,4.19121,,K2-208,,0.889,,256.887,20.7789809,0.8890076,2018.0,Transit,,,,12.3135
k2-209 b,0.86850263,,2.080615,,K2-209,0.74479,0.712365,4720.0,76.4986,14.6903464,1.382807,2018.0,Transit,,,-0.06,10.7447
k2-21 b,1.59,,9.32414,,K2-21,0.64,0.6,4043.0,83.6448,340.3037846,-14.4893256,2015.0,Transit,500.0,M0.0,-0.11,12.2785
k2-21 c,1.53,,15.50116,,K2-21,0.523,0.46,4006.0,83.6448,340.3037846,-14.4893256,2015.0,Transit,,,,12.2785
k2-210 b,0.81864346,,0.570233,,K2-210,0.911717,0.85179,5396.0,176.51,17.6412694,1.5784137,2018.0,Transit,,,0.05,11.5845
k2-211 b,1.44,,0.669573,,K2-211,,0.839,,272.297,21.1061587,1.7049101,2018.0,Transit,,,,12.9329
k2-212 b,2.57,,9.79546,,K2-212,,0.648,,109.218,18.4241015,3.0970732,2018.0,Transit,,,,12.55
k2-213 b,1.51398464,,8.13087,,K2-213,1.069596,1.20424,5794.0,389.702,13.1403998,3.5077702,2018.0,Transit,,,0.25,12.0409
k2-214 b,2.51,,8.59656,,K2-214,1.03,1.236,5875.0,300.64,14.8759777,4.2277722,2018.0,Transit,1001.0,,0.04,11.599
k2-215 b,2.12381238,,8.269648,,K2-215,0.999987,0.974398,5704.0,403.964,18.4700795,6.1238647,2018.0,Transit,,,0.11,12.8302
k2-216 b,1.79105,,2.1747824,,K2-216,,0.71,4542.0,115.461,11.4802354,6.3470302,2018.0,Transit,1013.0,,,12.0576
k2-217 b,3.36,,14.0721,,K2-217,,1.278,,381.878,11.2983678,6.4815879,2018.0,Transit,,,,12.0279
k2-218 b,2.79,,8.68055,,K2-218,,1.102,,394.083,12.809613,6.8464327,2018.0,Transit,,,,12.7137
k2-219 b,1.47,,3.9009,,K2-219,,1.321,,325.4,12.8452963,8.8675474,2018.0,Transit,,,,11.911
k2-219 c,1.66,,6.6674,,K2-219,,1.321,,325.4,12.8452963,8.8675474,2018.0,Transit,,,,11.911
k2-219 d,2.57634456,,11.137278,,K2-219,1.021545,1.189232,5753.0,325.4,12.8452963,8.8675474,2018.0,Transit,,,0.13,11.911
k2-22 b,4.61,,0.38107852,,K2-22,,0.57,3892.0,243.836,169.4827046,2.6190363,2015.0,Transit,,,,14.9537
k2-220 b,2.21473364,,13.682511,,K2-220,0.959636,0.929546,5599.0,233.514,12.7700071,9.5167694,2018.0,Transit,,,0.06,11.7214
k2-221 b,1.98,,2.398982,,K2-221,,1.0711,,318.81,16.6550286,10.1897385,2018.0,Transit,,,,12.4149
k2-222 b,2.53826377,,15.3886606556,,K2-222,,1.0623,6101.0,101.321,16.4625203,11.7537171,2018.0,Transit,779.17,,,9.36072
k2-223 b,0.90973766,,0.50557,,K2-223,1.067005,1.013236,5859.0,198.604,185.306183,-10.2820915,2018.0,Transit,,,0.19,11.2736
k2-223 c,1.5,,4.562546,,K2-223,,1.0,5859.0,198.604,185.306183,-10.2820915,2018.0,Transit,,,0.19,11.2736
k2-224 b,1.56,,4.47904,,K2-224,0.91,0.84,5620.0,275.255,189.7041426,-10.0605942,2018.0,Transit,1002.0,,-0.19,12.5216
k2-224 c,2.5054075,,10.09607,,K2-224,,,,275.255,189.7041426,-10.0605942,2018.0,Transit,,,,12.5216
k2-225 b,2.66099554,,15.871455,,K2-225,1.114596,1.209303,5733.0,357.778,186.5410958,-9.6248232,2018.0,Transit,,,0.47,11.5203
k2-226 b,1.54,,3.27108,,K2-226,0.88,0.91,5424.0,211.265,183.6456643,-9.5626286,2018.0,Transit,1120.0,,-0.03,12.0917
k2-227 b,1.66551298,,13.621832,,K2-227,0.950811,0.890666,5673.0,187.234,190.9484237,-8.4784159,2018.0,Transit,,,-0.1,11.4954
k2-228 b,1.21,,2.69828,,K2-228,0.71,0.65,4715.0,129.46,187.2947047,-6.8342028,2018.0,Transit,914.0,,-0.25,12.6527
k2-229 b,1.14,,0.58426,,K2-229,0.87,0.79,5315.0,102.564,186.8729195,-6.7218474,2018.0,Transit,1818.0,,-0.09,10.7861
k2-229 c,2.12,21.3,8.32834,0.0,K2-229,0.837,0.793,5185.0,102.564,186.8729195,-6.7218474,2018.0,Transit,800.0,,-0.06,10.7861
k2-230 b,1.93420564,,2.860636,,K2-230,1.1312,1.181244,6002.0,540.773,191.363117,-6.576051,2018.0,Transit,,,0.21,12.5751
k2-231 b,2.79,,13.84457,,K2-231,,1.0306,,321.215,289.0918242,-15.7712178,2018.0,Transit,,,,12.5593
k2-232 b,12.77,,11.1684037,,K2-232,,1.22,5981.0,130.72,73.7667927,18.654323,2018.0,Transit,1171.0,,,9.72626
k2-233 b,1.315,2.4,2.467583,0.0,K2-233,0.79,0.71,4796.0,67.5062,230.4799011,-20.2317975,2018.0,Transit,1127.0,K3,-0.082,10.4191
k2-233 c,1.335,,7.06142,0.0,K2-233,0.8,0.745,4950.0,67.5062,230.4799011,-20.2317975,2018.0,Transit,728.0,K3,0.07,10.4191
k2-233 d,2.64,,24.3662,0.0,K2-233,0.8,0.745,4950.0,67.5062,230.4799011,-20.2317975,2018.0,Transit,482.0,K3,0.07,10.4191
k2-237 b,18.49485,508.528,2.18056,0.0,K2-237,1.28,1.43,6257.0,314.995,253.7688479,-28.7105836,2018.0,Transit,1884.0,F6 V,0.14,11.4668
k2-238 b,14.5717,273.3338,3.20466,0.0,K2-238,1.19,1.59,5630.0,537.963,347.7043164,-7.8575592,2018.0,Transit,1587.0,G2 V,0.34,13.6635
k2-239 b,1.1,,5.24,,K2-239,0.4,0.36,3420.0,31.0849,160.5941265,4.4413751,2018.0,Transit,502.0,M3.0 V,-0.1,13.4367
k2-239 c,1.0,,7.775,,K2-239,0.4,0.36,3420.0,31.0849,160.5941265,4.4413751,2018.0,Transit,427.0,M3.0 V,-0.1,13.4367
k2-239 d,1.1,,10.115,,K2-239,0.4,0.36,3420.0,31.0849,160.5941265,4.4413751,2018.0,Transit,399.0,M3.0 V,-0.1,13.4367
k2-24 b,5.25597181,,20.885016,,K2-24,1.095122,1.068173,5744.0,170.562,242.5734559,-24.9906029,2016.0,Transit,,,0.44,10.9072
k2-24 c,7.1178989,,42.363982,,K2-24,1.095122,1.068173,5744.0,170.562,242.5734559,-24.9906029,2016.0,Transit,,,0.44,10.9072
k2-240 b,2.0,,6.034,,K2-240,0.58,0.54,3810.0,72.9105,227.849371,-17.8754464,2018.0,Transit,586.0,M0.5 V,-0.1,12.6212
k2-240 c,1.8,,20.523,,K2-240,0.58,0.54,3810.0,72.9105,227.849371,-17.8754464,2018.0,Transit,389.0,M0.5 V,-0.1,12.6212
k2-241 b,2.55,,26.8199,,K2-241,0.71,0.75,5262.0,149.464,181.2386829,-6.8052985,2018.0,Transit,507.0,,-0.44,11.7562
k2-242 b,2.54,,6.51389,,K2-242,0.38,0.37,3459.0,109.237,179.8358421,-6.5178542,2018.0,Transit,416.0,,-0.01,15.3818
k2-243 b,2.17,,11.54182,,K2-243,1.29,1.39,6570.0,266.864,181.1211419,-4.8991358,2018.0,Transit,1035.0,,-0.03,10.7424
k2-243 c,2.01,,24.94598,,K2-243,1.29,1.39,6570.0,266.864,181.1211419,-4.8991358,2018.0,Transit,801.0,,-0.03,10.7424
k2-244 b,1.75,,21.06884,,K2-244,0.86,0.92,5677.0,212.902,183.4686492,-3.8318097,2018.0,Transit,638.0,,-0.29,11.6317
k2-245 b,2.67,,11.89376,,K2-245,0.88,0.956,5942.0,456.064,185.181563,-1.5909138,2018.0,Transit,769.0,,-0.45,12.5639
k2-246 b,3.49,,5.76918,,K2-246,0.87,0.94,5610.0,703.616,181.6296115,-1.1606,2018.0,Transit,977.0,,-0.19,14.3512
k2-247 b,2.12,,2.25021,,K2-247,0.74,0.69,4667.0,258.113,188.8935189,-10.0692793,2018.0,Transit,979.0,,-0.08,14.3583
k2-247 c,2.19,,6.49424,,K2-247,0.74,0.69,4667.0,258.113,188.8935189,-10.0692793,2018.0,Transit,688.0,,-0.08,14.3583
k2-248 b,2.57,,7.17256,,K2-248,0.88,0.92,5528.0,406.254,182.8173343,-9.4141696,2018.0,Transit,886.0,,-0.1,13.2616
k2-249 b,2.79,,12.409,,K2-249,1.32,1.57,6504.0,521.716,183.3667344,-8.9952309,2018.0,Transit,1061.0,,0.04,12.4497
k2-25 b,3.43,,3.484552,0.27,K2-25,0.294,0.295,3180.0,44.9565,63.2739346,15.2477027,2015.0,Transit,,M4.5,0.15,14.3817
k2-250 b,2.44,,4.01457,,K2-250,0.8,0.81,5172.0,414.708,185.0315429,-8.9757427,2018.0,Transit,958.0,,-0.09,13.9725
k2-251 b,2.35,,9.30075,,K2-251,0.52,0.49,3717.0,147.03,190.6892403,-8.5359826,2018.0,Transit,437.0,,-0.04,14.7702
k2-252 b,1.74,,13.81513,,K2-252,0.79,0.82,5152.0,228.839,182.3663818,-8.3096141,2018.0,Transit,639.0,,-0.09,12.6201
k2-253 b,12.96278785,,4.00357732994,,K2-253,,1.08492,5318.0,876.565,186.0853062,-6.3789537,2018.0,Transit,1115.41,,,14.7042
k2-254 b,1.63,,4.09639,,K2-254,0.71,0.67,4629.0,227.775,185.5507926,-4.7172908,2018.0,Transit,791.0,,-0.14,13.7427
k2-254 c,2.19,,12.11839,,K2-254,0.71,0.67,4629.0,227.775,185.5507926,-4.7172908,2018.0,Transit,551.0,,-0.14,13.7427
k2-255 b,2.9,,1.96417,,K2-255,0.71,0.69,4676.0,191.608,189.9128532,-3.3705631,2018.0,Transit,1034.0,,-0.14,13.3087
k2-257 b,0.83,,1.60588,,K2-257,0.52,0.5,3725.0,64.0065,188.278284,-1.9532879,2018.0,Transit,789.0,,-0.03,12.8602
k2-258 b,3.0,,19.0921,,K2-258,1.21,1.31,6351.0,661.873,187.6314027,-1.1609171,2018.0,Transit,831.0,,0.01,13.1388
k2-259 b,2.09663798,,15.482399,,K2-259,,1.077775,5928.0,416.457,186.8026947,1.5668631,2018.0,Transit,,,0.23,12.375
k2-26 b,2.58,,14.5662,,K2-26,0.53,0.51,3769.0,99.0504,94.2064312,24.5958335,2016.0,Transit,,,,13.7519
k2-260 b,,,2.6266974,,K2-260,1.39,1.69,6367.0,663.834,76.8673317,16.8676948,2018.0,Transit,,F6 V,-0.14,12.4667
k2-261 b,9.26982704,68.96876432,11.6334681,0.274,K2-261,1.107,1.663,5490.0,213.283,163.0323119,0.493167,2018.0,Transit,1036.0,,0.372,10.4594
k2-263 b,2.41,14.9,50.818947,0.15,K2-263,0.88,0.85,5368.0,162.481,129.6821253,15.6806039,2018.0,Transit,470.0,,-0.08,11.4055
k2-264 b,2.27,,5.83977,0.5,K2-264,0.471,0.473,3580.0,185.605,131.3583524,19.698401,2018.0,Transit,489.0,M2.5 V,0.12,15.6625
k2-264 c,2.77,,19.66365,0.45,K2-264,0.471,0.473,3580.0,185.605,131.3583524,19.698401,2018.0,Transit,326.0,M2.5 V,0.12,15.6625
k2-265 b,,,2.36840828,,K2-265,0.94,0.930331,5394.0,138.671,342.0316493,-14.4947789,2018.0,Transit,,,,10.9277
k2-266 b,3.3,11.26782377,0.658524,,K2-266,0.686,0.703,4285.0,77.5586,157.9356855,0.9372782,2018.0,Transit,1515.0,,-0.12,11.3527
k2-266 c,0.705,0.29013072,7.814,0.042,K2-266,0.686,0.703,4285.0,77.5586,157.9356855,0.9372782,2018.0,Transit,664.5,,-0.12,11.3527
k2-266 d,2.93,8.9,14.697,0.047,K2-266,0.686,0.703,4285.0,77.5586,157.9356855,0.9372782,2018.0,Transit,538.3,,-0.12,11.3527
k2-266 e,2.73,14.3,19.482,0.043,K2-266,0.686,0.703,4285.0,77.5586,157.9356855,0.9372782,2018.0,Transit,490.1,,-0.12,11.3527
k2-268 b,1.61,,2.15228,,K2-268,,0.773,,327.783,133.7094899,11.8482712,2018.0,Transit,,,,13.5627
k2-268 c,,,9.33155684,,K2-268,0.839,0.801255,5035.99,327.783,133.7094899,11.8482712,2018.0,Transit,,,0.0848,13.5627
k2-268 d,1.49,,4.528598,,K2-268,0.84,0.78,5106.0,327.783,133.7094899,11.8482712,2021.0,Transit,888.0,,0.03,13.5627
k2-268 e,1.33,,6.131243,,K2-268,0.84,0.78,5106.0,327.783,133.7094899,11.8482712,2021.0,Transit,801.0,,0.03,13.5627
k2-268 f,2.23,,26.27057,,K2-268,0.84,0.78,5106.0,327.783,133.7094899,11.8482712,2021.0,Transit,492.0,,0.03,13.5627
k2-269 b,1.57,,4.144965,,K2-269,1.16,1.45,6209.0,360.76,130.1551381,13.0146799,2018.0,Transit,1429.0,,-0.08,11.377
k2-27 b,,,6.77093147,,K2-27,0.89,0.89254,5231.0,249.645,171.5151874,1.2306237,2016.0,Transit,,,0.13,12.4528
k2-270 b,1.38,,1.543069,,K2-270,0.85,0.77,4877.0,280.518,131.2665588,13.5497322,2018.0,Transit,1203.0,,0.26,13.4701
k2-270 c,3.3,,4.400037,,K2-270,,0.82,,280.518,131.2665588,13.5497322,2018.0,Transit,,,,13.4701
k2-271 b,6.92239107,,8.56232889439,,K2-271,,1.02304,5545.3,564.454,125.2239144,16.0907958,2018.0,Transit,867.44,,,13.6582
k2-272 b,2.91,,14.453533,,K2-272,0.81,0.81,5419.0,423.065,132.6211743,17.5423852,2018.0,Transit,655.0,,-0.28,13.6668
k2-273 b,4.2,,11.716603,,K2-273,,0.86,,308.105,129.7768928,19.0100046,2018.0,Transit,,,,13.1461
k2-274 b,2.18,,14.13168,,K2-274,,0.7209,,228.327,129.2823699,20.3992512,2018.0,Transit,,,,12.8852
k2-275 b,2.3,,3.280926,,K2-275,,0.75,,123.438,132.1698795,20.4550162,2018.0,Transit,,,,11.8139
k2-275 c,,,8.438,,K2-275,0.772,0.735345,4783.55,123.438,132.1698795,20.4550162,2018.0,Transit,,,-0.023,11.8139
k2-276 b,3.63,,18.7132,,K2-276,,0.816,,488.152,125.9528309,22.6339399,2018.0,Transit,,,,14.3792
k2-277 b,,,6.3297696,,K2-277,1.008,0.975383,5673.0,113.123,202.0161895,-15.9379749,2018.0,Transit,,,,10.1214
k2-278 b,2.98,,3.334966,,K2-278,1.4,1.61,6747.0,786.439,203.3018653,-14.5041057,2018.0,Transit,1711.0,,0.0,13.2538
k2-279 b,,,7.125,,K2-279,0.945,0.894218,5425.98,182.983,204.7792935,-6.0417592,2018.0,Transit,,,-0.5313,11.5907
k2-28 b,2.56,,2.2604455,0.0,K2-28,0.257,0.288,3214.0,62.9969,335.6233145,-7.9563525,2016.0,Transit,420.0,,0.26,14.6799
k2-280 b,7.5,37.1,19.89526,0.35,K2-280,1.03,1.28,5500.0,391.537,291.5953596,-22.2477071,2018.0,Transit,787.0,,0.33,12.3604
k2-281 b,8.18,,8.687721,,K2-281,0.82,0.76,4812.0,458.139,16.2274724,7.2692169,2018.0,Transit,665.0,,0.22,14.7677
k2-282 b,2.5,,4.169783,,K2-282,,1.0,5499.0,496.289,13.4321524,7.9952914,2018.0,Transit,,,-0.23,13.8183
k2-283 b,3.23,,1.921111,,K2-283,,0.709,,402.915,13.1943679,9.6929181,2018.0,Transit,,,,14.1316
k2-284 b,3.3985,,4.7948642,,K2-284,,0.65,4072.0,107.272,79.1407971,20.2549034,2018.0,Transit,919.0,,,12.8598
k2-285 b,2.65245,,3.4715644,,K2-285,,0.77,5144.5,154.961,349.3843458,1.3001522,2018.0,Transit,1163.0,,,11.804
k2-285 c,3.53,15.68,7.138048,0.0,K2-285,0.83,0.787,4975.0,154.961,349.3843458,1.3001522,2018.0,Transit,741.4,K2 V,0.0,11.804
k2-285 d,2.48,6.5,10.45582,0.0,K2-285,0.83,0.787,4975.0,154.961,349.3843458,1.3001522,2018.0,Transit,619.9,K2 V,0.0,11.804
k2-285 e,1.95,10.7,14.76289,0.0,K2-285,0.83,0.787,4975.0,154.961,349.3843458,1.3001522,2018.0,Transit,500.9,K2 V,0.0,11.804
k2-286 b,2.1,,27.359,,K2-286,0.64,0.62,3926.0,76.1486,233.3698192,-16.7737113,2018.0,Transit,347.0,M0 V,0.0,12.1652
k2-287 b,9.494023,100.11645,14.893291,0.478,K2-287,1.056,1.07,5695.0,158.335,233.0743401,-22.3583447,2018.0,Transit,804.0,,0.2,11.067
k2-288 b b,1.9,,31.393463,,K2-288 B,0.33,0.32,3341.0,65.6138,55.4442857,18.2684913,2018.0,Transit,226.36,M3 V,-0.21,14.5451
k2-289 b,10.83,,13.15727,,K2-289,,1.24,,274.3,246.6429443,-15.7925384,2019.0,Transit,,,,13.7943
k2-29 b,12.87148683,,3.25883164155,,K2-29,,0.817114,5387.06,178.475,62.670422,24.4016558,2016.0,Transit,1047.39,,,12.2008
k2-290 b,,,,,K2-290,,,,272.909,234.8578846,-20.1988975,2019.0,Transit,,,,10.8204
k2-290 c,11.32,246.0,48.367761,,K2-290,,,,272.909,234.8578846,-20.1988975,2019.0,Transit,699.0,,,10.8204
k2-291 b,1.589,6.49,2.225177,0.0,K2-291,0.934,0.899,5520.0,90.0562,76.44594,21.548199,2019.0,Transit,,,0.08,9.86639
k2-292 b,2.63,24.5,16.9841,0.04,K2-292,1.0,1.09,5725.0,114.293,205.3758786,-9.9460704,2019.0,Transit,795.0,G3 V,0.07,9.75597
k2-293 b,2.45,,13.1225,,K2-293,0.958,0.947,5532.0,392.251,351.6064952,-6.0279068,2019.0,Transit,750.0,,0.218,13.1611
k2-294 b,1.66,,2.50387,,K2-294,0.987,1.2,5612.0,373.078,352.0516724,-7.6037856,2019.0,Transit,1425.0,,0.194,12.37
k2-295 b,9.56,,4.0248883,,K2-295,,0.665,,232.801,19.6101417,6.8167277,2018.0,Transit,,,,13.5184
k2-3 b,2.29,6.6,10.05454,,K2-3,0.62,0.6,3835.0,44.0727,172.3353708,-1.4551364,2015.0,Transit,,,-0.01,11.4785
k2-3 c,1.69,,24.64638,,K2-3,,0.561,,44.0727,172.3353708,-1.4551364,2015.0,Transit,,M0 V,,11.4785
k2-3 d,1.7,,44.56115,,K2-3,,0.58,3927.0,44.0727,172.3353708,-1.4551364,2015.0,Transit,,,,11.4785
k2-30 b,12.65164357,,4.098492,,K2-30,0.969658,0.909346,5574.0,333.042,52.3420548,22.2993491,2016.0,Transit,,,0.13,13.2056
k2-308 b,9.916,,3.38628,,K2-308,1.09,1.24,6100.0,1314.53,78.3391194,16.4141986,2019.0,Transit,,,-0.1,14.8949
k2-31 b,,,1.2578332,,K2-31,0.922,1.02904,5340.0,110.527,245.4405531,-23.548273,2016.0,Transit,,,0.15,10.5371
k2-312 c,,1719.45168187,921.2,0.853,HD 80653,1.18,1.22,5959.0,109.86,140.3390845,14.3678691,2023.0,Radial Velocity,,,0.255,9.30733
k2-315 b,0.95,,3.1443189,,K2-315,0.174,0.196,3300.0,56.9686,228.0210932,-20.1081634,2020.0,Transit,460.0,M(3.5+/-0.5) V,-0.24,15.6791
k2-316 b,1.33,,1.133,,K2-316,0.408,0.379,3436.0,112.486,233.6247336,-23.2594663,2020.0,Transit,841.0,,,15.514
k2-316 c,1.83,,5.26,,K2-316,0.408,0.379,3436.0,112.486,233.6247336,-23.2594663,2020.0,Transit,423.0,,,15.514
k2-317 b,2.93,,6.22,,K2-317,0.403,0.379,3387.0,176.291,228.6188638,-21.0227209,2020.0,Transit,432.0,,,16.6387
k2-318 b,1.66,,7.01,,K2-318,0.561,0.552,3851.0,147.866,232.4461375,-17.557463,2020.0,Transit,456.0,,,14.3967
k2-319 b,2.79,,26.68,,K2-319,0.954,0.898,5440.0,209.071,166.8010058,3.0399357,2020.0,Transit,641.0,,,11.9397
k2-32 b,4.92,,8.992018,,K2-32,,0.757,,157.682,252.426008,-19.5430504,2016.0,Transit,,,,12.0036
k2-32 c,3.01,5.7,20.66093,,K2-32,0.84,0.855,5274.0,157.682,252.426008,-19.5430504,2016.0,Transit,577.0,,-0.03,12.0036
k2-32 d,3.484,6.7,31.71701,0.05,K2-32,0.83,0.86,5271.0,157.682,252.426008,-19.5430504,2016.0,Transit,550.0,,-0.06,12.0036
k2-32 e,1.01,,4.34882,,K2-32,0.856,0.845,,157.682,252.426008,-19.5430504,2019.0,Transit,,,,12.0036
k2-320 b,2.62,,1.995,,K2-320,0.117,0.3,3157.0,108.74,163.2519122,5.3064776,2020.0,Transit,698.0,,,16.3554
k2-321 b,2.05124347,,2.2979749,0.44,K2-321,0.578,0.595,3750.0,77.6888,156.4054989,2.5138829,2020.0,Transit,830.0,,0.148,12.8241
k2-322 b,1.92,,8.205,,K2-322,0.63,0.602,4141.0,123.415,156.6226981,4.7640203,2020.0,Transit,635.0,,,13.3108
k2-323 b,2.1,,24.93,,K2-323,0.478,0.549,3710.0,118.318,159.4209874,6.2858689,2020.0,Transit,318.0,,,14.0693
k2-324 b,2.43,,3.262,,K2-324,0.517,0.505,3752.0,136.667,157.6222171,6.8636732,2020.0,Transit,707.0,,,14.5172
k2-325 b,2.2,,6.93,,K2-325,0.274,0.298,3287.0,111.638,353.9169507,-7.6867213,2020.0,Transit,423.0,,,16.137
k2-326 b,2.28,,1.256,,K2-326,0.507,0.688,3924.0,282.308,351.612262,1.3375909,2020.0,Transit,1114.0,,,15.0082
k2-329 b,8.675766,82.6358,12.4551225,0.0697,K2-329,0.901,0.822,5282.0,233.237,351.1353785,-5.1641451,2020.0,Transit,650.0,,0.098,12.4462
k2-33 b,0.868,,5.4252061,,K2-33,,0.16,2890.0,139.268,242.5613635,-19.3193831,2016.0,Transit,,,,14.157
k2-330 b,2.67656,,13.7748361,,K2-330,,1.47,6266.98,160.125,126.8968265,11.6674131,2021.0,Transit,912.0,,,9.51275
k2-331 b,1.79,,9.398977,,K2-331,1.1,1.06,5994.0,211.43,132.7376431,13.170269,2021.0,Transit,909.0,,0.08,11.1945
k2-331 c,2.72,,22.996591,,K2-331,1.1,1.06,5994.0,211.43,132.7376431,13.170269,2021.0,Transit,673.0,,0.08,11.1945
k2-332 b,2.2,,17.70632,,K2-332,0.27,0.28,3315.0,123.202,135.8832666,14.2504994,2021.0,Transit,266.0,,0.09,16.4791
k2-333 b,6.18,,14.759287,,K2-333,1.06,1.22,5880.0,343.99,136.7892752,15.2056765,2021.0,Transit,826.0,,0.07,11.9866
k2-334 b,5.65,,5.113981,,K2-334,1.36,1.49,6502.0,371.823,136.4894259,16.3255146,2021.0,Transit,1380.0,,0.17,11.3479
k2-335 b,,,12.281,,K2-335,1.22,1.33471,6272.0,557.993,129.3896679,16.5220648,2021.0,Transit,,,,12.4741
k2-336 b,1.3172461,,21.191788,,K2-336,,0.782112,5277.0,239.289,133.8382032,16.7940663,2021.0,Transit,,,-0.2,12.5114
k2-337 b,2.10886389,,16.27284,,K2-337,,1.064948,5656.0,421.636,127.761137,16.9004702,2021.0,Transit,,,-0.28,12.2299
k2-338 b,,,3.85,,K2-338,0.708,0.626953,4504.0,156.951,124.3609294,17.0241557,2021.0,Transit,,,,13.0455
k2-339 b,1.92,,19.507428,,K2-339,0.74,0.72,4857.0,360.36,130.082542,18.6929046,2021.0,Transit,508.0,,-0.11,14.3436
k2-34 b,13.8,,2.995653,,K2-34,,1.398,6380.0,348.646,127.5787231,22.2359194,2016.0,Transit,,,,11.4357
k2-340 b,3.52,,29.7361,,K2-340,,1.144,,738.136,127.9373409,19.0745863,2021.0,Transit,,,,14.1327
k2-341 b,3.21,,36.552551,,K2-341,0.98,1.16,5817.0,421.408,130.4971951,19.9166357,2021.0,Transit,598.0,,-0.05,12.5585
k2-342 b,2.4,,11.561514,,K2-342,,1.406,6140.0,208.357,133.1218996,21.2386816,2021.0,Transit,,,,11.0702
k2-343 b,1.65,,2.787174,,K2-343,0.49,0.46,3804.0,166.169,134.2021746,21.5026882,2021.0,Transit,653.0,,-0.1,15.1312
k2-343 c,2.02,,7.676972,,K2-343,0.49,0.46,3804.0,166.169,134.2021746,21.5026882,2021.0,Transit,465.0,,-0.1,15.1312
k2-344 b,1.59,,3.35585,,K2-344,0.51,0.49,4374.0,75.1691,136.3614923,21.6685886,2021.0,Transit,722.0,,-0.95,12.7423
k2-345 b,,,10.366,,K2-345,0.535622,0.539401,3675.0,162.408,132.7075876,21.7890367,2021.0,Transit,,,,14.6951
k2-346 b,,,26.198,,K2-346,0.746,0.709927,4678.0,105.58,125.9864854,22.663226,2021.0,Transit,,,,11.6828
k2-347 b,,,7.187,,K2-347,0.687,0.617099,4391.0,320.336,126.3726821,23.2974061,2021.0,Transit,,,,14.8131
k2-348 b,3.36071,,4.6886342,,K2-348,,0.87,4954.0,201.856,130.8783479,24.4229559,2021.0,Transit,946.0,,,12.3271
k2-348 c,2.6,,12.550896,,K2-348,,0.828,5220.0,201.856,130.8783479,24.4229559,2021.0,Transit,,,,12.3271
k2-349 b,,,9.029,,K2-349,0.9,0.786068,5274.0,453.567,199.0996546,-14.4447454,2021.0,Transit,,,,14.1826
k2-35 b,1.27,,2.39901,,K2-35,,0.603,,252.596,170.1031027,1.2858679,2016.0,Transit,,,,13.9152
k2-35 c,2.17,,5.6089465,,K2-35,,0.67,4326.0,252.596,170.1031027,1.2858679,2016.0,Transit,,,,13.9152
k2-350 b,1.54,,4.163873,,K2-350,0.98,1.04,5789.0,489.368,204.0355092,-14.0092516,2021.0,Transit,1158.0,,-0.02,13.3115
k2-350 c,2.74,,19.991944,,K2-350,0.98,1.04,5789.0,489.368,204.0355092,-14.0092516,2016.0,Transit,687.0,,-0.02,13.3115
k2-351 b,3.03,,7.80692,,K2-351,,1.103,,694.734,206.6522408,-11.8049588,2021.0,Transit,,,,13.9854
k2-352 b,1.37,,3.665912,,K2-352,0.98,0.95,5791.0,176.051,140.4451478,18.469628,2021.0,Transit,1160.0,,-0.05,11.1147
k2-352 c,2.0,,8.236486,,K2-352,,0.923,5930.0,176.051,140.4451478,18.469628,2021.0,Transit,,,,11.1147
k2-352 d,2.23,,14.871387,,K2-352,0.98,0.95,5791.0,176.051,140.4451478,18.469628,2021.0,Transit,727.0,,-0.05,11.1147
k2-353 b,5.55,,15.466805,,K2-353,0.87,0.99,5698.0,268.515,201.6168564,-2.2819018,2021.0,Transit,735.0,,-0.21,12.0988
k2-354 b,,,3.794,,K2-354,0.415947,0.421881,3510.0,91.722,129.1299193,10.1472175,2021.0,Transit,,,,14.3753
k2-355 b,2.25,,5.7385647,,K2-355,0.96,0.92,5790.0,500.497,124.6426189,13.5027816,2021.0,Transit,1066.0,,-0.12,13.5297
k2-356 b,2.29,,21.0267366,,K2-356,0.9,0.86,5568.0,355.54,128.3219134,13.6613758,2021.0,Transit,624.0,,-0.11,13.148
k2-357 b,3.72,,16.3488637,,K2-357,0.98,1.0,5794.0,517.687,131.9386628,16.3289144,2021.0,Transit,735.0,,-0.02,13.4792
k2-358 b,2.68,,11.2510285,,K2-358,0.93,0.91,5650.0,480.307,133.8081054,18.9497263,2021.0,Transit,888.0,,-0.07,13.5733
k2-36 b,1.407,,1.422602,,K2-36,,0.729,,109.749,169.4490102,3.8665038,2016.0,Transit,,,,11.527
k2-36 c,,,5.34107237,,K2-36,0.769,0.75412,4772.39,109.749,169.4490102,3.8665038,2016.0,Transit,,,-0.047,11.527
k2-360 c,,15.23,9.79692,0.11,EPIC 201595106,0.958,0.98,5679.0,232.1,183.7203635,1.9681688,2024.0,Radial Velocity,912.0,,0.01,11.6477
k2-365 b,2.89705396,,23.446873,,K2-365,,0.986872,5869.0,187.222,238.8197061,-21.0269691,2022.0,Transit,,,0.02,11.5285
k2-366 b,1.87,,15.93709,,K2-366,,0.731,,185.947,243.6800912,-19.3468837,2022.0,Transit,,,,12.1351
k2-367 b,2.54,,20.643928,,K2-367,,0.68,4396.0,176.965,337.8588454,-13.2644554,2022.0,Transit,,,,13.3983
k2-368 b,1.72,,5.025831,,K2-368,,0.72,4679.0,206.608,332.6357627,-11.1661157,2022.0,Transit,,,,13.2207
k2-368 c,1.361,,9.660186,,K2-368,0.746,0.663,4663.0,206.608,332.6357627,-11.1661157,2022.0,Transit,,,-0.25,13.2207
k2-368 d,1.89,,20.2009,,K2-368,,0.577,,206.608,332.6357627,-11.1661157,2022.0,Transit,,,,13.2207
k2-369 b,1.217,,5.76218,,K2-369,,0.868,,185.55,329.7262534,-10.8750666,2022.0,Transit,,,,11.3732
k2-37 b,1.57,,4.4436,,K2-37,,0.792,,179.943,243.4509662,-24.7870527,2016.0,Transit,,,,12.2573
k2-37 c,2.65,,6.42973,,K2-37,0.9,0.87,5512.0,179.943,243.4509662,-24.7870527,2016.0,Transit,,,,12.2573
k2-37 d,2.73,,14.09189,,K2-37,0.9,0.85,5413.0,179.943,243.4509662,-24.7870527,2016.0,Transit,663.0,G3 V,-0.03,12.2573
k2-370 b,2.67,11.1,2.1408093,0.0,K2-370,0.962,0.945,5662.0,144.202,67.8205302,19.8316901,2022.0,Transit,,G5 V,0.08,10.8824
k2-371 b,12.11200864,,3.11489307594,,K2-371,,0.74956,4973.0,442.813,128.0670932,11.6307099,2022.0,Transit,956.83,,,14.3938
k2-372 b,,,9.844,,K2-372,0.96,0.957455,5500.23,463.88,130.7988719,13.0094226,2022.0,Transit,,,0.0182,13.4436
k2-373 b,2.061,,11.02066,,K2-373,1.158,1.486,6138.0,229.567,123.1361518,13.6884986,2022.0,Transit,,,0.049,10.4244
k2-374 b,1.593,,4.521953,,K2-374,0.731,0.907,5789.0,359.439,137.3794986,16.3558324,2022.0,Transit,,G3,-0.292,12.6473
k2-374 c,2.213,,16.43445,,K2-374,0.731,0.907,5789.0,359.439,137.3794986,16.3558324,2022.0,Transit,,G3,-0.292,12.6473
k2-375 b,2.84,,14.4584,,K2-375,,1.551,,696.1,130.5013137,20.3593003,2022.0,Transit,,,,12.9572
k2-376 b,1.736,,5.776475,,K2-376,0.908,1.149,5937.0,161.61,132.7193327,25.0380824,2022.0,Transit,,G1,-0.176,10.2998
k2-377 b,1.82,,12.83306,,K2-377,,0.649,,195.149,202.897887,-12.0951142,2022.0,Transit,,,,13.5859
k2-378 b,3.16,,2.060368,,K2-378,,0.727,,687.973,205.1596569,-11.1172332,2022.0,Transit,,,,15.5122
k2-379 b,2.181,,8.777247,,K2-379,0.856,0.751,4603.0,182.207,283.0317641,-27.1807287,2022.0,Transit,,,-0.045,12.8995
k2-38 b,1.55,12.0,4.01593,,K2-38,1.07,1.1,5757.0,192.69,240.0333095,-23.1894196,2016.0,Transit,1184.0,G2 V,0.28,11.184
k2-38 c,2.49,7.4,10.56103,0.086,K2-38,1.054,1.141,5705.0,192.69,240.0333095,-23.1894196,2016.0,Transit,949.0,,0.235,11.184
k2-380 b,1.96,,9.40172,,K2-380,,1.13,,249.303,283.4346389,-26.5387308,2022.0,Transit,,,,11.4419
k2-381 b,1.075,,7.9389334,,K2-381,0.754,0.675,4473.0,145.701,288.0267612,-21.0075789,2022.0,Transit,,,-0.244,12.6373
k2-381 c,,,16.0382,,K2-381,,0.62,4710.0,145.701,288.0267612,-21.0075789,2022.0,Transit,,,,12.6373
k2-381 d,1.53157981,,26.804998,,K2-381,,0.645652,4661.0,145.701,288.0267612,-21.0075789,2022.0,Transit,,,-0.33,12.6373
k2-382 b,2.77059123,,21.697619,,K2-382,,0.88176,5570.0,278.412,287.4125267,-19.6269336,2022.0,Transit,,,0.0,12.7667
k2-383 b,1.75,,1.866025,,K2-383,,0.878,,203.788,282.008765,-18.3795798,2022.0,Transit,,,,12.4429
k2-384 b,1.076,,2.231527,,K2-384,0.33,0.348,3623.0,82.6603,20.4998403,0.7509701,2022.0,Transit,,M4 V,0.068,15.0276
k2-384 c,1.191,,4.194766,,K2-384,0.33,0.348,3623.0,82.6603,20.4998403,0.7509701,2022.0,Transit,,M4 V,0.068,15.0276
k2-384 d,1.392,,6.679582,,K2-384,0.33,0.348,3623.0,82.6603,20.4998403,0.7509701,2022.0,Transit,,M4 V,0.068,15.0276
k2-384 e,1.345,,9.715043,,K2-384,0.33,0.348,3623.0,82.6603,20.4998403,0.7509701,2022.0,Transit,,M4 V,0.068,15.0276
k2-384 f,1.78,,13.62757,,K2-384,,0.257,,82.6603,20.4998403,0.7509701,2022.0,Transit,,,,15.0276
k2-385 b,1.539,,2.380867,,K2-385,0.927,0.761,4844.0,420.819,12.6140752,5.8712567,2022.0,Transit,,,-0.224,14.3355
k2-386 b,2.74,,7.47331,,K2-386,,1.012,,428.785,18.2999964,7.0130302,2022.0,Transit,,,,12.9931
k2-387 b,7.322,,28.735327,,K2-387,0.57,0.585,3572.0,266.318,19.4418282,11.3684915,2022.0,Transit,,,0.126,15.4948
k2-388 b,3.91968,,6.3392677,,K2-388,,0.93,5289.0,290.495,352.7139342,-11.0773564,2022.0,Transit,922.0,,,12.6357
k2-389 b,2.33,,8.58289,,K2-389,0.99,1.094,5773.0,259.208,355.6304152,-9.7135814,2022.0,Transit,932.0,,0.038,11.5697
k2-389 c,2.04,,20.851337,,K2-389,0.802,1.084,5782.0,259.208,355.6304152,-9.7135814,2022.0,Transit,,,-0.034,11.5697
k2-39 b,6.27704,28.6047,4.60543,0.0,K2-39,0.66,2.97,4881.0,307.47,338.3682095,-9.0229405,2016.0,Transit,,,0.32,10.5959
k2-390 b,4.662,,3.312792,,K2-390,0.789,0.966,5558.0,456.122,355.702386,-9.5887124,2022.0,Transit,,,-0.116,13.3434
k2-391 b,1.371,,4.622654,,K2-391,0.757,0.566,5543.0,507.94,356.2260152,-7.7015151,2022.0,Transit,,,-0.543,12.3302
k2-392 b,1.85,,15.398723,,K2-392,0.841,1.058,5726.0,406.985,354.6499065,-7.4788816,2022.0,Transit,,G3,-0.238,12.6795
k2-393 b,,,10.41144,,K2-393,,1.12,5540.0,265.914,348.5159113,-0.0821031,2022.0,Transit,,,,11.7768
k2-394 b,,,5.09582,,K2-394,,0.58,4490.0,98.0152,71.110002,16.5185817,2022.0,Transit,,,,12.2095
k2-395 b,2.597,,4.803352,,K2-395,0.952,0.783,5007.0,286.727,70.4438684,16.6743415,2022.0,Transit,,,-0.033,14.1559
k2-395 c,3.395,,8.491282,,K2-395,0.952,0.783,5007.0,286.727,70.4438684,16.6743415,2022.0,Transit,,,-0.033,14.1559
k2-396 b,1.579,,0.673862,,K2-396,0.954,0.92,5236.0,274.864,74.6928607,17.2690562,2022.0,Transit,,G9,0.237,12.9345
k2-396 c,3.124,,25.76051,,K2-396,0.954,0.92,5236.0,274.864,74.6928607,17.2690562,2022.0,Transit,,,0.237,12.9345
k2-397 b,2.417,,3.572326,,K2-397,0.937,0.966,5387.0,199.354,79.9516586,21.2591617,2022.0,Transit,,,0.11,11.6421
k2-398 b,2.274,,6.393025,,K2-398,0.945,1.239,5946.0,606.992,161.7349738,1.9367044,2022.0,Transit,,,-0.257,13.0091
k2-398 c,5.098,,18.787839,,K2-398,0.945,1.239,5946.0,606.992,161.7349738,1.9367044,2022.0,Transit,,G2,-0.257,13.0091
k2-4 b,2.29,,10.0051,,K2-4,,0.572,,231.828,174.7455392,-3.9055746,2015.0,Transit,,,,14.3403
k2-400 b,1.163,,3.865053,,K2-400,0.374,0.382,3578.0,62.3804,154.5110307,3.6969271,2022.0,Transit,,M3,-0.051,13.9899
k2-401 b,2.262,,6.293099,,K2-401,0.87,0.675,4213.0,200.727,154.987604,3.9548275,2022.0,Transit,,K7,-0.098,13.6941
k2-402 b,2.678,,17.27474,,K2-402,0.944,1.28,5716.0,523.055,161.451913,6.419318,2022.0,Transit,,,-0.378,12.836
k2-403 b,5.333,,33.589979,,K2-403,0.784,0.886,5511.0,246.599,164.1893864,9.6739464,2022.0,Transit,,,-0.162,12.152
k2-404 b,2.53,,13.115365,,K2-404,0.552,0.552,3748.0,121.63,160.3249517,12.1911149,2022.0,Transit,,,0.005,13.8429
k2-405 b,4.14023121,,3.43570033951,,K2-405,,0.80095,4842.23,197.234,164.3759959,12.535614,2022.0,Transit,,,,12.5911
k2-406 b,4.602,,22.549406,,K2-406,0.798,0.961,5784.0,85.3751,230.8872242,-25.3706149,2022.0,Transit,,G4,-0.038,9.49379
k2-407 b,1.283,,4.941907,,K2-407,0.881,0.927,5563.0,218.376,232.5552584,-23.0067371,2022.0,Transit,,G4,0.014,11.9956
k2-407 c,1.36,,9.22453,,K2-407,0.881,0.927,5563.0,218.376,232.5552584,-23.0067371,2022.0,Transit,,,0.014,11.9956
k2-408 b,1.677,,20.978959,,K2-408,0.813,0.784,5335.0,162.306,227.9168555,-17.6842698,2022.0,Transit,,,-0.171,11.7345
k2-409 b,2.482,,1.908084,,K2-409,0.886,1.228,5742.0,431.031,228.4551125,-16.3512966,2022.0,Transit,,G4,-0.036,12.6144
k2-411 b,0.9898,,3.2141,,K2-411,1.018,1.375,5711.0,298.219,58.003631,19.3909877,2022.0,Transit,,,0.1415,11.9872
k2-412 b,2.116,,5.9382,,K2-412,0.893,0.977,5590.0,654.085,76.2621295,21.580162,2022.0,Transit,,,0.014,15.1491
k2-413 b,0.7599,,0.8094,,K2-413,0.808,0.7,4116.0,285.162,353.4175668,-7.6120272,2022.0,Transit,,,-0.205,14.5773
k2-413 c,1.2327,,5.3301,,K2-413,0.808,0.7,4116.0,285.162,353.4175668,-7.6120272,2022.0,Transit,,,-0.205,14.5773
k2-414 b,1.219,,4.3696,,K2-414,0.814,0.732,4343.0,260.036,351.6361913,-4.6066569,2022.0,Transit,,,-0.102,13.9384
k2-414 c,1.9287,,6.669,,K2-414,0.814,0.732,4343.0,260.036,351.6361913,-4.6066569,2022.0,Transit,,,-0.102,13.9384
k2-415 b,1.1017624,,4.01798053813,,K2-415,,0.194357,3166.0,21.8182,137.2015437,11.8622503,2023.0,Transit,374.41,,,13.7957
k2-416 b,2.66,1652.7077164,13.102,,K2-416,0.548,0.554,3746.0,120.311,349.2211822,-5.2015032,2023.0,Transit,447.0,M V,,13.9468
k2-417 b,3.31,699.2224954,6.535,,K2-417,0.569,0.5776,3861.0,94.0424,350.1417675,-10.0365901,2023.0,Transit,558.0,M V,,13.1533
k2-419 a b,10.85,,20.35954,,K2-419 A,0.535338,0.539092,3728.0,268.685,135.0194934,13.2737056,2024.0,Transit,,,,15.7336
k2-42 b,2.15,,6.68796,,K2-42,0.702,0.643,4613.0,396.913,176.6657559,-5.1720463,2016.0,Transit,,,,14.6336
k2-43 b,4.75,,3.471341,0.07,K2-43,0.598864,0.587449,3889.72,182.536,169.117028,-3.9754405,2016.0,Transit,,,,14.8215
k2-43 c,2.6,,2.19945,,K2-43,,0.61,,182.536,169.117028,-3.9754405,2019.0,Transit,,,,14.8215
k2-44 b,2.72,,5.65688,,K2-44,1.15,1.58,5912.0,476.703,174.011661,-2.5209338,2016.0,Transit,,,,12.0238
k2-45 b,10.44,,1.729257,0.1,K2-45,0.682189,0.685548,4262.1,495.317,169.6327547,-1.7740582,2016.0,Transit,,,,15.3442
k2-46 b,2.65,,19.153765,,K2-46,,1.32,6234.0,449.237,174.2662454,-0.90721,2016.0,Transit,,,,11.9153
k2-47 b,1.89,,31.6372,,K2-47,0.75,0.76,5054.0,349.881,168.5825696,2.7805614,2016.0,Transit,,,,13.7404
k2-48 b,2.23,,20.5107,,K2-48,,0.662,,313.764,176.1233077,3.2723812,2016.0,Transit,,,,13.9677
k2-49 b,3.36,,2.7706297,,K2-49,,0.67,4329.0,457.125,177.3202331,3.4755183,2016.0,Transit,,,,15.2444
k2-5 b,4.2,,5.73649,,K2-5,,0.532,,202.943,169.3034598,-1.8778254,2015.0,Transit,,,,14.339
k2-5 c,2.26,,10.93241,,K2-5,0.61,0.57,3930.0,202.943,169.3034598,-1.8778254,2015.0,Transit,456.0,K7.5 V,-0.33,14.339
k2-50 b,1.59,,8.7529,,K2-50,0.611,0.546,4326.0,257.443,169.483654,5.988289,2016.0,Transit,,,,14.2575
k2-52 b,1.98,,3.5353975,,K2-52,,0.23,3260.0,1038.41,246.6114157,-24.9699462,2016.0,Transit,,,,15.2553
k2-53 b,2.6,,12.20772,,K2-53,0.851,0.807,5263.0,138.018,244.1419684,-20.4005984,2016.0,Transit,665.0,,-0.037,12.1478
k2-54 b,2.6116925,,9.7833,0.24,K2-54,0.615,0.643,3990.0,174.955,338.0541631,-17.5440636,2016.0,Transit,560.0,,-0.02,13.9449
k2-55 b,4.43,44.0,2.849271,,K2-55,0.688,0.715,4300.0,159.522,333.7518786,-17.2508002,2016.0,Transit,900.0,,0.376,13.0624
k2-57 b,2.30905002,,9.0073,0.25,K2-57,0.699,0.671,4413.0,264.213,342.6918241,-14.0700007,2016.0,Transit,635.8,,0.08,14.1038
k2-58 b,,,7.05240378,,K2-58,0.834,0.836424,5020.0,181.746,333.8218395,-14.049857,2016.0,Transit,,,,12.1319
k2-58 c,1.71,,2.53712,,K2-58,,0.837,,181.746,333.8218395,-14.049857,2016.0,Transit,,,,12.1319
k2-58 d,1.78,,22.881145,,K2-58,,0.76,4998.0,181.746,333.8218395,-14.049857,2016.0,Transit,,,,12.1319
k2-59 b,2.1,,20.6915,,K2-59,,0.64,,311.313,338.94255,-14.027727,2016.0,Transit,,,,13.9395
k2-59 c,2.3,,11.2954,,K2-59,0.774,0.731,5055.0,311.313,338.94255,-14.027727,2016.0,Transit,,,,13.9395
k2-6 b,2.44,,30.9403,,K2-6,,0.8649,,316.819,178.1921152,-1.1984418,2015.0,Transit,,,,12.5018
k2-60 b,9.46238398,,3.0026494836,,K2-60,,1.45,5630.0,491.87,338.6062312,-13.7318044,2016.0,Transit,1822.19,,,12.6108
k2-61 b,1.93284331,,2.573413,,K2-61,1.030202,1.015751,5761.0,405.732,339.6748444,-13.5600447,2016.0,Transit,,,0.17,12.8575
k2-62 b,2.14,,6.67202,,K2-62,0.77,0.73,4880.0,112.467,334.3645089,-12.1874776,2016.0,Transit,,,,12.0433
k2-62 c,1.99,,16.19697,,K2-62,0.67,0.696,4455.0,112.467,334.3645089,-12.1874776,2016.0,Transit,495.0,,-0.1,12.0433
k2-63 b,2.08,,20.258209,,K2-63,,0.95,5686.0,517.534,333.4267738,-12.0663429,2016.0,Transit,,,,12.7269
k2-63 c,3.9,,25.4556,,K2-63,1.4,1.63,6771.0,517.534,333.4267738,-12.0663429,2016.0,Transit,,,,12.7269
k2-64 b,,,6.53147301,,K2-64,0.94,0.875405,5391.0,499.891,332.4138478,-11.4286687,2016.0,Transit,,,,13.9146
k2-65 b,1.65,,12.647849,,K2-65,,0.72,4711.0,,333.2125206,-10.9261373,2016.0,Transit,,,,
k2-66 b,2.49,21.3,5.06963,0.0,K2-66,1.11,1.67,5887.0,513.877,331.5266563,-10.7115362,2016.0,Transit,1372.0,,-0.047,11.9961
k2-68 b,1.58,,8.05428,,K2-68,0.73,0.675,4746.0,168.652,334.0195539,-10.5673649,2016.0,Transit,,,,12.6573
k2-69 b,2.4,,7.065,,K2-69,,0.491,,180.697,335.7596816,-10.4886817,2016.0,Transit,,,,15.0572
k2-7 b,4.3,,28.6911,,K2-7,,1.597,,738.553,167.0937488,-1.065855,2015.0,Transit,,,,13.0573
k2-70 b,,,13.98746633,,K2-70,0.846,0.792485,5064.0,232.964,338.4759328,-10.0849917,2016.0,Transit,,,,12.7782
k2-71 b,3.32,,6.9862794,,K2-71,,0.57,3891.0,153.192,341.7248656,-9.8816109,2016.0,Transit,,,,15.1887
k2-72 b,1.08,,5.577212,0.11,K2-72,0.271365,0.330989,3360.47,66.4321,334.6227504,-9.6120084,2016.0,Transit,,,,14.2789
k2-72 c,0.86,,15.1871,,K2-72,0.217,0.232,3497.0,66.4321,334.6227504,-9.6120084,2016.0,Transit,,,,14.2789
k2-72 d,0.73,,7.7599,,K2-72,0.217,0.232,3497.0,66.4321,334.6227504,-9.6120084,2016.0,Transit,,,,14.2789
k2-72 e,0.82,,24.1669,,K2-72,0.217,0.232,3497.0,66.4321,334.6227504,-9.6120084,2016.0,Transit,,,,14.2789
k2-73 b,2.58,9.2,7.49556,,K2-73,1.02,1.058,5867.0,269.183,335.025662,-9.0560881,2016.0,Transit,968.0,,0.04,11.7146
k2-73 c,,1142.0,1000.0,,K2-73,1.02,1.058,5867.0,269.183,335.025662,-9.0560881,2025.0,Radial Velocity,186.1,,0.04,11.7146
k2-74 b,2.95906745,,19.565557,,K2-74,0.987182,1.086156,5929.0,377.822,339.9192984,-8.7145697,2016.0,Transit,,,-0.21,12.4364
k2-75 b,2.54862479,,7.817949,,K2-75,1.173509,1.238022,6022.0,561.93,338.844896,-7.469895,2016.0,Transit,,,0.3,12.5886
k2-75 c,2.62624197,,18.286069,,K2-75,1.173509,1.238022,6022.0,561.93,338.844896,-7.469895,2016.0,Transit,,,0.3,12.5886
k2-77 b,2.47,,8.20075,,K2-77,0.87,0.83,5297.0,141.731,55.228521,12.572448,2016.0,Transit,,,,11.9202
k2-79 b,4.15,5.9,10.995039,0.032,K2-79,1.06,1.269,5897.0,256.011,55.2559307,13.5191871,2016.0,Transit,1033.0,G1,0.035,11.8031
k2-8 b,2.97,,10.35176,,K2-8,0.79,0.74,4890.0,403.513,169.7935178,-0.2844389,2015.0,Transit,691.0,,-0.01,14.3358
k2-8 c,2.31,,5.06468,,K2-8,,,,403.513,169.7935178,-0.2844389,2016.0,Transit,877.0,,,14.3358
k2-80 b,2.01,,19.0918,,K2-80,0.9,0.87,5441.0,200.802,59.037486,13.5590288,2016.0,Transit,,,,12.377
k2-80 c,1.48914397,,5.605309,,K2-80,0.913111,0.841458,5377.0,200.802,59.037486,13.5590288,2016.0,Transit,,,0.07,12.377
k2-80 d,2.55211506,,28.867253,,K2-80,0.913111,0.841458,5377.0,200.802,59.037486,13.5590288,2018.0,Transit,,,0.07,12.377
k2-81 b,2.38,,6.10241,,K2-81,,0.702,,252.318,57.4854562,14.5020556,2016.0,Transit,,,,13.9043
k2-83 b,1.36,,2.747128,,K2-83,,0.424,,125.529,59.9013782,15.5587994,2016.0,Transit,,,,13.8042
k2-83 c,2.11,,9.997442,0.06,K2-83,0.594112,0.547001,3875.75,125.529,59.9013782,15.5587994,2016.0,Transit,,,,13.8042
k2-84 b,2.41,,6.4215,,K2-84,0.95,0.93,5652.0,284.876,55.8093566,16.6344396,2016.0,Transit,,,,13.1474
k2-84 c,2.03,,27.86,,K2-84,0.95,0.93,5652.0,284.876,55.8093566,16.6344396,2016.0,Transit,,,,13.1474
k2-85 b,1.36,,0.684541,,K2-85,,0.671,,97.2179,59.464829,18.4649505,2016.0,Transit,,,,12.06
k2-86 b,1.97521161,,8.775864,,K2-86,0.757495,0.721964,5129.0,258.699,51.5531053,18.6355718,2016.0,Transit,,,-0.35,12.7978
k2-87 b,4.6,,9.72739,,K2-87,0.947,0.93,5406.0,491.242,66.2363638,18.8273617,2016.0,Transit,,,,13.7078
k2-88 b,2.3,,4.61228,0.26,K2-88,0.477046,0.459539,3624.15,110.561,54.7514566,19.1199667,2016.0,Transit,,,,14.5451
k2-89 b,0.615,,1.096026,,K2-89,0.347,0.318,3691.0,86.0386,57.0671234,20.4594885,2016.0,Transit,,,,13.3216
k2-9 b,1.6,,18.44883,,K2-9,0.24,0.25,3468.0,82.9631,176.263724,0.0054085,2015.0,Transit,284.0,,-0.46,14.8665
k2-90 b,,,13.71468745,,K2-90,0.647,0.650887,4133.13,134.188,59.1527391,22.4724517,2016.0,Transit,,,-0.038,13.2292
k2-90 c,1.02,,2.90032,,K2-90,0.562,0.494,4136.0,134.188,59.1527391,22.4724517,2016.0,Transit,,,,13.2292
k2-91 b,,,1.41929871,,K2-91,0.347552,0.361559,3326.0,62.5785,63.2182348,24.2047218,2016.0,Transit,,,,14.3219
k2-95 b,1.76,,10.134231,,K2-95,,0.226,,179.854,129.3625717,18.9766197,2016.0,Transit,,,,16.0836
k2-97 b,13.45077684,174.48779544,8.407115,0.207,K2-97,1.17,4.14,4673.0,878.43,127.762837,10.8475571,2016.0,Transit,1566.0,,0.328,12.3059
k2-98 b,,,10.136,,K2-98,1.23,1.50696,6283.0,518.625,126.4882114,11.5110933,2016.0,Transit,,,,12.0398
k2-99 b,11.73,,18.251985,,K2-99,1.63,2.63,6217.0,519.229,208.7737624,-5.4424943,2016.0,Transit,1113.0,,0.21,10.9485
k2-99 c,,2669.7586188,522.2,0.21,K2-99,1.44,2.55,6069.0,519.229,208.7737624,-5.4424943,2022.0,Radial Velocity,390.0,,0.2,10.9485
kelt-1 b,12.442,8654.15,1.217514,0.0099,KELT-1,1.335,1.471,6516.0,268.43,0.3620995,39.3837953,2012.0,Transit,,,0.052,10.5905
kelt-10 b,,,4.166262,,KELT-10,,,,188.404,284.5483823,-47.0033072,2016.0,Transit,,,,10.7009
kelt-11 b,15.13215,54.34893,4.7361,0.0007,KELT-11,1.44,2.69,5375.0,99.1596,161.7069053,-9.3993646,2017.0,Transit,,,0.17,7.83112
kelt-12 b,15.3999,,5.0316347,,KELT-12,,2.16,6350.0,368.03,267.6404906,36.5701761,2017.0,Transit,1656.0,,,10.4842
kelt-14 b,17.03768,380.12468,1.7100588,0.0,KELT-14,1.178,1.368,5802.0,250.121,108.301409,-42.4097623,2016.0,Transit,1904.0,,0.326,10.8384
kelt-15 b,16.174587,289.2253,3.329441,0.0,KELT-15,1.181,1.481,6003.0,324.683,117.4149764,-52.1204471,2016.0,Transit,1642.0,,0.047,11.0694
kelt-16 b,,,0.968992962,,KELT-16,1.211,1.36,6236.0,444.586,314.2685227,31.6610186,2017.0,Transit,,F7 V,-0.002,11.7959
kelt-17 b,,,3.08017985,,KELT-17,1.635,1.645,7454.0,226.5,125.617407,13.7353093,2016.0,Transit,,A,-0.018,9.20887
kelt-18 b,,,2.8717023,,KELT-18,1.524,1.908,6670.0,321.376,216.5238248,59.4442735,2017.0,Transit,,F4 V,0.09,10.1036
kelt-19 a b,18.7958,,4.6117328,,KELT-19 A,,1.67,7346.0,300.276,111.5095293,7.6157759,2017.0,Transit,1722.0,,,9.86331
kelt-2 a b,14.45961,485.32641,4.113791,0.081,KELT-2 A,1.308,1.828,6148.0,134.058,92.6640226,30.9571333,2012.0,Transit,,,0.034,8.58393
kelt-20 b,21.2912,,3.4741012,,KELT-20,,1.62,8894.8,136.426,294.6614126,31.2192001,2017.0,Transit,2084.33,,,7.57492
kelt-21 b,,,3.6127691,,KELT-21,,,,470.878,304.8000322,32.5810446,2018.0,Transit,,,,10.5415
kelt-23 a b,14.829507,298.12454,2.255251,0.0,KELT-23 A,0.944,0.996,5899.0,126.261,232.1466406,66.3587097,2019.0,Transit,1561.0,G2 V,-0.105,10.182
kelt-24 b,,,5.5514975,,KELT-24,1.46,1.506,6509.0,96.5173,161.9090273,71.655727,2019.0,Transit,,,0.186,8.23752
kelt-3 b,16.72,,2.7033942,,KELT-3,,1.61,6518.0,210.252,148.6431193,40.3879446,2013.0,Transit,1790.0,,,9.76324
kelt-4 a b,19.05526719,286.0455663,2.989594,0.03,KELT-4 A,1.2,1.6,6207.0,218.05,157.06262,25.5731366,2016.0,Transit,,,0.12,9.95702
kelt-6 b,14.2866,,7.8456075,,KELT-6,,1.65,6266.0,240.726,195.9818362,30.640145,2014.0,Transit,1442.0,,,10.1934
kelt-6 c,,1179.1493,1276.0,0.21,KELT-6,1.126,1.529,6272.0,240.726,195.9818362,30.640145,2015.0,Radial Velocity,,,-0.27,10.1934
kelt-7 b,17.805,,2.7347651,,KELT-7,,1.77,6767.9,136.681,78.2955912,33.3179532,2015.0,Transit,1808.0,,,8.45173
kelt-8 b,,,3.24408156,0.04,KELT-8,1.211,1.67,5754.0,197.572,283.3054489,24.1272483,2015.0,Transit,,G2 V,0.272,10.6699
kelt-9 b,,,1.48111871,,KELT-9,,,,204.455,307.8598998,39.9389161,2017.0,Transit,,,,7.57675
kic 10001893 b,,,0.2197,,KIC 10001893,,,27500.0,1672.94,287.3892308,46.9844491,2014.0,Orbital Brightness Modulation,,,,15.7109
kic 10001893 c,,,0.32528,,KIC 10001893,,,27500.0,1672.94,287.3892308,46.9844491,2014.0,Orbital Brightness Modulation,,,,15.7109
kic 10001893 d,,,0.81161,,KIC 10001893,,,27500.0,1672.94,287.3892308,46.9844491,2014.0,Orbital Brightness Modulation,,,,15.7109
kic 10068024 b,,635.656814,2.073549,,KIC 10068024,1.22,1.574,6118.4,721.105,288.8470423,47.0228607,2021.0,Orbital Brightness Modulation,,,0.01,13.1059
kic 10525077 b,5.5,,854.083,,KIC 10525077,1.01,1.01,6091.0,1461.15,287.3781164,47.7711541,2015.0,Transit,,,-0.04,15.3043
kic 3526061 b,,5768.58558705,3552.0,0.85,KIC 3526061,1.42,5.86,4829.0,401.229,285.1863974,38.6111112,2022.0,Radial Velocity,,,0.12,9.99106
kic 3558849 b,6.9,,1322.3,,KIC 3558849,0.98,1.01,6175.0,1215.7,294.9498381,38.6051867,2015.0,Transit,,,-0.42,14.1674
kic 5437945 b,,,440.7843755,,KIC 5437945,1.1,1.95204,5976.19,1274.01,288.4749028,40.6512848,2015.0,Transit,,,-0.101,13.7506
kic 5479689 b,,158.9142035,1.701531,,KIC 5479689,0.966,0.894,5459.1,454.95,299.3254983,40.6381229,2021.0,Orbital Brightness Modulation,,,0.161,13.7459
kic 7917485 b,,3750.394,840.0,0.15,KIC 7917485,1.63,,7067.0,1382.89,299.4346094,43.6326069,2016.0,Pulsation Timing Variations,,A,-0.02,13.1092
kic 8121913 b,,667.4396547,3.294601,,KIC 8121913,1.456,2.233,5975.3,707.303,298.9677981,43.909378,2021.0,Orbital Brightness Modulation,,,0.252,12.3034
kic 8540376 b,4.1,,31.8099,,KOI-7892,1.04,1.26,6474.0,1072.3,282.3775397,44.694569,2015.0,Transit,,,-0.16,14.2165
kic 8540376 c,2.4,,75.2,,KOI-7892,1.04,1.26,6474.0,1072.3,282.3775397,44.694569,2015.0,Transit,,,-0.16,14.2165
kic 9663113 b,4.6,,572.3847,,KIC 9663113,0.98,1.03,6065.0,1594.74,297.0454037,46.3286653,2015.0,Transit,,,-0.28,13.9075
kmt-2016-blg-0212l b,,6.3,,,KMT-2016-BLG-0212L,0.39,,,6000.0,268.43925,-29.0868889,2018.0,Microlensing,,,,
kmt-2016-blg-1105l b,,4.67,,,KMT-2016-BLG-1105L,0.37,,,7120.0,266.44725,-26.2663694,2023.0,Microlensing,,,,
kmt-2016-blg-1107l b,,1043.0,,,KMT-2016-BLG-1107L,0.087,,,6651.0,266.41775,-26.0318,2019.0,Microlensing,,,,
kmt-2016-blg-1337l b,,88.99195396,,,KMT-2016-BLG-1337L,0.54,,,6920.0,269.1300417,-33.0341889,2026.0,Microlensing,,M,,
kmt-2016-blg-1397l b,,,,,KMT-2016-BLG-1397L,,,,,272.664612,-24.8577385,2018.0,Microlensing,,,,
kmt-2016-blg-1820l b,,1450.0,,,KMT-2016-BLG-1820L,0.039,,,6260.0,268.76474,-29.5169201,2018.0,Microlensing,,,,
kmt-2016-blg-1836l b,,700.0,,,KMT-2016-BLG-1836L,0.49,,,7100.0,268.250333,-30.04075,2019.0,Microlensing,,,,
kmt-2016-blg-2142l b,,4923.0,,,KMT-2016-BLG-2142L,0.073,,,7010.0,268.112,-29.3845615,2018.0,Microlensing,,,,
kmt-2016-blg-2321l b,,298.75870258,,,KMT-2016-BLG-2321L,0.73,,,3640.0,264.0579167,-25.5248806,2024.0,Microlensing,,,,
kmt-2016-blg-2364l b,,1250.0,,,KMT-2016-BLG-2364L,0.5,,,6440.0,265.715667,-27.4355611,2020.0,Microlensing,,,,
kmt-2016-blg-2397l b,,769.0,,,KMT-2016-BLG-2397L,0.62,,,5090.0,266.212542,-23.2013806,2020.0,Microlensing,,,,
kmt-2016-blg-2605l b,,245.0457018,,,KMT-2016-BLG-2605L,0.064,,,6421.0,269.8230833,-26.982,2021.0,Microlensing,,,,
kmt-2017-blg-0165l b,,,,,KMT-2017-BLG-0165L,,,,,269.6496667,-28.1336694,2018.0,Microlensing,,,,
kmt-2017-blg-0428l b,,5.59,,,KMT-2017-BLG-0428L,0.34,,,5400.0,271.38525,-28.4902806,2023.0,Microlensing,,,,
kmt-2017-blg-0673l b,,1166.43025369,,,KMT-2017-BLG-0673L,0.63,,,5080.0,264.7570417,-33.8080278,2022.0,Microlensing,,,,
kmt-2017-blg-0849l b,,6.39,,,KMT-2017-BLG-0849L,0.19,,,7220.0,265.3594583,-25.2812194,2024.0,Microlensing,,,,
kmt-2017-blg-1003l b,,5.19,,,KMT-2017-BLG-1003L,0.32,,,7090.0,265.4115,-24.3739389,2023.0,Microlensing,,,,
kmt-2017-blg-1038l b,,760.0,,,KMT-2017-BLG-1038L,0.43,,,6100.0,266.170917,-25.1430306,2019.0,Microlensing,,,,
kmt-2017-blg-1057l b,,23.5,,,KMT-2017-BLG-1057L,0.57,,,6500.0,265.486,-22.3351111,2024.0,Microlensing,,,,
kmt-2017-blg-1146l b,,270.0,,,KMT-2017-BLG-1146L,0.4,,,6600.0,269.105833,-33.1424694,2019.0,Microlensing,,,,
kmt-2017-blg-1194l b,,3.54,,,KMT-2017-BLG-1194L,0.41,,,4240.0,274.322125,-25.3239389,2023.0,Microlensing,,,,
kmt-2017-blg-2197l b,,2202.55086051,,,KMT-2017-BLG-2197L,0.36,,,7800.0,262.6113333,-30.1593111,2025.0,Microlensing,,,,
kmt-2017-blg-2331l b,,171.0,,,KMT-2017-BLG-2331L,0.4,,,8030.0,264.4072083,-29.4612111,2024.0,Microlensing,,,,
kmt-2017-blg-2509l b,,664.26137063,,,KMT-2017-BLG-2509L,0.46,,,7040.0,265.589875,-26.31715,2021.0,Microlensing,,,,
kmt-2018-blg-0029l b,,7.59,,,KMT-2018-BLG-0029L,1.14,,,3380.0,264.469458,-27.9847,2020.0,Microlensing,,,,
kmt-2018-blg-0030l b,,460.85119015,,,KMT-2018-BLG-0030L,0.51,,,6480.0,264.5166667,-28.041625,2022.0,Microlensing,,,,
kmt-2018-blg-0087l b,,73.10053361,,,KMT-2018-BLG-0087L,0.1,,,7020.0,264.327,-27.8320611,2022.0,Microlensing,,,,
kmt-2018-blg-0247l b,,648.36995028,,,KMT-2018-BLG-0247L,0.27,,,6840.0,264.5600417,-27.1504111,2022.0,Microlensing,,,,
kmt-2018-blg-0748l b,,60.0,,,KMT-2018-BLG-0748L,0.087,,,7300.0,267.8745,-30.6463889,2020.0,Microlensing,,,,
kmt-2018-blg-0885l b,,9852.680617,,,KMT-2018-BLG-0885L,0.29,,,6890.0,268.9663333,-28.5133611,2023.0,Microlensing,,,,
kmt-2018-blg-1025l b,,6.059,,,KMT-2018-BLG-1025L,0.219,,,6705.0,269.8664167,-27.8780611,2021.0,Microlensing,,,,
kmt-2018-blg-1292l b,,1400.0,,,KMT-2018-BLG-1292L,1.09,,,3460.0,263.427583,-33.5206694,2020.0,Microlensing,,,,
kmt-2018-blg-1743l b,,77.86795971,,,KMT-2018-BLG-1743L,0.193,,,6483.0,274.283375,-26.3596389,2021.0,Microlensing,,,,
kmt-2018-blg-1976l b,,705.57906354,,,KMT-2018-BLG-1976L,0.65,,,5840.0,266.3546667,-35.7003306,2021.0,Microlensing,,,,
kmt-2018-blg-1988l b,,6.78,,,KMT-2018-BLG-1988L,0.48,,,4170.0,265.2825417,-35.5947,2022.0,Microlensing,,,,
kmt-2018-blg-1990l b,,189.0,,,KMT-2018-BLG-1990L,0.153,,,1296.0,268.435375,-22.1525389,2019.0,Microlensing,,,,
kmt-2018-blg-1996l b,,346.43296363,,,KMT-2018-BLG-1996L,0.69,,,5910.0,268.6785,-22.8204111,2021.0,Microlensing,,,,
kmt-2018-blg-2602l b,,365.50266805,,,KMT-2018-BLG-2602L,0.66,,,4310.0,267.3970417,-21.9762,2022.0,Microlensing,,,,
kmt-2019-blg-0253l b,,9.2,,,KMT-2019-BLG-0253L,0.7,,,4900.0,267.8825833,-29.5654722,2022.0,Microlensing,,,,
kmt-2019-blg-0297l b,,6038.739733,,,KMT-2019-BLG-0297L,0.21,,,3090.0,270.0632917,-28.9652806,2023.0,Microlensing,,,,
kmt-2019-blg-0298l b,,575.26941667,,,KMT-2019-BLG-0298L,0.7,,,6710.0,264.878,-27.6381389,2023.0,Microlensing,,,,
kmt-2019-blg-0335l b,,6674.396547,,,KMT-2019-BLG-0335L,0.32,,,7710.0,262.840125,-29.5906889,2023.0,Microlensing,,,,
kmt-2019-blg-0371l b,,3807.58431586,,,KMT-2019-BLG-0371L,0.09,,,7040.0,268.3839167,-31.5550222,2021.0,Microlensing,,,,
kmt-2019-blg-0414l b,,680.15279098,,,KMT-2019-BLG-0414L,0.74,,,4410.0,268.8529167,-21.8955389,2022.0,Microlensing,,,,
kmt-2019-blg-0578l b,,381.3940884,,,KMT-2019-BLG-0578L,0.28,,,7300.0,269.4846667,-27.7948611,2025.0,Microlensing,,,,
kmt-2019-blg-0842l b,,10.28,,,KMT-2019-BLG-0842L,0.76,,,3320.0,268.458458,-29.8774389,2020.0,Microlensing,,,,
kmt-2019-blg-0953l b,,15.5,,,KMT-2019-BLG-0953L,0.28,,,7200.0,269.3385833,-28.6746389,2022.0,Microlensing,,,,
kmt-2019-blg-1042l b,,60.38739733,,,KMT-2019-BLG-1042L,0.3,,,6600.0,270.5440417,-27.5806694,2022.0,Microlensing,,,,
kmt-2019-blg-1216l b,,40.36420769,,,KMT-2019-BLG-1216L,0.521,,,3441.0,268.480625,-35.1366389,2023.0,Microlensing,,,,
kmt-2019-blg-1339l b,,3400.0,,,KMT-2019-BLG-1339L,0.26,,,7210.0,265.743417,-25.5739167,2020.0,Microlensing,,,,
kmt-2019-blg-1367l b,,4.12,,,KMT-2019-BLG-1367L,0.25,,,4670.0,272.4713333,-29.7622111,2023.0,Microlensing,,,,
kmt-2019-blg-1552l b,,1287.20504835,,,KMT-2019-BLG-1552L,0.79,,,4600.0,269.5957917,-27.5669389,2022.0,Microlensing,,,,
kmt-2019-blg-1715l b,,454.49462201,,,KMT-2019-BLG-1715L,0.59,,,3770.0,270.3717083,-28.7771389,2021.0,Microlensing,,,,
kmt-2019-blg-1806l b,,4.67,,,KMT-2019-BLG-1806L,0.74,,,6640.0,270.5375417,-29.4148889,2023.0,Microlensing,,,,
kmt-2019-blg-1953l b,,200.0,,,KMT-2019-BLG-1953L,0.31,,,7040.0,269.11625,-28.2011111,2020.0,Microlensing,,,,
kmt-2019-blg-2783l b,,368.68095212,,,KMT-2019-BLG-2783L,0.34,,,5910.0,269.2919167,-33.7885194,2023.0,Microlensing,,,,
kmt-2019-blg-2974l b,,88.99195396,,,KMT-2019-BLG-2974L,0.47,,,6100.0,267.8520833,-29.4231611,2022.0,Microlensing,,,,
kmt-2020-blg-0202l b,,3902.93283796,,,KMT-2020-BLG-0202L,0.81,,,3840.0,267.0404583,-24.47445,2026.0,Microlensing,,,,
kmt-2020-blg-0414l b,,0.96,,,KMT-2020-BLG-0414L,0.259,,,800.0,271.915,-28.4852222,2021.0,Microlensing,,,,
kmt-2020-blg-0414l c,,4894.5574678,,,KMT-2020-BLG-0414L,0.259,,,800.0,271.915,-28.4852222,2021.0,Microlensing,,,,
kmt-2021-blg-0119l b,,1802.08706769,,,KMT-2021-BLG-0119L,0.69,,,3690.0,274.0005417,-29.7438889,2022.0,Microlensing,,,,
kmt-2021-blg-0171l b,,11.4,,,KMT-2021-BLG-0171L,0.74,,5200.0,4400.0,269.2416667,-30.0930556,2022.0,Microlensing,,,,
kmt-2021-blg-0192l b,,31.7828407,,,KMT-2021-BLG-0192L,0.27,,,5260.0,268.1049583,-30.0086889,2022.0,Microlensing,,,,
kmt-2021-blg-0240l b,,127.1313628,,,KMT-2021-BLG-0240L,0.47,,,7000.0,267.5772917,-30.0049694,2022.0,Microlensing,,,,
kmt-2021-blg-0320l b,,31.7828407,,,KMT-2021-BLG-0320L,0.32,,,6950.0,269.388125,-30.5039389,2022.0,Microlensing,,,,
kmt-2021-blg-0322l b,,2034.1018048,,,KMT-2021-BLG-0322L,0.62,,,6600.0,270.9116667,-29.6043889,2021.0,Microlensing,,,,
kmt-2021-blg-0712l b,,39.9,,,KMT-2021-BLG-0712L,0.23,,,3200.0,269.2856667,-31.1844694,2023.0,Microlensing,,,,
kmt-2021-blg-0736l b,,21.0,,,KMT-2021-BLG-0736L,0.6,,,7000.0,268.3225833,-29.7124194,2025.0,Microlensing,,,,
kmt-2021-blg-0748l b,,130.30964687,,,KMT-2021-BLG-0748L,0.36,,,6100.0,272.4213333,-25.7465806,2022.0,Microlensing,,,,
kmt-2021-blg-0852l b,,155.73591943,,,KMT-2021-BLG-0852L,0.75,,,7230.0,265.8311667,-33.8918389,2026.0,Microlensing,,,,
kmt-2021-blg-0909l b,,400.46379282,,,KMT-2021-BLG-0909L,0.38,,,6480.0,265.6202083,-27.6391389,2023.0,Microlensing,,,,
kmt-2021-blg-0912l b,,6.92,,,KMT-2021-BLG-0912L,0.75,,,6710.0,269.8211667,-31.9976389,2022.0,Microlensing,,K,,
kmt-2021-blg-1077l b,,69.92224954,,,KMT-2021-BLG-1077L,0.14,,,8240.0,266.489125,-33.8428111,2022.0,Microlensing,,M V,,
kmt-2021-blg-1077l c,,79.45710175,,,KMT-2021-BLG-1077L,0.14,,,8240.0,266.489125,-33.8428111,2022.0,Microlensing,,M V,,
kmt-2021-blg-1105l b,,403.64207689,,,KMT-2021-BLG-1105L,0.61,,,4620.0,265.73225,-25.5089111,2023.0,Microlensing,,,,
kmt-2021-blg-1150l b,,279.68899816,,,KMT-2021-BLG-1150L,0.73,,,3800.0,268.790125,-31.3133306,2023.0,Microlensing,,,,
kmt-2021-blg-1253l b,,19.05,,,KMT-2021-BLG-1253L,0.24,,,6640.0,267.6172083,-29.2792806,2022.0,Microlensing,,,,
kmt-2021-blg-1303l b,,120.77479466,,,KMT-2021-BLG-1303L,0.57,,,6280.0,271.863875,-29.2815806,2022.0,Microlensing,,,,
kmt-2021-blg-1372l b,,61.27,,,KMT-2021-BLG-1372L,0.42,,,5970.0,264.4885417,-28.1483889,2022.0,Microlensing,,,,
kmt-2021-blg-1391l b,,3.52,,,KMT-2021-BLG-1391L,0.23,,,6720.0,270.6835833,-28.0605,2022.0,Microlensing,,,,
kmt-2021-blg-1547l b,,467.20775829,,,KMT-2021-BLG-1547L,0.72,,,5070.0,272.3995833,-29.0839389,2023.0,Microlensing,,,,
kmt-2021-blg-1554l b,,38.13940884,,,KMT-2021-BLG-1554L,0.08,,,7680.0,267.8034167,-31.8643611,2022.0,Microlensing,,,,
kmt-2021-blg-1689l b,,46.0,,,KMT-2021-BLG-1689L,0.58,,4570.0,7200.0,269.5791667,-30.1452778,2022.0,Microlensing,,,,
kmt-2021-blg-1770l b,,6674.396547,,,KMT-2021-BLG-1770L,0.13,,,6920.0,270.4399583,-27.4186694,2023.0,Microlensing,,,,
kmt-2021-blg-1898l b,,251.08444153,,,KMT-2021-BLG-1898L,0.48,,,6900.0,265.691875,-27.3758389,2022.0,Microlensing,,,,
kmt-2021-blg-2010l b,,340.07639549,,,KMT-2021-BLG-2010L,0.37,,,7090.0,268.0085,-32.26975,2023.0,Microlensing,,,,
kmt-2021-blg-2294l b,,22.24798849,,,KMT-2021-BLG-2294L,0.14,,,6800.0,270.0624167,-28.6124389,2022.0,Microlensing,,,,
kmt-2021-blg-2478l b,,286.0455663,,,KMT-2021-BLG-2478L,0.2,,,3060.0,269.3092083,-29.1019694,2023.0,Microlensing,,,,
kmt-2021-blg-2609l b,,10.17050902,,,KMT-2021-BLG-2609L,0.2,,,7480.0,263.518875,-27.5969389,2024.0,Microlensing,,,,
kmt-2022-blg-0303l b,,163.04597279,,,KMT-2022-BLG-0303L,0.368,,,6570.0,268.033125,-22.6890806,2024.0,Microlensing,,,,
kmt-2022-blg-0371l b,,82.63538582,,,KMT-2022-BLG-0371L,0.63,,,7140.0,265.3619167,-34.6986694,2023.0,Microlensing,,,,
kmt-2022-blg-0440l b,,15.4,,,KMT-2022-BLG-0440L,0.53,,,3500.0,269.5835833,-32.2953056,2023.0,Microlensing,,,,
kmt-2022-blg-1013l b,,98.52680617,,,KMT-2022-BLG-1013L,0.18,,,7710.0,264.70925,-28.3556694,2023.0,Microlensing,,,,
kmt-2022-blg-1551l b,,940.77208472,,,KMT-2022-BLG-1551L,0.54,,,6900.0,265.25375,-27.5518806,2026.0,Microlensing,,,,
kmt-2022-blg-1790l b,,549.84314411,,,KMT-2022-BLG-1790L,0.58,,,6480.0,271.05625,-27.03475,2025.0,Microlensing,,,,
kmt-2022-blg-1818l b,,476.7426105,,,KMT-2022-BLG-1818L,0.3,,,2900.0,270.798625,-27.4811111,2026.0,Microlensing,,,,
kmt-2022-blg-1818l c,,111.23994245,,,KMT-2022-BLG-1818L,0.3,,,2900.0,270.798625,-27.4811111,2026.0,Microlensing,,,,
kmt-2022-blg-2076l b,,279.68899816,,,KMT-2022-BLG-2076L,0.67,,,5570.0,268.051125,-29.0279306,2025.0,Microlensing,,,,
kmt-2022-blg-2286l b,,13666.621501,,,KMT-2022-BLG-2286L,0.45,,,6710.0,269.16525,-28.8549194,2024.0,Microlensing,,,,
kmt-2023-blg-0119l b,,83.7,,,KMT-2023-BLG-0119L,0.71,,,5410.0,266.8150417,-34.5721889,2025.0,Microlensing,,K2.5 V,,
kmt-2023-blg-0416l b,,13.34879309,,,KMT-2023-BLG-0416L,0.61,,,6080.0,266.3240417,-25.0794889,2024.0,Microlensing,,,,
kmt-2023-blg-0466l b,,1032.94232275,,,KMT-2023-BLG-0466L,0.44,,,6800.0,270.61,-33.0029694,2026.0,Microlensing,,,,
kmt-2023-blg-0469l b,,39.41072247,,,KMT-2023-BLG-0469L,0.47,,,7070.0,269.4067917,-28.7150611,2024.0,Microlensing,,,,
kmt-2023-blg-0548l b,,162.09248757,,,KMT-2023-BLG-0548L,0.123,,,4320.0,270.347625,-27.10675,2025.0,Microlensing,,,,
kmt-2023-blg-0735l b,,38.77506565,,,KMT-2023-BLG-0735L,0.61,,,6390.0,267.5759583,-29.2029194,2024.0,Microlensing,,,,
kmt-2023-blg-0830l b,,18.75187601,,,KMT-2023-BLG-0830L,0.22,,,7250.0,271.6579583,-28.3323111,2025.0,Microlensing,,,,
kmt-2023-blg-0949l b,,1900.61387386,,,KMT-2023-BLG-0949L,0.48,,,6060.0,263.4194167,-28.0914611,2025.0,Microlensing,,,,
kmt-2023-blg-1431l b,,13.6,,,KMT-2023-BLG-1431L,0.57,,,6800.0,271.1835417,-29.7439194,2024.0,Microlensing,,,,
kmt-2023-blg-1454l b,,200.23189641,,,KMT-2023-BLG-1454L,0.17,,,7220.0,267.6200833,-29.62275,2024.0,Microlensing,,,,
kmt-2023-blg-1642l b,,343.25467956,,,KMT-2023-BLG-1642L,0.17,,,6980.0,261.366,-29.0584694,2024.0,Microlensing,,,,
kmt-2023-blg-1743l b,,6356.56814,,,KMT-2023-BLG-1743L,0.11,,,7130.0,269.16525,-28.8549194,2024.0,Microlensing,,,,
kmt-2023-blg-1866l b,,2.63,,,KMT-2023-BLG-1866L,0.51,,,6210.0,273.48225,-28.4473889,2024.0,Microlensing,,,,
kmt-2023-blg-1896l b,,16.35,,,KMT-2023-BLG-1896L,0.72,,,5490.0,271.03175,-26.9589194,2025.0,Microlensing,,K6 V,,
kmt-2023-blg-2209l b,,254.2627256,,,KMT-2023-BLG-2209L,0.73,,,5570.0,268.9942083,-29.3056694,2025.0,Microlensing,,,,
kmt-2024-blg-0176l b,,241.54958932,,,KMT-2024-BLG-0176L,0.103,,,8340.0,266.5324583,-34.2105806,2026.0,Microlensing,,,,
kmt-2024-blg-0349l b,,3769.44490702,,,KMT-2024-BLG-0349L,0.68,,,5750.0,261.3715417,-30.2470194,2026.0,Microlensing,,,,
kmt-2024-blg-0404l b,,8657.64580668,,,KMT-2024-BLG-0404L,0.09,,,7210.0,271.1470833,-27.9535,2025.0,Microlensing,,M,,
kmt-2024-blg-0404l c,,17.3,,,KMT-2024-BLG-0404L,0.09,,,7210.0,271.1470833,-27.9535,2025.0,Microlensing,,M,,
kmt-2024-blg-1005l b,,6674.396547,,,KMT-2024-BLG-1005L,0.055,,,6950.0,269.8055833,-28.7557806,2025.0,Microlensing,,,,
kmt-2024-blg-1044l b,,13.68,,,KMT-2024-BLG-1044L,0.131,,,6710.0,271.564,-27.5925806,2024.0,Microlensing,,,,
kmt-2024-blg-1209l b,,839.06699448,,,KMT-2024-BLG-1209L,0.77,,,3930.0,261.6129583,-28.1205611,2025.0,Microlensing,,K3 V,,
kmt-2024-blg-1281l b,,19.06970442,,,KMT-2024-BLG-1281L,0.32,,,7180.0,270.169375,-32.71425,2025.0,Microlensing,,,,
kmt-2024-blg-1870l b,,336.89811142,,,KMT-2024-BLG-1870L,0.67,,,5480.0,272.4653333,-26.8828889,2026.0,Microlensing,,,,
kmt-2024-blg-2005l b,,50.85254512,,,KMT-2024-BLG-2005L,0.12,,,7720.0,268.4080833,-28.9009806,2026.0,Microlensing,,,,
kmt-2024-blg-2059l b,,6.99222495,,,KMT-2024-BLG-2059L,0.51,,,6070.0,270.92975,-28.5681889,2025.0,Microlensing,,,,
kmt-2024-blg-2087l b,,1395.26670673,,,KMT-2024-BLG-2087L,0.48,,,7190.0,268.4500417,-29.2631889,2026.0,Microlensing,,,,
kmt-2024-blg-2242l b,,13.98444991,,,KMT-2024-BLG-2242L,0.069,,,7620.0,268.415,-29.5603111,2025.0,Microlensing,,,,
kmt-2025-blg-0121l b,,2469.52672239,,,KMT-2025-BLG-0121L,0.61,,,6200.0,267.158375,-23.9988,2026.0,Microlensing,,,,
kmt-2025-blg-0481l b,,187.51876013,,,KMT-2025-BLG-0481L,0.22,,,7980.0,265.356,-34.37175,2026.0,Microlensing,,,,
kmt-2025-blg-1616l b,,42.32,,,KMT-2025-BLG-1616L,0.26,,,7500.0,267.778875,-30.1391111,2026.0,Microlensing,,M V,,
kobe-1 b,,8.8,8.5399,0.0,KOBE-1,0.629,0.619,4135.0,23.9718,19.1660378,25.3310358,2025.0,Radial Velocity,594.4,K7 V,-0.01,9.47126
kobe-1 c,,12.4,29.671,0.0,KOBE-1,0.629,0.619,4135.0,23.9718,19.1660378,25.3310358,2025.0,Radial Velocity,392.5,K7 V,-0.01,9.47126
koi-12 b,13.4,,17.855149,0.0,KOI-12,1.26,1.4,6635.0,399.398,297.4537402,41.0110188,2015.0,Transit,912.0,,,11.2535
koi-1257 b,,,86.64766384,,KOI-1257,,,,,291.2250888,44.9272918,2014.0,Transit,,,,14.6419
koi-13 b,25.8,,1.763587569,0.0,KOI-13,2.466,3.031,9107.0,519.096,286.9713876,46.8682463,2011.0,Transit,3560.0,,0.07,10.3678
koi-134 b,12.1,,67.5923754,0.0,KOI-134,1.341,1.744,6038.0,1159.21,295.586598,45.3649371,2025.0,Transit,588.0,,0.34,13.6323
koi-134 c,,69.92224954,33.95,0.24,KOI-134,1.407,1.667,6160.0,1159.21,295.586598,45.3649371,2025.0,Transit Timing Variations,,F9V,0.427,13.6323
koi-142 b,3.796,11.3568015,10.91610834,0.0,KOI-142,0.985,,,376.863,291.1481028,40.669413,2013.0,Transit,,,,13.1048
koi-142 c,,214.1,22.26492,0.05724,KOI-142,0.99,0.897,5466.0,376.863,291.1481028,40.669413,2013.0,Transit Timing Variations,,,0.27,13.1048
koi-1599.01,1.9,,20.41724,0.0,KOI-1599,0.94,0.92,5760.0,1131.64,298.3738383,40.6184483,2019.0,Transit,645.0,,,14.854
koi-1599.02,22.29,,13.6164547,0.0,KOI-1599,1.02,0.972,5823.0,1131.64,298.3738383,40.6184483,2019.0,Transit,755.0,,0.06,14.854
koi-1783.01,8.954,,134.4786723,,KOI-1783,1.076,1.143,5923.0,865.73,289.3414629,46.988155,2020.0,Transit,,,0.11,13.9061
koi-1783.02,6.36,,284.063137,0.0,KOI-1783,0.996,1.336,5791.0,865.73,289.3414629,46.988155,2020.0,Transit,321.0,,0.02,13.9061
koi-1831 d,1.3,,34.2069,0.0,Kepler-324,0.85,0.75,5319.0,501.574,286.4714473,49.6490933,2018.0,Transit,459.0,,,14.0909
koi-1833 d,,,7.68433241,,Kepler-968,0.696,0.701769,4442.0,290.324,285.6025889,50.1120401,2021.0,Transit,,,,14.2499
koi-1843.03,0.63,,0.176893,,Kepler-974,,0.52,3673.0,134.311,285.0131082,40.2209547,2013.0,Transit,1654.0,,,14.4126
koi-217 b,11.7,,3.905081,0.0,KOI-217,0.923,0.82,5595.0,914.699,294.8654667,46.2858128,2010.0,Transit,1028.0,,,15.1013
koi-2513.01,103.23,,19.00537199,0.0,KOI-2513,1.032,1.036,6347.0,1369.87,293.6688776,46.3792321,2023.0,Transit,758.0,,-0.32,14.809
koi-3503 b,1.142,,21.1875846,,KOI-3503,0.858,1.255,6001.0,887.064,293.1507654,41.7291532,2021.0,Transit,,,-0.47,13.7744
koi-3503 c,1.185,,31.8245304,,KOI-3503,0.858,1.255,6001.0,887.064,293.1507654,41.7291532,2021.0,Transit,,,-0.47,13.7744
koi-351 b,1.15,,7.00828076,0.0,KOI-351,0.967,1.054,6238.0,848.254,284.4334642,49.3051239,2013.0,Transit,1061.0,,-0.4,13.7397
koi-351 c,,,8.71980135,,KOI-351,1.12,1.24773,6031.13,848.254,284.4334642,49.3051239,2013.0,Transit,,,0.083,13.7397
koi-351 d,2.866,,,,KOI-351,,1.211,6015.0,848.254,284.4334642,49.3051239,2013.0,Transit,,,,13.7397
koi-351 e,,,91.939842486,,KOI-351,1.12,1.24773,6031.13,848.254,284.4334642,49.3051239,2013.0,Transit,,,0.083,13.7397
koi-351 f,3.37,,124.922516,0.0,KOI-351,1.089,1.2,5970.0,848.254,284.4334642,49.3051239,2013.0,Transit,407.0,,0.1,13.7397
koi-351 g,6.86,,210.6031105,0.0,KOI-351,0.967,1.054,6238.0,848.254,284.4334642,49.3051239,2013.0,Transit,341.0,,-0.4,13.7397
koi-351 h,11.252,235.7495194,331.6011081,0.0,KOI-351,1.108,,,848.254,284.4334642,49.3051239,2013.0,Transit,,,,13.7397
koi-3680 b,11.49,,141.2415405,0.0,KOI-3680,0.941,1.017,5705.0,921.986,293.2815266,45.3096572,2018.0,Transit,352.0,,0.0,14.5027
koi-4777.01,0.51,99.2,0.412,0.0,KOI-4777,0.41,0.4,3515.0,172.245,287.2621474,42.0322257,2022.0,Transit,1180.0,,0.1,15.8525
koi-4978 b,0.7,,0.941967,,KOI-4978,0.859,0.966,5050.28,936.341,286.5907635,38.5582993,2024.0,Transit,,G,,15.2477
koi-55 b,0.759,0.44,0.240104,,KOI-55,0.496,0.203,27730.0,1231.02,296.3561853,41.0927315,2011.0,Orbital Brightness Modulation,,B,,14.9062
koi-55 c,0.867,0.655,0.342887,,KOI-55,0.496,0.203,27730.0,1231.02,296.3561853,41.0927315,2011.0,Orbital Brightness Modulation,,B,,14.9062
koi-7368 b,,,6.842939,,KOI-7368,0.782,0.995767,4823.55,264.995,293.9476365,48.0652589,2022.0,Transit,,,0.0578,12.8094
koi-7913 b,2.03,,24.2783801,0.0,KOI-7913 A,0.698,0.707,4450.0,271.277,286.7485252,45.1587234,2022.0,Transit,432.0,,0.14,14.2239
koi-94 b,1.5,,3.743166733,0.0,KOI-94,1.106,1.331,6181.0,477.052,297.3330716,41.8911186,2013.0,Transit,1423.0,,-0.02,12.1882
koi-94 c,3.72,,10.423677765,,KOI-94,1.18,1.32,6210.0,477.052,297.3330716,41.8911186,2013.0,Transit,,,0.01,12.1882
koi-94 d,,,22.3429711728,,KOI-94,1.183,1.42864,6184.0,477.052,297.3330716,41.8911186,2013.0,Transit,,,0.11,12.1882
koi-94 e,,10.49,54.319962,,KOI-94,1.177,1.352,,477.052,297.3330716,41.8911186,2013.0,Transit,,,,12.1882
koi-984 b,3.19,,4.2873775,0.0,KOI-984,1.01,0.92,5515.0,252.667,291.0489438,36.8400772,2022.0,Transit,1023.0,,,
koi-984 c,,24.0,8.5999,0.02,KOI-984,0.928,0.818,5295.0,252.667,291.0489438,36.8400772,2022.0,Transit Timing Variations,943.0,,0.12,
kointreau-1 b,,3368.9811142,,,XEST 17-036,0.26,,3551.0,158.618,68.359288,22.758056,2026.0,Imaging,,M4,-0.15,16.5081
kointreau-3 b,,1080.6165838,,,ISO-Oph 96,,,3920.0,140.563,246.7687845,-24.716683,2026.0,Imaging,,K6-M1,-0.05,16.6016
kointreau-4 b,,4862.7746271,,,2MASS J16262785-2625152,,,,145.434,246.6160467,-26.4209954,2026.0,Imaging,,M4.5,,14.1017
kps-1 b,,,1.706304,,KPS-1,0.892,0.907,5165.0,262.706,165.167198,64.9638452,2018.0,Transit,,K1 V,0.22,12.7933
kapteyn c,,7.0,121.54,0.23,Kapteyn,0.281,0.291,3550.0,3.93305,77.9586613,-45.0430198,2014.0,Radial Velocity,,,-0.89,8.06198
kepler-10 b,1.43,,0.837491225,0.0,Kepler-10,0.884,1.044,5676.0,185.506,285.679298,50.2414842,2011.0,Transit,1980.0,,-0.12,10.9191
kepler-10 c,2.355,11.4,45.294301,0.13,Kepler-10,0.91,1.065,5708.0,185.506,285.679298,50.2414842,2011.0,Transit,578.0,,-0.15,10.9191
kepler-10 d,,12.68,151.04,0.26,Kepler-10,0.91,1.065,5708.0,185.506,285.679298,50.2414842,2023.0,Radial Velocity,,,-0.15,10.9191
kepler-100 b,,,6.88707073,,Kepler-100,1.059,1.5582,5859.0,304.645,291.3861294,41.9901394,2014.0,Transit,,,0.09,11.1293
kepler-100 c,,,12.815863973,,Kepler-100,1.059,1.5582,5859.0,304.645,291.3861294,41.9901394,2014.0,Transit,,,0.09,11.1293
kepler-100 d,1.61,3.0,35.3331,,Kepler-100,1.08,1.49,5825.0,304.645,291.3861294,41.9901394,2014.0,Transit,,,0.02,11.1293
kepler-100 e,,24.14271827,60.888588,0.026437,Kepler-100,1.097,,,304.645,291.3861294,41.9901394,2023.0,Radial Velocity,,,,11.1293
kepler-1000 b,4.67,,120.0181272,0.0,Kepler-1000,1.338,1.484,6749.0,1115.62,286.6854729,47.0981948,2016.0,Transit,501.0,,-0.04,13.1923
kepler-1001 b,2.9,,14.3052,0.0,Kepler-1001,0.959,0.85,5734.0,928.978,286.2739151,48.6186972,2016.0,Transit,693.0,,,15.3302
kepler-1001 c,1.45,,9.18186435,,Kepler-1001,0.902,0.796,5440.0,928.978,286.2739151,48.6186972,2020.0,Transit,,,0.04,15.3302
kepler-1002 b,1.71,,4.336429331,,Kepler-1002,1.22,1.57,6144.0,408.303,293.0794629,43.073677,2016.0,Transit,,,0.04,11.6475
kepler-1003 b,2.035,,,,Kepler-1003,,1.315,5672.0,941.902,292.0204349,44.8762427,2016.0,Transit,,,,14.0225
kepler-1004 b,7.09,,5.28789787,0.0,Kepler-1004,1.41,3.79,4992.0,1152.68,297.3593427,49.7975464,2016.0,Transit,1662.0,,0.04,13.3998
kepler-1005 b,1.56,,6.498013,0.0,Kepler-1005,1.032,1.04,6057.0,567.806,286.2858998,43.3205085,2016.0,Transit,1039.0,,,13.1838
kepler-1006 b,,,19.76176209,,Kepler-1006,,,,,295.7542063,42.5373065,2016.0,Transit,,,,
kepler-1007 b,1.44,,5.185002073,,Kepler-1007,0.73,0.7,4587.0,,295.9065297,45.8090893,2016.0,Transit,,,0.03,14.7347
kepler-1008 b,,,12.4393133637,,Kepler-1008,0.85,0.724115,5066.94,282.565,296.5476395,44.9418307,2016.0,Transit,,,0.045,13.379
kepler-1009 b,2.381,,,,Kepler-1009,,0.699,3594.0,355.019,282.8598614,42.6658336,2016.0,Transit,,,,15.3014
kepler-101 b,4.43,,3.487689428,,Kepler-101,0.98,1.23,5450.0,927.981,283.255507,48.3552474,2014.0,Transit,,,0.3,13.5672
kepler-101 c,0.91,,6.02979518,0.0,Kepler-101,1.125,1.208,5761.0,927.981,283.255507,48.3552474,2014.0,Transit,1075.0,,0.48,13.5672
kepler-1010 b,,,34.26852697,,Kepler-1010,0.86,0.790287,5123.0,579.273,289.1926026,44.1493165,2016.0,Transit,,,,14.6875
kepler-1011 b,2.501,,,,Kepler-1011,,0.74,5456.0,736.779,297.4015491,46.8239976,2016.0,Transit,,,,15.2028
kepler-1012 b,1.29,,5.50860439,,Kepler-1012,0.95,0.91,5556.0,411.077,289.2962253,46.4579889,2016.0,Transit,,,0.05,13.3154
kepler-1013 b,4.7,,18.93054959,0.0,Kepler-1013,0.955,1.643,5015.0,422.246,290.2481023,44.4352935,2016.0,Transit,766.0,,0.36,14.4077
kepler-1014 b,,,16.57099265,,Kepler-1014,0.91,0.809677,5285.0,624.8,285.1219875,44.1105331,2016.0,Transit,,,,14.6265
kepler-1015 b,2.803,,16.00494214,,Kepler-1015,1.265,1.451,6443.0,739.357,292.7573088,43.4268439,2016.0,Transit,,,0.03,12.7586
kepler-1016 b,2.18,,1.954524342,,Kepler-1016,0.99,1.0,5821.0,1402.82,294.613689,45.9846265,2016.0,Transit,,,-0.03,15.3193
kepler-1016 c,,,105.653571735,,Kepler-1016,1.0,1.20599,5643.68,1402.82,294.613689,45.9846265,2016.0,Transit,,,0.0149,15.3193
kepler-1017 b,2.017,,7.23400469,,Kepler-1017,0.949,0.87,5400.0,552.058,283.469299,40.1325185,2016.0,Transit,,,0.2,14.1153
kepler-1018 b,3.007,,,,Kepler-1018,,1.017,5374.0,1010.01,283.5967317,45.4078654,2016.0,Transit,,,,15.0142
kepler-1019 b,1.36,,1.411229847,0.0,Kepler-1019,0.611,0.625,4350.0,194.182,283.7175909,47.2043818,2016.0,Transit,1049.0,,-0.26,13.5934
kepler-102 b,0.49,,5.28695437,0.0,Kepler-102,0.734,0.755,4812.0,107.796,281.4824731,47.2078263,2014.0,Transit,797.0,,0.02,11.4784
kepler-102 c,0.567,1.7,7.071392,0.094,Kepler-102,0.803,0.724,4909.0,107.796,281.4824731,47.2078263,2014.0,Transit,777.0,,0.11,11.4784
kepler-102 d,1.4,,10.31173752,0.0,Kepler-102,0.734,0.755,4812.0,107.796,281.4824731,47.2078263,2014.0,Transit,638.0,,0.02,11.4784
kepler-102 e,2.43,,,,Kepler-102,,0.726,4909.0,107.796,281.4824731,47.2078263,2013.0,Transit,,,,11.4784
kepler-102 f,0.81,,27.4537294,,Kepler-102,0.8,0.74,4884.0,107.796,281.4824731,47.2078263,2014.0,Transit,,,0.03,11.4784
kepler-1020 b,,,96.91519761,,Kepler-1020,0.89,0.734936,5238.53,415.358,292.672471,46.3772776,2016.0,Transit,,,-0.147,13.9833
kepler-1021 b,1.96,,13.47472742,0.0,Kepler-1021,0.821,0.734,5395.0,810.082,295.2048999,42.5596699,2016.0,Transit,634.0,,-0.34,15.1734
kepler-1022 b,2.36,,10.99469878,,Kepler-1022,0.71,0.68,4445.0,420.042,289.3520595,46.9736345,2016.0,Transit,,,0.06,15.3772
kepler-1023 b,,,62.1385979,,Kepler-1023,0.9,0.961753,5268.0,694.175,289.0297232,49.7697034,2016.0,Transit,,,,14.502
kepler-1024 b,,,66.4159789,,Kepler-1024,0.9,0.810164,5242.74,1087.4,291.9510277,38.2516419,2016.0,Transit,,,-0.162,16.0064
kepler-1025 b,2.0,,37.32281,0.0,Kepler-1025,1.13,1.06,6290.0,803.776,284.510214,43.9615628,2016.0,Transit,598.0,,,13.5557
kepler-1026 b,,,36.51559488,,Kepler-1026,0.79,0.697921,4844.0,351.239,283.6053012,39.9979286,2016.0,Transit,,,,14.2019
kepler-1027 b,,,1.907810683,,Kepler-1027,0.92,1.17894,5348.19,405.104,287.5711746,42.8138159,2016.0,Transit,,,-0.009,12.8401
kepler-1028 b,1.33,,2.51462432,,Kepler-1028,0.9,0.87,5522.0,607.916,289.5931004,49.7812447,2016.0,Transit,,,-0.09,14.3098
kepler-1029 b,1.57,,4.417692516,0.0,Kepler-1029,0.723,0.664,4766.0,366.656,292.1328738,41.5474786,2016.0,Transit,790.0,,-0.24,14.3009
kepler-103 b,3.14,,15.96533687,0.0,Kepler-103,1.094,1.436,5845.0,494.832,288.9845512,40.0644857,2014.0,Transit,864.0,,0.07,12.2466
kepler-103 c,5.47,,179.609803,0.0,Kepler-103,1.068,1.433,5880.0,494.832,288.9845512,40.0644857,2014.0,Transit,389.0,,0.08,12.2466
kepler-1030 b,2.52,,19.32952416,0.0,Kepler-1030,0.866,0.78,5023.0,758.702,293.6819098,45.8175241,2016.0,Transit,534.0,,0.21,15.7163
kepler-1031 b,0.78,,1.22621732,0.0,Kepler-1031,1.059,0.991,6095.0,682.882,296.0898796,48.9554121,2016.0,Transit,1769.0,,-0.1,
kepler-1032 b,,,3.29012003,,Kepler-1032,,,4446.0,673.01,289.9308779,40.0977109,2016.0,Transit,,,,15.7993
kepler-1033 b,2.4,,7.56052209,0.0,Kepler-1033,1.026,0.94,5895.0,1455.5,283.8450963,44.6090251,2016.0,Transit,914.0,,-0.02,15.9289
kepler-1034 b,,,12.12401737,,Kepler-1034,0.86,0.773178,5099.0,654.549,286.1154093,37.9669464,2016.0,Transit,,,,15.074
kepler-1035 b,1.0,,2.714077555,0.0,Kepler-1035,0.734,0.818,5709.0,562.116,289.042243,42.8824991,2016.0,Transit,1228.0,,-0.7,13.0054
kepler-1036 b,2.8,,122.8767,0.0,Kepler-1036,0.919,0.82,5590.0,489.435,295.1817093,49.9458172,2016.0,Transit,325.0,,,13.7635
kepler-1037 b,1.28,,1.063788673,,Kepler-1037,0.82,0.78,5105.0,446.914,296.3410342,47.1709335,2016.0,Transit,,,-0.03,14.2311
kepler-1038 b,,,148.460057456,,Kepler-1038,0.89,0.80043,5238.0,584.136,298.9721472,44.1323499,2016.0,Transit,,,,14.8561
kepler-1038 c,1.17,,7.12768673,0.0,Kepler-1038,0.828,0.759,5463.0,584.136,298.9721472,44.1323499,2021.0,Transit,805.0,,-0.3,14.8561
kepler-1039 b,1.1,,0.9348918,0.0,Kepler-1039,0.67,0.6,4674.0,306.91,298.3266169,45.3154212,2016.0,Transit,1305.0,,,14.0958
kepler-104 b,2.35,,11.427550984,0.0,Kepler-104,0.913,1.005,5979.0,400.785,287.6046621,42.1665104,2014.0,Transit,852.0,,-0.34,12.5697
kepler-104 c,3.13,,23.668205,,Kepler-104,,1.349,5711.0,400.785,287.6046621,42.1665104,2014.0,Transit,,,,12.5697
kepler-104 d,3.41,,51.75529576,0.0,Kepler-104,0.814,1.361,5755.0,400.785,287.6046621,42.1665104,2014.0,Transit,588.0,,-0.52,12.5697
kepler-1040 b,1.84,,201.1214,0.0,Kepler-1040,0.819,0.845,5804.0,482.119,283.1137663,48.1312774,2016.0,Transit,297.0,,-0.5,13.3216
kepler-1041 b,2.59,,24.7576421,0.0,Kepler-1041,1.043,0.966,6106.0,1485.82,293.8817361,49.6831419,2016.0,Transit,644.0,,-0.16,14.4422
kepler-1042 b,,,10.1320240956,,Kepler-1042,,,,,288.6689428,39.8239935,2016.0,Transit,,,,15.6716
kepler-1043 b,,,38.5050133836,,Kepler-1043,1.02,0.939367,5710.0,903.332,281.6629579,47.5685927,2016.0,Transit,,,,14.7617
kepler-1044 b,,,6.7741029393,,Kepler-1044,1.05,1.01944,5819.58,1278.96,293.1444017,46.6662155,2016.0,Transit,,,-0.0998,15.3061
kepler-1045 b,2.69,,26.41045478,,Kepler-1045,0.86,0.82,5301.0,942.485,284.1832668,45.0740897,2016.0,Transit,,,-0.03,15.549
kepler-1046 b,2.05,,14.37504582,0.0,Kepler-1046,1.023,1.053,5931.0,721.534,296.7558056,46.9982799,2016.0,Transit,786.0,,0.0,13.2479
kepler-1047 b,1.79,,56.1886887,0.0,Kepler-1047,0.98,0.958,5798.0,817.647,288.6462564,50.7889645,2016.0,Transit,468.0,,-0.02,13.3291
kepler-1047 c,1.368,,,,Kepler-1047,,1.645,5659.0,817.647,288.6462564,50.7889645,2016.0,Transit,,,,13.3291
kepler-1048 b,1.67,,6.921029,0.0,Kepler-1048,0.641,0.612,4557.0,556.006,281.8983042,42.1657112,2016.0,Transit,637.0,,,14.8444
kepler-1049 b,0.87,,3.273460736,0.0,Kepler-1049,0.464,0.455,3809.0,162.006,287.3469567,47.7729078,2016.0,Transit,620.0,,-0.4,14.1559
kepler-105 b,2.802,,,,Kepler-105,,1.036,5933.0,459.223,287.8872376,46.2761224,2013.0,Transit,,,,12.8025
kepler-105 c,,,7.12594387,,Kepler-105,1.09,1.05138,5950.98,459.223,287.8872376,46.2761224,2014.0,Transit,,,-0.148,12.8025
kepler-1050 b,1.51,,15.3791,0.0,Kepler-1050,1.034,1.05,6064.0,490.488,282.9249847,48.6264015,2016.0,Transit,785.0,,,13.0723
kepler-1050 c,,,21.1285655,,Kepler-1050,1.06,1.03426,5870.68,490.488,282.9249847,48.6264015,2016.0,Transit,,,0.1347,13.0723
kepler-1051 b,3.25,,25.96190067,0.0,Kepler-1051,1.337,1.729,6369.0,829.343,295.1581062,40.8988186,2016.0,Transit,850.0,,0.06,13.1159
kepler-1052 b,2.93,,34.8538276,,Kepler-1052,1.03,1.03,5888.0,943.444,295.34273,46.6022134,2016.0,Transit,,,0.0,14.8614
kepler-1052 c,2.36800003,,180.9259949,,Kepler-1052,0.937,0.848,5818.0,943.444,295.34273,46.6022134,2023.0,Transit,,,-0.22,14.8614
kepler-1053 b,0.78,,2.414351654,0.0,Kepler-1053,0.531,0.542,4182.0,151.129,291.4186349,39.1273664,2016.0,Transit,803.0,,-0.58,13.2088
kepler-1054 b,2.689,,,,Kepler-1054,,1.423,5909.0,1090.51,290.6011085,44.5563604,2016.0,Transit,,,,14.085
kepler-1055 b,1.127,,2.295036233,,Kepler-1055,0.951,0.862,5682.0,389.397,290.4867838,44.932541,2016.0,Transit,,,0.06,13.0728
kepler-1056 b,2.6,,27.4954,0.0,Kepler-1056,0.901,1.03,5707.0,982.51,299.5259832,46.8992561,2016.0,Transit,617.0,,,14.5601
kepler-1057 b,,,14.08826442,,Kepler-1057,1.11,0.915006,6014.0,1201.82,297.4521311,41.5580816,2016.0,Transit,,,,15.6076
kepler-1058 b,,,110.96346088,,Kepler-1058,,,4517.79,491.997,294.5956256,45.8750556,2016.0,Transit,,,-0.2454,15.5037
kepler-1059 b,1.74,,3.764191048,0.0,Kepler-1059,0.814,0.728,5065.0,713.167,289.2202147,41.7064385,2016.0,Transit,909.0,,-0.14,15.4894
kepler-106 b,0.85,,6.16491696,0.0,Kepler-106,0.944,1.029,5881.0,444.322,300.864006,44.3375497,2014.0,Transit,1035.0,,-0.16,12.8391
kepler-106 c,,,13.57078354,,Kepler-106,1.068,1.0568,5888.0,444.322,300.864006,44.3375497,2014.0,Transit,,,-0.11,12.8391
kepler-106 d,0.99,,23.9802348,0.0,Kepler-106,0.944,1.029,5881.0,444.322,300.864006,44.3375497,2014.0,Transit,658.0,,-0.16,12.8391
kepler-106 e,2.87,,43.84439721,0.0,Kepler-106,0.951,1.012,5854.0,444.322,300.864006,44.3375497,2014.0,Transit,531.0,,-0.12,12.8391
kepler-1060 b,2.38,,46.8779367,,Kepler-1060,0.99,0.99,5797.0,946.565,286.0252285,39.6309204,2016.0,Transit,,,-0.03,14.6366
kepler-1061 b,1.69,,2.757977384,0.0,Kepler-1061,0.994,1.0,5919.0,543.375,296.2300306,50.2752091,2016.0,Transit,1332.0,,-0.08,13.2037
kepler-1062 b,,,9.30413878,,Kepler-1062,0.69,0.780338,4412.0,397.455,283.8994187,41.221594,2016.0,Transit,,,,14.8053
kepler-1063 b,,,14.07969236,,Kepler-1063,,,5571.73,343.226,290.5267975,38.1428283,2016.0,Transit,,,0.2231,
kepler-1064 b,,,16.5407747817,,Kepler-1064,,,5079.48,,291.7415821,37.6888103,2016.0,Transit,,,-0.0292,13.7409
kepler-1065 b,3.73,,3.609308907,,Kepler-1065,0.94,0.93,5635.0,1122.48,294.511319,38.7904648,2016.0,Transit,,,-0.01,15.5016
kepler-1065 c,1.29,,2.3702932,0.0,Kepler-1065,0.963,0.868,5668.0,1122.48,294.511319,38.7904648,2016.0,Transit,1256.0,,-0.02,15.5016
kepler-1066 b,,,1.93155546,,Kepler-1066,0.98,0.865904,5560.36,344.251,298.866621,46.5022325,2016.0,Transit,,,0.111,13.0239
kepler-1067 b,0.734,,,,Kepler-1067,,0.911,5584.0,667.693,285.3873706,45.0490265,2016.0,Transit,,,,14.2726
kepler-1067 c,1.33,,5.42587228,0.0,Kepler-1067,0.908,0.827,5614.0,667.693,285.3873706,45.0490265,2021.0,Transit,931.0,,-0.14,14.2726
kepler-1068 b,3.63,,16.92344113,0.0,Kepler-1068,1.117,1.012,6063.0,1473.61,294.6481708,46.3923173,2016.0,Transit,735.0,,0.07,15.8316
kepler-1069 b,2.636,,23.8990296,,Kepler-1069,1.064,1.572,5579.0,695.967,290.9792378,47.9889097,2016.0,Transit,,,0.23,13.098
kepler-107 b,,,3.180027898,,Kepler-107,1.04,1.50416,5805.0,525.997,297.028162,48.2086019,2014.0,Transit,,,,12.4627
kepler-107 c,1.7,,4.90144976,0.0,Kepler-107,1.113,1.402,5847.0,525.997,297.028162,48.2086019,2014.0,Transit,1262.0,,0.26,12.4627
kepler-107 d,1.06,,7.95825328,0.0,Kepler-107,1.113,1.402,5847.0,525.997,297.028162,48.2086019,2014.0,Transit,1074.0,,0.26,12.4627
kepler-107 e,2.92,,14.749176,0.02,Kepler-107,1.04,1.50416,5805.0,525.997,297.028162,48.2086019,2014.0,Transit,,,,12.4627
kepler-1070 b,1.572,,6.2216147,,Kepler-1070,1.06,1.189,6090.0,939.001,293.1953923,49.316541,2016.0,Transit,,,-0.05,13.913
kepler-1071 b,1.47,,6.1799844,0.0,Kepler-1071,0.528,0.492,4932.0,1042.27,293.0579794,45.2487472,2016.0,Transit,661.0,,-2.5,15.8291
kepler-1072 b,1.63,,1.569066502,,Kepler-1072,1.116,1.32,6004.0,982.716,292.0443891,46.3289723,2016.0,Transit,,,0.09,13.842
kepler-1073 b,1.95,,8.67888593,0.0,Kepler-1073,0.91,0.833,5741.0,809.897,294.1527259,38.2330886,2016.0,Transit,816.0,,-0.24,14.5317
kepler-1073 c,1.79,,4.02582434,0.0,Kepler-1073,0.924,1.116,5509.0,809.897,294.1527259,38.2330886,2016.0,Transit,1169.0,,0.16,14.5317
kepler-1073 d,1.16,,2.50475882,0.0,Kepler-1073,0.91,0.833,5741.0,809.897,294.1527259,38.2330886,2021.0,Transit,1235.0,,-0.24,14.5317
kepler-1074 b,1.16,,5.94566534,0.0,Kepler-1074,0.559,0.537,3900.0,250.817,284.4766869,46.2526781,2016.0,Transit,548.0,,-0.1,15.0056
kepler-1075 b,1.11,,1.523732,0.0,Kepler-1075,0.546,0.522,4048.0,291.275,287.5011404,47.4691157,2016.0,Transit,890.0,,,15.3697
kepler-1076 b,,,6.14728341,,Kepler-1076,,0.730658,4871.59,,287.5902594,51.0606047,2016.0,Transit,,,-0.0909,12.9489
kepler-1077 b,2.64,,34.3511874,0.0,Kepler-1077,1.045,0.967,6091.0,1101.42,291.0336333,42.2678448,2016.0,Transit,576.0,,-0.14,14.9984
kepler-1078 b,1.9,,3.00725242,,Kepler-1078,0.94,0.92,5612.0,2481.71,293.2005664,43.0500379,2016.0,Transit,,,-0.01,15.6075
kepler-1079 b,3.14,,13.24503188,0.0,Kepler-1079,1.416,2.541,5750.0,591.098,299.5495794,45.7696769,2016.0,Transit,1152.0,,0.38,
kepler-108 b,9.56,,49.18354,0.22,Kepler-108,,,5584.26,338.732,294.5589885,46.0623952,2014.0,Transit,,,0.3261,13.0843
kepler-108 c,8.15,,190.3216564,0.0,Kepler-108,1.377,2.192,5854.0,338.732,294.5589885,46.0623952,2014.0,Transit,449.0,,0.31,13.0843
kepler-1080 b,,,77.2550726,,Kepler-1080,1.37,2.07388,6578.02,1382.82,296.4644914,49.1828952,2016.0,Transit,,,0.196,13.4086
kepler-1081 b,0.93,,3.85690686,0.0,Kepler-1081,0.902,0.813,5272.0,420.215,289.444752,41.3179652,2016.0,Transit,972.0,,0.12,13.7114
kepler-1082 b,0.8,,1.543206604,0.0,Kepler-1082,0.929,0.835,6081.0,739.557,289.3586737,50.5984489,2016.0,Transit,1535.0,,-0.5,13.3417
kepler-1083 b,,,33.4176226408,,Kepler-1083,0.81,0.792249,4939.0,902.633,283.1618831,45.198336,2016.0,Transit,,,,15.8498
kepler-1084 b,1.42,,2.053352,0.0,Kepler-1084,1.24,1.54,6422.0,405.533,290.1019809,48.251146,2016.0,Transit,1904.0,,,12.1577
kepler-1085 b,6.228,,,,Kepler-1085,,1.031,5856.0,1364.53,287.4776359,46.1411685,2016.0,Transit,,,,15.2469
kepler-1085 c,3.26817741,,56.7771,,Kepler-1085,1.05,1.0783,5816.0,1364.53,287.4776359,46.1411685,2020.0,Transit,,,,15.2469
kepler-1086 b,2.27,,18.78425728,0.0,Kepler-1086,0.624,0.612,4137.0,466.084,295.251187,45.8429537,2016.0,Transit,415.0,,0.0,15.5551
kepler-1086 c,,,161.515617,,Kepler-1086,0.7,0.615523,4484.48,466.084,295.251187,45.8429537,2016.0,Transit,,,0.3097,15.5551
kepler-1087 b,0.83,,0.693842661,0.0,Kepler-1087,0.903,1.196,5457.0,362.623,294.9789253,46.0056741,2016.0,Transit,2161.0,,0.14,12.9007
kepler-1088 b,,,23.1274171,,Kepler-1088,1.06,1.07453,5864.52,280.629,281.5614578,42.4504087,2016.0,Transit,,,-0.0204,11.778
kepler-1089 b,1.69,,5.132486123,0.0,Kepler-1089,0.619,0.578,3879.0,259.328,291.0926509,49.1901729,2016.0,Transit,584.0,,0.32,15.5982
kepler-109 b,2.29,,6.481628092,0.0,Kepler-109,1.039,1.323,5952.0,474.861,290.3926795,40.2849074,2014.0,Transit,1150.0,,-0.08,12.2955
kepler-109 c,2.5,,21.22258525,0.0,Kepler-109,1.039,1.323,5952.0,474.861,290.3926795,40.2849074,2014.0,Transit,774.0,,-0.08,12.2955
kepler-1090 b,2.25,,198.680179,,Kepler-1090,0.86,0.82,5321.0,858.77,295.6629002,44.5258237,2016.0,Transit,,,-0.04,14.9963
kepler-1090 c,,,42.42685448,,Kepler-1090,0.89,1.03475,5217.0,858.77,295.6629002,44.5258237,2021.0,Transit,,,,14.9963
kepler-1091 b,1.09,,1.434741564,0.0,Kepler-1091,0.81,0.754,5672.0,914.299,299.7854426,43.6707235,2016.0,Transit,1426.0,,-0.52,14.7151
kepler-1092 b,2.07,,58.6017925,,Kepler-1092,0.99,1.0,5862.0,981.233,297.7232008,47.1126833,2016.0,Transit,,,-0.09,14.6163
kepler-1093 b,,,25.08282784,,Kepler-1093,1.26,1.40659,6343.61,1072.88,284.9780251,41.4202077,2016.0,Transit,,,-0.1417,13.8084
kepler-1093 c,2.08,,89.722292,0.0,Kepler-1093,1.011,1.262,6429.0,1072.88,284.9780251,41.4202077,2016.0,Transit,508.0,,-0.46,13.8084
kepler-1094 b,2.65,,78.1000231,0.0,Kepler-1094,1.065,0.993,6153.0,1291.01,292.3012109,38.2669983,2016.0,Transit,447.0,,-0.14,14.9607
kepler-1095 b,1.29,,4.271024,0.0,Kepler-1095,1.03,0.93,5983.0,792.522,293.2624215,41.3650155,2016.0,Transit,1115.0,,,14.5261
kepler-1096 b,1.31,,2.892216772,0.0,Kepler-1096,0.625,0.615,4229.0,377.976,294.7094688,45.9695533,2016.0,Transit,794.0,,-0.12,15.0615
kepler-1097 b,3.6,,187.7465,0.0,Kepler-1097,0.81,0.83,5323.0,719.802,281.5941261,42.5963949,2016.0,Transit,277.0,,,15.2071
kepler-1098 b,1.13,,2.543072855,0.0,Kepler-1098,0.852,0.88,5753.0,1049.19,295.502673,43.2326992,2016.0,Transit,1280.0,,-0.34,14.7332
kepler-1099 b,3.11,,2.168452593,0.0,Kepler-1099,1.077,1.109,6153.0,1022.8,288.7499866,48.2771163,2016.0,Transit,1557.0,,0.02,15.1336
kepler-11 b,1.84,,10.30401132,0.0,Kepler-11,0.921,1.046,5657.0,646.346,297.1150949,41.9091092,2010.0,Transit,849.0,,0.0,13.7062
kepler-11 c,3.051,11.14626911,13.02492819,0.0,Kepler-11,0.986,,,646.346,297.1150949,41.9091092,2010.0,Transit,,,,13.7062
kepler-11 d,3.26,,22.68714105,0.0,Kepler-11,0.921,1.046,5657.0,646.346,297.1150949,41.9091092,2010.0,Transit,653.0,,0.0,13.7062
kepler-11 e,3.89,,31.99550624,0.0,Kepler-11,0.921,1.046,5657.0,646.346,297.1150949,41.9091092,2010.0,Transit,582.0,,0.0,13.7062
kepler-11 f,2.43,,46.68641,0.0,Kepler-11,0.984,1.06,5685.0,646.346,297.1150949,41.9091092,2010.0,Transit,514.0,,,13.7062
kepler-11 g,3.4,,118.3786735,0.0,Kepler-11,0.921,1.046,5657.0,646.346,297.1150949,41.9091092,2010.0,Transit,376.0,,0.0,13.7062
kepler-110 b,1.83,,12.691112,,Kepler-110,,1.149,5960.0,586.531,292.9291693,48.6028303,2014.0,Transit,,,,12.902
kepler-110 c,,,31.71981013,,Kepler-110,1.12,1.25797,6032.33,586.531,292.9291693,48.6028303,2014.0,Transit,,,-0.1498,12.902
kepler-1100 b,,,6.4220154843,,Kepler-1100,1.09,1.04134,5949.92,693.618,291.8713535,44.0873907,2016.0,Transit,,,-0.084,13.8225
kepler-1101 b,2.47,,81.3151059,,Kepler-1101,0.94,0.91,5614.0,742.473,294.5693544,45.6711623,2016.0,Transit,,,-0.04,15.0958
kepler-1102 b,3.4,,51.3292,0.0,Kepler-1102,1.04,1.13,6098.0,1246.05,281.3225917,48.0664955,2016.0,Transit,546.0,,,14.9224
kepler-1103 b,2.02,,19.79243,0.0,Kepler-1103,1.13,1.06,6286.0,1331.92,287.3821348,49.4524247,2016.0,Transit,738.0,,,14.0732
kepler-1104 b,1.07,,5.03728015,0.0,Kepler-1104,1.216,1.195,6452.0,530.658,294.4685197,49.3309789,2016.0,Transit,1256.0,,0.0,12.0831
kepler-1105 b,,,4.421566535,,Kepler-1105,0.64,0.663108,4114.0,318.004,281.1117588,42.4549698,2016.0,Transit,,,,15.1422
kepler-1106 b,1.602,,,,Kepler-1106,,1.119,5909.0,1090.7,291.1451576,44.0624715,2016.0,Transit,,,,14.6276
kepler-1107 b,1.236,,0.571038518,,Kepler-1107,0.867,0.776,5137.0,428.798,291.049934,39.141674,2016.0,Transit,,,0.2,14.1282
kepler-1108 b,1.39,,4.510142,0.0,Kepler-1108,0.913,0.81,5554.0,767.701,296.0422962,45.98514,2016.0,Transit,966.0,,,14.9192
kepler-1109 b,,,37.6468519,,Kepler-1109,0.93,1.05454,5380.67,685.087,291.6462654,39.3966122,2016.0,Transit,,,0.0214,14.2665
kepler-111 b,1.82,,3.341802938,,Kepler-111,1.1,1.2,5933.0,657.223,291.653163,44.6882613,2014.0,Transit,,,0.14,13.4192
kepler-111 c,7.52,,224.7782093,0.0,Kepler-111,1.098,1.145,5906.0,657.223,291.653163,44.6882613,2014.0,Transit,323.0,,0.22,13.4192
kepler-1110 b,,,9.69310837,,Kepler-1110,0.76,0.70862,4753.2,726.828,291.8080645,38.6226615,2016.0,Transit,,,-0.1258,15.8872
kepler-1111 b,1.413,,,,Kepler-1111,,0.835,6158.0,841.536,295.4634045,45.8127697,2016.0,Transit,,,,14.7155
kepler-1112 b,,,14.3628180172,,Kepler-1112,1.35,1.45606,6535.76,1671.28,296.9687937,47.7514799,2016.0,Transit,,,0.121,14.5611
kepler-1113 b,2.3,,42.3002,0.0,Kepler-1113,0.91,0.97,5719.0,1073.88,289.4066969,39.338813,2016.0,Transit,518.0,,,14.7828
kepler-1114 b,,,14.97435448,,Kepler-1114,0.94,0.810557,5415.53,418.417,299.2370531,45.8347781,2016.0,Transit,,,-0.1216,13.7579
kepler-1115 b,2.33,,23.5541012,0.0,Kepler-1115,2.335,2.286,9565.0,983.245,294.9917723,40.1443964,2016.0,Transit,1381.0,,0.07,11.8822
kepler-1116 b,2.37,,41.6977827,0.0,Kepler-1116,0.969,0.872,5737.0,1008.57,291.9336573,44.1154992,2016.0,Transit,489.0,,-0.06,15.2352
kepler-1117 b,1.01,,4.79028459,0.0,Kepler-1117,0.902,0.827,5573.0,568.487,292.0847866,49.2374206,2016.0,Transit,964.0,,-0.12,14.1237
kepler-1118 b,2.848,,,,Kepler-1118,,1.06,5411.0,888.325,299.9656619,44.1608805,2016.0,Transit,,,,14.956
kepler-1119 b,1.69,,8.32649,0.0,Kepler-1119,1.03,1.0,6034.0,1757.23,297.0191018,44.3274936,2016.0,Transit,933.0,,,15.0671
kepler-112 b,,,8.408878137,,Kepler-112,0.976,0.981539,5544.25,513.206,296.9811361,43.2097025,2014.0,Transit,,,-0.5221,13.7662
kepler-112 c,2.4,,28.574263,,Kepler-112,,0.841,5544.0,513.206,296.9811361,43.2097025,2014.0,Transit,,,,13.7662
kepler-1120 b,1.51,,2.949029052,0.0,Kepler-1120,0.771,0.807,4983.0,615.231,290.9144516,42.2865522,2016.0,Transit,1028.0,,0.06,15.3045
kepler-1121 b,1.87,,13.15140223,0.0,Kepler-1121,1.287,1.636,6154.0,482.047,297.7865467,47.8861542,2016.0,Transit,1008.0,,0.14,12.017
kepler-1122 b,2.01,,42.1917357,0.0,Kepler-1122,0.951,0.857,5674.0,1230.42,288.2805801,46.3408747,2016.0,Transit,479.0,,-0.06,15.1025
kepler-1123 b,1.69,,4.33946454,0.0,Kepler-1123,0.977,0.894,5602.0,704.323,294.5177291,50.6703927,2016.0,Transit,1028.0,,0.1,14.8069
kepler-1124 b,1.79,,2.852348975,0.0,Kepler-1124,0.482,0.464,3694.0,289.899,286.5942529,37.8912836,2016.0,Transit,631.0,,-0.1,15.9678
kepler-1125 b,,,17.6700291,,Kepler-1125,1.08,1.99916,5926.0,2011.41,295.4812018,40.7319316,2016.0,Transit,,,,14.8766
kepler-1126 b,1.89,,108.593,0.0,Kepler-1126,1.084,0.99,6142.0,635.736,285.691955,45.6893993,2016.0,Transit,398.0,,,14.0207
kepler-1126 c,1.68200004,,199.6679993,,Kepler-1126,0.794,0.921,5678.0,635.736,285.691955,45.6893993,2023.0,Transit,,,-0.4,14.0207
kepler-1127 b,1.58,,5.12330347,0.0,Kepler-1127,0.833,0.762,5510.0,842.459,293.2173563,42.7205846,2016.0,Transit,907.0,,-0.32,15.1325
kepler-1128 b,3.59,,61.6178167,0.0,Kepler-1128,1.019,0.898,5609.0,1083.41,293.063315,39.4034052,2016.0,Transit,423.0,,0.21,15.6861
kepler-1129 b,,,24.3398202,,Kepler-1129,0.99,1.03118,5595.1,1183.88,291.6044965,41.3093275,2016.0,Transit,,,0.1582,15.2572
kepler-1129 c,2.75,,76.5369586,0.0,Kepler-1129,0.975,1.025,6240.0,1183.88,291.6044965,41.3093275,2016.0,Transit,471.0,,-0.38,15.2572
kepler-113 b,1.82,11.7,4.754,,Kepler-113,0.75,0.69,4725.0,262.351,287.9978721,50.9441847,2014.0,Transit,,,0.05,13.4598
kepler-113 c,2.18,8.7,8.92507,,Kepler-113,0.75,0.69,4725.0,262.351,287.9978721,50.9441847,2014.0,Transit,,,0.05,13.4598
kepler-1130 b,0.848,,5.45298175,,Kepler-1130,0.95,0.863,5402.0,249.343,285.207421,45.384333,2016.0,Transit,,,0.18,12.3956
kepler-1130 c,,,3.26662733,,Kepler-1130,0.919,0.8707,5327.0,249.343,285.207421,45.384333,2021.0,Transit,,,0.08,12.3956
kepler-1130 d,0.64,,4.27226421,0.0,Kepler-1130,0.944,0.842,5450.0,249.343,285.207421,45.384333,2021.0,Transit,981.0,,0.1,12.3956
kepler-1131 b,1.44,,3.53232449,0.0,Kepler-1131,1.026,0.937,5957.0,1030.7,295.6514492,49.2612954,2016.0,Transit,1189.0,,-0.08,14.9375
kepler-1132 b,2.361,,,,Kepler-1132,,0.807,5042.0,867.931,286.3675188,48.4238906,2016.0,Transit,,,,15.4722
kepler-1133 b,1.97,,11.55562343,,Kepler-1133,0.93,0.9,5569.0,753.135,293.3224114,42.8674925,2016.0,Transit,,,-0.02,14.8099
kepler-1134 b,2.6,,17.13263989,0.0,Kepler-1134,0.872,0.798,5489.0,944.445,295.5678578,42.4781064,2016.0,Transit,613.0,,-0.16,15.8249
kepler-1135 b,,,76.9592118535,,Kepler-1135,0.98,1.78259,5559.78,1314.64,286.0029904,44.7565551,2016.0,Transit,,,-0.337,14.2953
kepler-1136 b,1.37,,2.361718,0.0,Kepler-1136,0.627,0.598,4485.0,491.406,284.1078441,44.2458047,2016.0,Transit,883.0,,,15.6422
kepler-1137 b,2.9,,23.92113,0.0,Kepler-1137,1.51,1.85,7115.0,921.778,287.1302407,48.665347,2016.0,Transit,990.0,,,12.6907
kepler-1138 b,,,3.1705876036,,Kepler-1138,0.96,0.750918,5499.0,872.328,285.8993164,48.307285,2016.0,Transit,,,,15.3357
kepler-1139 b,,,0.8131690885,,Kepler-1139,0.88,0.875173,5178.83,495.156,287.9455985,39.2305281,2016.0,Transit,,,0.3201,14.1349
kepler-114 b,1.18,,5.188548,0.0,Kepler-114,0.709,0.654,4619.0,259.533,294.121482,48.3497977,2014.0,Transit,722.0,,,13.7125
kepler-114 c,,1.08,8.0413478,,Kepler-114,0.56,0.715,,259.533,294.121482,48.3497977,2013.0,Transit,,,,13.7125
kepler-114 d,2.05,,11.776138457,0.0,Kepler-114,0.56,0.54,3983.0,259.533,294.121482,48.3497977,2013.0,Transit,447.0,,-0.2,13.7125
kepler-1140 b,,,24.08632177,,Kepler-1140,0.78,0.752844,4803.0,656.48,281.6940529,46.946521,2016.0,Transit,,,,15.4527
kepler-1141 b,,,2.3445064256,,Kepler-1141,1.07,1.1411,5908.0,393.642,290.5436836,47.7259073,2016.0,Transit,,,,12.3348
kepler-1142 b,1.16,,18.30216,0.0,Kepler-1142,0.96,0.86,5744.0,1273.51,292.7144796,44.0822816,2016.0,Transit,642.0,,,14.2783
kepler-1143 b,,,2.888904439,,Kepler-1143,0.78,0.696667,4832.0,555.189,287.302772,39.2896399,2016.0,Transit,,,,15.1938
kepler-1143 c,3.6,,210.630591,,Kepler-1143,0.81,0.77,5053.0,555.189,287.302772,39.2896399,2016.0,Transit,,,-0.06,15.1938
kepler-1144 b,1.99,,17.14647302,,Kepler-1144,0.98,0.96,5753.0,1140.57,290.0432936,47.2578857,2016.0,Transit,,,-0.03,14.9125
kepler-1145 b,1.45,,3.97076766,0.0,Kepler-1145,0.732,0.778,5178.0,691.961,295.3081524,43.0444026,2016.0,Transit,957.0,,-0.26,15.4499
kepler-1146 b,1.22,,,,Kepler-1146,,0.708,4811.0,703.038,286.716712,47.425658,2016.0,Transit,,,,15.8497
kepler-1147 b,2.16,,10.62879,0.0,Kepler-1147,1.035,1.02,6059.0,1657.36,292.5474753,41.6429221,2016.0,Transit,871.0,,,15.3564
kepler-1148 b,1.69,,1.104463509,,Kepler-1148,0.81,0.77,5054.0,625.692,290.9536059,45.7195545,2016.0,Transit,,,-0.02,15.2812
kepler-1149 b,,,3.73090026,,Kepler-1149,0.99,1.28305,5604.94,1217.73,294.1891824,45.1515263,2016.0,Transit,,,0.0789,14.9307
kepler-115 b,1.09,,2.403679,,Kepler-115,,1.205,5979.0,623.609,297.7119299,45.261985,2014.0,Transit,,,,13.3925
kepler-115 c,2.5,,8.99088871,,Kepler-115,1.07,1.15,5931.0,623.609,297.7119299,45.261985,2014.0,Transit,,,0.07,13.3925
kepler-1150 b,2.41,,2.787868386,0.0,Kepler-1150,0.952,1.727,4827.0,358.518,296.7244553,49.5326846,2016.0,Transit,1432.0,,0.56,14.4231
kepler-1151 b,,,65.6478598521,,Kepler-1151,0.93,0.784985,5350.63,682.436,292.2477819,47.8784257,2016.0,Transit,,,-0.315,14.8569
kepler-1152 b,1.021,,,,Kepler-1152,,0.606,3809.0,215.233,290.4341483,44.1077802,2016.0,Transit,,,,14.5976
kepler-1153 b,1.51,,1.755846,0.0,Kepler-1153,0.91,0.81,5545.0,1119.49,289.1471849,45.86613,2016.0,Transit,1313.0,,,15.7976
kepler-1154 b,1.67,,5.1856142,0.0,Kepler-1154,1.09,1.022,6163.0,1460.1,297.4771158,39.8772345,2016.0,Transit,1118.0,,-0.08,14.7792
kepler-1154 c,2.424,,,,Kepler-1154,,1.414,6170.0,1460.1,297.4771158,39.8772345,2016.0,Transit,,,,14.7792
kepler-1155 b,,,33.4702599693,,Kepler-1155,,,,1128.72,288.8206058,39.5228712,2016.0,Transit,,,,14.7392
kepler-1156 b,1.32,,11.89520511,,Kepler-1156,1.0,1.0,5778.0,691.331,288.9240901,46.0575865,2016.0,Transit,,,0.02,14.1258
kepler-1157 b,0.96,,4.45743164,0.0,Kepler-1157,0.601,0.612,4487.0,342.144,283.1209268,43.5255701,2016.0,Transit,732.0,,-0.44,14.3769
kepler-1158 b,1.58,,13.53996,0.0,Kepler-1158,1.16,1.31,6367.0,1484.25,292.2339048,41.5751832,2016.0,Transit,940.0,,,13.5744
kepler-1159 b,1.82,,22.70816791,0.0,Kepler-1159,1.063,0.992,6170.0,1213.71,294.266325,45.2042317,2016.0,Transit,677.0,,-0.16,14.5451
kepler-116 b,3.43,,5.968717469,,Kepler-116,1.21,1.43,6187.0,955.168,294.7420605,43.5367842,2014.0,Transit,,,0.04,13.6894
kepler-116 c,,,13.07141889,,Kepler-116,1.23,1.37032,6282.0,955.168,294.7420605,43.5367842,2014.0,Transit,,,,13.6894
kepler-1160 b,1.95,,7.97083,0.0,Kepler-1160,0.974,0.87,5796.0,1077.63,287.8793899,43.3640752,2016.0,Transit,857.0,,,15.8003
kepler-1161 b,1.93,,10.71252541,0.0,Kepler-1161,0.53,0.519,4083.0,547.726,299.0770621,45.4405583,2016.0,Transit,468.0,,-0.5,15.8004
kepler-1162 b,2.22,,32.5637069,0.0,Kepler-1162,0.917,0.834,5575.0,940.211,283.2920273,45.4339813,2016.0,Transit,510.0,,-0.08,15.4855
kepler-1162 c,1.87800002,,59.28409958,,Kepler-1162,0.861,0.859,5225.0,940.211,283.2920273,45.4339813,2023.0,Transit,,,0.14,15.4855
kepler-1163 b,,,6.1178910941,,Kepler-1163,1.219,1.34049,6263.03,478.647,290.235863,50.0300654,2016.0,Transit,,,0.012,12.1183
kepler-1164 b,1.22,,3.97599768,0.0,Kepler-1164,0.799,0.832,5211.0,431.622,287.5296372,38.8945065,2016.0,Transit,982.0,,-0.04,14.0899
kepler-1165 b,,,9.4787662315,,Kepler-1165,1.11,1.73525,6019.0,1575.2,286.9712284,44.7082669,2016.0,Transit,,,,14.3923
kepler-1165 c,,,29.9685917,,Kepler-1165,1.11,1.73525,6019.0,1575.2,286.9712284,44.7082669,2021.0,Transit,,,,14.3923
kepler-1166 b,1.94,,33.2406882,0.0,Kepler-1166,0.904,1.015,5605.0,634.906,290.3484956,50.9028387,2016.0,Transit,563.0,,0.0,14.466
kepler-1167 b,1.7,,1.003933739,0.0,Kepler-1167,0.715,0.741,4949.0,820.905,298.3026595,47.6939654,2016.0,Transit,1421.0,,-0.18,15.9292
kepler-1168 b,2.21,,55.8226539,0.0,Kepler-1168,0.812,0.737,5167.0,752.666,287.2977834,47.455488,2016.0,Transit,379.0,,-0.18,15.6088
kepler-1169 b,0.944,,,,Kepler-1169,,1.215,6028.0,522.823,294.9115874,46.4914718,2016.0,Transit,,,,12.6852
kepler-117 b,6.04,,18.79590048,0.0,Kepler-117,1.205,1.183,6466.0,1455.57,288.7930651,48.040176,2014.0,Transit,808.0,,-0.04,14.2472
kepler-117 c,10.6,,50.79034648,0.0,Kepler-117,1.102,1.406,6163.0,1455.57,288.7930651,48.040176,2014.0,Transit,612.0,,-0.06,14.2472
kepler-1170 b,,,9.989625687,,Kepler-1170,0.83,0.901193,5004.0,1050.45,292.1685422,43.7795963,2016.0,Transit,,,,15.9093
kepler-1171 b,2.73,,1.44259224,0.0,Kepler-1171,1.462,2.043,7216.0,573.0,294.9589285,38.5915968,2016.0,Transit,2700.0,,-0.36,11.4587
kepler-1172 b,3.2,,26.0204423,,Kepler-1172,0.92,0.89,5558.0,1306.53,290.4744875,37.7665499,2016.0,Transit,,,-0.04,15.8463
kepler-1173 b,0.84,,0.7698541,0.0,Kepler-1173,0.753,0.75,5088.0,377.06,293.1311803,45.6634153,2016.0,Transit,1585.0,,,13.8043
kepler-1174 b,1.43,,6.89225,0.0,Kepler-1174,1.054,0.96,6059.0,1408.75,281.8314296,42.298891,2016.0,Transit,974.0,,,14.159
kepler-1175 b,2.453,,,,Kepler-1175,,0.761,5865.0,1121.89,289.1426847,46.8129656,2016.0,Transit,,,,15.9163
kepler-1176 b,2.068,,,,Kepler-1176,,0.906,5467.0,864.699,297.919724,45.2742038,2016.0,Transit,,,,15.0496
kepler-1177 b,1.9,,106.247547,,Kepler-1177,0.98,0.97,5712.0,1299.97,286.6714813,49.4062964,2016.0,Transit,,,0.02,14.5078
kepler-1178 b,0.73,,31.80634,0.0,Kepler-1178,0.534,0.525,4729.0,482.287,288.4561183,45.8022258,2016.0,Transit,378.0,,-1.42,13.9597
kepler-1179 b,1.307,,,,Kepler-1179,,0.744,5133.0,415.205,284.0974305,47.8104856,2016.0,Transit,,,,14.0675
kepler-118 b,,,7.5184201248,,Kepler-118,0.86,0.826603,5109.0,574.228,299.2131881,41.4248195,2014.0,Transit,,,,14.7187
kepler-118 c,5.94,,20.172023866,,Kepler-118,0.85,0.81,5234.0,574.228,299.2131881,41.4248195,2014.0,Transit,,,-0.01,14.7187
kepler-1180 b,1.71,,16.8600805,0.0,Kepler-1180,0.906,0.973,6205.0,1596.8,295.8874773,43.1559952,2016.0,Transit,765.0,,-0.58,14.9844
kepler-1181 b,1.59,,,,Kepler-1181,,1.335,6689.0,938.417,289.7473165,39.5234131,2016.0,Transit,,,,13.4553
kepler-1181 c,1.74399996,,8.934909821,,Kepler-1181,1.336,1.347,6688.0,938.417,289.7473165,39.5234131,2023.0,Transit,,,0.07,13.4553
kepler-1182 b,2.05,,11.17394617,0.0,Kepler-1182,1.006,0.914,5911.0,1545.39,296.3079895,43.8213706,2016.0,Transit,796.0,,-0.1,15.3453
kepler-1183 b,4.222,,,,Kepler-1183,,1.443,5710.0,1919.19,292.2324228,38.8921946,2016.0,Transit,,,,15.8301
kepler-1184 b,2.455,,,,Kepler-1184,,1.016,6319.0,1157.84,291.282031,46.9659514,2016.0,Transit,,,,14.9314
kepler-1185 b,1.39,,104.3519624,0.0,Kepler-1185,0.971,0.87,5650.0,459.273,287.2411783,39.3326977,2016.0,Transit,355.0,,0.02,12.5524
kepler-1186 b,2.23,,16.07677615,,Kepler-1186,0.95,0.93,5635.0,1337.25,288.4796333,47.1017438,2016.0,Transit,,,0.0,15.2673
kepler-1187 b,2.67,,18.87058705,0.0,Kepler-1187,1.028,0.949,6103.0,1020.53,286.8919996,38.3185034,2016.0,Transit,701.0,,-0.2,14.5664
kepler-1188 b,2.3,,17.13756,0.0,Kepler-1188,1.09,1.05,6195.0,1717.48,283.1038438,43.1480487,2016.0,Transit,765.0,,,14.9676
kepler-1189 b,1.23,,3.788753,0.0,Kepler-1189,0.94,1.1,5817.0,782.852,298.4264116,47.9468194,2016.0,Transit,1242.0,,,14.249
kepler-119 b,3.55,,2.422084188,0.0,Kepler-119,0.928,0.83,5598.0,701.996,295.9463854,42.6588324,2014.0,Transit,1213.0,,-0.1,14.2004
kepler-119 c,0.88,,4.12511935,0.0,Kepler-119,0.928,0.83,5598.0,701.996,295.9463854,42.6588324,2014.0,Transit,1016.0,,-0.1,14.2004
kepler-1190 b,,,10.45839865,,Kepler-1190,0.711,0.705447,4521.62,342.509,284.9996582,49.4799506,2016.0,Transit,,,-0.264,14.494
kepler-1191 b,1.73,,5.60013327,0.0,Kepler-1191,0.858,0.978,5288.0,955.536,291.6577923,48.0092619,2016.0,Transit,952.0,,0.18,15.3125
kepler-1192 b,2.2,,25.2033,0.0,Kepler-1192,0.98,0.87,5796.0,1304.19,282.1405603,43.8964934,2016.0,Transit,583.0,,,15.6807
kepler-1193 b,1.37,,2.832647249,0.0,Kepler-1193,1.088,1.272,5865.0,802.116,288.1447323,51.2756446,2016.0,Transit,1453.0,,0.16,13.4208
kepler-1194 b,1.9,,16.22391,0.0,Kepler-1194,0.96,1.15,5862.0,757.382,291.6994841,38.1452065,2016.0,Transit,786.0,,,14.1034
kepler-1195 b,2.3,,8.496449,0.0,Kepler-1195,0.77,0.75,5132.0,918.566,284.3510523,40.8529319,2016.0,Transit,715.0,,,15.9123
kepler-1196 b,2.01,,66.1849031,0.0,Kepler-1196,0.946,0.866,5893.0,922.333,292.369585,43.9108663,2016.0,Transit,431.0,,-0.26,14.8324
kepler-1197 b,,,2.032318856,,Kepler-1197,0.718,0.746629,4552.0,486.94,291.6693437,42.5907441,2016.0,Transit,,,,15.1132
kepler-1198 b,1.47,,7.6847716,,Kepler-1198,0.93,0.9,5517.0,743.03,288.8339659,44.838198,2016.0,Transit,,,0.03,14.7693
kepler-1199 b,1.08,,15.0447198,0.0,Kepler-1199,0.908,1.055,5934.0,563.493,293.7258092,47.2469219,2016.0,Transit,791.0,,-0.3,13.0302
kepler-12 b,19.122554,136.6669,4.4379637,,Kepler-12,1.157,1.49,5947.0,881.386,286.2434458,50.0403671,2011.0,Transit,1485.0,,0.07,13.3596
kepler-120 b,2.0,,6.312508525,0.0,Kepler-120,0.591,0.571,4090.0,388.63,287.8915707,39.3390979,2014.0,Transit,575.0,,-0.18,14.7188
kepler-120 c,2.038,,,,Kepler-120,,0.729,4096.0,388.63,287.8915707,39.3390979,2014.0,Transit,,,,14.7188
kepler-1200 b,1.06,,1.118549717,,Kepler-1200,0.74,0.7,4612.0,588.715,296.6034317,44.1292537,2016.0,Transit,,,0.04,15.7889
kepler-1201 b,,,15.1872763462,,Kepler-1201,1.08,1.00301,5912.0,944.241,294.6147908,40.8331158,2016.0,Transit,,,,14.7003
kepler-1202 b,2.4,,28.6851324,0.0,Kepler-1202,0.918,0.835,5722.0,1175.38,292.290606,44.6532281,2016.0,Transit,546.0,,-0.2,15.6084
kepler-1203 b,1.216,,,,Kepler-1203,,0.703,3817.0,317.022,292.7734523,44.178088,2016.0,Transit,,,,14.9147
kepler-1204 b,3.14,,85.7350285,0.0,Kepler-1204,1.054,1.077,6096.0,1175.22,289.4415238,42.4981476,2016.0,Transit,448.0,,-0.04,15.295
kepler-1205 b,1.75,,1.078390352,0.0,Kepler-1205,0.857,0.985,5325.0,698.485,290.2796734,41.5150499,2016.0,Transit,1665.0,,0.14,15.1303
kepler-1206 b,1.64,,1.216997663,,Kepler-1206,0.8,0.75,4877.0,762.019,295.9383737,49.7911337,2016.0,Transit,,,0.07,15.9286
kepler-1207 b,1.53,,13.68237119,0.0,Kepler-1207,1.099,1.026,6102.0,1754.19,295.0641963,49.3589615,2016.0,Transit,802.0,,0.0,14.4485
kepler-1208 b,2.6,,11.08487,0.0,Kepler-1208,0.89,0.84,4897.0,825.176,291.8812445,44.5557587,2016.0,Transit,648.0,,,15.9464
kepler-1209 b,1.48,,25.369116,0.0,Kepler-1209,1.205,1.383,6344.0,505.531,287.5849352,49.1547328,2016.0,Transit,775.0,,0.02,12.4115
kepler-121 b,2.34,,3.177422,,Kepler-121,,0.701,5311.0,510.523,286.1621273,39.6780204,2014.0,Transit,,,,14.677
kepler-121 c,,,41.00820122,,Kepler-121,0.92,0.682614,5318.0,510.523,286.1621273,39.6780204,2014.0,Transit,,,,14.677
kepler-1210 b,1.56,,8.07124073,0.0,Kepler-1210,0.874,0.853,5766.0,1176.53,292.8321598,48.2193376,2016.0,Transit,856.0,,-0.32,15.566
kepler-1211 b,2.3,,11.01832,0.0,Kepler-1211,1.05,0.95,6054.0,1826.53,285.7207618,40.8569116,2016.0,Transit,829.0,,,15.8278
kepler-1212 b,2.086,,,,Kepler-1212,,1.149,6122.0,1316.57,296.8534096,50.0373196,2016.0,Transit,,,,15.0235
kepler-1213 b,1.21,,5.349325,0.0,Kepler-1213,1.1,1.04,6218.0,807.812,289.4858423,50.9441967,2016.0,Transit,1125.0,,,13.342
kepler-1214 b,2.36,,18.82634264,,Kepler-1214,0.85,0.8,5130.0,729.227,285.1427113,49.8006565,2016.0,Transit,,,0.05,15.2226
kepler-1215 b,,,4.7670445073,,Kepler-1215,0.95,0.915914,5432.0,661.022,297.4636477,48.1813978,2016.0,Transit,,,,14.4254
kepler-1216 b,1.455,,,,Kepler-1216,,1.105,5654.0,1258.36,287.4052661,45.917979,2016.0,Transit,,,,15.107
kepler-1217 b,1.91,,2.032325072,0.0,Kepler-1217,1.114,1.05,6156.0,1347.71,289.1866841,50.9375614,2016.0,Transit,1541.0,,0.0,15.2415
kepler-1218 b,1.742,,,,Kepler-1218,,1.413,5832.0,840.503,291.5788505,44.5316825,2016.0,Transit,,,,13.5511
kepler-1219 b,3.03,,,,Kepler-1219,,2.726,6003.0,880.895,297.2158443,47.3785082,2016.0,Transit,,,,12.2321
kepler-122 b,2.26,,5.76616658,,Kepler-122,1.08,1.15,6076.0,1027.45,291.1118647,39.9490248,2014.0,Transit,,,-0.06,14.2223
kepler-122 c,4.66,,12.465995556,0.0,Kepler-122,1.028,0.949,6103.0,1027.45,291.1118647,39.9490248,2014.0,Transit,804.0,,-0.2,14.2223
kepler-122 d,1.89,,21.5878875,,Kepler-122,1.08,1.15,6076.0,1027.45,291.1118647,39.9490248,2014.0,Transit,,,-0.06,14.2223
kepler-122 e,2.38,,37.9963981,,Kepler-122,1.08,1.15,6076.0,1027.45,291.1118647,39.9490248,2014.0,Transit,,,-0.06,14.2223
kepler-122 f,2.15,,56.2587885,,Kepler-122,1.08,1.15,6076.0,1027.45,291.1118647,39.9490248,2014.0,Transit Timing Variations,,,-0.06,14.2223
kepler-1220 b,1.38,,7.42716,0.0,Kepler-1220,0.942,0.99,5811.0,961.907,297.070398,42.9777396,2016.0,Transit,944.0,,,14.9649
kepler-1221 b,,,12.0010017218,,Kepler-1221,,,,913.65,285.8223636,45.7118423,2016.0,Transit,,,,15.5804
kepler-1222 b,0.69,,1.916944254,0.0,Kepler-1222,0.752,0.678,5166.0,415.218,294.889616,49.3798215,2016.0,Transit,1134.0,,-0.42,14.0908
kepler-1223 b,1.54,,16.3012727,0.0,Kepler-1223,0.836,0.796,4873.0,459.957,285.2956462,44.5527542,2016.0,Transit,557.0,,0.32,14.6119
kepler-1224 b,1.32,,13.32354078,0.0,Kepler-1224,1.194,1.218,6113.0,559.598,286.6257591,37.537313,2016.0,Transit,872.0,,0.22,12.825
kepler-1225 b,1.82,,7.010723,0.0,Kepler-1225,1.16,1.09,6369.0,1347.52,290.6332748,40.1369671,2016.0,Transit,1069.0,,,14.632
kepler-1226 b,1.52,,17.29184,0.0,Kepler-1226,1.1,1.01,6197.0,1125.72,296.3768521,50.6214592,2016.0,Transit,748.0,,,14.1497
kepler-1227 b,2.11,,94.289223,0.0,Kepler-1227,1.026,0.904,5632.0,623.706,287.0664109,41.8749712,2016.0,Transit,369.0,,0.21,14.1758
kepler-1228 b,,,0.5773691747,,Kepler-1228,0.806,0.728395,4914.65,515.453,296.552761,46.9661945,2016.0,Transit,,,-0.652,14.8612
kepler-1229 b,1.12,,86.828989,0.0,Kepler-1229,0.431,0.414,3724.0,265.482,297.4868347,46.9966782,2016.0,Transit,196.0,,-0.4,15.5104
kepler-123 b,,,17.23232894,,Kepler-123,1.25,1.32895,6338.0,1021.66,296.9985853,42.7819633,2014.0,Transit,,,,14.0212
kepler-123 c,1.31,,26.6951659,0.0,Kepler-123,1.012,1.092,6086.0,1021.66,296.9985853,42.7819633,2014.0,Transit,669.0,,-0.14,14.0212
kepler-1230 b,,,9.9567996476,,Kepler-1230,1.05,1.08946,5845.0,1364.22,283.2645129,41.7114526,2016.0,Transit,,,,15.2743
kepler-1231 b,,,10.417367726,,Kepler-1231,0.98,1.10189,5572.0,987.237,288.5882888,42.6056644,2016.0,Transit,,,,14.714
kepler-1232 b,1.59,,26.7838935,0.0,Kepler-1232,0.869,0.856,5242.0,632.865,296.5500966,49.102307,2016.0,Transit,523.0,,0.14,14.7619
kepler-1233 b,2.36,,45.1263042,0.0,Kepler-1233,1.185,1.163,6505.0,1178.7,297.3750954,46.6622201,2016.0,Transit,604.0,,-0.12,14.6594
kepler-1234 b,,,11.9401182337,,Kepler-1234,0.78,0.855722,4805.0,916.749,287.5220359,51.3759464,2016.0,Transit,,,,15.878
kepler-1235 b,0.807,,,,Kepler-1235,,0.941,5327.0,540.604,284.9030677,43.9540616,2016.0,Transit,,,,13.8765
kepler-1236 b,1.85,,31.0572947,0.0,Kepler-1236,0.821,0.734,5395.0,999.64,295.6247375,42.5458739,2016.0,Transit,480.0,,-0.34,15.9248
kepler-1237 b,2.8,,84.5733226,0.0,Kepler-1237,1.005,0.888,5418.0,1064.31,295.6292745,44.6905815,2016.0,Transit,366.0,,0.36,15.7553
kepler-1238 b,1.57,,4.14787559,0.0,Kepler-1238,1.26,1.198,6337.0,1632.13,297.9057655,40.1628378,2016.0,Transit,1309.0,,0.21,14.7328
kepler-1239 b,1.92,,5.19103699,0.0,Kepler-1239,1.207,1.125,6321.0,2140.6,293.1273357,42.3200578,2016.0,Transit,1183.0,,0.07,15.3947
kepler-124 b,0.8,,3.41045424,0.0,Kepler-124,0.724,0.657,5196.0,420.046,286.7527322,49.0648788,2014.0,Transit,931.0,,-0.54,14.124
kepler-124 c,2.502,,13.82139306,,Kepler-124,0.706,0.748,4960.0,420.046,286.7527322,49.0648788,2014.0,Transit,,,-0.46,14.124
kepler-124 d,1.433,,30.9507608,,Kepler-124,0.706,0.748,4960.0,420.046,286.7527322,49.0648788,2014.0,Transit,,,-0.46,14.124
kepler-1240 b,1.597,,,,Kepler-1240,,1.342,5670.0,862.186,282.9997682,40.5574322,2016.0,Transit,,,,13.9609
kepler-1241 b,2.53,,18.5525162,0.0,Kepler-1241,0.928,0.829,5569.0,968.722,294.5762033,38.4569588,2016.0,Transit,612.0,,-0.08,15.669
kepler-1242 b,2.61,,13.62798432,0.0,Kepler-1242,0.805,0.855,5052.0,687.615,284.6062174,41.196344,2016.0,Transit,639.0,,0.16,15.4984
kepler-1243 b,1.6,,16.83192,0.0,Kepler-1243,0.94,0.93,5782.0,758.17,294.009397,42.8807779,2016.0,Transit,694.0,,,14.8331
kepler-1244 b,1.35,,3.70428172,,Kepler-1244,1.46,1.77,6680.0,1075.81,282.3012505,46.5161814,2016.0,Transit,,,0.05,12.3234
kepler-1245 b,1.8,,4.354075,0.0,Kepler-1245,0.82,0.93,5447.0,805.936,290.7443078,43.260753,2016.0,Transit,1046.0,,,15.3721
kepler-1245 c,1.64,,2.936584681,0.0,Kepler-1245,0.795,0.909,5455.0,805.936,290.7443078,43.260753,2016.0,Transit,1189.0,,-0.2,15.3721
kepler-1246 b,1.23,,11.32271513,0.0,Kepler-1246,0.634,0.642,4563.0,436.505,287.6572346,48.9822053,2016.0,Transit,554.0,,-0.32,15.0318
kepler-1247 b,,,13.71234606,,Kepler-1247,0.92,0.789254,5326.0,1045.92,294.5335974,46.6182365,2016.0,Transit,,,,15.9013
kepler-1248 b,,,7.4672710454,,Kepler-1248,,1.34029,6074.93,593.026,288.0592191,51.3544564,2016.0,Transit,,,0.1785,12.9248
kepler-1249 b,1.74,,24.3344939,0.0,Kepler-1249,1.045,0.967,6091.0,1904.54,296.8948517,44.3717429,2016.0,Transit,647.0,,-0.14,15.3518
kepler-125 b,,,4.16438309,,Kepler-125,0.542101,0.546506,3800.0,183.365,298.2581101,47.6050031,2014.0,Transit,,,,14.7675
kepler-125 c,0.83,,5.77442209,,Kepler-125,0.53,0.51,3824.0,183.365,298.2581101,47.6050031,2014.0,Transit,,,-0.14,14.7675
kepler-1250 b,,,2.607545159,,Kepler-1250,1.01,1.52652,5690.0,2126.85,287.7938184,45.9802492,2016.0,Transit,,,,15.5694
kepler-1251 b,,,45.091056799,,Kepler-1251,0.98,0.904617,5558.2,902.204,292.1151093,49.2563792,2016.0,Transit,,,0.319,14.9391
kepler-1252 b,1.44,,15.0539886,0.0,Kepler-1252,0.734,0.818,5475.0,648.979,298.9503634,46.6928437,2016.0,Transit,665.0,,-0.46,14.4946
kepler-1253 b,1.33,,68.8861915,,Kepler-1253,0.97,1.1,5850.0,514.524,283.8852196,47.6371507,2016.0,Transit,,,-0.14,12.4566
kepler-1254 b,,,9.99115241,,Kepler-1254,0.8,0.718755,4898.13,622.818,285.1733174,48.7700099,2016.0,Transit,,,-0.215,15.3024
kepler-1254 c,1.186,,,,Kepler-1254,,0.696,4826.0,622.818,285.1733174,48.7700099,2016.0,Transit,,,,15.3024
kepler-1254 d,1.4,,5.72716067,0.0,Kepler-1254,0.771,0.796,4838.0,622.818,285.1733174,48.7700099,2016.0,Transit,794.0,,0.18,15.3024
kepler-1255 b,,,36.292017,,Kepler-1255,1.08,1.35224,5924.0,1617.07,295.2392569,42.7264842,2016.0,Transit,,,,15.199
kepler-1256 b,1.4,,12.4127754,0.0,Kepler-1256,1.141,1.28,6453.0,891.192,291.4742443,44.6834119,2016.0,Transit,972.0,,-0.18,13.513
kepler-1257 b,1.55,,2.668313762,0.0,Kepler-1257,0.996,0.899,5806.0,1105.95,296.0756231,45.6270165,2016.0,Transit,1252.0,,-0.04,15.5124
kepler-1258 b,,,0.9849449013,,Kepler-1258,1.03,1.11834,5761.02,717.555,285.4049723,49.9948186,2016.0,Transit,,,-0.388,13.7847
kepler-1259 b,1.6,,0.663085361,0.0,Kepler-1259,0.878,0.767,5172.0,805.562,297.8414628,46.9676288,2016.0,Transit,1681.0,,0.07,15.333
kepler-126 b,,,10.4957270704,,Kepler-126,1.2,1.44854,6221.0,237.401,289.3473634,44.2084445,2014.0,Transit,,,-0.13,10.454
kepler-126 c,1.608,1.27942148,21.86967617,0.0,Kepler-126,1.108,,,237.401,289.3473634,44.2084445,2014.0,Transit,,,,10.454
kepler-126 d,2.716,,,,Kepler-126,,1.404,6270.0,237.401,289.3473634,44.2084445,2014.0,Transit,,,,10.454
kepler-1260 b,1.45,,19.1187753,0.0,Kepler-1260,0.809,0.866,5923.0,1734.43,295.5912652,42.5552261,2016.0,Transit,673.0,,-0.64,14.8234
kepler-1261 b,,,48.4313560185,,Kepler-1261,0.79,0.77044,4865.55,744.294,285.2324786,48.8066963,2016.0,Transit,,,0.009,15.5817
kepler-1262 b,,,8.679037,,Kepler-1262,1.01,0.913995,5682.0,1054.87,288.7718287,42.2131694,2016.0,Transit,,,,15.1837
kepler-1263 b,1.14,,4.55139967,,Kepler-1263,0.84,0.8,5213.0,664.83,286.483626,46.7526182,2016.0,Transit,,,-0.03,15.0007
kepler-1264 b,1.25,,0.96852,0.0,Kepler-1264,0.992,0.99,5944.0,801.993,289.8844102,45.2115075,2016.0,Transit,1895.0,,,14.4788
kepler-1265 b,1.47,,6.49441289,0.0,Kepler-1265,0.724,0.742,4769.0,583.641,284.5858364,47.0795646,2016.0,Transit,732.0,,0.0,15.5655
kepler-1266 b,2.61,,28.474748,0.0,Kepler-1266,0.854,0.762,5274.0,849.312,285.8693277,42.7279996,2016.0,Transit,489.0,,-0.14,15.836
kepler-1266 c,1.466,,4.86635506,,Kepler-1266,0.728,0.717,4976.0,849.312,285.8693277,42.7279996,2021.0,Transit,,,-0.24,15.836
kepler-1267 b,2.88,,13.0313583,0.0,Kepler-1267,0.926,1.071,5514.0,1379.43,299.1695093,43.4410533,2016.0,Transit,774.0,,0.16,15.8136
kepler-1268 b,2.14,,40.9903986,0.0,Kepler-1268,1.085,1.147,6324.0,1840.77,287.838419,43.1531776,2016.0,Transit,610.0,,-0.1,15.2224
kepler-1269 b,1.63,,37.3331536,,Kepler-1269,1.1,1.15,5998.0,1097.23,287.8055442,45.3405371,2016.0,Transit,,,0.07,13.5701
kepler-127 b,1.46,,14.43594397,0.0,Kepler-127,1.24,1.359,6106.0,352.794,285.1899439,46.0280596,2014.0,Transit,890.0,,0.33,11.4381
kepler-127 c,,,29.39325141,,Kepler-127,1.13,1.4457,6066.19,352.794,285.1899439,46.0280596,2014.0,Transit,,,0.2142,11.4381
kepler-127 d,2.668,,48.62997,0.03,Kepler-127,1.13,1.4457,6066.19,352.794,285.1899439,46.0280596,2014.0,Transit,,,0.2142,11.4381
kepler-1270 b,3.12,,6.0331,0.0,Kepler-1270,1.38,3.04,5172.0,1095.05,286.7156676,48.6452552,2016.0,Transit,1482.0,,,13.2851
kepler-1271 b,1.2,,3.0255955,0.0,Kepler-1271,1.1,1.038,6184.0,831.991,286.3442954,37.4119347,2016.0,Transit,1351.0,,-0.06,13.8677
kepler-1272 b,,,51.1323302228,,Kepler-1272,1.04,1.51323,5807.0,1206.37,285.2197605,38.8058393,2016.0,Transit,,,,14.3837
kepler-1273 b,2.3,,28.62525,0.0,Kepler-1273,0.941,0.84,5679.0,1114.24,285.8032016,44.8733983,2016.0,Transit,542.0,,,15.796
kepler-1274 b,1.32,,6.98152703,,Kepler-1274,1.487,2.157,6198.0,614.648,284.5936858,46.4497364,2016.0,Transit,,,0.17,11.6819
kepler-1275 b,1.22,,3.656953,0.0,Kepler-1275,1.12,1.04,6269.0,1153.98,293.5004955,44.9324455,2016.0,Transit,1290.0,,,14.4061
kepler-1276 b,1.09,,12.5720095,0.0,Kepler-1276,0.99,1.075,6456.0,538.481,287.8570173,40.5471909,2016.0,Transit,909.0,,-0.54,12.8485
kepler-1277 b,1.482,,40.8365012,,Kepler-1277,0.834,0.855,5478.0,557.193,295.1025166,40.5723736,2016.0,Transit,,,-0.17,14.0928
kepler-1278 b,0.77,,3.23941344,0.0,Kepler-1278,0.934,0.858,6075.0,889.426,282.9569197,42.8255589,2016.0,Transit,1213.0,,-0.46,13.6316
kepler-1279 b,1.34,,23.4772553,0.0,Kepler-1279,1.046,1.121,6384.0,1494.22,288.0955917,40.365909,2016.0,Transit,738.0,,-0.24,13.9318
kepler-128 b,1.2,,15.092,,Kepler-128,1.184,1.659,6072.0,396.379,282.4922622,43.9802442,2013.0,Transit,970.0,,-0.09,11.2886
kepler-128 c,,,22.8030252,,Kepler-128,1.14,1.74633,6083.0,396.379,282.4922622,43.9802442,2013.0,Transit,,,-0.01,11.2886
kepler-1280 b,2.836,,66.5579057,,Kepler-1280,1.18,1.943,6137.0,1486.7,293.5738933,45.3844919,2016.0,Transit,,,-0.11,13.9999
kepler-1281 b,1.69,,3.11602791,0.0,Kepler-1281,0.977,0.86,5591.0,,295.3543571,48.5153932,2016.0,Transit,1123.0,,0.07,15.997
kepler-1282 b,,,2.131945045,,Kepler-1282,0.95,0.910714,5444.0,1103.29,290.1761688,46.6983036,2016.0,Transit,,,,15.4921
kepler-1283 b,,,12.9462567,,Kepler-1283,1.15,2.58539,6120.0,2921.99,295.4623336,40.7769335,2016.0,Transit,,,,15.0697
kepler-1284 b,1.21,,0.664073806,,Kepler-1284,0.84,0.79,5123.0,882.324,291.2789549,47.6875766,2016.0,Transit,,,0.03,15.6622
kepler-1285 b,,,14.79655777,,Kepler-1285,1.12,1.5928,6032.07,422.269,281.8353366,44.1558825,2016.0,Transit,,,0.1189,11.6497
kepler-1286 b,2.42,,11.25401871,0.0,Kepler-1286,1.022,1.118,5995.0,1354.46,280.2583709,43.8357433,2016.0,Transit,888.0,,-0.04,15.1425
kepler-1287 b,,,11.4768648398,,Kepler-1287,1.02,0.923016,5702.0,1003.26,289.1346298,47.063018,2016.0,Transit,,,,15.0069
kepler-1288 b,1.84,,2.7612237,0.0,Kepler-1288,1.436,2.232,6381.0,814.078,285.7135,41.6058799,2016.0,Transit,2017.0,,-0.08,13.1774
kepler-1289 b,1.58,,7.990251,0.0,Kepler-1289,1.021,0.92,5956.0,1053.57,296.388767,41.040509,2016.0,Transit,895.0,,,14.5992
kepler-129 b,2.409,,15.791619,0.01,Kepler-129,1.02,1.74549,5705.33,408.845,285.3111845,47.8484775,2014.0,Transit,,,0.221,11.6437
kepler-129 c,2.522,,82.1908,0.2,Kepler-129,1.02,1.74549,5705.33,408.845,285.3111845,47.8484775,2014.0,Transit,,,0.221,11.6437
kepler-129 d,,2637.9757781,2646.0,0.15,Kepler-129,1.178,1.653,5770.0,408.845,285.3111845,47.8484775,2021.0,Radial Velocity,,G4 V,0.29,11.6437
kepler-1290 b,1.52,,4.69500134,0.0,Kepler-1290,1.045,0.959,5999.0,1593.7,290.6852287,43.8596155,2016.0,Transit,1098.0,,-0.06,15.6906
kepler-1291 b,1.39,,8.62989,0.0,Kepler-1291,0.856,0.76,5342.0,897.352,289.3770051,40.0010791,2016.0,Transit,733.0,,,15.8826
kepler-1292 b,1.779,,,,Kepler-1292,,0.999,5814.0,1493.43,284.9057222,43.9491434,2016.0,Transit,,,,15.9483
kepler-1293 b,0.92,,5.57654782,0.0,Kepler-1293,1.23,1.238,6187.0,1028.16,290.0258783,48.3359227,2016.0,Transit,1183.0,,0.26,13.3004
kepler-1294 b,3.52,,115.6863392,0.0,Kepler-1294,1.021,1.149,5800.0,1855.7,291.2681037,44.4881624,2016.0,Transit,401.0,,0.14,15.1501
kepler-1295 b,1.37,,3.81371423,0.0,Kepler-1295,0.918,0.82,5547.0,1174.46,291.3978451,45.588553,2016.0,Transit,1029.0,,-0.1,15.9075
kepler-1296 b,0.91,,8.3839865,,Kepler-1296,0.87,0.83,5359.0,1551.54,292.1251038,41.4077928,2016.0,Transit,,,-0.04,14.6267
kepler-1297 b,,,1.68189051,,Kepler-1297,1.05,1.39385,5817.0,1439.47,289.9564415,47.0203466,2016.0,Transit,,,,14.7821
kepler-1298 b,,,7.128050139,,Kepler-1298,1.13,2.38684,6058.57,544.163,284.4227535,49.1061907,2016.0,Transit,,,-0.174,11.3125
kepler-1299 b,2.47,,19.9400874,0.0,Kepler-1299,0.827,0.755,5609.0,1404.94,286.1501263,37.4113438,2016.0,Transit,585.0,,-0.42,15.9003
kepler-130 b,1.02,,8.45744892,0.0,Kepler-130,0.95,1.137,5903.0,316.663,288.4505905,40.2452006,2014.0,Transit,982.0,,-0.16,11.8253
kepler-130 c,2.811,,27.508686,0.08,Kepler-130,1.091,1.17925,5958.0,316.663,288.4505905,40.2452006,2014.0,Transit,,,-0.199,11.8253
kepler-130 d,,,87.5173179822,,Kepler-130,1.091,1.17925,5958.0,316.663,288.4505905,40.2452006,2014.0,Transit,,,-0.199,11.8253
kepler-1300 b,,,22.24207899,,Kepler-1300,1.15,1.86373,6097.98,777.025,289.0330532,40.0869182,2016.0,Transit,,,-0.1516,12.7678
kepler-1301 b,1.35,,9.08233411,0.0,Kepler-1301,0.884,0.788,5354.0,854.28,286.6041816,42.4403309,2016.0,Transit,734.0,,-0.08,15.3734
kepler-1302 b,1.585,,,,Kepler-1302,,0.712,5335.0,634.58,290.9892462,50.308064,2016.0,Transit,,,,15.0387
kepler-1303 b,1.16,,7.561207,0.0,Kepler-1303,0.984,0.88,5823.0,897.783,284.287147,42.3555784,2016.0,Transit,878.0,,,14.6164
kepler-1304 b,2.31,,16.1288853,0.0,Kepler-1304,0.756,0.821,5295.0,2176.08,285.2763652,39.4468274,2016.0,Transit,627.0,,-0.24,15.0446
kepler-1305 b,1.75,,13.5630972,0.0,Kepler-1305,0.99,0.895,5853.0,1575.23,297.3394624,46.3472165,2016.0,Transit,733.0,,-0.1,15.7145
kepler-1306 b,1.867,,,,Kepler-1306,,0.982,5493.0,1107.5,294.4783627,46.9458638,2016.0,Transit,,,,15.212
kepler-1307 b,1.684,,,,Kepler-1307,,0.751,6248.0,1014.62,292.8698348,46.7418679,2016.0,Transit,,,,15.3803
kepler-1308 b,0.52,,2.104338119,0.0,Kepler-1308,0.35,0.345,3410.0,112.705,285.9287514,38.5207097,2016.0,Transit,586.0,,0.0,14.4744
kepler-1309 b,2.66,,28.8431751,0.0,Kepler-1309,0.758,0.785,5151.0,,298.7351131,40.7641262,2016.0,Transit,491.0,,-0.16,16.1875
kepler-131 b,1.98,,16.09197176,0.0,Kepler-131,1.071,0.958,5791.0,228.678,288.5308924,40.942373,2014.0,Transit,700.0,,0.21,11.4904
kepler-131 c,0.84,,25.51704,0.0,Kepler-131,1.021,1.034,5687.0,228.678,288.5308924,40.942373,2014.0,Transit,617.0,,,11.4904
kepler-1310 b,1.353,,,,Kepler-1310,,0.88,5463.0,569.185,283.9200236,40.7400419,2016.0,Transit,,,,14.1223
kepler-1311 b,1.535,,,,Kepler-1311,,1.718,5754.0,866.331,289.6512597,43.8244445,2016.0,Transit,,,,13.3176
kepler-1311 c,,,2.5357165688,,Kepler-1311,1.02,1.75366,5719.0,866.331,289.6512597,43.8244445,2016.0,Transit,,,0.0524,13.3176
kepler-1311 d,7.22,,197.5107678,0.0,Kepler-1311,1.002,1.236,5988.0,866.331,289.6512597,43.8244445,2021.0,Transit,360.0,,-0.12,13.3176
kepler-1312 b,2.1,,5.448325286,,Kepler-1312,0.99,0.92,5719.0,299.104,292.9712801,41.0357494,2016.0,Transit,,,-0.02,12.3778
kepler-1312 c,0.93,,1.1161319,0.0,Kepler-1312,0.951,0.84,5706.0,299.104,292.9712801,41.0357494,2021.0,Transit,1595.0,,,12.3778
kepler-1313 b,1.675,,3.833091178,,Kepler-1313,0.894,0.787,5416.0,174.234,292.388582,42.2332767,2016.0,Transit,,,0.12,11.7892
kepler-1314 b,5.11,,5.424749281,,Kepler-1314,0.6,0.59,4188.0,,294.2373599,45.1968274,2016.0,Transit,,,-0.22,17.1206
kepler-1315 b,1.57,,0.84338011,0.0,Kepler-1315,0.809,0.856,4818.0,480.869,295.8215678,46.0530562,2016.0,Transit,1540.0,,0.56,14.9517
kepler-1315 c,1.72,,6.56606842,0.0,Kepler-1315,0.809,0.856,4818.0,480.869,295.8215678,46.0530562,2021.0,Transit,777.0,,0.56,14.9517
kepler-1316 b,2.7,,87.9732136,0.0,Kepler-1316,0.937,0.848,5821.0,800.871,298.8358277,40.2930714,2016.0,Transit,384.0,,-0.22,13.9509
kepler-1317 b,,,0.5688719526,,Kepler-1317,0.84,0.809194,5057.15,728.303,291.6118842,42.1159787,2016.0,Transit,,,0.3028,15.2339
kepler-1318 b,3.11,,213.257663,,Kepler-1318,0.73,0.7,4598.0,475.248,290.3763246,41.1507928,2016.0,Transit,,,-0.01,15.2424
kepler-1319 b,,,2.8867601176,,Kepler-1319,0.498257,0.500204,3527.0,103.917,290.9564463,49.3667933,2016.0,Transit,,,,14.2218
kepler-132 b,1.07,,6.17828255,,Kepler-132,1.03,1.1,6023.0,349.549,283.23581,41.343037,2014.0,Transit,,,-0.13,
kepler-132 c,,,6.41491277,,Kepler-132,,,5904.77,349.549,283.23581,41.343037,2014.0,Transit,,,-0.2159,
kepler-132 d,1.41,,18.01017554,0.0,Kepler-132,0.919,1.045,5921.0,349.549,283.23581,41.343037,2014.0,Transit,738.0,,-0.26,
kepler-132 e,,,110.2867031,,Kepler-132,,,5904.77,349.549,283.23581,41.343037,2016.0,Transit,,,-0.2159,
kepler-1320 b,,,0.868386354,,Kepler-1320,0.72,0.687686,4575.0,647.424,288.4335977,40.3808519,2016.0,Transit,,,,15.9045
kepler-1321 b,5.814,,,,Kepler-1321,,0.724,3640.0,769.146,294.528597,46.6408737,2016.0,Transit,,,,16.9282
kepler-1321 c,3.1,,2.226494,0.0,Kepler-1321,0.59,0.6,4210.0,769.146,294.528597,46.6408737,2016.0,Transit,860.0,,,16.9282
kepler-1321 d,2.7,,5.720856,0.0,Kepler-1321,0.59,0.6,4210.0,769.146,294.528597,46.6408737,2021.0,Transit,625.0,,,16.9282
kepler-1322 b,1.48,,0.962867382,0.0,Kepler-1322,0.88,0.802,5693.0,1350.32,293.2045009,45.4353919,2016.0,Transit,1662.0,,-0.3,15.7753
kepler-1322 c,2.0,,6.460056,0.0,Kepler-1322,0.96,0.85,5720.0,1350.32,293.2045009,45.4353919,2021.0,Transit,899.0,,,15.7753
kepler-1323 b,,,0.9299029692,,Kepler-1323,1.125,1.27918,6046.65,465.417,292.8722515,46.098729,2016.0,Transit,,,-0.028,12.344
kepler-1324 b,1.554,,,,Kepler-1324,,0.664,4820.0,481.667,291.1849503,40.3112023,2016.0,Transit,,,,15.1336
kepler-1325 b,3.053,,,,Kepler-1325,,0.931,5533.0,973.368,285.0171505,42.085312,2016.0,Transit,,,,15.1289
kepler-1326 b,3.7,,42.35113,0.0,Kepler-1326,1.33,1.34,6858.0,698.326,296.222199,39.268942,2016.0,Transit,685.0,,,12.7411
kepler-1327 b,1.9,,14.88801098,0.0,Kepler-1327,1.001,1.116,6143.0,678.069,289.0648073,50.4609183,2016.0,Transit,831.0,,-0.2,13.8837
kepler-1328 b,0.94,,4.52158888,0.0,Kepler-1328,1.001,0.911,5941.0,813.543,284.6753857,44.4177225,2016.0,Transit,1081.0,,-0.14,13.8033
kepler-1329 b,2.404,,,,Kepler-1329,,0.652,4442.0,588.037,281.6476437,48.2709523,2016.0,Transit,,,,15.8498
kepler-133 b,1.87,,8.13000457,0.0,Kepler-133,0.998,1.498,5588.0,653.6,297.2778906,48.3203542,2014.0,Transit,1073.0,,0.12,12.8415
kepler-133 c,3.181,,,,Kepler-133,,1.636,5712.0,653.6,297.2778906,48.3203542,2014.0,Transit,,,,12.8415
kepler-1330 b,1.65,,10.10769068,,Kepler-1330,0.97,0.94,5608.0,1720.48,290.5767116,39.9568913,2016.0,Transit,,,0.08,14.9451
kepler-1331 b,0.96,,0.789161653,0.0,Kepler-1331,0.61,0.622,4258.0,319.197,297.0737928,41.2244613,2016.0,Transit,1243.0,,-0.18,15.0318
kepler-1332 b,,,11.87457664,,Kepler-1332,0.975,0.926114,5541.94,528.685,291.0286411,43.9137055,2016.0,Transit,,,-0.0519,13.795
kepler-1333 b,,,109.6469948,,Kepler-1333,0.96,0.890843,5488.86,932.446,293.5275797,41.111394,2016.0,Transit,,,-0.1016,15.1714
kepler-1334 b,2.31,,15.64591713,0.0,Kepler-1334,1.008,0.916,5896.0,1223.04,289.311532,51.3209059,2016.0,Transit,710.0,,-0.08,15.171
kepler-1335 b,1.45,,6.26406846,,Kepler-1335,0.77,0.74,4903.0,621.853,284.8384394,42.0703371,2016.0,Transit,,,-0.07,15.3037
kepler-1336 b,1.3,,23.198681,0.0,Kepler-1336,0.958,0.864,5717.0,1126.64,296.2776587,46.8998006,2016.0,Transit,592.0,,-0.08,14.0381
kepler-1336 c,2.17,,5.77721259,0.0,Kepler-1336,1.004,1.756,5416.0,1126.64,296.2776587,46.8998006,2016.0,Transit,1260.0,,0.0,14.0381
kepler-1337 b,2.54,,,,Kepler-1337,,0.694,4583.0,601.629,287.0091176,46.7961229,2016.0,Transit,,,,15.8169
kepler-1338 b,,,0.9351200117,,Kepler-1338,1.04,1.31234,5809.0,753.26,284.0422701,41.6990348,2016.0,Transit,,,,13.5742
kepler-1339 b,0.72,,1.3415609,0.0,Kepler-1339,0.855,0.886,5516.0,371.049,283.7457695,48.373469,2016.0,Transit,1510.0,,,12.1235
kepler-134 b,,,5.31743891,,Kepler-134,1.05,1.05464,5819.72,334.797,284.7391156,49.5984448,2014.0,Transit,,,-0.2067,12.2219
kepler-134 c,1.26,,10.105785,,Kepler-134,,1.176,5983.0,334.797,284.7391156,49.5984448,2014.0,Transit,,,,12.2219
kepler-1340 b,1.55,,0.665026916,,Kepler-1340,1.27,1.42,6331.0,981.779,296.2328099,42.4727965,2016.0,Transit,,,0.07,14.7546
kepler-1341 b,2.968,,132.9968322,,Kepler-1341,0.795,0.724,4683.0,476.957,280.5116813,44.1593503,2016.0,Transit,,,0.28,15.0181
kepler-1342 b,1.64,,2.215710358,0.0,Kepler-1342,0.83,0.901,5417.0,890.724,297.0200549,43.4325382,2016.0,Transit,1282.0,,-0.08,15.3835
kepler-1343 b,2.11,,3.35183158,0.0,Kepler-1343,1.072,1.009,6208.0,1756.71,294.294483,50.725385,2016.0,Transit,1298.0,,-0.16,15.5297
kepler-1344 b,1.79,,4.7683049,0.0,Kepler-1344,1.069,1.116,6237.0,853.959,287.0862799,46.9457998,2016.0,Transit,1219.0,,-0.08,14.0269
kepler-1345 b,2.17,,44.6169557,0.0,Kepler-1345,1.235,1.424,6763.0,1355.02,292.4779428,46.022821,2016.0,Transit,693.0,,-0.32,13.705
kepler-1346 b,1.58,,3.40165668,,Kepler-1346,1.14,1.21,6133.0,843.701,291.841341,45.179185,2016.0,Transit,,,0.04,14.462
kepler-1347 b,,,14.00948631,,Kepler-1347,,0.804966,5170.78,,299.6595903,40.8438526,2016.0,Transit,,,-0.253,13.4122
kepler-1348 b,1.48,,27.5722742,0.0,Kepler-1348,0.887,0.801,5977.0,1213.82,292.0874126,49.788709,2016.0,Transit,570.0,,-0.56,14.6789
kepler-1349 b,,,2.128224736,,Kepler-1349,1.05,1.4515,5835.47,276.323,286.3385562,48.7442697,2016.0,Transit,,,0.1376,11.0821
kepler-135 b,1.73,,6.002551,0.0,Kepler-135,1.14,1.21,6337.0,621.855,290.4950939,38.7954956,2014.0,Transit,1177.0,,,12.6789
kepler-135 c,,,11.44865823,,Kepler-135,1.1,1.55505,5990.67,621.855,290.4950939,38.7954956,2014.0,Transit,,,-0.105,12.6789
kepler-1350 b,2.13,,4.4968604,0.0,Kepler-1350,0.465,0.444,3698.0,340.691,288.250611,46.6794847,2016.0,Transit,535.0,,-0.2,16.2331
kepler-1350 c,1.48,,1.766789062,0.0,Kepler-1350,0.465,0.444,3698.0,340.691,288.250611,46.6794847,2016.0,Transit,730.0,,-0.2,16.2331
kepler-1351 b,0.6,,0.916140768,0.0,Kepler-1351,0.6,0.614,4374.0,202.782,293.6084289,42.1978746,2016.0,Transit,1210.0,,-0.34,14.0866
kepler-1352 b,0.78,,1.877878538,0.0,Kepler-1352,1.017,1.115,6324.0,670.829,290.6937988,48.7014417,2016.0,Transit,1701.0,,-0.28,13.2495
kepler-1353 b,2.03,,24.7543966,0.0,Kepler-1353,0.778,0.804,4852.0,593.384,295.7353911,42.5762317,2016.0,Transit,491.0,,0.2,15.5059
kepler-1354 b,,,76.61352894,,Kepler-1354,1.05,1.3817,5843.03,1119.45,291.2451266,37.7590079,2016.0,Transit,,,-0.1166,14.3687
kepler-1355 b,1.38,,1.289590179,0.0,Kepler-1355,0.906,0.808,5467.0,911.269,283.7414249,49.0679833,2016.0,Transit,1448.0,,-0.08,15.452
kepler-1356 b,,,0.6340017154,,Kepler-1356,0.83,0.763449,4993.0,845.228,290.9953825,43.2438792,2016.0,Transit,,,,15.7195
kepler-1357 b,1.26,,3.009121,0.0,Kepler-1357,1.007,0.9,5900.0,1015.69,291.5480665,50.3532584,2016.0,Transit,1219.0,,,15.2205
kepler-1358 b,1.16,,7.06317341,0.0,Kepler-1358,0.753,0.818,5305.0,546.998,286.1705469,43.0089,2016.0,Transit,826.0,,-0.26,14.5403
kepler-1359 b,4.1,,59.49786,0.0,Kepler-1359,0.88,1.04,4652.0,614.859,289.538818,41.8928154,2016.0,Transit,391.0,,,15.7534
kepler-136 b,,,11.57890926,,Kepler-136,1.185,1.48943,6187.46,420.818,296.4673039,42.5987984,2014.0,Transit,,,0.0002,11.7544
kepler-136 c,1.94,,16.39926461,0.0,Kepler-136,1.193,1.303,6156.0,420.818,296.4673039,42.5987984,2014.0,Transit,847.0,,0.14,11.7544
kepler-1360 b,2.2,,40.5286413,0.0,Kepler-1360,1.237,1.155,6269.0,1516.27,300.3440482,45.6231826,2016.0,Transit,597.0,,0.21,13.8804
kepler-1361 b,0.838,,3.57554956,,Kepler-1361,0.831,0.768,5037.0,389.143,283.5653603,46.9042278,2016.0,Transit,,,0.08,13.9169
kepler-1362 b,2.43,,136.205626,0.0,Kepler-1362,0.699,0.688,4650.0,731.298,288.5385574,40.8771276,2016.0,Transit,251.0,,-0.1,15.8246
kepler-1363 b,1.25,,2.94194094,,Kepler-1363,0.76,0.72,4839.0,541.714,296.9964872,49.2563228,2016.0,Transit,,,-0.09,15.2923
kepler-1364 b,1.94,,13.32196237,0.0,Kepler-1364,1.411,1.582,6982.0,1056.9,295.1521334,49.5876179,2016.0,Transit,1104.0,,-0.1,13.1858
kepler-1365 b,0.79,,7.69993485,0.0,Kepler-1365,1.016,0.921,5831.0,840.128,292.1996573,42.0459944,2016.0,Transit,891.0,,0.0,13.3798
kepler-1365 c,1.201,,,,Kepler-1365,,1.646,5700.0,840.128,292.1996573,42.0459944,2016.0,Transit,,,,13.3798
kepler-1366 b,1.43,,2.164570968,,Kepler-1366,0.62,0.6,4070.0,465.826,285.0648845,41.5548464,2016.0,Transit,,,-0.02,15.8887
kepler-1367 b,0.85,,1.574090272,0.0,Kepler-1367,0.572,0.546,3954.0,401.484,288.4166786,47.8787308,2016.0,Transit,869.0,,-0.1,15.5576
kepler-1368 b,,,0.675650404,,Kepler-1368,1.0,1.11356,5632.0,1635.82,294.7669795,41.6446434,2016.0,Transit,,,,15.8729
kepler-1369 b,2.99,,25.873148,0.0,Kepler-1369,1.048,1.093,6036.0,1236.56,285.7972604,40.9361923,2016.0,Transit,667.0,,0.02,15.3498
kepler-137 b,,,8.43638723,,Kepler-137,0.9,0.858396,5265.0,302.979,282.1355875,43.0391951,2014.0,Transit,,,,12.9414
kepler-137 c,2.15,,18.73575579,0.0,Kepler-137,0.907,0.809,5343.0,302.979,282.1355875,43.0391951,2014.0,Transit,580.0,,0.06,12.9414
kepler-1370 b,2.035,,20.2641684,,Kepler-1370,1.271,1.466,6190.0,1004.1,284.5656897,41.7784781,2016.0,Transit,,,0.22,13.6743
kepler-1370 c,1.382,,7.44142113,,Kepler-1370,1.271,1.466,6190.0,1004.1,284.5656897,41.7784781,2016.0,Transit,,,0.22,13.6743
kepler-1371 b,0.64,,3.4462039,0.0,Kepler-1371,0.68,0.721,5374.0,515.334,288.8314251,47.5519753,2016.0,Transit,1015.0,,-0.68,13.8344
kepler-1371 c,0.65,,2.005414293,0.0,Kepler-1371,0.68,0.721,5374.0,515.334,288.8314251,47.5519753,2016.0,Transit,1216.0,,-0.68,13.8344
kepler-1372 b,1.27,,1.311555568,,Kepler-1372,0.98,0.97,5677.0,1303.22,288.8865895,44.8394672,2016.0,Transit,,,0.05,15.3493
kepler-1373 b,,,1.291233083,,Kepler-1373,1.25,2.02214,6336.0,1699.46,285.7520229,39.2491731,2016.0,Transit,,,,14.0717
kepler-1374 b,,,10.65292573,,Kepler-1374,0.92,0.770767,5319.0,1078.46,291.3499783,45.1722521,2016.0,Transit,,,,15.93
kepler-1375 b,1.21,,3.3004192,0.0,Kepler-1375,1.073,1.207,6277.0,1430.84,296.2935173,43.4032189,2016.0,Transit,1442.0,,-0.1,13.7103
kepler-1376 b,1.07,,5.30880656,0.0,Kepler-1376,1.011,0.955,5914.0,868.056,286.9584368,42.541409,2016.0,Transit,1043.0,,-0.06,14.6721
kepler-1377 b,1.4,,0.7409258,0.0,Kepler-1377,0.89,0.89,5613.0,1146.1,289.1954229,46.6516055,2016.0,Transit,1906.0,,,15.8887
kepler-1378 b,,,11.95397791,,Kepler-1378,0.666,0.648181,4262.0,506.434,297.373403,40.3663986,2016.0,Transit,,,,16.0538
kepler-1379 b,1.28,,0.881841146,0.0,Kepler-1379,0.856,0.778,5260.0,971.325,293.6704404,41.4102105,2016.0,Transit,1565.0,,-0.06,15.8526
kepler-138 b,0.64,,10.31,,Kepler-138,,,,66.8624,290.3814122,43.2930645,2014.0,Transit,,,,12.4715
kepler-138 c,1.51,2.3,13.7815,0.017,Kepler-138,0.535,0.535,3841.0,66.8624,290.3814122,43.2930645,2014.0,Transit,410.0,,-0.18,12.4715
kepler-138 d,1.63,,23.08901839,,Kepler-138,0.56,0.53,3809.0,66.8624,290.3814122,43.2930645,2014.0,Transit,,,0.04,12.4715
kepler-138 e,,0.43,38.23,0.112,Kepler-138,0.535,0.535,3841.0,66.8624,290.3814122,43.2930645,2022.0,Transit Timing Variations,292.0,,-0.18,12.4715
kepler-1380 b,1.34,,10.3108245,0.0,Kepler-1380,0.967,0.893,5708.0,2462.94,288.1160421,42.4403832,2016.0,Transit,786.0,,-0.02,15.6136
kepler-1381 b,2.41,,25.3842686,0.0,Kepler-1381,1.067,0.994,6137.0,1197.04,287.5357911,48.727783,2016.0,Transit,649.0,,-0.12,15.4776
kepler-1382 b,1.08,,16.3583055,0.0,Kepler-1382,1.111,1.007,6046.0,738.261,295.3774182,39.0480365,2016.0,Transit,740.0,,0.07,12.7575
kepler-1383 b,1.16,,13.9093583,0.0,Kepler-1383,0.932,1.194,6279.0,1027.21,297.9447714,42.1918449,2016.0,Transit,910.0,,-0.54,13.7077
kepler-1384 b,,,15.3626250974,,Kepler-1384,,,,,296.2151275,39.5270248,2016.0,Transit,,,,15.446
kepler-1385 b,0.55,,2.88879862,0.0,Kepler-1385,0.945,0.854,5751.0,688.795,282.6313559,46.481022,2016.0,Transit,1187.0,,-0.14,12.8443
kepler-1386 b,1.24,,6.73972381,,Kepler-1386,1.02,1.03,5733.0,835.882,280.8233646,42.6360518,2016.0,Transit,,,0.11,14.4168
kepler-1387 b,0.78,,,,Kepler-1387,,0.712,5019.0,455.358,292.4403029,43.2093456,2016.0,Transit,,,,14.5804
kepler-1388 b,2.21,,12.2854718,0.0,Kepler-1388,0.605,0.564,3891.0,453.795,283.3360156,47.1744499,2016.0,Transit,434.0,,0.21,16.2941
kepler-1388 c,,,5.5361069757,,Kepler-1388,0.588706,0.600757,3938.0,453.795,283.3360156,47.1744499,2016.0,Transit,,,,16.2941
kepler-1388 d,2.43,,20.9568158,0.0,Kepler-1388,0.541,0.523,3903.0,453.795,283.3360156,47.1744499,2016.0,Transit,357.0,,-0.2,16.2941
kepler-1388 e,1.919,,37.6327084,,Kepler-1388,,0.48,5052.0,453.795,283.3360156,47.1744499,2016.0,Transit,,,-0.5,16.2941
kepler-1389 b,1.669,,99.2530951,,Kepler-1389,0.757,0.709,4962.0,497.093,285.7174414,44.7583487,2016.0,Transit,,,-0.11,14.6836
kepler-139 b,,,15.7711339373,,Kepler-139,0.98,1.10169,5550.0,391.038,282.3919451,43.8894167,2014.0,Transit,,,0.27,12.677
kepler-139 c,,,157.065115678,,Kepler-139,0.98,1.10169,5550.0,391.038,282.3919451,43.8894167,2014.0,Transit,,,0.27,12.677
kepler-139 d,,,7.30571223,,Kepler-139,0.98,1.10169,5550.0,391.038,282.3919451,43.8894167,2023.0,Transit,,,0.27,12.677
kepler-139 e,,378.0,1904.0,,Kepler-139,1.078,1.045,5630.0,391.038,282.3919451,43.8894167,2023.0,Radial Velocity,,,0.35,12.677
kepler-139 f,,36.0,355.0,,Kepler-139,1.078,1.045,5630.0,391.038,282.3919451,43.8894167,2025.0,Transit Timing Variations,,,0.35,12.677
kepler-1390 b,1.18,,6.48021673,,Kepler-1390,0.98,0.98,5753.0,723.431,298.6624419,48.2488659,2016.0,Transit,,,-0.01,14.4022
kepler-1391 b,,,54.4101523709,,Kepler-1391,0.98,1.77507,5579.13,1038.35,294.8309749,46.6595768,2016.0,Transit,,,0.2578,13.8283
kepler-1392 b,,,15.1413066,,Kepler-1392,,,,,288.7669819,46.3944497,2016.0,Transit,,,,15.6665
kepler-1393 b,0.7,,2.44357812,0.0,Kepler-1393,0.905,0.825,5771.0,544.456,284.4594558,40.1424756,2016.0,Transit,1247.0,,-0.28,13.3324
kepler-1394 b,0.77,,3.937713,0.0,Kepler-1394,1.32,1.55,6717.0,640.409,283.4532068,45.0840729,2016.0,Transit,1585.0,,,11.7144
kepler-1395 b,1.18,,3.78470649,0.0,Kepler-1395,1.302,1.95,6461.0,492.894,292.3374945,47.6641732,2016.0,Transit,1747.0,,-0.14,12.536
kepler-1396 b,1.78,,18.2206024,0.0,Kepler-1396,1.117,1.262,5951.0,1066.46,294.3363936,44.9182296,2016.0,Transit,786.0,,0.14,14.5271
kepler-1397 b,1.61,,47.4497134,0.0,Kepler-1397,1.042,1.126,6007.0,1198.25,299.6758812,47.0758234,2016.0,Transit,551.0,,0.0,14.0909
kepler-1398 b,,,2.7881793,,Kepler-1398,1.11,1.32637,5998.2,852.204,294.8661073,48.6389923,2016.0,Transit,,,-0.073,13.6605
kepler-1398 c,1.03,,4.13827595,,Kepler-1398,1.13,1.18,6126.0,852.204,294.8661073,48.6389923,2016.0,Transit,,,0.01,13.6605
kepler-1399 b,1.31,,1.638653058,0.0,Kepler-1399,1.039,0.981,6119.0,1385.7,293.3116962,46.0416516,2016.0,Transit,1609.0,,-0.16,15.5074
kepler-14 b,12.621334,2440.9344,6.790123,,Kepler-14,1.318,2.09,6395.0,,287.708814,47.33305,2011.0,Transit,1605.0,,0.12,
kepler-140 b,,,3.254277742,,Kepler-140,1.15,1.19153,6108.41,583.859,287.3694056,46.7681473,2014.0,Transit,,,-0.039,12.9412
kepler-140 c,1.694,,91.3515867,,Kepler-140,1.044,1.172,6024.0,583.859,287.3694056,46.7681473,2014.0,Transit,,,-0.03,12.9412
kepler-1400 b,,,9.06687613,,Kepler-1400,0.8,0.710105,4912.0,752.237,286.2716827,45.4408055,2016.0,Transit,,,,15.7129
kepler-1401 b,1.37,,11.20066445,0.0,Kepler-1401,0.982,0.898,6038.0,1425.43,287.4660334,40.75842,2016.0,Transit,808.0,,-0.28,14.9721
kepler-1402 b,1.626,,,,Kepler-1402,,1.928,5275.0,1493.64,291.8478341,48.9681664,2016.0,Transit,,,,14.6083
kepler-1403 b,,,5.19492747,,Kepler-1403,1.11,1.41138,6019.0,2163.9,290.8676391,38.9600779,2016.0,Transit,,,,15.5907
kepler-1404 b,2.017,,,,Kepler-1404,,0.822,5384.0,962.183,296.0094827,50.4983929,2016.0,Transit,,,,15.7029
kepler-1405 b,3.08,,28.2274184,0.0,Kepler-1405,0.929,0.842,5864.0,1530.3,295.6848822,39.2561274,2016.0,Transit,564.0,,-0.28,15.8175
kepler-1406 b,,,11.6289844436,,Kepler-1406,,,,572.403,292.0818824,38.9149472,2016.0,Transit,,,,13.3819
kepler-1407 b,2.16,,20.0711504,0.0,Kepler-1407,1.101,1.122,6086.0,1396.41,283.9424274,41.4715535,2016.0,Transit,736.0,,0.06,14.8925
kepler-1408 b,,,2.99792926,,Kepler-1408,1.12,1.77996,6037.31,535.048,282.6998783,45.4257884,2016.0,Transit,,,-0.1035,11.9622
kepler-1409 b,1.05,,0.7648651,0.0,Kepler-1409,0.77,0.79,5187.0,694.89,290.0847389,51.2086144,2016.0,Transit,1665.0,,,15.172
kepler-141 b,0.73,,3.10762684,0.0,Kepler-141,0.824,0.782,4908.0,301.183,297.9707271,47.7316041,2014.0,Transit,968.0,,0.22,13.4205
kepler-141 c,1.5,,7.0106324,0.0,Kepler-141,0.824,0.782,4908.0,301.183,297.9707271,47.7316041,2014.0,Transit,738.0,,0.22,13.4205
kepler-1410 b,,,60.86616955,,Kepler-1410,,,4031.25,,290.5102933,38.743501,2016.0,Transit,,,-0.0345,15.9484
kepler-1411 b,3.1,,86.1151,0.0,Kepler-1411,1.07,0.88,5924.0,1660.48,286.3615236,42.9638889,2016.0,Transit,392.0,,,15.7709
kepler-1412 b,0.83,,3.6146051,,Kepler-1412,1.06,1.27,5880.0,755.678,292.1801539,49.202481,2016.0,Transit,,,0.04,13.1928
kepler-1413 b,1.92,,13.1829642,0.0,Kepler-1413,0.928,0.827,5382.0,1167.49,294.3416065,46.4987624,2016.0,Transit,661.0,,0.1,16.2846
kepler-1414 b,1.196,,,,Kepler-1414,,0.797,5080.0,570.835,284.9285796,42.4223085,2016.0,Transit,,,,14.8607
kepler-1415 b,1.33,,0.63642408,0.0,Kepler-1415,0.988,0.885,5343.0,1043.56,285.1568015,47.8732512,2016.0,Transit,1848.0,,0.44,15.7209
kepler-1416 b,1.2,,1.49515,0.0,Kepler-1416,0.9,1.16,5692.0,949.59,298.6634624,43.8940593,2016.0,Transit,1709.0,,,14.226
kepler-1417 b,,,20.3504704,,Kepler-1417,1.03,1.58688,5750.42,991.845,290.9498966,40.605197,2016.0,Transit,,,-0.307,13.8576
kepler-1418 b,,,22.47633948,,Kepler-1418,,,,,282.9975322,41.67859,2016.0,Transit,,,,15.2813
kepler-1419 b,2.6,,42.52146,0.0,Kepler-1419,1.01,0.9,5900.0,1498.58,292.2545917,37.971376,2016.0,Transit,506.0,,,15.7181
kepler-142 b,1.86,,2.0241346,0.0,Kepler-142,0.988,1.14,5744.0,548.686,295.1190067,48.4813635,2014.0,Transit,1540.0,,,13.197
kepler-142 c,2.459,,4.761705259,,Kepler-142,0.978,1.101,5759.0,548.686,295.1190067,48.4813635,2014.0,Transit,,,0.05,13.197
kepler-142 d,1.526,,,,Kepler-142,,1.116,5759.0,548.686,295.1190067,48.4813635,2014.0,Transit,,,,13.197
kepler-1420 b,1.431,,,,Kepler-1420,,0.919,5288.0,1054.37,296.2038586,42.7778165,2016.0,Transit,,,,15.8488
kepler-1421 b,0.93,,6.9131112,,Kepler-1421,1.25,1.42,6335.0,783.401,286.5806115,48.5442312,2016.0,Transit,,,0.05,12.7261
kepler-1422 b,2.02,,18.6051942,,Kepler-1422,1.15,1.23,6194.0,2465.84,293.8902214,48.3360926,2016.0,Transit,,,0.0,15.6194
kepler-1423 b,2.84,,23.9553986,0.0,Kepler-1423,0.926,1.781,5011.0,,288.2437481,41.1100655,2016.0,Transit,741.0,,0.07,14.5581
kepler-1424 b,1.74,,29.6099055,0.0,Kepler-1424,0.977,1.122,5812.0,661.421,290.9916648,40.2293347,2016.0,Transit,629.0,,0.0,13.5925
kepler-1425 b,,,14.4540329,,Kepler-1425,0.96,1.74686,5490.38,863.873,294.9510368,43.0124348,2016.0,Transit,,,-0.1303,13.5629
kepler-1426 b,,,14.2563272,,Kepler-1426,,,,1697.81,292.5457096,49.4168981,2016.0,Transit,,,,15.1663
kepler-1427 b,1.09,,0.968972376,0.0,Kepler-1427,1.075,1.007,5853.0,,295.3496546,45.1145372,2016.0,Transit,1851.0,,0.18,15.4816
kepler-1428 b,1.26,,10.676126,0.0,Kepler-1428,1.015,1.046,5952.0,1530.32,297.6422563,49.594958,2016.0,Transit,871.0,,,13.5234
kepler-1429 b,1.19,,4.48487493,0.0,Kepler-1429,1.093,1.033,6210.0,1214.09,285.3662532,49.0448172,2016.0,Transit,1188.0,,-0.1,14.8316
kepler-143 b,2.22,,16.00754,0.0,Kepler-143,1.008,1.06,6002.0,809.467,298.0676519,49.412541,2014.0,Transit,772.0,,,13.7057
kepler-143 c,2.36,,27.08247084,0.0,Kepler-143,0.987,1.037,6010.0,809.467,298.0676519,49.412541,2014.0,Transit,644.0,,-0.16,13.7057
kepler-1430 b,1.03,,2.46050993,0.0,Kepler-1430,0.62,0.634,4811.0,875.523,289.6975391,43.3719581,2016.0,Transit,969.0,,-0.58,15.2824
kepler-1431 b,1.47,,5.86601526,,Kepler-1431,1.03,1.03,5806.0,1623.24,292.6583919,49.8651522,2016.0,Transit,,,0.07,15.2711
kepler-1432 b,2.0,,23.91103,0.0,Kepler-1432,1.14,1.07,6325.0,2171.87,295.5241011,49.8295211,2016.0,Transit,701.0,,,15.3702
kepler-1433 b,1.29,,4.135906,0.0,Kepler-1433,1.08,0.99,6152.0,,287.3634559,49.4568649,2016.0,Transit,1184.0,,,
kepler-1434 b,,,8.05337912,,Kepler-1434,1.13,2.44642,6062.77,775.529,295.5384415,51.2030002,2016.0,Transit,,,0.1406,12.0421
kepler-1435 b,,,4.4534236845,,Kepler-1435,1.26,1.41209,6360.19,704.211,291.1732806,44.9210836,2016.0,Transit,,,-0.1289,12.8692
kepler-1436 b,1.31,,9.705716,,Kepler-1436,1.06,1.09,5972.0,2530.62,297.711553,46.7679816,2016.0,Transit,,,-0.01,14.9099
kepler-1437 b,1.32,,10.9295461,0.0,Kepler-1437,0.966,0.871,5796.0,2101.69,291.8649164,49.325869,2016.0,Transit,773.0,,-0.12,15.6607
kepler-1438 b,0.86,,2.31942009,0.0,Kepler-1438,0.891,0.848,5551.0,1154.13,289.289819,40.6816262,2016.0,Transit,1241.0,,-0.1,14.861
kepler-1439 b,,,8.0740058633,,Kepler-1439,0.443791,0.447421,3548.0,225.393,285.7396971,40.9798688,2016.0,Transit,,,,16.0979
kepler-144 b,1.61,,5.88528169,,Kepler-144,1.24,1.47,6274.0,384.917,281.9156128,42.7755535,2014.0,Transit,,,0.03,11.9438
kepler-144 c,1.309,,,,Kepler-144,,1.178,6182.0,384.917,281.9156128,42.7755535,2014.0,Transit,,,,11.9438
kepler-1440 b,1.39,,39.859484,0.0,Kepler-1440,0.95,1.073,5906.0,1115.35,285.3469737,48.3122283,2016.0,Transit,570.0,,-0.16,14.1018
kepler-1441 b,,,39.43986217,,Kepler-1441,0.98,1.55943,5572.13,1110.48,293.7191177,43.1245756,2016.0,Transit,,,0.0678,14.2567
kepler-1442 b,3.93,,81.4162941,,Kepler-1442,1.34,1.44,6394.0,608.68,291.2556226,48.8469171,2016.0,Transit,,,0.26,12.0303
kepler-1443 b,,,2.41810158,,Kepler-1443,1.26,1.57722,6347.0,593.646,283.4357392,47.0667983,2016.0,Transit,,,,12.212
kepler-1444 b,,,33.4203001,,Kepler-1444,1.01,1.05926,5677.43,319.675,285.3306799,42.0405016,2016.0,Transit,,,0.151,12.2578
kepler-1445 b,0.87,,10.60052251,0.0,Kepler-1445,1.012,1.092,6086.0,506.357,280.2495197,43.9150665,2016.0,Transit,911.0,,-0.14,12.4184
kepler-1446 b,0.753,,,,Kepler-1446,,0.697,4848.0,152.075,289.4240357,46.7260823,2016.0,Transit,,,,12.4086
kepler-1447 b,3.068,,,,Kepler-1447,,0.99,5546.0,890.296,289.6434285,50.727016,2016.0,Transit,,,,14.6643
kepler-1448 b,1.61,,12.27065865,,Kepler-1448,0.95,0.93,5774.0,768.903,287.8674123,50.5955846,2016.0,Transit,,,-0.16,14.3796
kepler-1449 b,1.72,,13.2274528,0.0,Kepler-1449,1.237,1.155,6269.0,2006.48,288.2317293,50.5678345,2016.0,Transit,867.0,,0.21,15.0306
kepler-145 b,2.224,,22.95068896,,Kepler-145,1.31,1.871,6110.0,566.85,291.3877397,44.5290465,2013.0,Transit,,,0.06,11.8746
kepler-145 c,,25.1,42.88248,,Kepler-145,1.31,1.849,,566.85,291.3877397,44.5290465,2013.0,Transit,,,,11.8746
kepler-1450 b,1.94,,54.5091549,0.0,Kepler-1450,0.621,0.603,4406.0,505.829,294.5536825,45.0813011,2016.0,Transit,308.0,,-0.34,15.4892
kepler-1451 b,3.35,,35.622233,,Kepler-1451,1.0,0.99,5782.0,1058.72,293.4464227,40.4098813,2016.0,Transit,,,0.01,15.2999
kepler-1452 b,,,42.91411148,,Kepler-1452,1.07,2.20098,5892.3,996.32,292.422792,38.2662824,2016.0,Transit,,,-0.1458,13.0714
kepler-1453 b,,,47.1613426975,,Kepler-1453,0.99,0.904492,5600.0,1196.04,286.1255037,47.9475586,2016.0,Transit,,,,15.5278
kepler-1454 b,1.7,,47.0319479,0.0,Kepler-1454,0.824,0.764,5544.0,780.566,284.2233265,48.8317229,2016.0,Transit,437.0,,-0.36,14.8994
kepler-1455 b,,,49.2765566,,Kepler-1455,0.574333,0.583405,3919.0,357.621,294.0830662,50.5027572,2016.0,Transit,,,,15.8657
kepler-1456 b,,,18.1373788,,Kepler-1456,0.64,0.653437,4116.0,370.312,286.9453381,43.8228023,2016.0,Transit,,,,15.445
kepler-1457 b,,,51.1100085839,,Kepler-1457,1.05,1.25146,5841.0,889.885,283.7705481,42.027203,2016.0,Transit,,,,14.0283
kepler-1458 b,2.425,,47.9872764,,Kepler-1458,0.89,0.813,5414.0,544.45,283.2115971,41.0380135,2016.0,Transit,,,0.05,14.1996
kepler-1459 b,1.58,,62.8691611,0.0,Kepler-1459,0.821,0.868,4947.0,455.479,282.4229401,46.0139761,2016.0,Transit,377.0,,0.36,14.5519
kepler-146 b,3.4,,31.15857,0.0,Kepler-146,1.09,1.12,6212.0,716.797,294.1107631,38.7102222,2014.0,Transit,648.0,,,13.8031
kepler-146 c,3.13,,76.732171,,Kepler-146,,1.208,5948.0,716.797,294.1107631,38.7102222,2014.0,Transit,,,,13.8031
kepler-1460 b,1.89,,29.9633247,0.0,Kepler-1460,0.624,0.638,4463.0,553.218,285.5577888,44.0108221,2016.0,Transit,391.0,,-0.28,15.9191
kepler-1461 b,,,29.3494738767,,Kepler-1461,0.78,0.682284,4821.0,679.106,285.8305091,43.198377,2016.0,Transit,,,,15.6949
kepler-1462 b,3.82,,65.6488341,,Kepler-1462,1.0,1.0,5756.0,1017.82,296.397542,42.3969273,2016.0,Transit,,,0.06,15.8562
kepler-1463 b,,,25.1573134114,,Kepler-1463,0.98,1.19033,5578.0,1687.47,294.4872785,42.0069064,2016.0,Transit,,,,15.7236
kepler-1464 b,,,31.7785247624,,Kepler-1464,1.0,1.70936,5654.0,1151.73,287.2356828,38.7540824,2016.0,Transit,,,,14.1296
kepler-1464 c,1.546,,,,Kepler-1464,,1.666,5845.0,1151.73,287.2356828,38.7540824,2016.0,Transit,,,,14.1296
kepler-1465 b,,,31.82763672,,Kepler-1465,0.72,0.748108,4585.0,359.497,289.8194222,51.9048541,2016.0,Transit,,,,14.42
kepler-1466 b,1.31,,31.1748311,0.0,Kepler-1466,1.003,0.921,6086.0,631.949,289.8312418,44.6098415,2016.0,Transit,585.0,,-0.26,13.8694
kepler-1467 b,2.99,,47.0569043,0.0,Kepler-1467,0.821,0.746,5290.0,852.888,295.0485389,45.3426781,2016.0,Transit,413.0,,-0.22,15.5207
kepler-1468 b,,,8.23989847,,Kepler-1468,1.03,1.84166,5774.53,1899.24,293.5198289,41.2773671,2016.0,Transit,,,0.2041,14.9515
kepler-1468 c,1.07,,3.54553021,0.0,Kepler-1468,1.019,0.976,5973.0,1899.24,293.5198289,41.2773671,2016.0,Transit,1215.0,,-0.06,14.9515
kepler-1468 d,3.33187146,,19.59059906,,Kepler-1468,1.072,1.496,5794.0,1899.24,293.5198289,41.2773671,2021.0,Transit,,,0.14,14.9515
kepler-1469 b,2.37,,21.8634638,0.0,Kepler-1469,0.885,0.789,5383.0,1159.3,293.8213286,39.3913385,2016.0,Transit,551.0,,-0.1,15.9891
kepler-147 b,1.33,,12.61102,0.0,Kepler-147,0.98,1.19,5894.0,1042.02,287.9757213,39.087168,2014.0,Transit,877.0,,,13.9151
kepler-147 c,,,33.41573724,,Kepler-147,1.07,1.57208,5887.37,1042.02,287.9757213,39.087168,2014.0,Transit,,,-0.01,13.9151
kepler-1470 b,1.15,,16.2951259,0.0,Kepler-1470,0.781,0.812,4915.0,590.601,288.6949475,39.8830802,2016.0,Transit,574.0,,0.16,15.0436
kepler-1471 b,,,3.63898953,,Kepler-1471,0.96,0.875927,5499.89,978.678,289.6649171,50.0200612,2016.0,Transit,,,-0.205,15.246
kepler-1471 c,1.46,,11.6044694,0.0,Kepler-1471,0.794,0.848,5881.0,978.678,289.6649171,50.0200612,2023.0,Transit,784.0,,-0.66,15.246
kepler-1472 b,,,38.1309917068,,Kepler-1472,1.14,1.46026,6083.0,1479.14,294.8526163,49.0574468,2016.0,Transit,,,,14.5898
kepler-1473 b,1.53,,14.42735088,0.0,Kepler-1473,1.0,1.04,5929.0,652.253,290.6365144,48.9961494,2016.0,Transit,783.0,,-0.06,13.3679
kepler-1474 b,2.2,,36.4337867,0.0,Kepler-1474,0.938,1.099,5566.0,1180.9,294.6940261,45.866809,2016.0,Transit,561.0,,0.14,15.2172
kepler-1475 b,,,82.175197,,Kepler-1475,1.14,1.20553,6084.0,1568.38,295.9482766,44.753096,2016.0,Transit,,,,15.2775
kepler-1476 b,,,10.35857039,,Kepler-1476,0.96,0.841223,5472.0,1002.74,284.5320743,43.9898971,2016.0,Transit,,,,15.4086
kepler-1477 b,,,11.55532445,,Kepler-1477,0.85,1.03644,5064.0,680.828,281.2985305,42.6856727,2016.0,Transit,,,,14.5763
kepler-1478 b,1.73,,26.0840594,,Kepler-1478,1.04,1.06,5904.0,1845.58,293.1650085,41.746184,2016.0,Transit,,,0.03,15.3994
kepler-1479 b,1.69,,14.53260546,0.0,Kepler-1479,1.019,0.932,6003.0,728.668,285.7119953,49.7067574,2016.0,Transit,746.0,,-0.14,13.7331
kepler-148 b,,,1.729367077,,Kepler-148,0.83,0.850564,5019.0,791.163,289.7861626,46.8588176,2014.0,Transit,,,,15.3362
kepler-148 c,3.6,,4.180043,,Kepler-148,,0.851,5272.0,791.163,289.7861626,46.8588176,2014.0,Transit,,,,15.3362
kepler-148 d,8.95,,51.84688575,0.0,Kepler-148,0.893,0.838,5271.0,791.163,289.7861626,46.8588176,2016.0,Transit,416.0,,0.14,15.3362
kepler-1480 b,1.67,,22.12679948,,Kepler-1480,0.85,0.81,5156.0,500.892,291.9998055,49.3018321,2016.0,Transit,,,0.07,14.4824
kepler-1481 b,,,5.94228603,,Kepler-1481,0.75,0.769856,4693.28,459.076,289.4390075,49.7312226,2016.0,Transit,,,-0.079,14.7429
kepler-1482 b,1.0,,12.25384348,0.0,Kepler-1482,0.931,0.82,5413.0,567.556,285.3138209,48.72527,2016.0,Transit,678.0,,0.07,13.7295
kepler-1483 b,1.07,,9.5085156,0.0,Kepler-1483,1.069,1.013,6328.0,1273.78,295.4097409,42.1507935,2016.0,Transit,937.0,,-0.28,14.4231
kepler-1484 b,,,30.4547139,,Kepler-1484,0.99,2.65525,5599.53,2879.83,292.6842738,38.1262604,2016.0,Transit,,,-0.4468,15.2474
kepler-1485 b,,,19.91586679,,Kepler-1485,1.1,1.28054,5993.0,615.66,298.0954404,44.7370612,2016.0,Transit,,,,13.1796
kepler-1486 b,2.26,,54.6495759,0.0,Kepler-1486,1.079,1.066,6112.0,1769.14,290.5903907,45.4396955,2016.0,Transit,517.0,,0.02,15.2937
kepler-1487 b,5.05,,7.31945294,0.0,Kepler-1487,1.801,3.955,5745.0,1014.62,295.4980737,38.6444499,2016.0,Transit,1682.0,,0.4,13.4508
kepler-1487 c,3.02,,35.8022845,0.0,Kepler-1487,1.035,0.956,6444.0,1014.62,295.4980737,38.6444499,2023.0,Transit,599.0,,-0.5,13.4508
kepler-1488 b,1.59,,39.8189932,0.0,Kepler-1488,0.992,1.135,6035.0,905.825,286.6464265,49.9377735,2016.0,Transit,594.0,,-0.14,13.0767
kepler-1488 c,1.2,,6.15828666,0.0,Kepler-1488,1.003,1.524,5710.0,905.825,286.6464265,49.9377735,2021.0,Transit,1212.0,,0.0,13.0767
kepler-1489 b,,,82.292865,,Kepler-1489,1.0,1.30799,5655.0,1283.05,281.2957984,44.4654063,2016.0,Transit,,,,14.8084
kepler-1489 c,0.51,,0.680741,,Kepler-1489,0.977,0.957,5565.53,1283.05,281.2957984,44.4654063,2024.0,Transit,,G,,14.8084
kepler-149 b,4.14,,29.1989838,,Kepler-149,0.92,0.9,5377.0,571.034,285.8537014,38.3840916,2014.0,Transit,,,0.17,14.0194
kepler-149 c,2.66,,55.3285,0.0,Kepler-149,0.909,1.58,5363.0,571.034,285.8537014,38.3840916,2014.0,Transit,567.0,,,14.0194
kepler-149 d,7.31,,160.0172,0.0,Kepler-149,0.909,1.58,5363.0,571.034,285.8537014,38.3840916,2014.0,Transit,397.0,,,14.0194
kepler-1490 b,2.59,,92.4362973,0.0,Kepler-1490,0.806,0.745,5598.0,862.92,295.6935734,42.6094543,2016.0,Transit,349.0,,-0.48,15.4179
kepler-1491 b,1.39,,16.5861762,0.0,Kepler-1491,1.01,0.917,5880.0,2065.59,293.6297645,45.7406293,2016.0,Transit,695.0,,-0.06,15.5695
kepler-1491 c,3.12599993,,61.5685997,,Kepler-1491,0.991,1.389,5626.0,2065.59,293.6297645,45.7406293,2023.0,Transit,,,0.14,15.5695
kepler-1492 b,3.65,,16.7525077,0.0,Kepler-1492,0.955,1.802,4807.0,331.553,288.5970695,41.0363254,2016.0,Transit,801.0,,0.48,14.4962
kepler-1493 b,,,15.0219784,,Kepler-1493,,,5743.16,555.051,288.5493683,38.5651973,2016.0,Transit,,,-0.05,13.5532
kepler-1494 b,3.34,,91.080482,0.0,Kepler-1494,1.014,1.008,5915.0,1285.48,282.6573891,43.1625334,2016.0,Transit,415.0,,-0.02,15.217
kepler-1495 b,,,85.27405516,,Kepler-1495,,,,1355.54,286.1306907,38.7795494,2016.0,Transit,,,,15.6247
kepler-1496 b,1.79,,64.6588017,0.0,Kepler-1496,1.096,1.035,6197.0,1307.66,293.9739359,45.3507167,2016.0,Transit,487.0,,-0.08,14.6819
kepler-1497 b,1.69,,8.74199772,0.0,Kepler-1497,1.003,0.998,5878.0,,296.196155,45.6343124,2016.0,Transit,898.0,,-0.02,15.3761
kepler-1498 b,1.46,,48.051405,0.0,Kepler-1498,0.828,0.889,5359.0,,284.7780883,44.9167513,2016.0,Transit,452.0,,-0.04,15.0997
kepler-1499 b,1.19,,44.2008,0.0,Kepler-1499,0.723,0.753,5002.0,309.869,283.986348,41.6505091,2016.0,Transit,409.0,,-0.18,13.5155
kepler-15 b,,,4.94278333,,Kepler-15,0.98,1.32567,5550.93,739.412,296.2005506,49.1400304,2011.0,Transit,,,0.1927,13.7136
kepler-150 b,1.21,,3.42806306,0.0,Kepler-150,0.899,0.914,5559.0,891.092,288.2341025,40.520897,2014.0,Transit,1131.0,,-0.02,14.9743
kepler-150 c,3.431,,7.381977254,,Kepler-150,0.956,0.863,5588.0,891.092,288.2341025,40.520897,2014.0,Transit,,,0.12,14.9743
kepler-150 d,2.88,,12.56092796,0.0,Kepler-150,0.963,0.931,5862.0,891.092,288.2341025,40.520897,2014.0,Transit,772.0,,-0.14,14.9743
kepler-150 e,2.95,,30.8264713,0.0,Kepler-150,0.963,0.931,5862.0,891.092,288.2341025,40.520897,2014.0,Transit,572.0,,-0.14,14.9743
kepler-150 f,3.64,,637.2093,,Kepler-150,0.97,0.905339,5528.0,891.092,288.2341025,40.520897,2017.0,Transit,,,,14.9743
kepler-1500 b,1.08,,15.0330105,0.0,Kepler-1500,0.837,0.917,6033.0,1217.82,288.883474,39.7446547,2016.0,Transit,760.0,,-0.64,14.5804
kepler-1501 b,1.38,,14.5564533,0.0,Kepler-1501,1.196,1.186,6425.0,749.06,289.918589,42.001428,2016.0,Transit,876.0,,-0.02,13.6458
kepler-1502 b,,,41.7084063,,Kepler-1502,1.44,1.72373,6739.0,1514.02,296.1079271,39.3199201,2016.0,Transit,,,,14.0931
kepler-1503 b,2.07,,96.169569,0.0,Kepler-1503,0.783,0.702,5340.0,1225.57,293.7271604,42.8067119,2016.0,Transit,321.0,,-0.44,15.7862
kepler-1504 b,,,82.305363,,Kepler-1504,0.97,1.8831,5507.61,2435.94,289.7119947,50.1282265,2016.0,Transit,,,0.114,15.6311
kepler-1505 b,1.591,,,,Kepler-1505,,1.223,5526.0,495.148,292.0020614,41.7869639,2016.0,Transit,,,,12.9258
kepler-1506 b,,,14.0320810125,,Kepler-1506,1.0,1.71753,5627.0,2366.02,290.1498822,41.4645625,2016.0,Transit,,,,15.6243
kepler-1507 b,,,16.0504490127,,Kepler-1507,0.919,0.808014,5327.83,320.478,288.5616269,46.5361247,2016.0,Transit,,,0.0877,13.1038
kepler-1508 b,,,20.7057153,,Kepler-1508,1.12,1.70392,6024.0,1260.28,298.1188802,40.3750316,2016.0,Transit,,,,14.3466
kepler-1509 b,,,25.4321337978,,Kepler-1509,1.05,1.55087,5832.0,2002.96,283.7977792,46.9310139,2016.0,Transit,,,,15.3316
kepler-151 b,2.98,,15.22895698,0.0,Kepler-151,0.874,0.818,5460.0,649.919,292.1627933,41.0231947,2014.0,Transit,643.0,,-0.1,14.7189
kepler-151 c,2.09,,24.67464211,0.0,Kepler-151,0.874,0.818,5460.0,649.919,292.1627933,41.0231947,2014.0,Transit,547.0,,-0.1,14.7189
kepler-1510 b,2.97,,84.703921,0.0,Kepler-1510,1.087,1.132,6286.0,1696.25,298.9591432,48.2578295,2016.0,Transit,473.0,,-0.08,15.1424
kepler-1511 b,,,23.2385587,,Kepler-1511,1.41,1.95693,6684.51,1475.6,288.4211892,43.179773,2016.0,Transit,,,-0.0819,13.5024
kepler-1512 b,,,20.35975749,,Kepler-1512,,0.740908,4462.94,,289.2744976,44.4704056,2016.0,Transit,,,-0.1006,13.2634
kepler-1513 b,9.16,,160.88465087,0.0,Kepler-1513,0.818,1.044,5650.0,349.247,289.7917561,39.2852655,2016.0,Transit,346.0,,-0.28,12.9559
kepler-1513 c,,84.54235626,841.4,0.125,Kepler-1513,0.943,0.95,5491.0,349.247,289.7917561,39.2852655,2023.0,Transit Timing Variations,,G V,0.17,12.9559
kepler-1514 b,12.185,,,,Kepler-1514,,1.273,6194.0,397.292,292.6274943,37.8601653,2016.0,Transit,,,,11.8292
kepler-1514 c,,,10.51419715,,Kepler-1514,1.182,1.36797,6181.58,397.292,292.6274943,37.8601653,2020.0,Transit,,,0.107,11.8292
kepler-1515 b,,,214.3120439,,Kepler-1515,1.31,1.5373,6447.86,539.321,290.9739057,48.1782059,2016.0,Transit,,,-0.0334,11.9975
kepler-1516 b,,,7.2593378398,,Kepler-1516,1.03,1.68158,5753.0,1358.95,291.4945795,44.5234227,2016.0,Transit,,,,14.4469
kepler-1517 b,20.24,,5.546083665,0.0,Kepler-1517,2.054,4.037,7358.0,847.299,287.8072115,43.1888008,2016.0,Transit,2335.0,,-0.08,12.1739
kepler-1518 b,,,5.1117547,,Kepler-1518,1.49,1.56981,6856.98,903.51,300.3323404,44.9861065,2016.0,Transit,,,-0.193,13.2803
kepler-1518 c,,,9.6310258,,Kepler-1518,1.49,1.56981,6856.98,903.51,300.3323404,44.9861065,2023.0,Transit,,,-0.193,13.2803
kepler-1519 b,7.06,,240.7989397,,Kepler-1519,0.94,0.91,5644.0,1441.63,296.6679448,49.4617774,2016.0,Transit,,,-0.07,14.8034
kepler-152 b,3.08,,18.20795835,0.0,Kepler-152,0.826,0.738,5176.0,441.09,286.8653826,41.9889571,2014.0,Transit,551.0,,-0.18,14.2437
kepler-152 c,2.56,,88.2553544,0.0,Kepler-152,0.846,0.761,5262.0,441.09,286.8653826,41.9889571,2014.0,Transit,335.0,,-0.14,14.2437
kepler-1520 b,22.95,,0.65355361,0.0,Kepler-1520,0.666,0.66,4550.0,607.917,290.9662102,51.5047656,2016.0,Transit,1437.0,,-0.18,15.6932
kepler-1521 b,,,47.1484324,,Kepler-1521,0.824,0.697343,4981.13,206.983,292.6903779,37.8350549,2016.0,Transit,,,0.0918,12.8476
kepler-1522 b,,,1.847892736,,Kepler-1522,1.01,1.14923,5676.14,814.125,289.8432347,52.0702094,2016.0,Transit,,,0.07,14.1963
kepler-1523 b,1.55,,0.93875077,0.0,Kepler-1523,1.019,0.923,5825.0,865.596,296.0540705,45.8270447,2016.0,Transit,1796.0,,0.02,14.8369
kepler-1524 b,2.86,,70.9674603,0.0,Kepler-1524,0.876,1.002,5900.0,381.773,293.8853557,39.5198348,2016.0,Transit,460.0,,-0.36,12.7003
kepler-1525 b,,,2.4165983266,,Kepler-1525,0.985,1.0558,5581.31,382.989,290.5594479,49.9428629,2016.0,Transit,,,0.2943,12.6919
kepler-1526 b,2.31,,3.908632005,0.0,Kepler-1526,0.639,0.653,4518.0,555.574,285.1197266,38.8664618,2016.0,Transit,788.0,,-0.24,15.6551
kepler-1527 b,3.26,,160.129918,0.0,Kepler-1527,0.991,0.916,6075.0,1842.13,297.4144457,46.0608077,2016.0,Transit,338.0,,-0.28,15.0782
kepler-1528 b,1.46,,1.791110205,,Kepler-1528,1.03,1.03,5857.0,817.534,287.4029864,46.5740084,2016.0,Transit,,,0.03,14.4764
kepler-1529 b,,,5.3390216011,,Kepler-1529,0.8,0.761793,4901.0,661.014,289.8707469,41.0407482,2016.0,Transit,,,,15.3885
kepler-153 b,2.87,,18.87021566,0.0,Kepler-153,0.774,0.865,5402.0,459.368,282.460502,48.2570293,2014.0,Transit,621.0,,-0.24,14.2493
kepler-153 c,2.109,,46.9025112,,Kepler-153,0.756,0.729,5178.0,459.368,282.460502,48.2570293,2014.0,Transit,,,-0.27,14.2493
kepler-1530 b,1.581,,,,Kepler-1530,,0.807,5371.0,489.876,288.1624396,48.165153,2016.0,Transit,,,,14.0055
kepler-1530 c,,,5.3236651575,,Kepler-1530,0.92,0.817288,5338.57,489.876,288.1624396,48.165153,2016.0,Transit,,,0.085,14.0055
kepler-1530 d,3.002,,9.2077989,,Kepler-1530,0.891,0.797,5371.0,489.876,288.1624396,48.165153,2021.0,Transit,,,0.07,14.0055
kepler-1531 b,,,1.138548215,,Kepler-1531,1.2,1.22309,6216.0,666.334,285.146622,39.3708055,2016.0,Transit,,,,13.1712
kepler-1532 b,1.29,,1.093665854,0.0,Kepler-1532,0.968,0.874,5845.0,798.246,296.902784,41.1981424,2016.0,Transit,1681.0,,-0.16,14.8028
kepler-1533 b,3.931,,308.5471,,Kepler-1533,1.141,1.725,6320.0,966.801,295.9755645,44.7133739,2016.0,Transit,,,-0.22,13.1678
kepler-1534 b,1.92,,5.71668787,0.0,Kepler-1534,0.875,0.883,5638.0,,292.395373,43.8691326,2016.0,Transit,955.0,,-0.18,16.2352
kepler-1535 b,2.628,,,,Kepler-1535,,1.141,6014.0,897.733,286.613685,38.8919507,2016.0,Transit,,,,14.1798
kepler-1536 b,2.98,,364.758031,0.0,Kepler-1536,0.616,0.63,4386.0,387.248,291.5852554,45.7158742,2016.0,Transit,166.0,,-0.26,15.1407
kepler-1537 b,,,1.4444546276,,Kepler-1537,0.83,0.819392,4997.0,517.292,294.3853917,43.8254461,2016.0,Transit,,,,14.5457
kepler-1538 b,,,175.14020053,,Kepler-1538,1.04,0.899629,5795.0,1125.3,283.345611,45.2743573,2016.0,Transit,,,,15.2279
kepler-1539 b,2.71,,133.3036741,0.0,Kepler-1539,0.816,0.801,5269.0,748.326,284.2194566,44.2685146,2016.0,Transit,301.0,,-0.1,15.3085
kepler-154 b,2.605,,,,Kepler-154,,1.071,5666.0,915.212,289.7805393,49.8965624,2014.0,Transit,,,,14.5121
kepler-154 c,,,62.30261745,,Kepler-154,1.03,1.0506,5740.0,915.212,289.7805393,49.8965624,2014.0,Transit,,,,14.5121
kepler-154 d,,,20.5498184,,Kepler-154,1.03,1.0506,5740.0,915.212,289.7805393,49.8965624,2016.0,Transit,,,,14.5121
kepler-154 e,1.652,,,,Kepler-154,,1.071,5666.0,915.212,289.7805393,49.8965624,2016.0,Transit,,,,14.5121
kepler-154 f,1.26,,9.91935684,0.0,Kepler-154,0.916,0.832,5937.0,915.212,289.7805393,49.8965624,2016.0,Transit,806.0,,-0.4,14.5121
kepler-1540 b,2.67,,,,Kepler-1540,,0.636,4625.0,244.96,283.3445555,41.2017544,2016.0,Transit,,,,14.0831
kepler-1541 b,2.15,,8.40691199,0.0,Kepler-1541,0.899,1.533,5365.0,416.692,283.7870875,48.0296019,2016.0,Transit,1048.0,,-0.06,13.7908
kepler-1542 b,,,3.95116635,,Kepler-1542,0.99,1.14724,5611.29,399.114,285.7284757,42.6544651,2016.0,Transit,,,0.081,12.5876
kepler-1542 c,,,2.8922287112,,Kepler-1542,0.99,1.14724,5611.29,399.114,285.7284757,42.6544651,2016.0,Transit,,,0.081,12.5876
kepler-1542 d,1.03,,5.99273738,0.0,Kepler-1542,0.866,1.19,5731.0,399.114,285.7284757,42.6544651,2016.0,Transit,1111.0,,-0.24,12.5876
kepler-1542 e,0.94,,5.10115756,0.0,Kepler-1542,0.866,1.19,5731.0,399.114,285.7284757,42.6544651,2016.0,Transit,1173.0,,-0.24,12.5876
kepler-1543 b,2.446,,,,Kepler-1543,,1.408,6312.0,921.784,297.1242915,47.0369876,2016.0,Transit,,,,13.4193
kepler-1544 b,,,168.81128288,,Kepler-1544,0.772,0.750481,4787.0,335.09,297.2852168,49.2124526,2016.0,Transit,,,,14.039
kepler-1545 b,,,163.692252345,,Kepler-1545,0.86,0.926681,5112.8,729.964,298.8988313,47.4630696,2016.0,Transit,,,0.045,15.0334
kepler-1546 b,3.286,,,,Kepler-1546,,0.885,5570.0,931.956,297.5839183,41.5411993,2016.0,Transit,,,,15.368
kepler-1547 b,0.9,,0.692979676,,Kepler-1547,1.12,1.18,6078.0,674.695,283.7640396,42.2220992,2016.0,Transit,,,0.04,13.4085
kepler-1548 b,1.901,,,,Kepler-1548,,0.764,5331.0,872.279,287.4711817,46.0805706,2016.0,Transit,,,,15.2455
kepler-1549 b,2.71,,214.886545,0.0,Kepler-1549,0.972,0.876,5375.0,803.052,286.0524399,39.0960281,2016.0,Transit,266.0,,0.3,15.1516
kepler-155 b,,,5.9311972791,,Kepler-155,0.678,0.771507,4339.18,293.499,288.4957831,51.0819286,2014.0,Transit,,,-0.142,14.24
kepler-155 c,1.76,,52.6615836,0.0,Kepler-155,0.56,0.54,3985.0,293.499,288.4957831,51.0819286,2014.0,Transit,271.0,,-0.22,14.24
kepler-1550 b,2.65,,225.582809,0.0,Kepler-1550,1.031,0.959,6184.0,1179.01,287.7646113,38.2947076,2016.0,Transit,312.0,,-0.26,14.8841
kepler-1551 b,2.74,,24.4972683,0.0,Kepler-1551,1.232,1.162,6392.0,1463.72,295.7855238,39.9078956,2016.0,Transit,722.0,,0.07,15.0975
kepler-1552 b,2.17,,184.771853,0.0,Kepler-1552,0.714,0.677,5220.0,769.096,291.6768669,38.8749152,2016.0,Transit,251.0,,-0.54,14.9308
kepler-1553 b,1.11,,4.24261881,0.0,Kepler-1553,0.875,0.78,5328.0,692.594,291.9191348,39.0221769,2016.0,Transit,939.0,,-0.1,14.9914
kepler-1554 b,2.839,,198.088774,,Kepler-1554,0.716,0.792,5121.0,946.847,286.576016,41.7415762,2016.0,Transit,,,-0.46,15.7147
kepler-1555 b,1.61,,8.10501635,,Kepler-1555,1.04,1.06,5866.0,2013.27,287.6354587,45.7160327,2016.0,Transit,,,0.03,15.3259
kepler-1556 b,,,8.82715903,,Kepler-1556,0.98,0.824385,5566.78,944.54,288.3969751,40.2131892,2016.0,Transit,,,0.191,15.2978
kepler-1557 b,1.38,,3.74031708,0.0,Kepler-1557,1.118,1.063,6260.0,1380.16,293.8813592,46.8388172,2016.0,Transit,1287.0,,-0.08,15.2987
kepler-1558 b,0.79,,3.50470358,0.0,Kepler-1558,0.798,0.854,5115.0,325.737,286.8194349,46.9117837,2016.0,Transit,1019.0,,0.08,13.5998
kepler-1559 b,0.7,,0.971915428,0.0,Kepler-1559,0.927,0.822,5406.0,614.827,292.2866565,42.0725948,2016.0,Transit,1581.0,,0.07,14.488
kepler-156 b,2.3,,4.973455,0.0,Kepler-156,0.737,0.74,5031.0,443.483,290.2964214,37.7494271,2014.0,Transit,835.0,,,14.1564
kepler-156 c,2.2,,15.906811,0.0,Kepler-156,0.737,0.74,5031.0,443.483,290.2964214,37.7494271,2014.0,Transit,569.0,,,14.1564
kepler-1560 b,0.89,,3.03195744,,Kepler-1560,1.02,1.02,5815.0,502.497,292.7846013,43.21601,2016.0,Transit,,,0.04,13.3846
kepler-1561 b,0.89,,1.005207007,0.0,Kepler-1561,0.958,0.864,5717.0,839.076,296.9235822,43.5664628,2016.0,Transit,1683.0,,-0.08,14.648
kepler-1562 b,,,64.27386328,,Kepler-1562,1.03,1.75955,5771.76,2060.72,294.4556567,46.7435353,2016.0,Transit,,,-0.0272,15.2729
kepler-1563 b,0.72,,3.43276598,0.0,Kepler-1563,0.974,0.881,5757.0,616.697,288.5735936,51.4727698,2016.0,Transit,1134.0,,-0.06,13.5682
kepler-1564 b,1.39,,18.0540381,0.0,Kepler-1564,0.953,0.852,5576.0,908.805,290.5861316,46.6427486,2016.0,Transit,623.0,,0.02,14.9531
kepler-1565 b,1.18,,1.538188437,0.0,Kepler-1565,0.783,0.726,5112.0,629.93,297.9529793,40.8067876,2016.0,Transit,1240.0,,-0.2,15.4317
kepler-1566 b,0.79,,0.539915238,,Kepler-1566,0.84,0.81,5254.0,466.586,283.5875459,40.5749018,2016.0,Transit,,,-0.07,14.3122
kepler-1567 b,2.483,,,,Kepler-1567,,0.886,5859.0,1206.11,286.695153,40.2918894,2016.0,Transit,,,,15.6322
kepler-1568 b,1.38,,20.925392,0.0,Kepler-1568,1.025,1.21,5821.0,916.313,289.1826808,47.8733301,2016.0,Transit,730.0,,0.1,13.9451
kepler-1569 b,1.634,,,,Kepler-1569,,1.275,6174.0,945.454,292.2046748,37.2212065,2016.0,Transit,,,,13.9323
kepler-157 b,1.27,,1.732345491,0.0,Kepler-157,1.021,0.934,5988.0,773.713,291.0972257,38.8756049,2014.0,Transit,1512.0,,-0.12,14.0374
kepler-157 c,2.33,,13.54056874,0.0,Kepler-157,1.021,0.934,5988.0,773.713,291.0972257,38.8756049,2014.0,Transit,762.0,,-0.12,14.0374
kepler-157 d,,,7.0257381175,,Kepler-157,1.02,1.12809,5727.26,773.713,291.0972257,38.8756049,2016.0,Transit,,,-0.0593,14.0374
kepler-1570 b,,,26.54846521,,Kepler-1570,0.99,1.7202,5586.0,918.995,299.8617842,45.8274232,2016.0,Transit,,,,13.9702
kepler-1571 b,1.52,,3.38555488,,Kepler-1571,1.23,1.39,6297.0,675.303,300.9354067,45.5964836,2016.0,Transit,,,0.04,13.77
kepler-1572 b,,,5.4954129143,,Kepler-1572,1.08,1.46132,5917.22,946.602,281.8973341,46.7227061,2016.0,Transit,,,-0.436,13.7175
kepler-1573 b,1.2,,2.6157554,,Kepler-1573,1.01,1.0,5808.0,1455.36,292.9883129,49.4849664,2016.0,Transit,,,0.02,15.1693
kepler-1574 b,1.27,,6.9424334,0.0,Kepler-1574,1.132,1.03,6108.0,1384.16,292.1586689,49.6377914,2016.0,Transit,1003.0,,0.07,15.0937
kepler-1575 b,1.31,,2.55314213,,Kepler-1575,0.95,0.92,5667.0,1246.92,293.7432102,45.7615507,2016.0,Transit,,,-0.07,15.4185
kepler-1576 b,,,6.9847101232,,Kepler-1576,1.01,0.96195,5674.51,460.91,289.0739641,40.3660239,2016.0,Transit,,,0.3052,13.3354
kepler-1577 b,2.65,,6.30560247,0.0,Kepler-1577,0.952,1.756,4934.0,510.029,292.9552704,47.5730433,2016.0,Transit,1125.0,,0.28,15.0571
kepler-1578 b,1.24,,1.450886907,0.0,Kepler-1578,1.011,1.023,6046.0,1064.05,288.3021104,47.7756227,2016.0,Transit,1699.0,,-0.14,15.3281
kepler-1579 b,0.84,,0.849907889,,Kepler-1579,0.75,0.7,4584.0,,293.288022,43.5149061,2016.0,Transit,,,0.11,15.2481
kepler-158 b,2.27,,16.70920628,0.0,Kepler-158,0.656,0.668,4621.0,315.177,284.0323723,39.7815365,2014.0,Transit,500.0,,-0.24,14.4165
kepler-158 c,2.02,,28.55156868,,Kepler-158,0.75,0.71,4720.0,315.177,284.0323723,39.7815365,2014.0,Transit,,,-0.03,14.4165
kepler-158 d,0.43,,0.645088,,Kepler-158,0.656,0.668,4895.97,315.177,284.0323723,39.7815365,2024.0,Transit,,K,,14.4165
kepler-1580 b,2.629,,,,Kepler-1580,,2.475,6300.0,1002.02,285.9687099,41.3635264,2016.0,Transit,,,,12.5755
kepler-1581 b,0.75,,6.28385491,0.0,Kepler-1581,1.07,1.219,5989.0,493.175,287.3713199,39.6036225,2016.0,Transit,1117.0,,0.06,12.3525
kepler-1582 b,0.79,,4.83809469,0.0,Kepler-1582,0.18,0.2,3187.0,78.8906,289.3765441,41.1580845,2016.0,Transit,354.0,,0.1,16.4142
kepler-1583 b,0.699,,,,Kepler-1583,,1.056,5471.0,403.933,286.3869335,47.0165188,2016.0,Transit,,,,12.8414
kepler-1584 b,1.51,,13.3997555,0.0,Kepler-1584,1.183,1.15,6401.0,1416.31,287.7626791,43.2743929,2016.0,Transit,886.0,,-0.04,14.8844
kepler-1585 b,1.72,,3.5827463,0.0,Kepler-1585,0.912,0.872,5448.0,944.465,296.1589897,44.5630457,2016.0,Transit,1064.0,,0.07,15.9772
kepler-1586 b,,,15.604841,,Kepler-1586,1.186,1.07345,6190.32,552.55,298.2026236,44.9258585,2016.0,Transit,,,-0.2299,13.0556
kepler-1587 b,1.32,,9.4060467,0.0,Kepler-1587,1.02,1.268,5855.0,1026.48,292.6777294,49.6638666,2016.0,Transit,981.0,,0.04,14.0315
kepler-1588 b,1.108,,7.84931739,,Kepler-1588,0.883,1.407,5659.0,924.141,288.2327232,48.0021967,2016.0,Transit,,,-0.22,13.821
kepler-1589 b,0.92,,0.991665274,0.0,Kepler-1589,1.132,1.03,6108.0,1513.14,294.4418236,40.5716114,2016.0,Transit,1919.0,,0.07,14.9651
kepler-159 b,1.87,,10.13961841,0.0,Kepler-159,0.52,0.5,3894.0,373.744,297.0702037,40.868734,2014.0,Transit,447.0,,-0.28,14.8882
kepler-159 c,,,43.5859419,,Kepler-159,0.7,0.69737,4477.0,373.744,297.0702037,40.868734,2014.0,Transit,,,,14.8882
kepler-1590 b,1.09,,7.61760804,0.0,Kepler-1590,1.05,1.072,6202.0,771.152,291.4079141,48.0178915,2016.0,Transit,1019.0,,-0.12,14.077
kepler-1591 b,0.93,,8.18504859,0.0,Kepler-1591,0.993,0.906,5984.0,1419.58,296.5166659,44.6086233,2016.0,Transit,892.0,,-0.2,14.6583
kepler-1592 b,1.02,,3.05710069,0.0,Kepler-1592,0.914,0.829,6020.0,1639.47,293.850623,38.3977379,2016.0,Transit,1209.0,,-0.48,14.7857
kepler-1593 b,2.91,,174.5085,,Kepler-1593,0.725,0.698,4745.0,638.249,300.4882018,44.4606698,2016.0,Transit,260.0,,-0.1,15.8836
kepler-1594 b,1.04,,2.71603809,0.0,Kepler-1594,1.074,1.01,6191.0,976.868,293.6230451,47.9619127,2016.0,Transit,1388.0,,-0.14,14.7415
kepler-1595 b,1.28,,4.56380468,0.0,Kepler-1595,0.848,0.861,5408.0,845.022,285.7227502,43.0094855,2016.0,Transit,980.0,,-0.06,15.4006
kepler-1596 b,2.02,,66.373379,0.0,Kepler-1596,1.006,0.976,6139.0,2146.23,285.5575066,49.3300866,2016.0,Transit,471.0,,-0.22,15.3662
kepler-1597 b,1.058,,2.94654179,,Kepler-1597,1.086,1.363,6205.0,1221.05,288.1639687,42.4810124,2016.0,Transit,,,-0.13,14.1152
kepler-1598 b,0.799,,,,Kepler-1598,,0.93,5763.0,619.862,288.469107,46.7836464,2016.0,Transit,,,,13.8135
kepler-1599 b,,,122.358116,,Kepler-1599,1.02,1.33622,5737.0,1328.2,286.2208685,41.1511886,2016.0,Transit,,,,14.9023
kepler-16 b,8.4493,105.833,228.776,0.0069,Kepler-16,0.6897,0.6489,4450.0,75.0852,289.0758307,51.757229,2011.0,Transit,,,-0.3,11.7472
kepler-160 b,1.89,,4.309381978,0.0,Kepler-160,0.929,1.089,5541.0,937.013,287.773573,42.8692755,2014.0,Transit,1134.0,,0.14,14.616
kepler-160 c,3.768,,,,Kepler-160,,1.066,5616.0,937.013,287.773573,42.8692755,2014.0,Transit,,,,14.616
kepler-160 d,,100.0,30.0,,Kepler-160,,1.118,5471.0,937.013,287.773573,42.8692755,2020.0,Transit Timing Variations,,,,14.616
kepler-1600 b,2.96,,386.370512,0.0,Kepler-1600,0.818,0.834,5119.0,1030.81,291.3993802,38.7877563,2016.0,Transit,209.0,,0.1,15.8138
kepler-1600 c,1.74,,7.2981458,,Kepler-1600,0.844,0.826,5090.0,1030.81,291.3993802,38.7877563,2021.0,Transit,,,0.11,15.8138
kepler-1601 b,,,2.2092179925,,Kepler-1601,1.08,1.04837,5920.0,644.456,285.5129496,38.079839,2016.0,Transit,,,,13.6782
kepler-1602 b,,,11.17931581,,Kepler-1602,1.17,1.10662,6161.41,629.804,293.5808607,40.4275396,2016.0,Transit,,,-0.205,13.3012
kepler-1603 b,0.97,,2.27164952,0.0,Kepler-1603,1.115,1.062,6274.0,2712.58,295.3298254,42.5349698,2016.0,Transit,1522.0,,-0.1,15.3397
kepler-1604 b,1.41,,0.683684256,,Kepler-1604,0.81,0.76,4976.0,541.189,285.4106549,44.4122318,2016.0,Transit,,,0.02,14.8989
kepler-1605 b,5.18,,85.7565495,0.0,Kepler-1605,1.658,4.001,5447.0,546.23,287.1349405,47.4886251,2016.0,Transit,716.0,,-0.22,12.4129
kepler-1606 b,1.98,,196.435224,0.0,Kepler-1606,0.895,0.816,5536.0,831.287,286.3782987,43.0732287,2016.0,Transit,276.0,,-0.12,15.1062
kepler-1607 b,1.25,,13.6471211,0.0,Kepler-1607,0.89,1.382,5771.0,1286.1,296.0598685,42.6560582,2016.0,Transit,913.0,,-0.3,13.8751
kepler-1608 b,1.8,,16.4735686,0.0,Kepler-1608,0.702,0.754,5364.0,,295.563555,39.41757,2016.0,Transit,612.0,,-0.54,15.8947
kepler-1609 b,,,114.336052,,Kepler-1609,1.05,1.71327,5826.0,1826.04,290.1465356,39.6658026,2016.0,Transit,,,,14.9366
kepler-161 b,1.84,,4.921357,0.0,Kepler-161,0.783,0.69,5058.0,434.632,290.5164698,43.0838642,2014.0,Transit,813.0,,,14.1922
kepler-161 c,1.96,,7.064256441,0.0,Kepler-161,0.817,0.739,5079.0,434.632,290.5164698,43.0838642,2014.0,Transit,743.0,,-0.1,14.1922
kepler-1610 b,,,8.7018192778,,Kepler-1610,0.86,0.732623,5106.92,864.331,295.9049795,45.4054296,2016.0,Transit,,,-0.1398,15.8137
kepler-1610 c,2.20600009,,44.98529816,,Kepler-1610,0.825,0.8,5295.0,864.331,295.9049795,45.4054296,2023.0,Transit,,,-0.1,15.8137
kepler-1611 b,0.66,,5.1762429,0.0,Kepler-1611,0.786,0.72,5511.0,908.444,296.5120204,49.7277506,2016.0,Transit,887.0,,-0.5,14.4116
kepler-1612 b,0.88,,3.91795101,0.0,Kepler-1612,0.891,0.813,5543.0,764.726,291.2503022,45.6550536,2016.0,Transit,1019.0,,-0.14,14.7157
kepler-1613 b,2.34,,1.5184299,0.0,Kepler-1613,1.063,1.269,6302.0,1508.33,289.8750066,43.4209318,2016.0,Transit,1927.0,,-0.18,14.068
kepler-1614 b,1.49,,3.9466141,,Kepler-1614,0.79,0.76,5121.0,1191.19,284.8713893,49.7758867,2016.0,Transit,,,-0.17,15.9408
kepler-1615 b,1.94,,47.3126192,0.0,Kepler-1615,1.035,1.002,6035.0,1393.83,286.3592066,42.2273971,2016.0,Transit,523.0,,-0.06,14.5237
kepler-1616 b,0.88,,6.76284377,0.0,Kepler-1616,1.177,1.155,6528.0,1137.81,286.5436691,45.3048716,2016.0,Transit,1138.0,,-0.16,13.4295
kepler-1617 b,1.2,,27.4785572,,Kepler-1617,1.15,1.22,6167.0,898.31,287.9371747,46.4184781,2016.0,Transit,,,0.01,13.6555
kepler-1618 b,1.06,,6.1082945,0.0,Kepler-1618,1.261,1.289,6720.0,1229.25,295.1753619,45.9308594,2016.0,Transit,1267.0,,-0.14,13.5664
kepler-1619 b,0.76,,23.6225913,,Kepler-1619,1.0,1.0,5852.0,734.85,285.703595,44.4221528,2016.0,Transit,,,-0.07,13.2994
kepler-162 b,,,6.91986988,,Kepler-162,1.03,1.20802,5743.0,855.641,297.2789115,43.7239693,2014.0,Transit,,,,14.2231
kepler-162 c,3.28,,19.44638698,0.0,Kepler-162,0.875,0.954,5815.0,855.641,297.2789115,43.7239693,2014.0,Transit,681.0,,-0.3,14.2231
kepler-1620 b,,,101.94973747,,Kepler-1620,,,,895.069,297.2709026,46.9284743,2016.0,Transit,,,,13.6228
kepler-1621 b,1.96,,92.263714,0.0,Kepler-1621,1.213,1.137,6343.0,1631.66,297.5885341,43.8411937,2016.0,Transit,457.0,,0.07,15.0106
kepler-1622 b,1.15,,10.8118737,0.0,Kepler-1622,1.157,1.19,6461.0,796.477,297.3288329,47.815459,2016.0,Transit,980.0,,-0.12,13.3442
kepler-1623 b,1.3,,4.36128348,0.0,Kepler-1623,1.057,0.962,5817.0,837.481,294.082697,39.5560655,2016.0,Transit,1090.0,,0.14,14.9243
kepler-1624 b,4.91,,3.290304098,0.0,Kepler-1624,0.43,0.427,3386.0,258.979,292.5798564,37.3762616,2016.0,Transit,540.0,,0.48,15.6681
kepler-1625 b,5.4,,287.378949,0.0,Kepler-1625,0.861,0.838,5645.0,2310.11,295.429322,39.8865068,2016.0,Transit,253.0,,-0.26,15.7627
kepler-1626 b,1.24,,4.13960513,0.0,Kepler-1626,1.202,1.181,6535.0,1368.83,296.5004384,40.7212069,2016.0,Transit,1352.0,,-0.1,14.2242
kepler-1627 b,,,7.20280608,,Kepler-1627,0.99,0.754519,5580.71,317.437,284.0566675,41.5767277,2016.0,Transit,,,0.1468,13.0492
kepler-1628 b,,,76.3775,,Kepler-1628,,,,,281.6336936,43.4115547,2016.0,Transit,,,,16.9534
kepler-1629 b,0.669,,,,Kepler-1629,,0.882,5708.0,336.09,280.2066276,43.7743281,2016.0,Transit,,,,12.7136
kepler-163 b,1.05,,7.81104673,0.0,Kepler-163,0.999,0.901,5772.0,689.814,295.0027458,46.9873389,2014.0,Transit,870.0,,0.0,14.3796
kepler-163 c,2.23,,21.3473612,0.0,Kepler-163,0.999,0.901,5772.0,689.814,295.0027458,46.9873389,2014.0,Transit,623.0,,0.0,14.3796
kepler-1630 b,2.62,,509.997402,0.0,Kepler-1630,0.724,0.756,5037.0,331.213,297.5083004,43.7110543,2016.0,Transit,182.0,,-0.2,14.2049
kepler-1631 b,1.35,,4.09513932,,Kepler-1631,0.97,0.95,5679.0,1305.99,294.6325781,43.8076687,2016.0,Transit,,,0.04,15.4951
kepler-1632 b,2.47,,448.303558,,Kepler-1632,1.12,1.19,6137.0,716.76,294.4948769,43.9135575,2016.0,Transit,,,0.0,13.066
kepler-1633 b,1.06,,186.404271,0.0,Kepler-1633,1.008,0.921,6351.0,1114.91,288.5151733,44.9232545,2016.0,Transit,336.0,,-0.5,13.3918
kepler-1634 b,2.568,,,,Kepler-1634,,0.815,5637.0,617.339,294.043399,45.1398201,2016.0,Transit,,,,14.486
kepler-1635 b,3.64,,469.63111,,Kepler-1635,0.89,0.85,5347.0,1069.45,285.3490542,45.5561768,2016.0,Transit,,,0.06,15.6928
kepler-1636 b,,,425.483539,,Kepler-1636,0.99,1.38556,5619.51,1947.54,294.0575681,46.4409844,2016.0,Transit,,,0.146,15.7916
kepler-1637 b,,,6.10968225,,Kepler-1637,,,,567.187,282.2368006,48.1542016,2016.0,Transit,,,,13.2726
kepler-1638 b,,,259.302834529,,Kepler-1638,1.03,1.62302,5745.0,1525.52,295.4823299,48.5244695,2016.0,Transit,,,,14.7479
kepler-1639 b,,,9.87892482,,Kepler-1639,1.18,1.03264,6175.0,1031.31,283.068651,48.8021209,2016.0,Transit,,,,14.4686
kepler-164 b,1.545,,,,Kepler-164,,1.041,5923.0,890.758,287.7808115,47.6298453,2014.0,Transit,,,,14.2329
kepler-164 c,2.418,,10.94577222,,Kepler-164,1.036,1.022,5923.0,890.758,287.7808115,47.6298453,2014.0,Transit,,,0.0,14.2329
kepler-164 d,2.5,,28.98687,0.0,Kepler-164,1.15,1.1,6361.0,890.758,287.7808115,47.6298453,2014.0,Transit,667.0,,,14.2329
kepler-164 e,4.00199986,,94.8864975,,Kepler-164,0.966,1.097,5888.0,890.758,287.7808115,47.6298453,2023.0,Transit,,,-0.1,14.2329
kepler-1640 b,5.49,,7.5844126,0.0,Kepler-1640,1.345,1.63,6266.0,1859.78,294.5577857,40.8504949,2016.0,Transit,1222.0,,0.26,14.9622
kepler-1641 b,3.92,,19.672266,0.0,Kepler-1641,1.098,1.485,6486.0,860.37,296.359456,41.5745321,2016.0,Transit,908.0,,-0.34,14.2231
kepler-1641 c,2.673,,,,Kepler-1641,,1.064,6484.0,860.37,296.359456,41.5745321,2016.0,Transit,,,,14.2231
kepler-1642 b,3.2,,12.2057513,,Kepler-1642,0.88,0.84,5355.0,413.873,297.2121215,43.643789,2016.0,Transit,,,-0.01,14.1012
kepler-1642 c,4.87,,6.6513802,0.0,Kepler-1642,0.937,1.514,5254.0,413.873,297.2121215,43.643789,2016.0,Transit,1095.0,,0.21,14.1012
kepler-1643 b,1.72,,5.34264507,0.0,Kepler-1643,0.699,0.667,5094.0,341.774,300.4310076,44.7510129,2016.0,Transit,796.0,,-0.5,13.8271
kepler-1644 b,1.8,,21.0907758,0.0,Kepler-1644,0.856,0.821,5722.0,629.27,285.4750512,48.0348356,2016.0,Transit,607.0,,-0.36,14.1827
kepler-1645 b,,,16.1782317601,,Kepler-1645,1.01,1.52015,5680.0,1202.47,297.4795142,48.418582,2016.0,Transit,,,,14.4405
kepler-1646 b,,,4.4855629633,,Kepler-1646,0.361077,0.373314,3391.0,127.591,287.5264859,42.9129356,2016.0,Transit,,,,15.6554
kepler-1647 b,11.8739,483.0,1107.5923,0.0581,Kepler-1647,1.2207,1.7903,6210.0,1212.45,298.150057,40.6561751,2016.0,Transit,,,-0.14,13.579
kepler-1649 b,0.57,,8.68907042,0.0,Kepler-1649,0.096,0.118,2703.0,92.1913,292.5029676,41.8299933,2017.0,Transit,211.0,,0.0,16.2682
kepler-1649 c,1.06,,19.53527,,Kepler-1649,0.1977,0.2317,3240.0,92.1913,292.5029676,41.8299933,2020.0,Transit,234.0,,-0.15,16.2682
kepler-165 b,2.1,,8.1808949,0.0,Kepler-165,0.864,0.77,5081.0,560.885,280.69092,47.8096702,2014.0,Transit,716.0,,0.12,14.7945
kepler-165 c,,,15.312909,,Kepler-165,0.87,0.727855,5155.0,560.885,280.69092,47.8096702,2014.0,Transit,,,,14.7945
kepler-1650 b,0.75,,1.538181528,0.0,Kepler-1650,0.242,0.26,3304.0,134.397,297.7292296,42.8666919,2017.0,Transit,582.0,,0.0,15.7393
kepler-1651 b,1.15,,9.8847,0.0,Kepler-1651,0.21,0.27,3240.0,66.4074,283.6282602,48.3908081,2017.0,Transit,320.0,,,13.0716
kepler-1652 b,1.39,,38.09824,0.0,Kepler-1652,0.52,0.502,3885.0,,294.3660313,49.9150219,2017.0,Transit,288.0,,,16.0023
kepler-1653 b,,,140.2504841,,Kepler-1653,,,,,296.457702,41.266021,2017.0,Transit,,,,
kepler-1654 b,9.180171,158.915,1047.8356,0.26,Kepler-1654,1.011,1.179,5597.0,568.117,282.1856949,44.4344617,2018.0,Transit,206.0,G5 V,-0.088,13.4057
kepler-1655 b,2.292,,,,Kepler-1655,,1.058,6002.0,213.26,286.6895986,39.2120802,2018.0,Transit,,,,11.0141
kepler-1656 b,4.52,,31.578651216,0.0,Kepler-1656,0.987,0.99,5733.0,185.875,284.4722473,39.911889,2018.0,Transit,570.0,,0.08,11.0622
kepler-1656 c,,126.4,1919.0,0.527,Kepler-1656,1.03,1.1,,185.875,284.4722473,39.911889,2022.0,Radial Velocity,,,,11.0622
kepler-166 b,2.39,,7.650241916,0.0,Kepler-166,0.819,0.759,5413.0,603.53,293.1600977,48.8812074,2014.0,Transit,780.0,,-0.28,14.6848
kepler-166 c,2.41,,34.25951418,0.0,Kepler-166,0.835,0.746,5409.0,603.53,293.1600977,48.8812074,2014.0,Transit,468.0,,-0.3,14.6848
kepler-166 d,1.58,,1.554003928,0.0,Kepler-166,0.819,0.759,5413.0,603.53,293.1600977,48.8812074,2016.0,Transit,1326.0,,-0.28,14.6848
kepler-1660 ab b,,2445.06619,237.68977,0.0603,Kepler-1660 A,1.21,,,1188.54,290.5519537,40.2350445,2023.0,Eclipse Timing Variations,,F7 V,,13.4394
kepler-1661 b,3.87,17.0,175.06,0.057,Kepler-1661,0.841,0.762,5100.0,410.607,285.1670927,41.9669383,2020.0,Transit,243.0,K,-0.12,14.1933
kepler-1663 b,,,17.60459942,,Kepler-1663,0.610816,0.62859,3844.0,337.926,290.4015156,48.8227234,2020.0,Transit,,,,15.6164
kepler-1664 b,3.03320653,,14.3868,,Kepler-1664,,,5735.81,626.691,286.8527157,49.2616668,2020.0,Transit,,,0.3698,13.5307
kepler-1665 b,2.83910787,,11.9548,,Kepler-1665,0.842,0.777785,5049.84,335.515,290.39624,41.0399229,2020.0,Transit,,,-0.013,13.5913
kepler-1666 b,2.4,,25.8474958,0.0,Kepler-1666,1.084,1.031,6297.0,1379.37,297.9516071,46.2647024,2020.0,Transit,672.0,,-0.2,15.0151
kepler-1666 c,2.97,,40.7155403,0.0,Kepler-1666,1.084,1.031,6297.0,1379.37,297.9516071,46.2647024,2020.0,Transit,578.0,,-0.2,15.0151
kepler-1667 b,4.2,,83.57752,0.0,Kepler-1667,1.12,1.38,6188.0,626.819,283.5329505,48.0943604,2020.0,Transit,515.0,,,13.4461
kepler-1668 b,4.47,,15.4339775,0.0,Kepler-1668,1.065,0.951,5900.0,1335.64,297.3523076,46.0959309,2020.0,Transit,721.0,,0.07,15.6767
kepler-1669 b,1.83,,9.512123,0.0,Kepler-1669,0.585,0.556,4265.0,543.444,297.4303826,39.8478795,2020.0,Transit,516.0,,,15.9088
kepler-1669 c,,,1.609321941,,Kepler-1669,0.67,0.714145,4303.0,543.444,297.4303826,39.8478795,2021.0,Transit,,,,15.9088
kepler-1669 d,1.22,,4.72941177,0.0,Kepler-1669,0.609,0.603,4224.0,543.444,297.4303826,39.8478795,2023.0,Transit,669.0,,-0.2,15.9088
kepler-167 b,1.71,,4.393156523,0.0,Kepler-167,0.772,0.808,4978.0,341.908,292.6585253,38.3455558,2014.0,Transit,899.0,,0.07,14.0004
kepler-167 c,1.76,,7.40610775,0.0,Kepler-167,0.772,0.808,4978.0,341.908,292.6585253,38.3455558,2014.0,Transit,755.0,,0.07,14.0004
kepler-167 d,,,21.8035324861,,Kepler-167,0.783,0.757643,4826.67,341.908,292.6585253,38.3455558,2016.0,Transit,,,0.0807,14.0004
kepler-167 e,9.4,,341.0,0.0,Kepler-167,0.713,0.7,4909.0,341.908,292.6585253,38.3455558,2016.0,Transit,196.0,,,14.0004
kepler-1670 b,3.3564801,,20.4998,,Kepler-1670,1.05,1.51889,5838.0,2065.98,290.3264599,43.121755,2020.0,Transit,,,,15.42
kepler-1671 b,1.085,,4.167892514,,Kepler-1671,0.928,0.846,5287.0,357.059,291.7484295,39.4467817,2020.0,Transit,,,0.24,13.2783
kepler-1672 b,3.5,,150.8811,0.0,Kepler-1672,1.14,1.39,6222.0,391.181,297.9400971,40.2785566,2020.0,Transit,425.0,,,12.3961
kepler-1673 b,,,33.7888028,,Kepler-1673,1.11,1.13166,6014.95,727.187,285.6671724,48.7195865,2020.0,Transit,,,0.228,13.5988
kepler-1674 b,3.54,,62.5613879,0.0,Kepler-1674,0.937,0.84,5662.0,1012.48,294.8160447,45.3060844,2020.0,Transit,417.0,,-0.12,15.4779
kepler-1675 b,2.688,,63.0381121,,Kepler-1675,1.118,1.074,5860.0,651.117,283.8095478,41.0412517,2020.0,Transit,,,0.23,13.5535
kepler-1676 b,1.88,,29.92205802,0.0,Kepler-1676,1.07,0.996,6122.0,,287.2368778,43.5671665,2020.0,Transit,613.0,,-0.1,
kepler-1677 b,2.70216183,,22.064,,Kepler-1677,1.11,1.24959,6013.72,735.369,298.493273,47.0130566,2020.0,Transit,,,0.108,13.644
kepler-1678 b,3.33,,147.97391,0.0,Kepler-1678,0.905,0.95,5578.0,847.339,292.5916297,38.3995629,2020.0,Transit,329.0,,0.0,14.9068
kepler-1679 b,2.18,,9.75369069,0.0,Kepler-1679,0.996,0.899,5806.0,909.28,293.9005786,50.4270507,2020.0,Transit,813.0,,-0.04,15.1144
kepler-168 b,,,4.42535097,,Kepler-168,1.12,1.38749,6031.0,1343.6,294.7101832,39.8250437,2014.0,Transit,,,,14.6046
kepler-168 c,,,13.19320021,,Kepler-168,1.12,1.38749,6031.0,1343.6,294.7101832,39.8250437,2014.0,Transit,,,,14.6046
kepler-1680 b,1.42,,8.77426218,0.0,Kepler-1680,0.832,0.905,5146.0,310.315,297.0746571,39.9338893,2020.0,Transit,771.0,,0.2,13.6931
kepler-1681 b,2.1,,69.8941,0.0,Kepler-1681,0.9,0.84,5584.0,758.3,296.6972773,46.3716969,2020.0,Transit,398.0,,,14.5565
kepler-1682 b,,,14.83340944,,Kepler-1682,0.99,0.842301,5619.12,1159.85,293.9835827,39.5728474,2020.0,Transit,,,-0.048,15.678
kepler-1683 b,,,15.03353729,,Kepler-1683,0.95,0.900327,5429.0,733.143,298.4501035,44.2840193,2020.0,Transit,,,,14.8429
kepler-1684 b,2.96,,47.7087,0.0,Kepler-1684,0.654,0.708,4300.0,621.996,294.0054181,46.3106625,2020.0,Transit,337.0,,,15.765
kepler-1685 b,,,20.49054658,,Kepler-1685,0.96,0.835451,5484.0,1141.89,296.1882618,43.9368118,2020.0,Transit,,,,15.906
kepler-1686 b,1.169,,9.30989826,,Kepler-1686,1.057,1.11,5860.0,729.823,291.6067189,42.0359783,2020.0,Transit,,,0.12,13.7519
kepler-1687 b,,,5.77957133,,Kepler-1687,0.65,0.726119,4132.0,417.014,289.7428363,50.7870626,2020.0,Transit,,,,15.473
kepler-1688 b,2.53,,5.62005172,0.0,Kepler-1688,0.949,1.826,4897.0,,289.5530051,41.2978532,2020.0,Transit,1184.0,,0.24,13.9862
kepler-1689 b,0.84,,8.48293296,0.0,Kepler-1689,0.916,0.999,5798.0,294.122,291.5741663,38.6559433,2020.0,Transit,909.0,,-0.16,12.1077
kepler-169 b,1.19,,3.25058201,0.0,Kepler-169,0.806,0.76,5001.0,406.529,285.9999204,40.9193822,2014.0,Transit,962.0,,0.04,14.1617
kepler-169 c,,,6.1954595,,Kepler-169,0.81,0.774293,4930.0,406.529,285.9999204,40.9193822,2014.0,Transit,,,,14.1617
kepler-169 d,3.76,,8.34811,0.0,Kepler-169,0.918,1.86,5058.0,406.529,285.9999204,40.9193822,2014.0,Transit,1091.0,,,14.1617
kepler-169 e,2.75,,13.76708539,0.0,Kepler-169,0.85,0.939,5173.0,406.529,285.9999204,40.9193822,2014.0,Transit,678.0,,0.26,14.1617
kepler-169 f,7.32,,87.09086,0.0,Kepler-169,0.918,1.86,5058.0,406.529,285.9999204,40.9193822,2014.0,Transit,498.0,,,14.1617
kepler-1690 b,2.56,,234.635652,0.0,Kepler-1690,0.867,0.885,5422.0,703.789,288.1566649,41.8779417,2020.0,Transit,267.0,,0.0,14.6417
kepler-1691 b,1.72,,3.84822189,0.0,Kepler-1691,1.094,1.193,5927.0,1267.67,286.2543962,41.0218373,2020.0,Transit,1283.0,,0.16,14.8807
kepler-1692 b,0.97,,5.959585,0.0,Kepler-1692,0.821,0.78,5299.0,591.019,286.9241804,47.0537092,2020.0,Transit,841.0,,,14.5049
kepler-1693 b,1.12,,12.09997831,0.0,Kepler-1693,0.95,0.856,5693.0,760.065,290.2015581,48.1857799,2020.0,Transit,729.0,,-0.08,14.7438
kepler-1693 c,0.95,,5.36374214,0.0,Kepler-1693,0.95,0.856,5693.0,760.065,290.2015581,48.1857799,2021.0,Transit,957.0,,-0.08,14.7438
kepler-1694 b,,,3.89524296,,Kepler-1694,0.82,0.756284,4954.0,513.329,293.7936339,40.241023,2020.0,Transit,,,,14.7519
kepler-1695 b,1.08,,4.732914,0.0,Kepler-1695,0.923,0.82,5604.0,791.175,293.6193001,46.4134015,2020.0,Transit,962.0,,,14.6234
kepler-1696 b,2.35,,65.941326,0.0,Kepler-1696,1.047,0.96,5982.0,1506.36,295.5761011,42.0233639,2020.0,Transit,454.0,,-0.04,15.4879
kepler-1697 b,,,33.4969115,,Kepler-1697,0.747,0.772344,4681.53,247.771,287.663331,43.4713782,2020.0,Transit,,,0.0341,13.3622
kepler-1698 b,,,1.210693626,,Kepler-1698,0.822,0.741698,4975.03,222.345,293.3450181,39.2577469,2020.0,Transit,,,0.08,12.8761
kepler-1699 b,,,3.490785878,,Kepler-1699,,,5575.53,818.759,292.1373281,48.9171579,2020.0,Transit,,,0.225,14.6614
kepler-17 b,14.48,,1.485710994,0.0,Kepler-17,1.021,1.018,5624.0,720.753,298.3952437,47.8149865,2011.0,Transit,1562.0,,0.3,14.1311
kepler-170 b,3.05,,7.930583519,0.0,Kepler-170,1.086,1.032,5674.0,738.657,284.5211975,41.6296562,2014.0,Transit,899.0,,0.48,14.3469
kepler-170 c,2.86,,16.665863,,Kepler-170,,1.035,5679.0,738.657,284.5211975,41.6296562,2014.0,Transit,,,,14.3469
kepler-1700 b,2.884,,234.244257,,Kepler-1700,1.07,1.072,5942.0,717.597,286.9497376,45.3537626,2020.0,Transit,,,0.07,13.6285
kepler-1701 b,1.99,,169.133455,0.0,Kepler-1701,0.864,0.779,5380.0,584.142,286.6088625,41.8892986,2020.0,Transit,278.0,,-0.14,14.5504
kepler-1702 b,,,18.5010898,,Kepler-1702,0.85,0.725742,5093.0,857.14,284.9724842,44.5674794,2020.0,Transit,,,,15.7743
kepler-1704 b,11.441,,988.8811177,,Kepler-1704,1.21,1.639,5804.0,835.455,291.2012559,51.1442437,2021.0,Transit,,,0.21,13.2514
kepler-1705 b,2.03,4.47,9.03502,0.033,Kepler-1705,1.139,1.259,6312.0,1633.49,301.5785316,44.3121639,2021.0,Transit,,,-0.2,15.4974
kepler-1705 c,2.05,5.42,11.28,0.028,Kepler-1705,1.139,1.259,6312.0,1633.49,301.5785316,44.3121639,2021.0,Transit,,,-0.2,15.4974
kepler-1708 b,9.96,1462.0106722,737.1131,0.4,Kepler-1708,1.088,1.117,6157.0,1666.69,296.8241065,43.6248197,2021.0,Transit,,,0.0,15.6837
kepler-1709 b,3.12424875,,65.70459747,,Kepler-1709,1.003,1.043,5918.0,273.946,283.3748873,43.7883708,2021.0,Transit,,,-0.04,11.6176
kepler-171 b,,,4.16696628,,Kepler-171,0.97,0.997769,5521.0,863.855,296.7719082,41.7555958,2014.0,Transit,,,0.11,14.9053
kepler-171 c,2.64,,11.4634736,0.0,Kepler-171,0.908,0.831,5641.0,863.855,296.7719082,41.7555958,2014.0,Transit,731.0,,-0.16,14.9053
kepler-171 d,,,39.6034,,Kepler-171,0.97,0.997769,5521.0,863.855,296.7719082,41.7555958,2014.0,Transit,,,0.11,14.9053
kepler-1710 b,2.95,,14.910755,0.0,Kepler-1710,0.908,0.955,5531.0,305.193,291.6832878,37.7514726,2021.0,Transit,703.0,,,12.5606
kepler-1711 b,,,21.06075303,,Kepler-1711,,1.08991,5745.26,590.268,298.1772916,42.2370289,2021.0,Transit,,,-0.021,13.1844
kepler-1712 b,,,13.81504449,,Kepler-1712,0.574359,0.583435,3833.0,156.264,284.998698,50.1466922,2021.0,Transit,,,,14.1997
kepler-1713 b,1.75,,18.01167665,0.0,Kepler-1713,1.318,1.447,6463.0,295.293,287.3456737,43.3783894,2021.0,Transit,893.0,,0.09,10.8652
kepler-1714 b,3.12,,10.275394,0.0,Kepler-1714,1.41,1.95,6088.0,409.46,293.7164655,46.2266878,2021.0,Transit,1163.0,,,10.9663
kepler-1715 b,2.98,,35.59713982,0.0,Kepler-1715,1.106,1.1,6210.0,522.605,293.9297337,41.6029048,2021.0,Transit,613.0,,-0.02,12.3012
kepler-1716 b,2.14,,35.58944,0.0,Kepler-1716,0.701,0.649,4789.0,195.439,297.2717207,43.3330644,2021.0,Transit,392.0,,,12.9403
kepler-1717 b,2.38,,30.6529373,0.0,Kepler-1717,1.319,1.377,6823.0,1008.79,295.2126472,49.56216,2021.0,Transit,771.0,,-0.1,13.3
kepler-1718 b,2.52,,135.1898,0.0,Kepler-1718,0.84,0.909,5714.0,375.522,292.2349191,42.9094618,2021.0,Transit,344.0,,,12.735
kepler-1719 b,3.95000623,,6.149559975,,Kepler-1719,1.08,1.775,5687.0,905.406,284.7068546,38.9367566,2021.0,Transit,,,0.04,13.3258
kepler-172 b,,,2.940304817,,Kepler-172,0.95,1.08963,5429.0,828.592,283.3684093,41.821839,2014.0,Transit,,,,14.5369
kepler-172 c,,,6.38900035,,Kepler-172,0.95,1.08963,5429.0,828.592,283.3684093,41.821839,2014.0,Transit,,,,14.5369
kepler-172 d,2.25,,14.62698952,,Kepler-172,1.0,1.03,5599.0,828.592,283.3684093,41.821839,2014.0,Transit,,,0.23,14.5369
kepler-172 e,3.0,,35.11836,0.0,Kepler-172,0.85,0.97,5540.0,828.592,283.3684093,41.821839,2014.0,Transit,540.0,,,14.5369
kepler-1720 b,3.17,,12.70637048,0.0,Kepler-1720,0.937,0.85,5582.0,629.445,296.8086813,47.1718557,2021.0,Transit,703.0,,-0.02,14.6634
kepler-1721 b,3.11856756,,4.592380047,,Kepler-1721,0.89,0.796,5351.0,641.374,283.5441984,45.2256548,2021.0,Transit,,,-0.04,14.8762
kepler-1722 b,2.33,,9.17858057,0.0,Kepler-1722,0.859,0.795,5500.0,772.283,296.6627402,41.2611985,2021.0,Transit,758.0,,-0.2,14.8579
kepler-1723 b,2.8,,39.7530284,0.0,Kepler-1723,0.96,1.01,6072.0,811.278,294.4627362,46.8214022,2021.0,Transit,568.0,,-0.3,14.2875
kepler-1724 b,,,6.45442931,,Kepler-1724,1.02,1.08301,5726.0,1060.77,296.1207272,47.9214736,2021.0,Transit,,,,14.8169
kepler-1725 b,,,16.71986014,,Kepler-1725,1.17,1.10308,6161.0,558.652,294.3735518,40.1946345,2021.0,Transit,,,,13.0267
kepler-1726 b,,,18.39629744,,Kepler-1726,0.92,0.763872,5338.0,390.552,284.3861498,45.7197342,2021.0,Transit,,,,13.6766
kepler-1727 b,2.57,,9.02930689,0.0,Kepler-1727,0.824,0.82,5349.0,894.187,290.3336142,38.7282722,2021.0,Transit,757.0,,-0.12,15.3759
kepler-1728 b,2.6,,4.783,0.0,Kepler-1728,0.748,0.74,5073.0,651.783,287.0940046,39.0607801,2021.0,Transit,864.0,,,15.084
kepler-1729 b,3.89404186,,4.220970154,,Kepler-1729,0.544,0.517,3837.0,576.181,296.6939428,42.6261145,2021.0,Transit,,,-0.06,15.6458
kepler-173 b,,,4.263740975,,Kepler-173,1.0,1.14448,5629.05,833.165,294.6466171,41.8840952,2014.0,Transit,,,0.0357,14.2578
kepler-173 c,2.77,,8.005783665,,Kepler-173,1.04,1.06,5926.0,833.165,294.6466171,41.8840952,2014.0,Transit,,,-0.01,14.2578
kepler-1730 b,,,13.81019506,,Kepler-1730,0.99,1.15841,5598.0,1427.08,281.9605834,43.7030386,2021.0,Transit,,,,15.3758
kepler-1731 b,3.1,,21.761277,0.0,Kepler-1731,0.713,0.7,4917.0,169.948,291.2544229,36.7434302,2021.0,Transit,493.0,,,12.4974
kepler-1732 b,4.09903273,,32.31240082,,Kepler-1732,1.043,1.494,5821.0,1289.41,292.2910129,37.5807686,2021.0,Transit,,,0.04,14.7163
kepler-1733 b,2.79,,9.22961384,0.0,Kepler-1733,1.273,1.252,6320.0,2080.51,291.1384628,37.8592447,2021.0,Transit,1021.0,,0.24,15.357
kepler-1734 b,2.12,,6.79684436,0.0,Kepler-1734,1.05,0.97,6061.0,1482.83,294.163167,41.4517316,2021.0,Transit,985.0,,-0.1,15.3171
kepler-1735 b,0.97,,7.72,,Kepler-1735,,,,245.303,281.0503476,47.1882005,2021.0,Transit,,,,15.2237
kepler-1736 b,2.44,,37.8101174,0.0,Kepler-1736,0.976,0.973,6085.0,1430.0,289.7766991,38.2622374,2021.0,Transit,566.0,,-0.28,14.6161
kepler-1737 b,5.41,,64.6174465,0.0,Kepler-1737,0.834,0.881,5043.0,,297.0148111,47.486417,2021.0,Transit,383.0,,0.3,15.3741
kepler-1738 b,2.33,,7.67465618,0.0,Kepler-1738,1.079,1.001,6063.0,1302.87,296.1313474,47.4388098,2021.0,Transit,957.0,,-0.02,15.4178
kepler-1739 b,,,7.34372235,,Kepler-1739,1.02,0.871746,5703.0,783.666,296.2320536,47.6788626,2021.0,Transit,,,,14.6422
kepler-174 b,2.14,,13.98177228,,Kepler-174,0.71,0.68,4949.0,384.757,287.4389454,43.8320052,2014.0,Transit,,,-0.36,14.2858
kepler-174 c,1.752,,,,Kepler-174,,0.732,4693.0,384.757,287.4389454,43.8320052,2014.0,Transit,,,,14.2858
kepler-174 d,2.36,,247.354265,,Kepler-174,0.71,0.68,4949.0,384.757,287.4389454,43.8320052,2014.0,Transit,,,-0.36,14.2858
kepler-1740 b,3.75,,8.17242018,0.0,Kepler-1740,1.093,0.986,5993.0,1061.77,293.873663,38.9224548,2021.0,Transit,918.0,,0.07,15.2863
kepler-1741 b,1.21,,2.757567,0.0,Kepler-1741,0.539,0.516,4002.0,270.739,292.577073,39.120939,2021.0,Transit,720.0,,,15.6903
kepler-1742 b,1.88,,49.4781446,0.0,Kepler-1742,0.939,0.849,5776.0,669.573,286.9668086,44.9924315,2021.0,Transit,462.0,,-0.18,14.3735
kepler-1743 b,1.43,,7.64970832,0.0,Kepler-1743,1.266,1.613,5855.0,538.807,290.5523552,48.1262575,2021.0,Transit,1144.0,,0.4,11.9354
kepler-1744 b,3.42,,37.101107,0.0,Kepler-1744,0.886,0.85,5986.0,1091.63,291.0206823,42.4624633,2021.0,Transit,532.0,,-0.5,15.2558
kepler-1745 b,1.67,,3.01618319,0.0,Kepler-1745,1.062,0.999,6043.0,996.105,293.4689924,42.8223582,2021.0,Transit,1305.0,,-0.04,14.8649
kepler-1746 b,,,321.2124365,,Kepler-1746,1.22,1.49962,6270.99,979.541,288.3203979,42.2613874,2021.0,Transit,,,-0.2439,13.4903
kepler-1747 b,4.11,,6.230330323,0.0,Kepler-1747,0.983,0.865,5477.0,1321.38,284.2096557,45.258082,2021.0,Transit,875.0,,0.21,15.9687
kepler-1748 b,2.71,,5.82349237,0.0,Kepler-1748,0.916,0.864,5774.0,1083.28,285.967897,45.7390789,2021.0,Transit,955.0,,-0.22,15.8529
kepler-1749 b,,,14.53399886,,Kepler-1749,0.66,0.621183,4238.82,268.2,290.2945805,45.5645196,2021.0,Transit,,,0.1432,14.6958
kepler-175 b,,,11.90349774,,Kepler-175,1.02,1.27267,5721.0,1312.34,289.553232,43.876116,2014.0,Transit,,,,14.9115
kepler-175 c,3.22,,34.0350559,0.0,Kepler-175,1.079,1.001,6063.0,1312.34,289.553232,43.876116,2014.0,Transit,583.0,,-0.02,14.9115
kepler-1750 b,4.83,,205.912082,0.0,Kepler-1750,0.85,0.897,5717.0,1497.33,292.3514917,48.5110714,2021.0,Transit,297.0,,-0.3,15.5339
kepler-1751 b,1.79,,7.01773,0.0,Kepler-1751,1.04,1.0,6066.0,1291.47,284.8465476,49.6923412,2021.0,Transit,989.0,,,15.232
kepler-1752 b,5.26,,56.3592236,0.0,Kepler-1752,0.824,0.821,5446.0,962.888,290.8541401,51.2227435,2021.0,Transit,419.0,,-0.2,15.796
kepler-1753 b,,,16.00460392,,Kepler-1753,0.83,0.697488,5007.0,707.688,288.236664,46.6058744,2021.0,Transit,,,,15.5134
kepler-1754 b,2.3,,8.1959,0.0,Kepler-1754,0.77,0.78,4559.0,718.945,295.4570818,50.0771838,2021.0,Transit,659.0,,,15.8578
kepler-1755 b,4.4,,24.81093193,0.0,Kepler-1755,1.003,0.921,6086.0,982.383,296.846092,40.1385777,2021.0,Transit,631.0,,-0.26,14.3856
kepler-1756 b,1.18,,2.355788,0.0,Kepler-1756,0.718,0.71,4931.0,,294.364904,40.7208898,2021.0,Transit,1039.0,,,15.6634
kepler-1757 b,2.56,,19.65644811,0.0,Kepler-1757,0.817,0.741,5284.0,807.308,297.7397823,46.9418957,2021.0,Transit,550.0,,-0.24,15.3679
kepler-1758 b,1.37,,9.97726191,0.0,Kepler-1758,0.943,0.854,5806.0,1588.41,297.7968197,39.9213378,2021.0,Transit,793.0,,-0.2,14.9449
kepler-1759 b,,,3.72020708,,Kepler-1759,0.796,0.732008,4878.0,385.348,298.4656275,48.5593334,2021.0,Transit,,,,14.2601
kepler-176 b,1.268,,5.43312169,,Kepler-176,0.86,0.787,5106.0,527.321,294.6679021,43.8532104,2014.0,Transit,,,0.13,14.5446
kepler-176 c,2.64,,12.75934834,0.0,Kepler-176,0.826,0.877,5229.0,527.321,294.6679021,43.8532104,2014.0,Transit,682.0,,0.07,14.5446
kepler-176 d,2.27,,25.75274977,0.0,Kepler-176,0.789,0.826,4963.0,527.321,294.6679021,43.8532104,2014.0,Transit,501.0,,0.16,14.5446
kepler-176 e,1.377,,51.16579,,Kepler-176,0.86,0.787,5106.0,527.321,294.6679021,43.8532104,2016.0,Transit,,,0.13,14.5446
kepler-1760 b,1.83,,38.326218,0.0,Kepler-1760,0.977,0.857,5448.0,,284.1326058,48.8251452,2021.0,Transit,473.0,,0.21,14.3017
kepler-1761 b,1.06,,4.043539,0.0,Kepler-1761,0.534,0.513,3969.0,221.186,284.1329728,49.1426325,2021.0,Transit,627.0,,,14.898
kepler-1762 b,,,29.5390897,,Kepler-1762,1.19,1.26993,6198.0,1663.74,290.4931471,39.7855117,2021.0,Transit,,,,15.083
kepler-1763 b,,,1.480283464,,Kepler-1763,1.1,1.28177,5969.97,756.486,294.1130368,40.3628861,2021.0,Transit,,,0.048,13.5105
kepler-1764 b,3.57,,70.4680266,0.0,Kepler-1764,1.158,1.142,6458.0,1542.48,293.8799047,41.3938374,2021.0,Transit,514.0,,-0.14,14.7454
kepler-1765 b,2.82,,10.41890782,0.0,Kepler-1765,0.946,1.064,5692.0,764.456,298.0144601,42.9574314,2021.0,Transit,855.0,,0.04,14.8213
kepler-1766 b,1.89,,105.0141157,0.0,Kepler-1766,0.917,1.069,5855.0,501.229,294.2772343,46.6752351,2021.0,Transit,410.0,,-0.2,12.8705
kepler-1767 b,2.9,,59.65943,0.0,Kepler-1767,0.746,0.695,5349.0,820.506,293.6441248,46.9896696,2021.0,Transit,378.0,,-0.52,15.7151
kepler-1768 b,2.54,,15.13591895,0.0,Kepler-1768,1.202,1.559,6047.0,632.766,299.9572335,44.7718851,2021.0,Transit,933.0,,0.14,13.4376
kepler-1769 b,,,89.1935737,,Kepler-1769,1.18,1.12015,6173.0,438.412,294.7433755,43.4611633,2021.0,Transit,,,,12.445
kepler-177 b,3.62,,36.8568008,0.0,Kepler-177,1.07,1.066,6220.0,1435.44,286.0471442,45.0532038,2013.0,Transit,601.0,,-0.1,14.9414
kepler-177 c,7.3,13.5,49.412,,Kepler-177,1.0,,,1435.44,286.0471442,45.0532038,2013.0,Transit,,,,14.9414
kepler-1770 b,2.95,,16.84192204,0.0,Kepler-1770,0.941,1.009,5602.0,582.942,299.2502851,43.4103663,2021.0,Transit,699.0,,0.1,14.2972
kepler-1771 b,2.5,,88.6442364,0.0,Kepler-1771,0.966,0.872,5861.0,565.752,292.0134714,49.0191267,2021.0,Transit,389.0,,-0.18,13.7005
kepler-1772 b,2.69,,3.215106337,0.0,Kepler-1772,1.098,2.142,5779.0,871.564,289.4381201,39.2703594,2021.0,Transit,1779.0,,-0.32,13.3948
kepler-1773 b,3.44,,40.80957343,0.0,Kepler-1773,1.241,1.3,6183.0,681.255,286.2232284,38.2581676,2021.0,Transit,623.0,,0.26,12.9455
kepler-1774 b,2.7,,59.77049,0.0,Kepler-1774,1.08,1.09,6190.0,816.592,288.5743991,40.9886069,2021.0,Transit,516.0,,,13.8899
kepler-1775 b,2.553,,85.6535849,,Kepler-1775,1.125,1.154,5999.0,657.023,286.4023452,38.7385674,2021.0,Transit,,,0.14,13.2765
kepler-1776 b,2.61157023,,35.01190186,,Kepler-1776,1.041,1.153,5872.0,690.336,291.5344017,47.0424958,2021.0,Transit,,,0.1,13.5571
kepler-1777 b,4.27,,12.18416331,0.0,Kepler-1777,1.19,1.85,6292.0,619.146,290.3286455,37.7231188,2021.0,Transit,1139.0,,-0.16,13.9541
kepler-1778 b,3.15,,10.08744556,0.0,Kepler-1778,1.143,1.095,6310.0,1276.29,287.3612976,43.7388,2021.0,Transit,942.0,,-0.06,15.0421
kepler-1779 b,2.33,,16.34357,0.0,Kepler-1779,0.935,0.83,5640.0,908.501,300.4174607,45.6054854,2021.0,Transit,647.0,,,14.9927
kepler-178 b,2.4,,,,Kepler-178,,0.897,5386.0,716.025,287.1010275,46.8964033,2014.0,Transit,,,,14.5782
kepler-178 c,2.94,,20.55280793,0.0,Kepler-178,0.861,1.042,5675.0,716.025,287.1010275,46.8964033,2014.0,Transit,683.0,,-0.18,14.5782
kepler-178 d,3.43,,96.6781926,0.0,Kepler-178,0.861,1.042,5675.0,716.025,287.1010275,46.8964033,2014.0,Transit,408.0,,-0.18,14.5782
kepler-1780 b,3.60600667,,109.4449997,,Kepler-1780,0.868,0.868,5403.0,790.516,294.0839282,42.8095104,2021.0,Transit,,,0.0,14.9304
kepler-1781 b,2.5,,4.887533,0.0,Kepler-1781,0.87,0.77,5394.0,962.63,291.7114906,42.3415097,2021.0,Transit,897.0,,,15.7348
kepler-1782 b,2.67,,5.756242547,0.0,Kepler-1782,0.788,0.829,5006.0,305.792,280.926162,44.0878036,2021.0,Transit,834.0,,0.12,13.7041
kepler-1783 b,2.38,,8.27744313,0.0,Kepler-1783,0.887,1.781,5129.0,264.078,297.0210984,41.3771655,2021.0,Transit,1088.0,,-0.16,13.0982
kepler-1784 b,,,13.59051547,,Kepler-1784,0.96,0.966878,5475.0,883.045,297.9541684,44.6674491,2021.0,Transit,,,,15.1562
kepler-1785 b,2.70422447,,19.58550072,,Kepler-1785,0.911,0.996,5618.0,745.74,295.7921797,47.6000699,2021.0,Transit,,,0.0,14.1632
kepler-1786 b,3.16305828,,78.5460968,,Kepler-1786,1.058,1.397,5808.0,863.909,292.5877743,38.5219827,2021.0,Transit,,,0.14,14.0789
kepler-1787 b,2.56,,39.31435,0.0,Kepler-1787,1.057,0.96,6069.0,778.602,289.0643042,47.1174041,2021.0,Transit,545.0,,,14.4604
kepler-1788 b,2.13,,2.800111267,0.0,Kepler-1788,0.686,0.704,4786.0,560.445,291.2243829,45.7780993,2021.0,Transit,956.0,,-0.2,15.254
kepler-1789 b,2.83137505,,80.23190308,,Kepler-1789,0.92,0.888,5436.0,611.461,282.8631419,41.7966332,2021.0,Transit,,,0.12,14.3155
kepler-179 b,1.64,,2.735926,,Kepler-179,,0.759,5302.0,605.68,298.6636163,47.7619329,2014.0,Transit,,,,14.6031
kepler-179 c,,,6.400157105,,Kepler-179,0.89,0.888685,5218.43,605.68,298.6636163,47.7619329,2014.0,Transit,,,0.123,14.6031
kepler-1790 b,2.676,,31.5888952,,Kepler-1790,1.235,1.363,6005.0,1070.17,294.5668577,46.0757312,2021.0,Transit,,,0.32,14.0943
kepler-1791 b,1.96,,7.72084349,0.0,Kepler-1791,0.972,1.168,6218.0,602.218,284.4903166,42.6482636,2021.0,Transit,1077.0,,-0.36,13.4138
kepler-1792 b,3.03,,4.195775379,0.0,Kepler-1792,0.878,1.005,5229.0,601.029,294.8400788,39.0859757,2021.0,Transit,1047.0,,0.32,15.1726
kepler-1793 b,2.55,,8.77988,0.0,Kepler-1793,0.798,0.72,5159.0,1189.88,291.9129477,40.9539265,2021.0,Transit,698.0,,,15.9003
kepler-1794 b,1.79426276,,9.762980461,,Kepler-1794,0.773,0.816,5052.0,561.229,300.6196594,45.7888068,2021.0,Transit,,,0.02,15.2846
kepler-1795 b,,,13.3602644,,Kepler-1795,,,,,286.4792568,39.2698793,2021.0,Transit,,,,15.7903
kepler-1796 b,2.75047868,,29.4557991,,Kepler-1796,1.018,0.949,6036.0,825.883,301.5430397,44.6056251,2021.0,Transit,,,-0.16,14.354
kepler-1797 b,,,23.35900015,,Kepler-1797,1.02,1.09739,5709.57,1338.49,292.4642406,45.9682799,2021.0,Transit,,,0.0099,15.293
kepler-1798 b,2.08,,16.85593514,0.0,Kepler-1798,0.568,0.565,3972.0,395.196,291.7262251,37.528968,2021.0,Transit,403.0,,-0.1,15.6827
kepler-1799 b,2.67,,11.92976844,0.0,Kepler-1799,1.016,0.921,5831.0,2254.69,288.3086994,51.4783348,2021.0,Transit,770.0,,0.0,15.826
kepler-18 b,1.778,,,,Kepler-18,,0.923,5441.0,433.047,298.0794448,44.746248,2011.0,Transit,,,,13.5393
kepler-18 c,5.22,18.4,7.642,,Kepler-18,0.88,1.055,,433.047,298.0794448,44.746248,2011.0,Transit,,,,13.5393
kepler-18 d,,4.7,14.8589085,,Kepler-18,0.983,0.903,,433.047,298.0794448,44.746248,2011.0,Transit,,,,13.5393
kepler-180 b,1.52,,13.81752,0.0,Kepler-180,0.91,1.04,5730.0,695.65,295.5712566,49.774514,2014.0,Transit,779.0,,,14.325
kepler-180 c,,,41.8853868,,Kepler-180,0.95,0.968088,5437.0,695.65,295.5712566,49.774514,2014.0,Transit,,,,14.325
kepler-1800 b,1.33,,4.56204856,0.0,Kepler-1800,0.896,1.46,5445.0,350.455,297.6513317,40.3524154,2021.0,Transit,1274.0,,-0.06,13.0751
kepler-1801 b,2.5,,10.440887,0.0,Kepler-1801,0.91,0.96,5705.0,839.332,295.1640095,39.2014024,2021.0,Transit,818.0,,,15.0715
kepler-1801 c,,,116.583183,,Kepler-1801,0.95,0.866395,5455.0,839.332,295.1640095,39.2014024,2023.0,Transit,,,,15.0715
kepler-1802 b,1.24,,7.72515184,0.0,Kepler-1802,0.619,0.608,4141.0,636.694,300.2420869,44.1412854,2021.0,Transit,557.0,,-0.04,16.5052
kepler-1802 c,1.88,,33.1364259,0.0,Kepler-1802,0.619,0.608,4141.0,636.694,300.2420869,44.1412854,2021.0,Transit,343.0,,-0.04,16.5052
kepler-1804 b,3.77,,12.28859,0.0,Kepler-1804,0.916,1.89,5036.0,434.456,301.3428675,44.672175,2021.0,Transit,960.0,,,14.4269
kepler-1805 b,1.27,,8.85,,Kepler-1805,,,,221.639,285.0865387,40.8990506,2021.0,Transit,,,,14.8955
kepler-1806 b,2.05,,9.03322647,0.0,Kepler-1806,0.884,0.788,5311.0,978.066,287.5349528,49.8016283,2021.0,Transit,729.0,,-0.04,15.9071
kepler-1807 b,2.14,,10.86060638,0.0,Kepler-1807,1.087,1.496,6455.0,1299.32,291.5494119,44.5272788,2021.0,Transit,1108.0,,-0.36,13.9341
kepler-1808 b,2.36,,23.34031664,0.0,Kepler-1808,0.773,0.892,5530.0,1022.01,287.2924737,39.3832039,2021.0,Transit,602.0,,-0.34,15.2356
kepler-1809 b,1.513,,3.7572999,,Kepler-1809,0.807,0.716,4901.0,409.602,290.2651662,40.5484937,2021.0,Transit,,,0.04,14.1375
kepler-181 b,1.33,,3.137848829,0.0,Kepler-181,0.84,0.761,5324.0,609.283,296.1512831,50.0957806,2014.0,Transit,1031.0,,-0.18,14.7137
kepler-181 c,2.29,,4.302163,0.0,Kepler-181,0.853,0.75,5325.0,609.283,296.1512831,50.0957806,2014.0,Transit,918.0,,,14.7137
kepler-1810 b,3.5,,101.1337,0.0,Kepler-1810,0.933,0.91,5736.0,1009.87,291.8129995,38.0880964,2021.0,Transit,374.0,,,15.2968
kepler-1811 b,2.87,,76.4217472,0.0,Kepler-1811,1.045,0.967,6091.0,1390.56,289.9793241,40.1427848,2021.0,Transit,442.0,,-0.14,15.1431
kepler-1812 b,2.31,,7.16520428,0.0,Kepler-1812,1.162,1.103,6174.0,1409.19,298.0845087,40.2832525,2021.0,Transit,1034.0,,0.1,15.303
kepler-1813 b,1.42,,2.818150106,0.0,Kepler-1813,0.821,0.746,5290.0,,292.2399069,48.5115214,2021.0,Transit,1055.0,,-0.22,15.5361
kepler-1814 b,3.15,,2.935362067,0.0,Kepler-1814,0.79,0.823,4922.0,726.346,285.2166767,41.2824449,2021.0,Transit,1022.0,,0.2,15.607
kepler-1814 c,1.56,,0.626281378,,Kepler-1814,0.825,0.754,4958.0,726.346,285.2166767,41.2824449,2023.0,Transit,,,0.13,15.607
kepler-1815 b,2.8,,12.19138811,0.0,Kepler-1815,0.856,0.967,5516.0,1006.63,300.170472,43.9849048,2021.0,Transit,763.0,,-0.06,15.3701
kepler-1816 b,,,91.50080202,,Kepler-1816,0.803,0.750709,4906.0,437.823,296.8509823,50.6987736,2021.0,Transit,,,-0.23,14.4553
kepler-1817 b,2.27349126,,44.29919815,,Kepler-1817,0.878,0.915,5316.0,748.569,282.0333419,44.4779955,2021.0,Transit,,,0.16,15.1345
kepler-1818 b,1.71360684,,4.644909859,,Kepler-1818,1.021,1.129,6047.0,1034.59,284.3284866,40.5688741,2021.0,Transit,,,-0.08,14.3071
kepler-1819 b,,,16.48686712,,Kepler-1819,1.01,1.14482,5670.0,1363.19,296.5600307,46.8574644,2021.0,Transit,,,,15.3187
kepler-182 b,2.73,,9.82578435,0.0,Kepler-182,1.195,1.145,6215.0,1549.09,289.8301128,50.5862025,2014.0,Transit,950.0,,0.14,14.8737
kepler-182 c,,,20.6839790399,,Kepler-182,1.07,1.4297,5883.25,1549.09,289.8301128,50.5862025,2014.0,Transit,,,0.072,14.8737
kepler-1820 b,,,31.03255293,,Kepler-1820,0.98,1.0496,5563.0,1425.39,296.71274,48.2722828,2021.0,Transit,,,,15.6919
kepler-1821 b,,,16.4581861,,Kepler-1821,0.97,0.946827,5524.03,799.699,294.5254573,49.872484,2021.0,Transit,,,0.104,14.6369
kepler-1822 b,2.02,,22.1339,0.0,Kepler-1822,0.82,0.72,5196.0,897.597,297.2855,41.3055733,2021.0,Transit,513.0,,,15.5694
kepler-1823 b,1.72,,21.10354,0.0,Kepler-1823,1.19,1.24,6488.0,724.971,283.754777,45.335125,2021.0,Transit,800.0,,,13.3209
kepler-1824 b,2.47,,95.609845,0.0,Kepler-1824,1.074,1.102,6289.0,1040.1,296.7071957,41.2036197,2021.0,Transit,449.0,,-0.12,14.6752
kepler-1825 b,,,1.025857984,,Kepler-1825,0.835,0.716362,5021.85,430.254,292.5140647,42.6517554,2021.0,Transit,,,0.0717,14.3827
kepler-1826 b,1.37,,1.615357809,0.0,Kepler-1826,0.49,0.486,3821.0,336.952,292.7700072,48.8998469,2021.0,Transit,806.0,,-0.28,15.6654
kepler-1827 b,1.85644292,,3.700619936,,Kepler-1827,0.915,1.404,5423.0,686.461,292.2525301,40.7927895,2021.0,Transit,,,0.08,13.0059
kepler-1828 b,2.11598626,,10.2737999,,Kepler-1828,0.996,0.899,5806.0,871.81,292.4275963,37.3207616,2021.0,Transit,,,-0.04,14.8984
kepler-1829 b,2.22,,5.18674073,0.0,Kepler-1829,0.869,0.781,5231.0,679.921,288.664484,51.4983798,2021.0,Transit,862.0,,0.0,15.0088
kepler-183 b,,,5.6880835731,,Kepler-183,1.01,1.06777,5670.06,1050.64,293.5308112,39.3159329,2014.0,Transit,,,0.1014,14.8934
kepler-183 c,2.63,,11.63701734,,Kepler-183,0.99,1.039,5686.0,1050.64,293.5308112,39.3159329,2014.0,Transit,,,0.11,14.8934
kepler-1830 b,3.32992941,,56.49330139,,Kepler-1830,1.443,2.046,6160.0,1056.88,295.1390408,40.9790527,2021.0,Transit,,,0.24,13.4841
kepler-1831 b,2.32,,5.78388573,0.0,Kepler-1831,1.117,1.012,6063.0,1053.49,295.3024604,49.5890456,2021.0,Transit,1051.0,,0.07,15.0112
kepler-1832 b,1.8,,3.138691,0.0,Kepler-1832,0.8,0.86,5314.0,486.174,299.8517779,43.7320611,2021.0,Transit,1101.0,,,14.3752
kepler-1833 b,1.383,,6.89208596,,Kepler-1833,1.205,1.436,6065.0,591.602,290.8714239,45.4102813,2021.0,Transit,,,0.16,12.5657
kepler-1834 b,1.43,,4.603098,0.0,Kepler-1834,0.714,0.691,4899.0,500.395,294.6646789,39.7838461,2021.0,Transit,820.0,,,14.9047
kepler-1834 c,1.45599997,,0.766691983,,Kepler-1834,0.765,0.788,4821.0,500.395,294.6646789,39.7838461,2023.0,Transit,,,0.16,14.9047
kepler-1835 b,2.73,,11.96721766,0.0,Kepler-1835,0.922,0.961,5903.0,1404.38,280.3148152,43.9856885,2021.0,Transit,808.0,,-0.26,15.3562
kepler-1836 b,2.15,,5.25419736,0.0,Kepler-1836,1.053,0.987,6123.0,1472.62,292.3150933,40.8387799,2021.0,Transit,1094.0,,-0.14,15.623
kepler-1837 b,1.77,,5.90608902,0.0,Kepler-1837,1.049,0.961,5966.0,1229.18,288.2076012,45.6834463,2021.0,Transit,1012.0,,-0.02,15.4172
kepler-1838 b,,,12.14690704,,Kepler-1838,1.119,1.69886,6031.59,451.242,298.9917165,40.14226,2021.0,Transit,,,0.0461,11.803
kepler-1839 b,1.9493759,,5.056759834,,Kepler-1839,1.03,0.939,5926.0,1136.6,294.2244432,50.0755761,2021.0,Transit,,,-0.04,14.6231
kepler-184 b,2.9,,10.687549,0.0,Kepler-184,0.97,0.89,5817.0,610.326,291.9518784,43.0746172,2014.0,Transit,791.0,,,14.3115
kepler-184 c,,,20.3030503544,,Kepler-184,0.95,0.869668,5437.21,610.326,291.9518784,43.0746172,2014.0,Transit,,,-0.1958,14.3115
kepler-184 d,2.53,,29.02235261,0.0,Kepler-184,0.869,0.86,5783.0,610.326,291.9518784,43.0746172,2014.0,Transit,563.0,,-0.34,14.3115
kepler-1840 b,2.34,,131.187921,0.0,Kepler-1840,0.774,0.803,4898.0,513.107,298.5948803,41.4359643,2021.0,Transit,284.0,,0.14,15.0578
kepler-1841 b,,,25.88648226,,Kepler-1841,0.92,0.855913,5315.0,631.7,287.7069031,40.6852161,2021.0,Transit,,,,14.5268
kepler-1842 b,2.66,,14.02634692,0.0,Kepler-1842,1.057,1.131,5970.0,923.551,286.2516039,42.3784353,2021.0,Transit,822.0,,0.06,14.6804
kepler-1843 b,1.99,,25.54004,0.0,Kepler-1843,0.975,1.7,5490.0,784.625,292.8852302,41.279169,2021.0,Transit,770.0,,,12.9086
kepler-1844 b,3.03648191,,3.924510002,,Kepler-1844,0.939,0.849,5776.0,1804.36,292.6903973,37.9345682,2021.0,Transit,,,-0.18,15.6915
kepler-1845 b,2.04,,11.60658,0.0,Kepler-1845,0.756,0.664,4937.0,710.724,292.9016226,38.297032,2021.0,Transit,588.0,,,15.7496
kepler-1846 b,1.76378826,,14.82009983,,Kepler-1846,0.785,0.732,4825.0,374.615,294.3909489,44.7629523,2021.0,Transit,,,0.08,14.1277
kepler-1847 b,1.93,,11.1296971,0.0,Kepler-1847,1.041,0.964,6122.0,1693.86,296.6014013,44.3252289,2021.0,Transit,843.0,,-0.18,15.8633
kepler-1848 b,,,5.60402307,,Kepler-1848,0.769,0.810461,4772.0,309.696,299.3814921,45.5920846,2021.0,Transit,,,,13.679
kepler-1849 b,1.85,,57.2937,0.0,Kepler-1849,0.687,0.665,4784.0,631.884,285.29193,41.2557275,2021.0,Transit,339.0,,,15.7002
kepler-185 b,1.16,,1.632918853,0.0,Kepler-185,0.815,0.792,5205.0,466.735,282.4681674,43.8899464,2014.0,Transit,1282.0,,-0.06,14.4426
kepler-185 c,1.88,,20.72913358,0.0,Kepler-185,0.815,0.792,5205.0,466.735,282.4681674,43.8899464,2014.0,Transit,550.0,,-0.06,14.4426
kepler-1850 b,0.54,,1.385785956,0.0,Kepler-1850,0.593,0.587,4189.0,250.199,287.1428295,43.6161177,2021.0,Transit,989.0,,-0.24,14.0882
kepler-1851 b,18.49,,12.02298773,0.0,Kepler-1851,0.967,0.879,5982.0,1589.81,285.6737597,45.6398375,2021.0,Transit,776.0,,-0.28,15.6445
kepler-1852 b,1.88,,7.97098825,0.0,Kepler-1852,0.927,0.826,5237.0,772.481,288.0297157,40.3441934,2021.0,Transit,761.0,,0.24,15.4354
kepler-1853 b,1.38,,48.8874292,0.0,Kepler-1853,0.707,0.732,4930.0,562.348,284.7478834,46.3735415,2021.0,Transit,385.0,,-0.2,15.0482
kepler-1854 b,1.28,,39.8313153,0.0,Kepler-1854,0.708,0.647,5106.0,423.348,286.28593,37.3869915,2021.0,Transit,401.0,,-0.54,14.1068
kepler-1855 b,1.02,,0.727315,0.0,Kepler-1855,0.495,0.485,3716.0,,283.4018628,41.5161554,2021.0,Transit,1001.0,,,15.7514
kepler-1856 b,1.37,,1.302017467,0.0,Kepler-1856,0.782,0.816,4948.0,848.76,295.9091695,51.3478777,2021.0,Transit,1344.0,,0.14,15.3875
kepler-1857 b,,,8.94337724,,Kepler-1857,1.17,1.11667,6147.0,853.275,296.4557129,39.598537,2021.0,Transit,,,,14.1486
kepler-1858 b,2.27,,88.0712696,0.0,Kepler-1858,0.839,0.751,5126.0,833.055,292.3074315,46.626579,2021.0,Transit,325.0,,-0.06,15.6406
kepler-1859 b,1.29,,2.72960336,0.0,Kepler-1859,1.025,1.068,6190.0,1331.25,293.9886751,46.7179996,2021.0,Transit,1436.0,,-0.16,15.1088
kepler-1859 c,1.32,,3.5964055,0.0,Kepler-1859,1.025,1.068,6190.0,1331.25,293.9886751,46.7179996,2023.0,Transit,1310.0,,-0.16,15.1088
kepler-186 b,1.31,,3.88675809,,Kepler-186,0.48,0.46,3761.0,177.594,298.652736,43.9549884,2014.0,Transit,579.0,M1 V,-0.21,14.5994
kepler-186 c,1.25,,7.267302,,Kepler-186,0.478,0.472,3788.0,177.594,298.652736,43.9549884,2014.0,Transit,,M1,-0.28,14.5994
kepler-186 d,1.56,,13.343058,,Kepler-186,,0.524,4048.0,177.594,298.652736,43.9549884,2014.0,Transit,,,,14.5994
kepler-186 e,1.26,,22.40777444,0.0,Kepler-186,0.48,0.46,3761.0,177.594,298.652736,43.9549884,2014.0,Transit,322.0,,-0.21,14.5994
kepler-186 f,1.17,,129.9441,0.04,Kepler-186,0.544,0.523,3755.0,177.594,298.652736,43.9549884,2014.0,Transit,,,-0.26,14.5994
kepler-1860 b,0.89,,12.73726137,0.0,Kepler-1860,0.971,0.87,5650.0,438.703,294.3508497,50.0809627,2021.0,Transit,715.0,,0.02,13.4381
kepler-1861 b,1.93,,40.03252,0.0,Kepler-1861,1.06,1.06,6119.0,829.985,295.8465148,49.9361586,2021.0,Transit,577.0,,,13.6519
kepler-1862 b,63.94,,16.0573732,0.0,Kepler-1862,0.895,0.815,5658.0,1232.19,296.7533555,49.3780726,2021.0,Transit,650.0,,-0.22,15.8381
kepler-1863 b,,,44.99784967,,Kepler-1863,1.05,1.57153,5828.35,865.546,282.2397185,43.2440854,2021.0,Transit,,,-0.486,13.4479
kepler-1864 b,0.59,,3.88148385,0.0,Kepler-1864,1.03,0.979,5854.0,298.894,289.6867653,41.5889178,2021.0,Transit,1156.0,,0.06,12.0365
kepler-1865 b,1.5,,2.524074,0.0,Kepler-1865,0.82,0.86,5392.0,922.255,293.941238,41.5904136,2021.0,Transit,1199.0,,,15.5426
kepler-1866 b,1.14,,11.65975,0.0,Kepler-1866,1.04,0.94,6021.0,976.737,286.2246453,44.6544869,2021.0,Transit,805.0,,,14.366
kepler-1867 b,,,9.88736642,,Kepler-1867,0.991,1.36632,5603.03,680.583,294.9971007,43.4358698,2021.0,Transit,,,0.011,13.4367
kepler-1868 b,3.832,,211.0338741,,Kepler-1868,0.725,0.687,4713.0,274.18,293.2983733,43.5558025,2021.0,Transit,,,-0.05,13.8592
kepler-1869 b,2.07,,8.16735028,0.0,Kepler-1869,1.241,2.014,5895.0,113.025,292.6149958,42.7643438,2021.0,Transit,1263.0,,0.14,10.0911
kepler-1869 c,0.74,,1.716828304,0.0,Kepler-1869,0.987,0.902,5808.0,113.025,292.6149958,42.7643438,2023.0,Transit,1455.0,,-0.06,10.0911
kepler-187 b,1.804,,4.93886507,,Kepler-187,1.081,1.574,5997.0,1143.0,299.7964955,44.0892448,2014.0,Transit,,,-0.04,14.1753
kepler-187 c,3.695,,10.64022272,,Kepler-187,1.081,1.574,5997.0,1143.0,299.7964955,44.0892448,2014.0,Transit,,,-0.04,14.1753
kepler-1870 b,2.04,,3.606940379,0.0,Kepler-1870,0.955,0.84,5508.0,407.216,293.9335076,40.590704,2021.0,Transit,1046.0,,0.07,13.4199
kepler-1871 b,,,1.952711161,,Kepler-1871,0.92,1.18198,5318.1,854.623,292.4275044,38.4728824,2021.0,Transit,,,0.376,14.544
kepler-1872 b,2.64,,3.82590987,0.0,Kepler-1872,0.913,0.885,5223.0,840.182,281.0491988,43.3225996,2021.0,Transit,1005.0,,0.32,15.7802
kepler-1873 b,1.62573811,,0.558842003,,Kepler-1873,0.903,0.792,5151.0,820.957,294.596557,46.0483705,2021.0,Transit,,,0.21,15.6097
kepler-1874 b,2.04,,56.57372,0.0,Kepler-1874,0.647,0.619,4588.0,408.007,286.3718158,43.692081,2021.0,Transit,319.0,,,14.9565
kepler-1875 b,1.88,,34.4585495,0.0,Kepler-1875,0.95,0.862,6161.0,1660.45,296.7727406,50.1883667,2021.0,Transit,559.0,,-0.5,15.0014
kepler-1876 b,1.06,,6.99205021,0.0,Kepler-1876,1.081,1.467,6057.0,259.935,299.1604859,41.1437964,2021.0,Transit,1194.0,,-0.06,10.7582
kepler-1877 b,0.48,,2.37752807,0.0,Kepler-1877,0.902,0.821,5637.0,285.312,294.866924,46.7904816,2021.0,Transit,1227.0,,-0.18,12.2289
kepler-1878 b,1.96,,4.44588291,0.0,Kepler-1878,0.953,0.863,5918.0,1494.3,300.7324154,44.1070231,2021.0,Transit,1062.0,,-0.26,15.403
kepler-1879 b,1.79,,10.61345435,,Kepler-1879,1.036,1.442,5875.0,627.171,289.3644209,41.5332589,2021.0,Transit,,,0.0,12.7877
kepler-188 b,,,2.0619067077,,Kepler-188,1.02,1.06544,5704.0,968.544,281.2797173,44.3154743,2014.0,Transit,,,,14.6336
kepler-188 c,,,5.996533443,,Kepler-188,1.02,1.06544,5704.0,968.544,281.2797173,44.3154743,2014.0,Transit,,,,14.6336
kepler-1880 b,1.71,,6.309229,0.0,Kepler-1880,0.639,0.609,4545.0,611.041,287.8264561,40.6965988,2021.0,Transit,650.0,,,15.8887
kepler-1881 b,2.58,,159.388051,0.0,Kepler-1881,0.911,0.812,5418.0,1057.21,293.6393065,44.9825447,2021.0,Transit,289.0,,-0.02,15.8603
kepler-1882 b,1.48674404,,13.78730011,,Kepler-1882,1.068,1.458,5691.0,443.371,290.6640856,43.4997866,2021.0,Transit,,,0.26,12.4303
kepler-1883 b,,,103.42742336,,Kepler-1883,1.01,1.01895,5667.0,1377.61,291.922557,42.002522,2021.0,Transit,,,,15.5406
kepler-1884 b,,,8.98826122,,Kepler-1884,1.12,1.26017,6031.0,1443.09,296.7463986,43.0454207,2021.0,Transit,,,,15.2294
kepler-1885 b,,,2.522590567,,Kepler-1885,0.91,0.975378,5280.0,818.482,288.7507112,47.4909206,2021.0,Transit,,,,14.7999
kepler-1886 b,2.25,,24.2758992,0.0,Kepler-1886,0.928,0.837,5745.0,1059.51,296.2645118,39.4059745,2021.0,Transit,580.0,,-0.2,15.4559
kepler-1887 b,2.52,,19.94752741,0.0,Kepler-1887,0.961,0.864,5749.0,1366.18,288.9555263,44.705707,2021.0,Transit,625.0,,-0.1,15.9544
kepler-1888 b,1.31,,11.39153,0.0,Kepler-1888,0.96,1.58,5582.0,402.947,289.3945523,41.7822597,2021.0,Transit,990.0,,,11.8773
kepler-1889 b,,,37.30429277,,Kepler-1889,1.12,1.17771,6036.0,1395.13,297.1992577,41.2264404,2021.0,Transit,,,,15.5173
kepler-189 b,1.17,,10.40006,0.0,Kepler-189,0.824,0.72,5220.0,591.534,287.5646296,44.3050662,2014.0,Transit,664.0,,,14.8213
kepler-189 c,2.81,,20.13488968,0.0,Kepler-189,0.836,0.755,5228.0,591.534,287.5646296,44.3050662,2014.0,Transit,543.0,,-0.14,14.8213
kepler-1890 b,0.86867375,,4.820590019,,Kepler-1890,1.024,1.396,6046.0,529.596,292.5778203,40.6679032,2021.0,Transit,,,-0.16,12.779
kepler-1891 b,1.65,,4.022294,0.0,Kepler-1891,0.881,0.82,5506.0,596.24,290.0438524,44.3705375,2021.0,Transit,1014.0,,,14.2754
kepler-1892 b,1.48,,6.3312784,0.0,Kepler-1892,0.849,0.758,5376.0,851.595,299.081007,42.0180957,2021.0,Transit,821.0,,-0.22,15.4008
kepler-1893 b,1.6,,4.17938195,0.0,Kepler-1893,0.934,1.155,5632.0,1050.72,298.4012866,44.8381709,2021.0,Transit,1198.0,,0.06,14.8964
kepler-1894 b,1.25,,2.76263737,0.0,Kepler-1894,0.999,0.901,5772.0,935.191,295.5864604,49.6668523,2021.0,Transit,1231.0,,0.0,15.3627
kepler-1894 c,1.21,,5.05368985,0.0,Kepler-1894,0.999,0.901,5772.0,935.191,295.5864604,49.6668523,2023.0,Transit,1007.0,,0.0,15.3627
kepler-1895 b,1.41,,6.0703203,0.0,Kepler-1895,0.846,0.78,5076.0,984.187,291.6756005,48.7625419,2021.0,Transit,796.0,,0.1,15.4813
kepler-1896 b,,,44.8702042,,Kepler-1896,1.08,1.15654,5932.0,1732.91,289.6785786,40.2496475,2021.0,Transit,,,,15.7001
kepler-1897 b,2.1,,24.2204192,0.0,Kepler-1897,0.859,0.761,5165.0,983.174,294.2901043,39.126871,2021.0,Transit,505.0,,0.02,16.0047
kepler-1898 b,0.74,,4.76559,0.0,Kepler-1898,0.781,0.84,5183.0,360.921,287.2058009,38.4981903,2021.0,Transit,928.0,,,13.1697
kepler-1899 b,1.64,,4.095826,0.0,Kepler-1899,0.677,0.655,4739.0,711.509,292.0333777,37.9744551,2021.0,Transit,807.0,,,15.9493
kepler-19 b,2.69962515,,9.28667326119,,Kepler-19,,0.911823,5511.0,218.562,290.4209694,37.8516556,2011.0,Transit,793.9,,,11.8763
kepler-19 c,,16.58028128,28.519071,0.0,Kepler-19,0.903,,,218.562,290.4209694,37.8516556,2011.0,Transit Timing Variations,,,,11.8763
kepler-19 d,,22.5,62.95,0.05,Kepler-19,0.936,0.859,5544.0,218.562,290.4209694,37.8516556,2017.0,Radial Velocity,,,-0.08,11.8763
kepler-190 b,1.48,,2.020001021,,Kepler-190,0.86,0.8,5173.0,433.387,288.5839761,44.7337701,2014.0,Transit,,,0.02,14.1175
kepler-190 c,1.46,,3.763042361,0.0,Kepler-190,0.868,0.785,5239.0,433.387,288.5839761,44.7337701,2014.0,Transit,964.0,,0.0,14.1175
kepler-1900 b,1.62314676,,2.986229897,,Kepler-1900,1.104,1.041,6173.0,1540.43,291.8863206,44.4790319,2021.0,Transit,,,-0.04,15.2816
kepler-1901 b,1.39,,3.48412534,0.0,Kepler-1901,1.058,0.975,6018.0,1028.37,291.1643587,45.3183061,2021.0,Transit,1223.0,,-0.04,14.9006
kepler-1902 b,1.02,,3.82222231,0.0,Kepler-1902,0.534,0.53,3854.0,344.337,292.7376545,42.0147792,2021.0,Transit,628.0,,-0.1,15.662
kepler-1903 b,2.28642395,,17.0678997,,Kepler-1903,1.053,0.996,6347.0,1775.44,290.8882981,51.2481617,2021.0,Transit,,,-0.34,15.3413
kepler-1904 b,,,4.5770016,,Kepler-1904,0.506941,0.509063,3833.0,270.854,288.8744026,51.1542215,2021.0,Transit,,,,15.7421
kepler-1905 b,1.14,,3.42391461,0.0,Kepler-1905,0.999,0.91,5955.0,1051.53,292.5733475,46.3668273,2021.0,Transit,1188.0,,-0.16,14.9902
kepler-1906 b,1.87,,7.36272058,0.0,Kepler-1906,0.987,0.894,5868.0,1360.63,293.8266166,38.8565906,2021.0,Transit,901.0,,-0.12,14.9602
kepler-1907 b,1.05,,5.65245733,0.0,Kepler-1907,0.752,0.8,5159.0,292.111,280.7085829,47.3279236,2021.0,Transit,856.0,,-0.16,13.7309
kepler-1907 c,2.9,,14.8638496,0.0,Kepler-1907,0.752,0.8,5159.0,292.111,280.7085829,47.3279236,2021.0,Transit,620.0,,-0.16,13.7309
kepler-1909 b,0.96,,2.39162484,0.0,Kepler-1909,0.663,0.685,4935.0,763.662,290.889409,42.4596251,2021.0,Transit,1030.0,,-0.42,15.7907
kepler-191 b,,,9.9395174484,,Kepler-191,0.87,0.781226,5144.15,594.464,291.1833211,45.3230937,2014.0,Transit,,,0.13,14.7758
kepler-191 c,2.028,,17.73852054,,Kepler-191,0.857,0.755,5191.0,594.464,291.1833211,45.3230937,2014.0,Transit,,,0.13,14.7758
kepler-191 d,2.26,,5.945041017,0.0,Kepler-191,0.883,0.787,5275.0,594.464,291.1833211,45.3230937,2016.0,Transit,832.0,,0.0,14.7758
kepler-1910 b,1.0,,5.68882689,0.0,Kepler-1910,0.636,0.639,4234.0,,296.6171677,41.2811677,2021.0,Transit,645.0,,-0.02,15.5768
kepler-1911 b,1.45,,5.99077497,0.0,Kepler-1911,1.115,1.683,6237.0,269.912,299.303559,41.4410233,2021.0,Transit,1379.0,,-0.22,12.1119
kepler-1912 b,,,6.05922094,,Kepler-1912,1.0,0.988958,5641.52,297.017,282.1178211,46.2239547,2021.0,Transit,,,0.0508,12.2385
kepler-1913 b,1.66,,14.1959621,0.0,Kepler-1913,1.169,1.076,6214.0,876.3,290.216689,44.7795863,2021.0,Transit,818.0,,0.07,14.658
kepler-1914 b,2.76,,30.8277926,0.0,Kepler-1914,1.047,0.96,5982.0,1621.56,291.4314024,38.6543635,2021.0,Transit,585.0,,-0.04,15.6826
kepler-1915 b,3.15,,13.8354142,0.0,Kepler-1915,1.035,1.056,6031.0,1514.66,301.2786852,44.2505116,2021.0,Transit,809.0,,-0.06,15.8388
kepler-1916 b,2.43,,31.2548347,0.0,Kepler-1916,1.195,1.145,6215.0,2055.82,293.0705754,48.387679,2021.0,Transit,646.0,,0.14,15.8019
kepler-1917 b,1.47,,12.90237151,0.0,Kepler-1917,0.862,0.796,5534.0,909.037,294.1038932,45.0013533,2021.0,Transit,680.0,,-0.22,15.4691
kepler-1918 b,2.82,,47.0564621,0.0,Kepler-1918,0.967,0.924,5889.0,1030.11,292.530546,42.2145765,2021.0,Transit,497.0,,-0.16,15.7023
kepler-1919 b,2.09,,37.8862977,0.0,Kepler-1919,0.868,0.818,5513.0,1177.53,283.1319153,43.956005,2021.0,Transit,479.0,,-0.16,15.8602
kepler-192 b,2.76,,9.9267215,0.0,Kepler-192,0.947,0.982,5475.0,651.674,287.9179379,45.5928829,2014.0,Transit,803.0,,0.24,14.1039
kepler-192 c,2.79,,21.2234,,Kepler-192,,1.007,5479.0,651.674,287.9179379,45.5928829,2014.0,Transit,,,,14.1039
kepler-192 d,1.07,,6.47027579,,Kepler-192,1.028,0.981,5527.0,651.674,287.9179379,45.5928829,2016.0,Transit,,,0.31,14.1039
kepler-1920 b,2.81,,30.25420641,0.0,Kepler-1920,1.249,1.167,6299.0,885.913,291.0620355,38.8632881,2021.0,Transit,663.0,,0.21,14.3058
kepler-1921 b,,,20.034708,,Kepler-1921,1.17,2.22385,6156.49,928.989,300.3161723,45.4953271,2021.0,Transit,,,-0.013,12.9842
kepler-1921 c,1.68700004,,3.157219887,,Kepler-1921,1.251,2.0,6120.0,928.989,300.3161723,45.4953271,2023.0,Transit,,,0.02,12.9842
kepler-1922 b,,,13.2226149,,Kepler-1922,1.0,1.25398,5626.42,1344.29,292.3303706,37.9970696,2021.0,Transit,,,-0.2,15.1917
kepler-1923 b,1.13,,52.607947,0.0,Kepler-1923,0.83,0.767,5751.0,990.838,298.0834457,40.3462551,2021.0,Transit,437.0,,-0.52,14.2312
kepler-1924 b,,,15.3317719,,Kepler-1924,1.01,1.73618,5683.3,1910.77,293.767386,42.8291562,2021.0,Transit,,,-0.0796,15.0841
kepler-1925 b,,,46.7162336,,Kepler-1925,1.02,1.54405,5731.0,1771.31,289.8287452,45.1026883,2021.0,Transit,,,,15.1821
kepler-1926 b,2.77,,42.8774173,0.0,Kepler-1926,0.768,0.832,5256.0,667.405,291.1987905,44.1662033,2021.0,Transit,451.0,,-0.16,15.6668
kepler-1927 b,1.46,,73.7506501,0.0,Kepler-1927,0.988,0.962,6085.0,1091.0,296.3546093,41.3355698,2021.0,Transit,449.0,,-0.26,13.2168
kepler-1928 b,2.1461328,,19.57780075,,Kepler-1928,0.971,0.884,5620.0,326.362,290.4406294,38.5235721,2021.0,Transit,,,0.06,12.6182
kepler-1929 b,,,59.3627946,,Kepler-1929,1.01,2.03867,5686.6,508.201,299.5833362,47.4481244,2021.0,Transit,,,-0.0426,12.072
kepler-193 b,2.44,,11.38839971,0.0,Kepler-193,1.213,1.137,6343.0,1009.1,296.4985951,46.5772484,2014.0,Transit,917.0,,0.07,14.596
kepler-193 c,3.58,,50.6985408,0.0,Kepler-193,1.093,1.456,5876.0,1009.1,296.4985951,46.5772484,2014.0,Transit,595.0,,0.14,14.596
kepler-1930 b,,,13.0267964,,Kepler-1930,0.817,0.757501,4957.62,275.694,297.577145,40.0276768,2021.0,Transit,,,0.051,13.3746
kepler-1931 b,,,38.5763483,,Kepler-1931,1.19,1.49349,6205.12,620.091,290.8723061,43.3330104,2021.0,Transit,,,-0.1096,12.5586
kepler-1932 b,1.42,,0.524176094,0.0,Kepler-1932,0.978,0.93,5396.0,713.733,285.3314903,41.0638435,2021.0,Transit,2045.0,,0.4,15.0331
kepler-1933 b,1.17984089,,4.943290234,,Kepler-1933,0.964,1.008,5661.0,328.007,283.995085,39.9170121,2021.0,Transit,,,0.1,12.6781
kepler-1934 b,,,1.41975831,,Kepler-1934,1.059,1.09935,5859.78,428.514,290.9193265,37.2871677,2021.0,Transit,,,-0.1381,12.7503
kepler-1935 b,23.51,,3.951383138,0.0,Kepler-1935,0.845,0.899,5570.0,904.702,296.4037783,39.7227036,2021.0,Transit,1083.0,,-0.18,14.3684
kepler-1936 b,,,126.55615355,,Kepler-1936,1.28,1.37635,6397.79,871.096,290.7300141,44.836128,2021.0,Transit,,,0.082,13.3235
kepler-1937 b,3.0229133,,9.688599586,,Kepler-1937,1.19,1.196,6457.0,905.069,290.6583922,40.7785383,2021.0,Transit,,,-0.06,14.0864
kepler-1938 b,1.43,,13.06242496,0.0,Kepler-1938,0.646,0.655,4522.0,421.152,299.351892,41.1957285,2021.0,Transit,527.0,,-0.22,14.8554
kepler-1939 b,,,2.790643481,,Kepler-1939,0.712,0.641737,4525.59,189.833,285.6899312,40.9946659,2021.0,Transit,,,0.2962,13.3976
kepler-194 b,1.48,,2.092269993,0.0,Kepler-194,0.962,1.005,6085.0,1097.97,291.971429,47.8640498,2014.0,Transit,1514.0,,-0.3,14.9117
kepler-194 c,3.56,,17.30795548,0.0,Kepler-194,0.989,1.439,5565.0,1097.97,291.971429,47.8640498,2014.0,Transit,815.0,,0.16,14.9117
kepler-194 d,,,52.8148051,,Kepler-194,1.02,1.06547,5731.0,1097.97,291.971429,47.8640498,2014.0,Transit,,,,14.9117
kepler-1940 b,1.4,,4.95062352,0.0,Kepler-1940,0.782,0.725,5435.0,798.595,291.2042027,45.2383344,2021.0,Transit,892.0,,-0.44,15.2846
kepler-1941 b,1.99,,31.3351094,0.0,Kepler-1941,1.175,1.142,6404.0,1494.39,296.6270184,49.353891,2021.0,Transit,666.0,,-0.06,14.6228
kepler-1942 b,1.6,,4.626027246,0.0,Kepler-1942,0.852,0.797,5834.0,842.492,294.9805416,44.4252384,2021.0,Transit,1011.0,,-0.5,14.6596
kepler-1943 b,0.8,,4.85026423,0.0,Kepler-1943,1.055,0.973,6032.0,1004.55,293.3182976,41.1166697,2021.0,Transit,1098.0,,-0.06,13.7453
kepler-1944 b,2.41,,9.84262076,0.0,Kepler-1944,1.064,0.972,5585.0,1076.48,296.5105045,39.1732645,2021.0,Transit,801.0,,0.48,15.3313
kepler-1945 b,,,6.08003714,,Kepler-1945,,,,,281.8980828,42.2858185,2021.0,Transit,,,,
kepler-1946 b,2.48812698,,3.035190105,,Kepler-1946,0.887,0.873,5505.0,1002.12,282.3355387,42.8453417,2021.0,Transit,,,-0.04,15.5613
kepler-1947 b,1.4,,6.96352699,0.0,Kepler-1947,0.984,1.686,6040.0,468.771,296.1040313,42.3425818,2021.0,Transit,1298.0,,-0.44,12.877
kepler-1948 b,0.7,,15.57131611,0.0,Kepler-1948,0.531,0.526,3842.0,193.903,287.3640804,47.7853043,2021.0,Transit,391.0,,-0.1,13.9243
kepler-1949 b,1.36,,2.20829637,0.0,Kepler-1949,1.194,1.454,6028.0,2617.35,293.5422586,43.0260555,2021.0,Transit,1709.0,,0.14,15.2008
kepler-195 b,2.41,,8.307832,0.0,Kepler-195,0.843,0.74,5296.0,652.051,288.1209339,47.9666141,2014.0,Transit,730.0,,,14.7989
kepler-195 c,1.751,,,,Kepler-195,,0.806,5232.0,652.051,288.1209339,47.9666141,2014.0,Transit,,,,14.7989
kepler-1950 b,1.52696349,,10.77690029,,Kepler-1950,0.759,0.852,5455.0,697.253,287.0874563,42.6686537,2021.0,Transit,,,-0.34,14.5569
kepler-1951 b,0.88,,20.6577602,0.0,Kepler-1951,0.782,0.9,5497.0,1277.32,290.4999139,40.2877161,2021.0,Transit,624.0,,-0.28,14.1599
kepler-1952 b,,,27.21038339,,Kepler-1952,,,5908.74,852.062,288.0764082,43.9584839,2021.0,Transit,,,-0.411,13.8909
kepler-1953 b,1.28574667,,6.245659828,,Kepler-1953,0.786,0.707,4858.0,605.631,287.9680995,46.4705959,2021.0,Transit,,,-0.02,15.4666
kepler-1954 b,1.34,,5.88346916,0.0,Kepler-1954,0.935,0.847,5835.0,1373.83,298.0029203,43.3545882,2021.0,Transit,948.0,,-0.24,15.7125
kepler-1955 b,0.987,,14.2652558,,Kepler-1955,1.119,1.228,5894.0,449.351,299.5347603,40.4777528,2021.0,Transit,,,0.21,12.5298
kepler-1956 b,1.15,,5.94375659,0.0,Kepler-1956,0.671,0.682,4391.0,360.468,294.6208506,49.894219,2021.0,Transit,674.0,,0.04,15.5722
kepler-1957 b,0.82,,2.18659922,0.0,Kepler-1957,0.745,0.772,4904.0,460.899,293.711436,47.8874467,2021.0,Transit,1099.0,,0.0,14.7806
kepler-1958 b,,,9.32867952,,Kepler-1958,0.96,1.11067,5474.0,1320.38,289.1041643,41.6901138,2021.0,Transit,,,,15.4313
kepler-1959 b,1.19,,6.38671206,0.0,Kepler-1959,0.768,0.811,5071.0,479.263,296.022301,44.7326691,2021.0,Transit,811.0,,-0.02,14.5568
kepler-196 b,,,20.73989406,,Kepler-196,0.87,0.793822,5168.0,451.312,284.9685077,42.0791214,2014.0,Transit,,,,14.1033
kepler-196 c,4.28,,47.42766,0.0,Kepler-196,0.926,1.501,5313.0,451.312,284.9685077,42.0791214,2014.0,Transit,574.0,,0.12,14.1033
kepler-196 d,5.92,,122.0799221,0.0,Kepler-196,0.926,1.501,5313.0,451.312,284.9685077,42.0791214,2021.0,Transit,419.0,,0.12,14.1033
kepler-1960 b,0.97,,2.29792825,0.0,Kepler-1960,1.083,1.035,6363.0,1527.56,294.6969361,46.7202043,2021.0,Transit,1524.0,,-0.26,15.0761
kepler-1961 b,,,5.60473115,,Kepler-1961,0.88,0.907236,5171.0,1042.45,286.3300783,39.6831276,2021.0,Transit,,,,15.695
kepler-1962 b,1.21,,7.99147383,0.0,Kepler-1962,0.931,0.93,5931.0,866.826,289.5483989,40.1641457,2021.0,Transit,913.0,,-0.28,14.9657
kepler-1963 b,0.686,,1.96227924,,Kepler-1963,0.857,0.814,5443.0,492.847,296.5875182,47.207129,2021.0,Transit,,,-0.13,13.8875
kepler-1964 b,14.68,,2.440836404,0.0,Kepler-1964,0.733,0.71,4798.0,,297.0588033,49.4784362,2021.0,Transit,997.0,,-0.08,
kepler-1965 b,,,41.8681996,,Kepler-1965,0.976,0.993645,5542.49,521.791,292.5147146,38.0219872,2021.0,Transit,,,0.011,13.6415
kepler-1966 b,0.8,,8.61735417,0.0,Kepler-1966,0.67,0.657,5013.0,484.601,292.4637788,41.2990438,2021.0,Transit,668.0,,-0.54,14.7889
kepler-1967 b,1.85,,7.28170196,0.0,Kepler-1967,0.996,1.806,4970.0,249.102,299.1376276,43.4984724,2021.0,Transit,1087.0,,0.32,13.3752
kepler-1968 b,1.4,,7.28116667,0.0,Kepler-1968,0.844,0.788,5008.0,750.93,291.5080318,45.3700933,2021.0,Transit,744.0,,0.18,15.9711
kepler-1969 b,1.68161001,,6.647520065,,Kepler-1969,1.111,1.007,6046.0,1204.54,294.7842662,49.4920557,2021.0,Transit,,,0.07,15.6806
kepler-197 b,1.07,,5.59931973,0.0,Kepler-197,0.922,1.12,6004.0,330.575,295.2264739,50.5592348,2014.0,Transit,1143.0,,-0.38,11.78
kepler-197 c,1.514,,,,Kepler-197,,1.169,5945.0,330.575,295.2264739,50.5592348,2014.0,Transit,,,,11.78
kepler-197 d,1.191,,15.67756112,,Kepler-197,0.857,1.163,5945.0,330.575,295.2264739,50.5592348,2014.0,Transit,,,-0.4,11.78
kepler-197 e,0.91,,25.209715,,Kepler-197,,1.12,6004.0,330.575,295.2264739,50.5592348,2014.0,Transit,,,,11.78
kepler-1972 b,0.631,,7.5459119,,Kepler-1972,1.201,1.415,5907.0,287.339,288.3953074,39.8725067,2022.0,Transit,,,0.27,11.1438
kepler-1972 c,0.91,,11.3220104,0.0,Kepler-1972,1.173,2.193,6003.0,287.339,288.3953074,39.8725067,2022.0,Transit,1215.0,,-0.28,11.1438
kepler-1976 b,12.21,,4.959319244,0.0,Kepler-1976,0.976,1.082,5712.0,1314.51,292.16706,48.7275345,2023.0,Transit Timing Variations,1103.0,,0.1,15.258
kepler-1977 b,1.57,,4.53700111,0.0,Kepler-1977,0.751,0.713,4812.0,592.711,290.6178587,37.2891002,2023.0,Transit,811.0,,-0.04,15.654
kepler-1978 b,2.67,,10.84969477,0.0,Kepler-1978,0.869,0.778,5251.0,865.512,286.0067312,38.0095407,2023.0,Transit,676.0,,-0.04,15.3665
kepler-1979 b,5.28,,18.5084405,0.0,Kepler-1979,1.028,0.938,5942.0,1076.27,289.8429062,38.309622,2023.0,Transit,683.0,,-0.06,15.2323
kepler-198 b,2.62,,17.79002419,0.0,Kepler-198,0.947,0.855,5733.0,495.358,290.6731326,38.6910045,2014.0,Transit,646.0,,-0.12,13.5662
kepler-198 c,2.44,,49.5675359,0.0,Kepler-198,0.947,0.855,5733.0,495.358,290.6731326,38.6910045,2014.0,Transit,459.0,,-0.12,13.5662
kepler-198 d,,,1.311842968,,Kepler-198,0.982,0.94755,5569.29,495.358,290.6731326,38.6910045,2016.0,Transit,,,0.1142,13.5662
kepler-1980 b,2.84500003,,33.0257988,,Kepler-1980,1.049,0.99,5819.0,1709.4,295.1672065,38.637039,2023.0,Transit,,,0.14,15.5691
kepler-1981 b,9.4119997,,453.5429993,,Kepler-1981,1.519,3.006,5874.0,659.395,287.9754691,38.7402988,2023.0,Transit,,,0.12,13.3811
kepler-1982 b,1.04,,3.82316376,0.0,Kepler-1982,1.306,1.491,6597.0,558.855,287.4099905,39.6586267,2023.0,Transit,1554.0,,0.0,12.6166
kepler-1983 b,3.7,,7.328505,0.0,Kepler-1983,0.74,0.75,5058.0,424.428,297.042015,39.9121864,2023.0,Transit,744.0,,,14.3031
kepler-1984 b,6.81,,1.992812339,0.0,Kepler-1984,0.45,0.42,3638.0,,291.2850446,40.7300225,2023.0,Transit,675.0,,-0.14,15.8683
kepler-1985 b,,,3.42064689,,Kepler-1985,,,5279.96,,293.5663715,42.1325825,2023.0,Transit,,,0.1226,15.7053
kepler-1986 b,1.69,,19.5489365,0.0,Kepler-1986,0.776,0.729,5548.0,912.085,292.9582727,42.8548909,2023.0,Transit,578.0,,-0.54,15.718
kepler-1987 b,1.50999999,,2.345860004,,Kepler-1987,0.799,0.714,4769.0,595.683,295.8254663,42.9433716,2023.0,Transit,,,0.12,15.505
kepler-1987 c,1.33,,3.64830183,0.0,Kepler-1987,0.799,0.714,4769.0,595.683,295.8254663,42.9433716,2023.0,Transit,860.0,,0.12,15.505
kepler-1987 d,2.95,,5.644915227,0.0,Kepler-1987,0.778,0.729,4750.0,595.683,295.8254663,42.9433716,2023.0,Transit,749.0,,0.12,15.505
kepler-1987 e,1.99,,8.74287133,0.0,Kepler-1987,0.778,0.729,4750.0,595.683,295.8254663,42.9433716,2023.0,Transit,647.0,,0.12,15.505
kepler-1988 b,2.59,,11.49499722,0.0,Kepler-1988,1.502,3.132,6036.0,513.426,298.6738034,43.7955099,2023.0,Transit,1394.0,,-0.1,12.1213
kepler-1989 b,4.76100016,,10.16100025,,Kepler-1989,0.999,1.06,6032.0,1252.13,290.7351869,44.091262,2023.0,Transit,,,-0.14,14.6131
kepler-199 b,2.9,,23.6421965,0.0,Kepler-199,0.98,0.882,5750.0,521.054,295.5594278,40.236249,2014.0,Transit,595.0,,-0.04,13.5973
kepler-199 c,3.15,,67.0932997,,Kepler-199,0.96,0.88,5709.0,521.054,295.5594278,40.236249,2014.0,Transit,,,-0.12,13.5973
kepler-1990 b,3.69,,1.7351365,0.0,Kepler-1990,1.112,1.079,5838.0,392.739,299.7047433,44.4357068,2023.0,Transit,1571.0,,,12.5829
kepler-1990 c,1.09,,4.068545,0.0,Kepler-1990,1.112,1.079,5838.0,392.739,299.7047433,44.4357068,2023.0,Transit,1173.0,,,12.5829
kepler-1991 b,1.23,,13.26107,0.0,Kepler-1991,0.923,0.82,5603.0,855.82,285.0360506,45.0709909,2023.0,Transit,683.0,,,14.7212
kepler-1991 c,2.446,,22.79021423,,Kepler-1991,0.941,0.961,5486.0,855.82,285.0360506,45.0709909,2023.0,Transit,,,0.14,14.7212
kepler-1992 b,0.91,,15.611223,0.0,Kepler-1992,0.821,0.946,5466.0,532.955,295.0902409,45.0811045,2023.0,Transit,693.0,,-0.12,13.554
kepler-1993 b,,,26.6565737,,Kepler-1993,,3.14014,4939.47,1031.91,293.7968548,45.1607261,2023.0,Transit,,,0.0527,13.2589
kepler-1994 b,0.51,,4.61225043,0.0,Kepler-1994,0.932,0.961,5495.0,241.991,297.1487941,46.2969247,2023.0,Transit,1032.0,,0.16,11.8227
kepler-1995 b,3.347,,73.7579317,,Kepler-1995,0.82,0.736,4883.0,595.331,284.342725,46.3165907,2023.0,Transit,,,0.2,15.1988
kepler-1996 b,2.26,,32.376183,0.0,Kepler-1996,0.748,0.675,4580.0,440.561,285.2537555,46.5822183,2023.0,Transit,392.0,,0.08,14.8656
kepler-1996 c,2.15,,92.7296775,0.0,Kepler-1996,0.651,0.624,4528.0,440.561,285.2537555,46.5822183,2023.0,Transit,267.0,,-0.3,14.8656
kepler-1997 b,,,26.7575866,,Kepler-1997,1.12,1.06582,6031.0,1502.34,297.4808253,46.5891373,2023.0,Transit,,,,15.4636
kepler-1998 b,0.6,,3.03267135,0.0,Kepler-1998,0.962,0.921,5640.0,340.965,283.4291536,47.5923973,2023.0,Transit,1187.0,,0.06,12.6024
kepler-1999 b,3.29,,8.7396758,0.0,Kepler-1999,0.632,0.628,4406.0,701.255,282.3705675,48.259234,2023.0,Transit,577.0,,-0.24,16.319
kepler-20 b,2.11,,3.696119675,0.0,Kepler-20,0.876,0.925,5465.0,282.563,287.6979913,42.3385782,2011.0,Transit,1095.0,,0.02,12.4535
kepler-20 c,3.17,,10.8540894,0.0,Kepler-20,0.901,0.939,5443.0,282.563,287.6979913,42.3385782,2011.0,Transit,763.0,,,12.4535
kepler-20 d,2.62,,77.6115987,0.0,Kepler-20,0.876,0.925,5465.0,282.563,287.6979913,42.3385782,2011.0,Transit,397.0,,0.02,12.4535
kepler-20 e,0.82,,6.09853672,0.0,Kepler-20,0.876,0.925,5465.0,282.563,287.6979913,42.3385782,2011.0,Transit,927.0,,0.02,12.4535
kepler-20 f,,,19.5776073,,Kepler-20,0.96,0.914982,5489.0,282.563,287.6979913,42.3385782,2011.0,Transit,,,0.02,12.4535
kepler-20 g,,20.97014611,34.951009,0.0,Kepler-20,0.942,,,282.563,287.6979913,42.3385782,2016.0,Radial Velocity,,,,12.4535
kepler-200 b,1.75,,8.59481851,0.0,Kepler-200,0.878,0.915,5675.0,665.912,284.4099503,41.2374928,2014.0,Transit,854.0,,-0.18,13.9518
kepler-200 c,1.46,,10.22214214,,Kepler-200,0.98,0.95,5773.0,665.912,284.4099503,41.2374928,2014.0,Transit,,,-0.07,13.9518
kepler-2000 b,2.34,,6.38317,0.0,Kepler-2000,0.546,0.522,4047.0,320.588,285.5743032,49.9621218,2023.0,Transit,550.0,,,15.2639
kepler-2000 c,1.85,,20.62,,Kepler-2000,,,,320.588,285.5743032,49.9621218,2023.0,Transit,,,,15.2639
kepler-2001 b,,,1.090011003,,Kepler-2001,0.79,0.758905,4838.0,776.55,291.6594558,50.5838585,2023.0,Transit,,,,15.7733
kepler-2001 c,1.82,,14.0926796,0.0,Kepler-2001,0.856,0.784,5093.0,776.55,291.6594558,50.5838585,2023.0,Transit,604.0,,0.12,15.7733
kepler-201 b,,,25.67209545,,Kepler-201,1.209,1.27729,6240.51,636.445,293.626059,41.2728004,2014.0,Transit,,,-0.0442,12.9199
kepler-201 c,2.47,,151.8851881,0.0,Kepler-201,1.164,1.179,6034.0,636.445,293.626059,41.2728004,2014.0,Transit,378.0,,0.24,12.9199
kepler-202 b,1.91,,4.069428401,0.0,Kepler-202,0.758,0.72,4806.0,285.111,282.9734874,41.3217991,2014.0,Transit,843.0,,0.0,13.8433
kepler-202 c,1.906,,,,Kepler-202,,0.688,4762.0,285.111,282.9734874,41.3217991,2014.0,Transit,,,,13.8433
kepler-203 b,2.29,,3.162691238,0.0,Kepler-203,1.013,0.937,5949.0,703.302,297.089959,41.3880686,2014.0,Transit,1234.0,,-0.1,13.9421
kepler-203 c,2.14,,5.370645868,0.0,Kepler-203,1.013,0.937,5949.0,703.302,297.089959,41.3880686,2014.0,Transit,1034.0,,-0.1,13.9421
kepler-203 d,1.18,,11.32984,0.0,Kepler-203,1.01,0.91,5924.0,703.302,297.089959,41.3880686,2014.0,Transit,793.0,,,13.9421
kepler-204 b,2.23,,14.40094471,0.0,Kepler-204,0.992,1.038,6095.0,686.723,285.347162,41.761845,2014.0,Transit,806.0,,-0.22,13.8745
kepler-204 c,1.36,,25.661658,0.0,Kepler-204,0.992,1.038,6095.0,686.723,285.347162,41.761845,2014.0,Transit,665.0,,-0.22,13.8745
kepler-205 b,1.37,,2.755637216,0.0,Kepler-205,0.57,0.553,4121.0,159.72,285.2866912,41.8609357,2014.0,Transit,757.0,,-0.34,13.4947
kepler-205 c,1.22,,20.30707932,,Kepler-205,0.51,0.48,3834.0,159.72,285.2866912,41.8609357,2014.0,Transit,345.0,M1 V,-0.25,13.4947
kepler-206 b,1.263,,,,Kepler-206,,1.092,5691.0,594.447,291.6346564,41.8338415,2014.0,Transit,,,,13.4609
kepler-206 c,1.57,,13.13745719,0.0,Kepler-206,0.981,1.06,5762.0,594.447,291.6346564,41.8338415,2014.0,Transit,795.0,,0.06,13.4609
kepler-206 d,0.967,,23.4432353,,Kepler-206,0.957,1.078,5691.0,594.447,291.6346564,41.8338415,2014.0,Transit,,,0.06,13.4609
kepler-207 b,1.57,,1.611865,,Kepler-207,,1.588,5920.0,875.519,290.0305195,42.1660555,2014.0,Transit,,,,13.1671
kepler-207 c,1.815,,,,Kepler-207,,1.709,5969.0,875.519,290.0305195,42.1660555,2014.0,Transit,,,,13.1671
kepler-207 d,2.31,,5.868068017,0.0,Kepler-207,1.065,1.109,6110.0,875.519,290.0305195,42.1660555,2014.0,Transit,1112.0,,-0.02,13.1671
kepler-208 b,1.557,,4.22864988,,Kepler-208,1.082,1.234,6054.0,775.328,293.8901979,42.5279413,2014.0,Transit,,,0.02,13.5376
kepler-208 c,1.49,,7.46662197,0.0,Kepler-208,1.123,1.328,6220.0,775.328,293.8901979,42.5279413,2014.0,Transit,1134.0,,0.02,13.5376
kepler-208 d,1.29,,11.1317519,0.0,Kepler-208,1.123,1.328,6220.0,775.328,293.8901979,42.5279413,2014.0,Transit,992.0,,0.02,13.5376
kepler-208 e,1.72,,16.25951967,0.0,Kepler-208,1.213,1.499,5966.0,775.328,293.8901979,42.5279413,2014.0,Transit,880.0,,0.18,13.5376
kepler-209 b,2.6,,16.08786478,0.0,Kepler-209,0.876,1.043,5514.0,576.946,291.1694567,42.6407281,2014.0,Transit,719.0,,0.02,13.9517
kepler-209 c,,,41.74945104,,Kepler-209,0.96,0.962384,5463.31,576.946,291.1694567,42.6407281,2014.0,Transit,,,0.11,13.9517
kepler-21 b,,,2.78581504,,Kepler-21,1.212,1.90746,6248.42,108.522,287.3619673,38.7141384,2012.0,Transit,,,-0.0793,8.12832
kepler-210 b,,,2.45323508,,Kepler-210,0.72,0.637495,4564.61,232.75,292.5034196,43.0832188,2014.0,Transit,,,0.2772,13.8043
kepler-210 c,3.3,,7.9725436,0.0,Kepler-210,0.612,0.569,4367.0,232.75,292.5034196,43.0832188,2014.0,Transit,566.0,,,13.8043
kepler-211 b,,,4.13852825,,Kepler-211,0.91,0.740717,5286.58,309.353,285.4391183,43.1685051,2014.0,Transit,,,0.151,13.2732
kepler-211 c,,,6.04046688,,Kepler-211,0.91,0.740717,5286.58,309.353,285.4391183,43.1685051,2014.0,Transit,,,0.151,13.2732
kepler-212 b,0.87,,16.2583586,0.0,Kepler-212,1.137,1.141,5914.0,687.194,287.6208165,43.1416239,2014.0,Transit,769.0,,0.32,12.9872
kepler-212 c,2.06,,31.80474045,0.0,Kepler-212,1.137,1.141,5914.0,687.194,287.6208165,43.1416239,2014.0,Transit,615.0,,0.32,12.9872
kepler-213 b,1.462,,,,Kepler-213,,1.104,5658.0,634.939,290.8241931,44.6472832,2014.0,Transit,,,,13.6023
kepler-213 c,1.68,,4.82297735,0.0,Kepler-213,0.994,0.898,5822.0,634.939,290.8241931,44.6472832,2014.0,Transit,1030.0,,-0.06,13.6023
kepler-214 b,2.16,,15.66039,0.0,Kepler-214,1.15,1.07,6352.0,1208.44,284.7548499,44.95605,2014.0,Transit,812.0,,,13.9058
kepler-214 c,2.04,,28.77957,0.0,Kepler-214,1.15,1.07,6352.0,1208.44,284.7548499,44.95605,2014.0,Transit,661.0,,,13.9058
kepler-215 b,,,9.36064358,,Kepler-215,1.015,0.896627,5697.97,485.997,294.9735313,45.2136867,2014.0,Transit,,,-0.4425,13.5549
kepler-215 c,,,14.6672293,,Kepler-215,1.015,0.896627,5697.97,485.997,294.9735313,45.2136867,2014.0,Transit,,,-0.4425,13.5549
kepler-215 d,2.34,23.6,30.864,,Kepler-215,0.81,1.008,,485.997,294.9735313,45.2136867,2014.0,Transit,,,,13.5549
kepler-215 e,1.45,,68.1609897,0.0,Kepler-215,0.92,0.828,5677.0,485.997,294.9735313,45.2136867,2014.0,Transit,405.0,,-0.18,13.5549
kepler-216 b,1.91,,7.69364042,0.0,Kepler-216,1.085,1.031,6277.0,1187.47,293.7280695,46.1291139,2014.0,Transit,1003.0,,-0.18,13.9607
kepler-216 c,2.5,,17.40665938,0.0,Kepler-216,1.085,1.031,6277.0,1187.47,293.7280695,46.1291139,2014.0,Transit,764.0,,-0.18,13.9607
kepler-217 b,1.81,,5.37493491,0.0,Kepler-217,1.426,1.439,6765.0,1104.64,293.0377331,46.2775223,2014.0,Transit,1377.0,,0.21,13.1207
kepler-217 c,1.74,,8.58598202,,Kepler-217,1.37,1.76,6341.0,1104.64,293.0377331,46.2775223,2014.0,Transit,,,0.09,13.1207
kepler-217 d,1.14,,3.88689525,0.0,Kepler-217,1.426,1.439,6765.0,1104.64,293.0377331,46.2775223,2016.0,Transit,1533.0,,0.21,13.1207
kepler-218 b,1.48,,3.619337,,Kepler-218,,1.063,5502.0,656.38,295.4128785,46.2665801,2014.0,Transit,,,,13.9069
kepler-218 c,3.074,,,,Kepler-218,,1.053,5594.0,656.38,295.4128785,46.2665801,2014.0,Transit,,,,13.9069
kepler-218 d,2.69,,124.5245224,0.0,Kepler-218,0.988,1.046,5497.0,656.38,295.4128785,46.2665801,2016.0,Transit,356.0,,0.38,13.9069
kepler-219 b,,,4.585466941,,Kepler-219,1.03,1.28163,5766.61,787.07,288.7389481,46.7625929,2014.0,Transit,,,0.361,13.7179
kepler-219 c,,,22.71443351,,Kepler-219,1.03,1.28163,5766.61,787.07,288.7389481,46.7625929,2014.0,Transit,,,0.361,13.7179
kepler-219 d,2.806,,,,Kepler-219,,1.18,5873.0,787.07,288.7389481,46.7625929,2014.0,Transit,,,,13.7179
kepler-22 b,2.04,,289.864456,,Kepler-22,0.9,0.94,5698.0,194.642,289.2172051,47.8841427,2011.0,Transit,,,-0.21,11.6444
kepler-220 b,0.872,,,,Kepler-220,0.716,0.707,4500.0,171.109,291.5060432,46.8956262,2014.0,Transit,,,,12.8566
kepler-220 c,1.929,,,,Kepler-220,,0.686,4665.0,171.109,291.5060432,46.8956262,2014.0,Transit,,,,12.8566
kepler-220 d,,,28.12236175,,Kepler-220,0.699,0.769859,4457.96,171.109,291.5060432,46.8956262,2014.0,Transit,,,-0.1738,12.8566
kepler-220 e,,,45.9032489688,,Kepler-220,0.699,0.769859,4457.96,171.109,291.5060432,46.8956262,2014.0,Transit,,,-0.1738,12.8566
kepler-221 b,,,2.796,,Kepler-221,0.72,0.751,,385.231,296.6547477,46.8352242,2014.0,Transit,,,,13.7486
kepler-221 c,2.808,,5.690584519,,Kepler-221,0.854,0.767,5260.0,385.231,296.6547477,46.8352242,2014.0,Transit,,,0.04,13.7486
kepler-221 d,2.52,,10.041568521,0.0,Kepler-221,0.72,0.751,5280.0,385.231,296.6547477,46.8352242,2014.0,Transit,706.0,,-0.42,13.7486
kepler-221 e,3.415,,,,Kepler-221,,0.774,5260.0,385.231,296.6547477,46.8352242,2014.0,Transit,,,,13.7486
kepler-222 b,3.2,,3.936993706,,Kepler-222,0.88,0.84,5295.0,758.854,287.9060885,46.9377479,2014.0,Transit,,,0.05,15.0603
kepler-222 c,,,10.08880336,,Kepler-222,0.87,0.850048,5154.0,758.854,287.9060885,46.9377479,2014.0,Transit,,,,15.0603
kepler-222 d,,,28.08196251,,Kepler-222,0.87,0.850048,5154.0,758.854,287.9060885,46.9377479,2014.0,Transit,,,,15.0603
kepler-223 b,1.8,,7.38441403,0.0,Kepler-223,0.902,1.003,5825.0,1859.71,298.3183909,47.2794824,2014.0,Transit,961.0,,-0.22,15.3951
kepler-223 c,2.6,12.4,9.848,,Kepler-223,1.1,,,1859.71,298.3183909,47.2794824,2014.0,Transit,,,,15.3951
kepler-223 d,3.46,,14.78767172,0.0,Kepler-223,1.055,1.248,5814.0,1859.71,298.3183909,47.2794824,2014.0,Transit,827.0,,0.16,15.3951
kepler-223 e,,,19.7243672,,Kepler-223,1.04,1.51701,5803.0,1859.71,298.3183909,47.2794824,2014.0,Transit,,,0.19,15.3951
kepler-224 b,1.489,,3.132951625,,Kepler-224,0.777,0.693,5046.0,782.088,290.9342679,47.3575414,2014.0,Transit,,,-0.06,15.6358
kepler-224 c,3.12,,5.925003,,Kepler-224,,0.676,5018.0,782.088,290.9342679,47.3575414,2014.0,Transit,,,,15.6358
kepler-224 d,,,11.34935054,,Kepler-224,0.84,0.722794,5049.0,782.088,290.9342679,47.3575414,2014.0,Transit,,,,15.6358
kepler-224 e,2.02,,18.643516,,Kepler-224,0.78,0.71,5093.0,782.088,290.9342679,47.3575414,2014.0,Transit,,,-0.27,15.6358
kepler-225 b,1.44,,6.73893544,0.0,Kepler-225,0.616,0.602,4126.0,561.101,292.1939846,47.4570808,2014.0,Transit,579.0,,-0.06,15.9504
kepler-225 c,,,18.79417509,,Kepler-225,0.65,0.77462,4166.0,561.101,292.1939846,47.4570808,2014.0,Transit,,,,15.9504
kepler-226 b,1.56,24.0,3.941,,Kepler-226,0.88,0.806,,980.138,292.3760942,47.8809596,2014.0,Transit,,,,15.4026
kepler-226 c,2.7,,5.34955671,0.0,Kepler-226,0.883,0.806,5559.0,980.138,292.3760942,47.8809596,2014.0,Transit,918.0,,-0.18,15.4026
kepler-226 d,,,8.1090679999,,Kepler-226,0.92,0.887751,5338.0,980.138,292.3760942,47.8809596,2014.0,Transit,,,,15.4026
kepler-227 b,,,9.48803557,,Kepler-227,0.97,0.949466,5524.63,1083.06,291.9342748,48.141676,2014.0,Transit,,,0.081,15.3234
kepler-227 c,2.83,,54.4183827,0.0,Kepler-227,0.919,0.927,5455.0,1083.06,291.9342748,48.141676,2014.0,Transit,443.0,,0.14,15.3234
kepler-228 b,1.5,,2.56659092,,Kepler-228,0.95,0.92,5630.0,1644.61,296.2860853,48.2246328,2014.0,Transit,,,-0.03,15.7042
kepler-228 c,,,4.1344785877,,Kepler-228,1.01,1.1757,5675.0,1644.61,296.2860853,48.2246328,2014.0,Transit,,,,15.7042
kepler-228 d,4.02,,11.09431923,0.0,Kepler-228,1.053,0.972,6046.0,1644.61,296.2860853,48.2246328,2014.0,Transit,835.0,,-0.08,15.7042
kepler-229 b,2.288,,6.252964898,,Kepler-229,0.808,0.706,5002.0,826.265,286.9994758,48.3757867,2014.0,Transit,,,0.06,15.8265
kepler-229 c,,,16.06864674,,Kepler-229,0.8,0.752766,4881.0,826.265,286.9994758,48.3757867,2014.0,Transit,,,,15.8265
kepler-229 d,3.272,,,,Kepler-229,,0.719,5002.0,826.265,286.9994758,48.3757867,2014.0,Transit,,,,15.8265
kepler-23 b,1.95,,7.1069,0.0,Kepler-23,1.19,1.87,6142.0,835.756,294.2189131,49.4792536,2011.0,Transit,1336.0,,,13.4015
kepler-23 c,3.036,,10.74242766,,Kepler-23,0.99,1.491,5823.0,835.756,294.2189131,49.4792536,2011.0,Transit,,,-0.09,13.4015
kepler-23 d,2.28,,15.27438229,0.0,Kepler-23,1.078,1.548,5828.0,835.756,294.2189131,49.4792536,2014.0,Transit,910.0,,-0.05,13.4015
kepler-230 b,,,32.62876672,,Kepler-230,0.92,0.766994,5333.0,740.754,285.7185682,48.5058038,2014.0,Transit,,,,15.073
kepler-230 c,2.13,,91.77221,0.0,Kepler-230,0.846,0.796,5588.0,740.754,285.7185682,48.5058038,2014.0,Transit,358.0,,-0.3,15.073
kepler-231 b,,,10.06524317,,Kepler-231,0.64,0.591335,4079.0,316.618,293.9733913,50.531846,2014.0,Transit,,,,15.3896
kepler-231 c,2.06,,19.27,,Kepler-231,,,,316.618,293.9733913,50.531846,2014.0,Transit,,,,15.3896
kepler-232 b,3.07,,4.431242593,0.0,Kepler-232,1.047,0.931,5841.0,1349.13,295.8161668,51.1217249,2014.0,Transit,1074.0,,0.07,15.3201
kepler-232 c,,,11.379391064,,Kepler-232,0.98,1.13988,5570.0,1349.13,295.8161668,51.1217249,2014.0,Transit,,,,15.3201
kepler-233 b,,,8.4723885407,,Kepler-233,0.88,0.85322,5175.0,856.417,296.3665054,51.3194548,2014.0,Transit,,,,15.3263
kepler-233 c,2.72,,60.4186137,0.0,Kepler-233,0.884,0.788,5354.0,856.417,296.3665054,51.3194548,2014.0,Transit,390.0,,-0.08,15.3263
kepler-234 b,3.62,,2.711502579,0.0,Kepler-234,1.149,1.064,6167.0,1733.1,291.6535379,38.4946597,2014.0,Transit,1405.0,,0.07,15.5014
kepler-234 c,3.75,,7.21204152,,Kepler-234,1.11,1.15,6003.0,1733.1,291.6535379,38.4946597,2014.0,Transit,,,0.09,15.5014
kepler-235 b,,,3.34021921,,Kepler-235,0.64,0.635754,4074.0,428.018,286.0790779,39.278237,2014.0,Transit,,,,15.9695
kepler-235 c,1.2,,7.82502168,0.0,Kepler-235,0.502,0.493,3950.0,428.018,286.0790779,39.278237,2014.0,Transit,494.0,,-0.46,15.9695
kepler-235 d,,,20.06036336,,Kepler-235,0.64,0.635754,4074.0,428.018,286.0790779,39.278237,2014.0,Transit,,,,15.9695
kepler-235 e,1.94,,46.18415,0.0,Kepler-235,0.51,0.48,3887.0,428.018,286.0790779,39.278237,2014.0,Transit,265.0,,-0.36,15.9695
kepler-236 b,1.53,,8.29559431,0.0,Kepler-236,0.54,0.51,3750.0,288.763,283.8664285,39.8981928,2014.0,Transit,462.0,,0.08,15.3743
kepler-236 c,,,23.9679951787,,Kepler-236,0.596005,0.609791,3840.0,288.763,283.8664285,39.8981928,2014.0,Transit,,,,15.3743
kepler-237 b,1.5,,4.71510365,0.0,Kepler-237,0.733,0.732,4861.0,657.822,283.2213438,40.421762,2014.0,Transit,824.0,,-0.08,15.2832
kepler-237 c,2.221,,,,Kepler-237,,0.772,4897.0,657.822,283.2213438,40.421762,2014.0,Transit,,,,15.2832
kepler-238 b,1.62,,2.090811305,0.0,Kepler-238,1.083,1.384,5739.0,1798.75,287.8971066,40.6378141,2014.0,Transit,1642.0,,0.3,15.0243
kepler-238 c,2.734,,,,Kepler-238,,1.633,5800.0,1798.75,287.8971066,40.6378141,2014.0,Transit,,,,15.0243
kepler-238 d,3.06,,13.23352214,0.0,Kepler-238,1.083,1.384,5739.0,1798.75,287.8971066,40.6378141,2014.0,Transit,888.0,,0.3,15.0243
kepler-238 e,,,23.6537012966,,Kepler-238,1.0,1.72535,5630.0,1798.75,287.8971066,40.6378141,2013.0,Transit,,,,15.0243
kepler-238 f,2.67,,50.4467417,0.0,Kepler-238,1.083,1.384,5739.0,1798.75,287.8971066,40.6378141,2013.0,Transit,568.0,,0.3,15.0243
kepler-239 b,,,11.7630972577,,Kepler-239,0.78,0.830414,4819.0,648.109,294.2020505,40.6633313,2014.0,Transit,,,0.16,15.2333
kepler-239 c,,,56.2280785556,,Kepler-239,0.78,0.830414,4819.0,648.109,294.2020505,40.6633313,2014.0,Transit,,,0.16,15.2333
kepler-24 b,2.02,33.3,8.145,,Kepler-24,0.97,1.088,,1156.81,290.4132621,38.3437283,2011.0,Transit,,,,14.9234
kepler-24 c,4.75,,12.33340885,0.0,Kepler-24,0.965,1.088,6038.0,1156.81,290.4132621,38.3437283,2011.0,Transit,864.0,,-0.24,14.9234
kepler-24 d,1.61,,4.24437621,0.0,Kepler-24,0.965,1.088,6038.0,1156.81,290.4132621,38.3437283,2014.0,Transit,1234.0,,-0.24,14.9234
kepler-24 e,2.36,,18.99850923,0.0,Kepler-24,0.965,1.088,6038.0,1156.81,290.4132621,38.3437283,2014.0,Transit,748.0,,-0.24,14.9234
kepler-240 b,,,4.14451656,,Kepler-240,0.76,0.808486,4749.0,746.927,291.1587635,40.7502108,2014.0,Transit,,,,15.6622
kepler-240 c,2.25,,7.953547,0.0,Kepler-240,0.759,0.779,4768.0,746.927,291.1587635,40.7502108,2014.0,Transit,696.0,,0.18,15.6622
kepler-241 b,2.35,,12.71810317,0.0,Kepler-241,0.67,0.686,4702.0,,292.9131121,41.0609786,2014.0,Transit,562.0,,-0.22,15.3871
kepler-241 c,2.71,,36.06587916,0.0,Kepler-241,0.67,0.686,4702.0,,292.9131121,41.0609786,2014.0,Transit,397.0,,-0.22,15.3871
kepler-242 b,2.488,,,,Kepler-242,,0.683,4876.0,600.241,286.5656932,41.8084168,2014.0,Transit,,,,15.3494
kepler-242 c,,,14.49652389,,Kepler-242,0.77,0.718409,4786.0,600.241,286.5656932,41.8084168,2014.0,Transit,,,,15.3494
kepler-243 b,2.47,,5.715425977,0.0,Kepler-243,0.927,0.826,5237.0,693.86,285.1104819,42.0339619,2014.0,Transit,850.0,,0.24,15.0573
kepler-243 c,2.5,,20.02591,0.0,Kepler-243,0.789,0.71,5115.0,693.86,285.1104819,42.0339619,2014.0,Transit,522.0,,,15.0573
kepler-244 b,,,4.31178046,,Kepler-244,0.95,0.831792,5461.0,1036.49,287.242641,42.3014185,2014.0,Transit,,,,15.5455
kepler-244 c,,,9.76732448,,Kepler-244,0.95,0.831792,5461.0,1036.49,287.242641,42.3014185,2014.0,Transit,,,,15.5455
kepler-244 d,2.74,,20.05040157,,Kepler-244,0.82,0.79,5273.0,1036.49,287.242641,42.3014185,2014.0,Transit,,,-0.17,15.5455
kepler-245 b,2.654,,7.49017229,,Kepler-245,0.856,0.78,5105.0,861.527,291.6389972,42.4363482,2014.0,Transit,,,0.12,15.5969
kepler-245 c,2.36,,17.46085263,,Kepler-245,0.86,0.8,5174.0,861.527,291.6389972,42.4363482,2014.0,Transit,,,0.05,15.5969
kepler-245 d,3.24,,36.27594657,,Kepler-245,0.86,0.8,5174.0,861.527,291.6389972,42.4363482,2014.0,Transit,,,0.05,15.5969
kepler-245 e,1.69,,3.219814777,0.0,Kepler-245,0.823,0.787,5103.0,861.527,291.6389972,42.4363482,2016.0,Transit,998.0,,0.04,15.5969
kepler-246 b,2.34,,4.60182,,Kepler-246,,0.831,5206.0,626.078,296.4834007,42.6633806,2014.0,Transit,,,,15.0422
kepler-246 c,,,11.187370327,,Kepler-246,0.85,0.80085,5084.0,626.078,296.4834007,42.6633806,2014.0,Transit,,,,15.0422
kepler-247 b,1.641,,3.336125104,,Kepler-247,0.887,0.788,5060.0,663.711,288.6425609,43.0393769,2014.0,Transit,,,0.3,15.0473
kepler-247 c,,,9.439459486,,Kepler-247,0.81,0.843936,4929.0,663.711,288.6425609,43.0393769,2014.0,Transit,,,,15.0473
kepler-247 d,,,20.47748843,,Kepler-247,0.81,0.843936,4929.0,663.711,288.6425609,43.0393769,2014.0,Transit,,,,15.0473
kepler-248 b,,,6.308201629,,Kepler-248,0.88,0.768535,5175.0,738.792,293.0613138,43.5813577,2014.0,Transit,,,0.18,15.2331
kepler-248 c,3.902,,16.23946714,,Kepler-248,0.838,0.773,4973.0,738.792,293.0613138,43.5813577,2014.0,Transit,,,0.17,15.2331
kepler-249 b,,,3.3065702702,,Kepler-249,0.510238,0.512465,3635.0,190.401,296.9853002,43.6586043,2014.0,Transit,,,,15.2305
kepler-249 c,1.57,,7.113726,0.0,Kepler-249,0.506,0.492,3803.0,190.401,296.9853002,43.6586043,2014.0,Transit,489.0,,,15.2305
kepler-249 d,1.54,,15.36829,0.0,Kepler-249,0.506,0.492,3803.0,190.401,296.9853002,43.6586043,2014.0,Transit,380.0,,,15.2305
kepler-25 b,2.704,10.79716709,6.238534771,0.0,Kepler-25,1.148,,,243.249,286.6383905,39.4879038,2011.0,Transit,,,,10.6319
kepler-25 c,4.59,,12.720374354,,Kepler-25,1.196,1.47768,6212.0,243.249,286.6383905,39.4879038,2011.0,Transit,,,-0.01,10.6319
kepler-25 d,,68.70989671,91.605187,0.0,Kepler-25,1.148,,,243.249,286.6383905,39.4879038,2014.0,Radial Velocity,,,,10.6319
kepler-250 b,1.12,,4.14808732,,Kepler-250,0.83,0.79,5097.0,760.585,289.5947633,44.1418114,2014.0,Transit,,,0.02,15.4144
kepler-250 c,2.41,,7.15681773,,Kepler-250,0.83,0.79,5097.0,760.585,289.5947633,44.1418114,2014.0,Transit,,,0.02,15.4144
kepler-250 d,2.18,,17.648312,,Kepler-250,,0.805,5160.0,760.585,289.5947633,44.1418114,2014.0,Transit,,,,15.4144
kepler-251 b,1.66,,4.790873,0.0,Kepler-251,0.96,1.09,5870.0,924.625,296.5662171,44.1058077,2014.0,Transit,1153.0,,,15.216
kepler-251 c,3.59,,16.5141282,0.0,Kepler-251,0.941,1.074,5883.0,924.625,296.5662171,44.1058077,2014.0,Transit,762.0,,-0.16,15.216
kepler-251 d,4.25,,30.1329303,0.0,Kepler-251,0.941,1.074,5883.0,924.625,296.5662171,44.1058077,2014.0,Transit,624.0,,-0.16,15.216
kepler-251 e,2.52,,,,Kepler-251,,0.828,5492.0,924.625,296.5662171,44.1058077,2014.0,Transit,,,,15.216
kepler-252 b,,,6.66836145,,Kepler-252,0.7,0.678487,4458.0,379.424,295.579329,44.5459052,2014.0,Transit,,,,15.0293
kepler-252 c,2.3,,10.848507,0.0,Kepler-252,0.61,0.58,4397.0,379.424,295.579329,44.5459052,2014.0,Transit,519.0,,,15.0293
kepler-253 b,1.63,,3.783986,,Kepler-253,,0.786,5208.0,838.595,291.8419337,44.858124,2014.0,Transit,,,,15.5122
kepler-253 c,2.7,,10.28192877,0.0,Kepler-253,0.874,0.79,5216.0,838.595,291.8419337,44.858124,2014.0,Transit,687.0,,0.06,15.5122
kepler-253 d,3.17,,18.11989364,0.0,Kepler-253,0.874,0.79,5216.0,838.595,291.8419337,44.858124,2014.0,Transit,569.0,,0.06,15.5122
kepler-254 b,,,5.826663494,,Kepler-254,0.99,0.914836,5616.0,1389.48,288.1646541,45.8164257,2014.0,Transit,,,,15.8379
kepler-254 c,2.32,,12.41217869,,Kepler-254,0.849,0.902,5503.0,1389.48,288.1646541,45.8164257,2014.0,Transit,,,-0.13,15.8379
kepler-254 d,2.676,,,,Kepler-254,,0.931,5503.0,1389.48,288.1646541,45.8164257,2014.0,Transit,,,,15.8379
kepler-255 b,1.55,,5.714606,,Kepler-255,,0.933,5573.0,1052.53,296.0642702,45.9767647,2014.0,Transit,,,,15.5283
kepler-255 c,,,9.94602357,,Kepler-255,0.86,1.02495,5130.94,1052.53,296.0642702,45.9767647,2014.0,Transit,,,0.3386,15.5283
kepler-255 d,1.28,,1.045632,0.0,Kepler-255,0.878,0.8,5463.0,1052.53,296.0642702,45.9767647,2016.0,Transit,1561.0,,,15.5283
kepler-256 b,1.37,,1.620467836,0.0,Kepler-256,1.075,0.965,5936.0,1026.43,292.58042,46.0973588,2014.0,Transit,1545.0,,0.07,15.0151
kepler-256 c,1.79,,3.388011854,0.0,Kepler-256,1.075,0.965,5936.0,1026.43,292.58042,46.0973588,2014.0,Transit,1209.0,,0.07,15.0151
kepler-256 d,2.48,,5.839172,,Kepler-256,,1.301,5551.0,1026.43,292.58042,46.0973588,2014.0,Transit,,,,15.0151
kepler-256 e,1.8,,10.68167916,0.0,Kepler-256,1.075,0.965,5936.0,1026.43,292.58042,46.0973588,2014.0,Transit,825.0,,0.07,15.0151
kepler-257 b,2.74,,2.382652873,0.0,Kepler-257,0.868,0.973,5188.0,780.256,297.3159994,46.0232642,2014.0,Transit,1237.0,,0.32,15.4215
kepler-257 c,,,6.58148439,,Kepler-257,0.82,0.87259,4972.0,780.256,297.3159994,46.0232642,2014.0,Transit,,,,15.4215
kepler-257 d,,,24.6643939784,,Kepler-257,0.82,0.87259,4972.0,780.256,297.3159994,46.0232642,2014.0,Transit,,,,15.4215
kepler-258 b,4.18,,13.19720694,0.0,Kepler-258,0.827,0.885,4954.0,575.988,294.0684116,46.5791357,2014.0,Transit,642.0,,0.44,15.2012
kepler-258 c,3.72,,33.6529701,0.0,Kepler-258,0.827,0.885,4954.0,575.988,294.0684116,46.5791357,2014.0,Transit,470.0,,0.44,15.2012
kepler-259 b,2.9,,8.115313,0.0,Kepler-259,1.015,0.91,5931.0,1002.14,288.2119707,46.6150461,2014.0,Transit,888.0,,,15.1689
kepler-259 c,2.71,,36.9249531,0.0,Kepler-259,0.978,0.887,5926.0,1002.14,288.2119707,46.6150461,2014.0,Transit,530.0,,-0.2,15.1689
kepler-26 b,,,12.2830153,,Kepler-26,0.7,0.460589,4486.0,335.307,284.9410627,46.5664505,2011.0,Transit,,,-0.21,15.4089
kepler-26 c,2.83,,17.25204086,,Kepler-26,0.55,0.53,3887.0,335.307,284.9410627,46.5664505,2011.0,Transit,381.0,M0 V,-0.08,15.4089
kepler-26 d,1.319,,,,Kepler-26,0.643,0.604,4049.0,335.307,284.9410627,46.5664505,2014.0,Transit,,,,15.4089
kepler-26 e,2.1,,46.82763492,,Kepler-26,0.7,0.460589,4486.0,335.307,284.9410627,46.5664505,2014.0,Transit,,,-0.21,15.4089
kepler-260 b,2.303,,8.1874109,,Kepler-260,1.013,0.917,5541.0,627.365,291.9259658,38.0140525,2014.0,Transit,,,0.29,14.1176
kepler-260 c,1.74,,76.050178,,Kepler-260,,0.862,5250.0,627.365,291.9259658,38.0140525,2014.0,Transit,,,,14.1176
kepler-261 b,,,10.38121981,,Kepler-261,0.862,0.738221,5122.5,317.499,291.3647333,37.609239,2014.0,Transit,,,0.1621,13.5287
kepler-261 c,2.712,,,,Kepler-261,,0.75,5121.0,317.499,291.3647333,37.609239,2014.0,Transit,,,,13.5287
kepler-262 b,1.49,,13.06076688,0.0,Kepler-262,0.97,0.876,5830.0,613.129,290.7287168,37.2526575,2014.0,Transit,734.0,,-0.14,14.2241
kepler-262 c,,,21.85378912,,Kepler-262,0.95,0.959919,5435.5,613.129,290.7287168,37.2526575,2014.0,Transit,,,-0.3382,14.2241
kepler-263 b,,,16.5682448062,,Kepler-263,0.88,0.731962,5188.56,754.747,292.4698022,37.5677941,2014.0,Transit,,,-0.0314,15.4167
kepler-263 c,2.217,,,,Kepler-263,,0.727,5113.0,754.747,292.4698022,37.5677941,2014.0,Transit,,,,15.4167
kepler-264 b,3.978,,40.8068494,,Kepler-264,1.426,1.957,6284.0,942.173,292.044628,37.3761861,2014.0,Transit,,,0.13,13.0135
kepler-264 c,4.16,,140.10394,0.0,Kepler-264,1.316,2.397,6231.0,942.173,292.044628,37.3761861,2014.0,Transit,559.0,,-0.18,13.0135
kepler-265 b,,,6.8461878566,,Kepler-265,1.09,0.942897,5963.0,1280.25,290.5104788,41.244743,2014.0,Transit,,,,15.3522
kepler-265 c,2.321,,,,Kepler-265,,0.973,5871.0,1280.25,290.5104788,41.244743,2014.0,Transit,,,,15.3522
kepler-265 d,2.2,,43.1308082,0.0,Kepler-265,1.045,0.983,6299.0,1280.25,290.5104788,41.244743,2014.0,Transit,557.0,,-0.32,15.3522
kepler-265 e,,,67.8321638,,Kepler-265,1.09,0.942897,5963.0,1280.25,290.5104788,41.244743,2014.0,Transit,,,,15.3522
kepler-266 b,,,6.61833608,,Kepler-266,0.97,1.11215,5510.0,1370.79,294.4843821,44.1669355,2014.0,Transit,,,,15.5772
kepler-266 c,4.75,,107.7214092,0.0,Kepler-266,0.947,1.294,5529.0,1370.79,294.4843821,44.1669355,2014.0,Transit,421.0,,0.16,15.5772
kepler-267 b,2.43,,3.353730333,,Kepler-267,0.56,0.54,3973.0,264.993,299.8305655,47.1575741,2014.0,Transit,,,-0.18,15.4693
kepler-267 c,,,6.877446033,,Kepler-267,0.541571,0.545921,3886.0,264.993,299.8305655,47.1575741,2014.0,Transit,,,,15.4693
kepler-267 d,2.31,,28.46462622,,Kepler-267,0.56,0.54,3973.0,264.993,299.8305655,47.1575741,2014.0,Transit,,,-0.18,15.4693
kepler-268 b,,,25.9342243844,,Kepler-268,1.11,1.33236,6005.31,851.87,291.9761559,38.0550327,2014.0,Transit,,,0.0009,13.6678
kepler-268 c,2.52,,83.4463335,0.0,Kepler-268,1.074,1.131,6322.0,851.87,291.9761559,38.0550327,2014.0,Transit,479.0,,-0.12,13.6678
kepler-269 b,4.217,,,,Kepler-269,,1.718,5619.0,2257.32,290.2151459,41.775981,2014.0,Transit,,,,15.7352
kepler-269 c,1.69,,8.127899,,Kepler-269,,0.959,5847.0,2257.32,290.2151459,41.775981,2014.0,Transit,,,,15.7352
kepler-27 b,4.85,,15.33525912,,Kepler-27,0.95,0.85,5294.0,1044.36,292.2367608,41.085871,2011.0,Transit,,,0.25,15.8164
kepler-27 c,7.34,,31.330554,0.0,Kepler-27,0.996,0.919,5399.0,1044.36,292.2367608,41.085871,2011.0,Transit,518.0,,,15.8164
kepler-27 d,2.438,,6.54626058,,Kepler-27,0.885,0.744,5264.0,1044.36,292.2367608,41.085871,2021.0,Transit,,,0.12,15.8164
kepler-270 b,1.83,,11.4761013,0.0,Kepler-270,1.155,1.3,6432.0,948.781,282.2001207,44.4222795,2014.0,Transit,1001.0,,-0.14,13.8586
kepler-270 c,1.5,,25.2630268,0.0,Kepler-270,1.155,1.3,6432.0,948.781,282.2001207,44.4222795,2014.0,Transit,769.0,,-0.14,13.8586
kepler-271 b,1.32,,10.43547805,0.0,Kepler-271,0.82,0.895,5516.0,404.542,283.0029316,44.284108,2014.0,Transit,778.0,,-0.2,13.4284
kepler-271 c,1.0,,7.410935,,Kepler-271,,0.88,5524.0,404.542,283.0029316,44.284108,2014.0,Transit,,,,13.4284
kepler-271 d,0.67,,5.24972541,,Kepler-271,0.829,0.849,5470.0,404.542,283.0029316,44.284108,2016.0,Transit,,,-0.17,13.4284
kepler-272 b,1.31,78.0,2.971,,Kepler-272,0.78,0.849,,889.608,299.1275257,47.5938319,2014.0,Transit,,,,14.6591
kepler-272 c,1.63,97.8,6.057,,Kepler-272,0.78,0.849,,889.608,299.1275257,47.5938319,2014.0,Transit,,,,14.6591
kepler-272 d,,,10.9372594521,,Kepler-272,0.97,1.17661,5528.34,889.608,299.1275257,47.5938319,2014.0,Transit,,,0.09,14.6591
kepler-273 b,1.7,,2.936526966,,Kepler-273,0.94,0.92,5584.0,713.964,291.3021458,47.6976573,2014.0,Transit,,,0.01,14.9683
kepler-273 c,,,8.01497676,,Kepler-273,0.95,0.759979,5441.0,713.964,291.3021458,47.6976573,2014.0,Transit,,,,14.9683
kepler-274 b,1.92,,11.634864,,Kepler-274,1.08,1.1,5954.0,1333.62,292.9227926,38.4772173,2014.0,Transit,,,0.07,15.0319
kepler-274 c,2.18,,33.1981054,,Kepler-274,1.08,1.1,5954.0,1333.62,292.9227926,38.4772173,2014.0,Transit,,,0.07,15.0319
kepler-275 b,,,10.30067919,,Kepler-275,1.2,1.44365,6222.0,2034.25,292.4797004,38.5149018,2014.0,Transit,,,,15.2874
kepler-275 c,3.32,,16.08831829,0.0,Kepler-275,1.339,1.283,6535.0,2034.25,292.4797004,38.5149018,2014.0,Transit,881.0,,0.21,15.2874
kepler-275 d,3.02,,35.6757453,0.0,Kepler-275,1.08,1.33,6157.0,2034.25,292.4797004,38.5149018,2014.0,Transit,671.0,,-0.08,15.2874
kepler-276 b,2.64,,14.12846178,0.0,Kepler-276,1.099,1.026,6102.0,1144.86,293.568197,39.0363123,2014.0,Transit,793.0,,0.0,15.3648
kepler-276 c,3.15,,31.8841569,0.0,Kepler-276,1.099,1.026,6102.0,1144.86,293.568197,39.0363123,2013.0,Transit,605.0,,0.0,15.3648
kepler-276 d,2.8,16.3,48.648,,Kepler-276,1.1,1.03,,1144.86,293.568197,39.0363123,2013.0,Transit,,,,15.3648
kepler-277 b,2.92,78.1,17.324,,Kepler-277,1.12,1.692,,976.643,286.5831894,39.0772582,2013.0,Transit,,,,13.3884
kepler-277 c,,,33.00669147,,Kepler-277,1.08,1.83166,5914.0,976.643,286.5831894,39.0772582,2013.0,Transit,,,,13.3884
kepler-278 b,4.207,,,,Kepler-278,,2.83,5002.0,443.03,290.1072124,38.7022694,2014.0,Transit,,,,11.5296
kepler-278 c,2.99,,51.075756,,Kepler-278,1.13,2.75,4989.0,443.03,290.1072124,38.7022694,2014.0,Transit,,,0.19,11.5296
kepler-279 b,2.47,,12.3097136,0.0,Kepler-279,1.097,1.067,6781.0,1037.4,287.391295,42.194822,2014.0,Transit,941.0,,-0.58,13.5847
kepler-279 c,,18.1,35.73536,,Kepler-279,1.164,1.43,,1037.4,287.391295,42.194822,2013.0,Transit,,,,13.5847
kepler-279 d,3.2,,54.4205407,0.0,Kepler-279,1.097,1.067,6781.0,1037.4,287.391295,42.194822,2013.0,Transit,574.0,,-0.58,13.5847
kepler-279 e,4.13,,98.353149,0.0,Kepler-279,1.164,1.697,6366.0,1037.4,287.391295,42.194822,2025.0,Transit,552.0,,-0.2,13.5847
kepler-28 b,1.92,,5.912268297,0.0,Kepler-28,0.59,0.57,4072.0,438.359,292.1370409,42.4294835,2011.0,Transit,585.0,,-0.17,15.0257
kepler-28 c,2.02,,8.9857,0.0,Kepler-28,0.662,0.638,4663.0,438.359,292.1370409,42.4294835,2011.0,Transit,604.0,,,15.0257
kepler-280 b,1.42,,2.139556503,0.0,Kepler-280,0.934,0.856,5741.0,780.361,291.3905325,42.1804735,2014.0,Transit,1314.0,,-0.16,14.4574
kepler-280 c,,,4.80710342,,Kepler-280,0.95,1.04079,5451.96,780.361,291.3905325,42.1804735,2014.0,Transit,,,0.1213,14.4574
kepler-281 b,,,14.64633684,,Kepler-281,0.95,1.32221,5461.0,1745.45,294.1081465,44.7706524,2014.0,Transit,,,,15.7537
kepler-281 c,,,36.3375548681,,Kepler-281,0.95,1.32221,5461.0,1745.45,294.1081465,44.7706524,2014.0,Transit,,,,15.7537
kepler-281 d,4.52,,148.2722671,0.0,Kepler-281,0.984,0.884,5717.0,1745.45,294.1081465,44.7706524,2021.0,Transit,321.0,,0.0,15.7537
kepler-282 b,1.04,,9.2206889,0.0,Kepler-282,0.968,0.887,6102.0,1337.61,284.6772402,44.7976401,2014.0,Transit,868.0,,-0.38,15.1779
kepler-282 c,1.471,,,,Kepler-282,,1.162,5656.0,1337.61,284.6772402,44.7976401,2014.0,Transit,,,,15.1779
kepler-282 d,2.16,,24.8056775,0.0,Kepler-282,0.793,0.872,5600.0,1337.61,284.6772402,44.7976401,2013.0,Transit,588.0,,-0.36,15.1779
kepler-282 e,3.266,,,,Kepler-282,,1.162,5656.0,1337.61,284.6772402,44.7976401,2013.0,Transit,,,,15.1779
kepler-283 b,2.69,,11.00815926,,Kepler-283,0.63,0.6,4251.0,468.094,293.6137413,47.838938,2014.0,Transit,,,-0.17,15.8753
kepler-283 c,2.311,,,,Kepler-283,0.662,0.626,4141.0,468.094,293.6137413,47.838938,2014.0,Transit,,,,15.8753
kepler-284 b,2.54,,12.69906,0.0,Kepler-284,0.923,0.82,5603.0,1031.95,293.1465698,47.7297053,2014.0,Transit,692.0,,,15.8126
kepler-284 c,2.562,,37.5140693,,Kepler-284,0.766,0.755,5219.0,1031.95,293.1465698,47.7297053,2014.0,Transit,,,-0.26,15.8126
kepler-285 b,1.38,,2.633852528,0.0,Kepler-285,0.817,0.878,5114.0,824.31,291.3908469,48.0655392,2014.0,Transit,1131.0,,0.16,15.1521
kepler-285 c,1.11,,6.18666218,0.0,Kepler-285,0.895,0.801,5400.0,824.31,291.3908469,48.0655392,2014.0,Transit,847.0,,-0.06,15.1521
kepler-286 b,,,1.7962979403,,Kepler-286,0.99,0.929313,5600.0,1226.85,290.6761874,48.2942362,2014.0,Transit,,,,15.5447
kepler-286 c,,,3.4680344451,,Kepler-286,0.99,0.929313,5600.0,1226.85,290.6761874,48.2942362,2014.0,Transit,,,,15.5447
kepler-286 d,1.48,,5.91428767,0.0,Kepler-286,0.996,0.908,5970.0,1226.85,290.6761874,48.2942362,2014.0,Transit,992.0,,-0.18,15.5447
kepler-286 e,1.81,,29.2214959,0.0,Kepler-286,0.8,0.829,5576.0,1226.85,290.6761874,48.2942362,2014.0,Transit,539.0,,-0.36,15.5447
kepler-287 b,2.4,,20.34234237,0.0,Kepler-287,0.947,1.012,5800.0,835.86,290.9274282,48.4434588,2014.0,Transit,680.0,,-0.08,14.7442
kepler-287 c,,,44.851978,,Kepler-287,0.96,0.94821,5486.3,835.86,290.9274282,48.4434588,2014.0,Transit,,,0.117,14.7442
kepler-288 b,1.64,,6.09750607,0.0,Kepler-288,0.931,1.068,5918.0,1194.15,288.9163997,39.5947523,2014.0,Transit,1068.0,,-0.22,15.152
kepler-288 c,,,19.30572737,,Kepler-288,1.01,1.10538,5670.0,1194.15,288.9163997,39.5947523,2014.0,Transit,,,,15.152
kepler-288 d,,,56.63849917,,Kepler-288,1.01,1.10538,5670.0,1194.15,288.9163997,39.5947523,2014.0,Transit,,,,15.152
kepler-289 b,3.41,,34.5438464,0.0,Kepler-289,1.158,1.598,6279.0,704.438,297.4653351,42.8828517,2014.0,Transit,750.0,,-0.08,13.9628
kepler-289 c,18.6,,125.86546,0.0,Kepler-289,1.17,1.64,6260.0,704.438,297.4653351,42.8828517,2014.0,Transit,491.0,,,13.9628
kepler-289 d,2.68,4.0,66.0634,,Kepler-289,1.08,1.0,5990.0,704.438,297.4653351,42.8828517,2014.0,Transit,,,0.05,13.9628
kepler-289 e,2.94,,330.071558,0.0,Kepler-289,0.998,1.115,5933.0,704.438,297.4653351,42.8828517,2025.0,Transit,286.0,,-0.06,13.9628
kepler-29 b,,,10.3392924,,Kepler-29,0.93,0.824495,5358.15,832.532,298.348382,47.4913021,2011.0,Transit,,,-0.511,15.2819
kepler-29 c,3.5,,13.28992,0.0,Kepler-29,1.028,0.92,5966.0,832.532,298.348382,47.4913021,2011.0,Transit,759.0,,,15.2819
kepler-290 b,2.18,,14.58932462,0.0,Kepler-290,0.848,0.759,5153.0,694.627,286.4100307,42.6815137,2014.0,Transit,596.0,,-0.04,15.5648
kepler-290 c,3.44,,36.7704731,0.0,Kepler-290,0.848,0.759,5153.0,694.627,286.4100307,42.6815137,2014.0,Transit,438.0,,-0.04,15.5648
kepler-290 d,0.89,,0.764020072,0.0,Kepler-290,0.848,0.759,5153.0,694.627,286.4100307,42.6815137,2023.0,Transit,1596.0,,-0.04,15.5648
kepler-291 b,2.16,,3.546511,,Kepler-291,,1.016,6002.0,1786.48,287.9163029,42.4372666,2014.0,Transit,,,,15.8985
kepler-291 c,1.93,,5.70071153,0.0,Kepler-291,1.093,0.986,5993.0,1786.48,287.9163029,42.4372666,2014.0,Transit,1034.0,,0.07,15.8985
kepler-292 b,1.65,,2.58082149,0.0,Kepler-292,0.921,0.915,5513.0,1056.48,295.7661979,42.4242822,2014.0,Transit,1229.0,,0.08,15.9419
kepler-292 c,1.502,,,,Kepler-292,,0.83,5248.0,1056.48,295.7661979,42.4242822,2014.0,Transit,,,,15.9419
kepler-292 d,,,7.0556832695,,Kepler-292,0.88,0.838226,5193.0,1056.48,295.7661979,42.4242822,2014.0,Transit,,,,15.9419
kepler-292 e,2.86,,11.978822,0.0,Kepler-292,0.921,0.915,5513.0,1056.48,295.7661979,42.4242822,2014.0,Transit,737.0,,0.08,15.9419
kepler-292 f,2.611,,20.8342947,,Kepler-292,0.865,0.813,5248.0,1056.48,295.7661979,42.4242822,2014.0,Transit,,,0.04,15.9419
kepler-293 b,,,19.2540693,,Kepler-293,0.94,0.870183,5412.0,974.633,286.3580611,42.4064917,2014.0,Transit,,,,15.3334
kepler-293 c,3.83,,54.155743,,Kepler-293,,0.957,5804.0,974.633,286.3580611,42.4064917,2014.0,Transit,,,,15.3334
kepler-294 b,1.77,,3.701212,,Kepler-294,,0.976,5913.0,1357.01,287.3920392,46.0592578,2014.0,Transit,,,,15.8186
kepler-294 c,,,6.62643441,,Kepler-294,0.95,0.943307,5459.0,1357.01,287.3920392,46.0592578,2014.0,Transit,,,,15.8186
kepler-295 b,1.53,,12.64481,0.0,Kepler-295,0.885,0.94,5631.0,1699.19,285.3458383,45.3677754,2014.0,Transit,752.0,,,14.4325
kepler-295 c,,,21.5266551,,Kepler-295,,2.38169,5327.0,1699.19,285.3458383,45.3677754,2014.0,Transit,,,,14.4325
kepler-295 d,4.629,,,,Kepler-295,,2.361,5253.0,1699.19,285.3458383,45.3677754,2014.0,Transit,,,,14.4325
kepler-296 b,35.25,,10.86443187,,Kepler-296,0.38,0.37,3558.0,,286.5400278,49.4372614,2014.0,Transit,,,-0.23,15.9015
kepler-296 c,1.52,,5.84164124,,Kepler-296,0.38,0.37,3558.0,,286.5400278,49.4372614,2014.0,Transit,,,-0.23,15.9015
kepler-296 d,2.28,,19.850242,,Kepler-296,,0.557,4249.0,,286.5400278,49.4372614,2014.0,Transit,,,,15.9015
kepler-296 e,1.08,,34.14189,0.0,Kepler-296,0.38,0.37,3517.0,,286.5400278,49.4372614,2014.0,Transit,244.0,,-0.07,15.9015
kepler-296 f,1.18,,63.3354719,0.0,Kepler-296,0.394,0.383,3526.0,,286.5400278,49.4372614,2014.0,Transit,202.0,,-0.08,15.9015
kepler-297 b,,,38.86848956,,Kepler-297,1.04,0.891882,5783.0,692.14,283.2091605,48.7776156,2014.0,Transit,,,,14.1922
kepler-297 c,,,74.92847668,,Kepler-297,1.04,0.891882,5783.0,692.14,283.2091605,48.7776156,2014.0,Transit,,,,14.1922
kepler-297 d,13.54,,150.0190609,0.0,Kepler-297,1.04,1.04,6150.0,692.14,283.2091605,48.7776156,2023.0,Transit,369.0,,-0.12,14.1922
kepler-298 b,1.96,,10.475464,,Kepler-298,,0.582,4465.0,518.204,283.0398448,48.8253303,2014.0,Transit,,,,15.4179
kepler-298 c,2.26,,22.92884482,0.0,Kepler-298,0.668,0.652,4549.0,518.204,283.0398448,48.8253303,2014.0,Transit,436.0,,-0.2,15.4179
kepler-298 d,2.91,,77.4740724,,Kepler-298,0.69,0.65,4612.0,518.204,283.0398448,48.8253303,2014.0,Transit,,,-0.21,15.4179
kepler-299 b,1.25,,2.92721559,,Kepler-299,0.95,0.96,5650.0,1052.24,283.2070156,48.5805222,2014.0,Transit,,,-0.01,15.0103
kepler-299 c,1.98,,6.88595559,0.0,Kepler-299,1.008,0.916,5896.0,1052.24,283.2070156,48.5805222,2014.0,Transit,933.0,,-0.08,15.0103
kepler-299 d,1.598,,,,Kepler-299,,0.999,5678.0,1052.24,283.2070156,48.5805222,2014.0,Transit,,,,15.0103
kepler-299 e,,,38.2860831998,,Kepler-299,1.0,0.999357,5631.0,1052.24,283.2070156,48.5805222,2014.0,Transit,,,,15.0103
kepler-30 b,1.91,,29.1598615,0.0,Kepler-30,0.986,0.867,5485.0,914.221,285.2836483,38.9472625,2012.0,Transit,524.0,,0.21,15.3761
kepler-30 c,12.88,,60.32488611,0.0,Kepler-30,0.986,0.867,5485.0,914.221,285.2836483,38.9472625,2012.0,Transit,411.0,,0.21,15.3761
kepler-30 d,8.581,,,,Kepler-30,,0.836,5464.0,914.221,285.2836483,38.9472625,2012.0,Transit,,,,15.3761
kepler-300 b,,,10.44635944,,Kepler-300,1.07,1.42226,5886.0,1098.45,295.2886934,48.5997243,2014.0,Transit,,,,14.1797
kepler-300 c,2.15,,40.7151103,0.0,Kepler-300,0.97,0.881,5968.0,1098.45,295.2886934,48.5997243,2014.0,Transit,516.0,,-0.26,14.1797
kepler-301 b,1.35,,2.508553,,Kepler-301,,0.9,5815.0,719.166,283.982904,49.2329512,2014.0,Transit,,,,14.2737
kepler-301 c,1.495,,,,Kepler-301,,0.955,5656.0,719.166,283.982904,49.2329512,2014.0,Transit,,,,14.2737
kepler-301 d,2.09,,13.75134642,,Kepler-301,1.022,0.94,5656.0,719.166,283.982904,49.2329512,2014.0,Transit,,,0.18,14.2737
kepler-302 b,2.88,,30.1836854,0.0,Kepler-302,0.966,0.883,5938.0,1402.58,294.3169307,43.6292436,2014.0,Transit,568.0,,-0.24,15.4911
kepler-302 c,,,127.282546313,,Kepler-302,1.03,1.06452,5756.0,1402.58,294.3169307,43.6292436,2014.0,Transit,,,0.18,15.4911
kepler-303 b,0.99,,1.937034,0.0,Kepler-303,0.575,0.547,4212.0,209.738,283.1354742,43.6567036,2014.0,Transit,869.0,,,14.396
kepler-303 c,1.15,,7.06117359,0.0,Kepler-303,0.52,0.51,3944.0,209.738,283.1354742,43.6567036,2014.0,Transit,516.0,,-0.36,14.396
kepler-304 b,3.8,,3.295703644,0.0,Kepler-304,0.828,0.892,4910.0,434.684,294.4418031,40.5575408,2014.0,Transit,1014.0,,0.56,14.8308
kepler-304 c,2.222,,,,Kepler-304,,0.658,4843.0,434.684,294.4418031,40.5575408,2014.0,Transit,,,,14.8308
kepler-304 d,2.75,,9.653471,,Kepler-304,,0.687,4731.0,434.684,294.4418031,40.5575408,2014.0,Transit,,,,14.8308
kepler-304 e,1.09,,1.499144441,0.0,Kepler-304,0.76,0.691,4723.0,434.684,294.4418031,40.5575408,2016.0,Transit,1137.0,,0.02,14.8308
kepler-305 b,3.66,7.2,5.487,,Kepler-305,0.76,0.803,,868.477,299.2242557,40.343167,2013.0,Transit,,,,15.7661
kepler-305 c,3.34,,8.29087418,0.0,Kepler-305,0.763,0.803,5106.0,868.477,299.2242557,40.343167,2013.0,Transit,745.0,,-0.08,15.7661
kepler-305 d,2.579,,16.73865956,,Kepler-305,0.84,0.771,5080.0,868.477,299.2242557,40.343167,2014.0,Transit,,,0.09,15.7661
kepler-305 e,,,3.20539622,,Kepler-305,0.82,0.827279,4974.0,868.477,299.2242557,40.343167,2020.0,Transit,,,,15.7661
kepler-306 b,,,4.6461991958,,Kepler-306,0.81,0.792763,4948.0,775.679,288.5387145,40.6160545,2014.0,Transit,,,,15.5524
kepler-306 c,,,7.2400374027,,Kepler-306,0.81,0.792763,4948.0,775.679,288.5387145,40.6160545,2014.0,Transit,,,,15.5524
kepler-306 d,2.47,,17.326644,,Kepler-306,,0.719,4954.0,775.679,288.5387145,40.6160545,2014.0,Transit,,,,15.5524
kepler-306 e,2.35,,44.8412214,,Kepler-306,0.81,0.74,5011.0,775.679,288.5387145,40.6160545,2014.0,Transit,,,-0.08,15.5524
kepler-307 b,3.2,3.1,10.416,,Kepler-307,0.98,1.08,,575.581,297.7950939,40.4176403,2013.0,Transit,,,,14.0561
kepler-307 c,3.21,,13.08424096,0.0,Kepler-307,0.983,1.084,5671.0,575.581,297.7950939,40.4176403,2013.0,Transit,792.0,,0.16,14.0561
kepler-308 b,2.12,,9.694928,,Kepler-308,,0.941,5895.0,1335.92,295.7852423,40.4395753,2014.0,Transit,,,,15.8506
kepler-308 c,2.083,,,,Kepler-308,,0.892,5895.0,1335.92,295.7852423,40.4395753,2014.0,Transit,,,,15.8506
kepler-309 b,1.51,,5.92365634,,Kepler-309,0.79,0.73,4736.0,544.568,297.5098911,46.9614121,2014.0,Transit,,,0.11,15.1261
kepler-309 c,2.51,,105.356383,,Kepler-309,,0.721,4713.0,544.568,297.5098911,46.9614121,2014.0,Transit,,,,15.1261
kepler-31 b,5.7,,20.861145,0.0,Kepler-31,1.208,1.15,6514.0,1664.64,294.0230229,45.8530535,2011.0,Transit,775.0,,,15.224
kepler-31 c,5.06,,42.63416177,,Kepler-31,1.08,1.2,6121.0,1664.64,294.0230229,45.8530535,2011.0,Transit,,,-0.11,15.224
kepler-31 d,,,87.6476068,,Kepler-31,1.11,1.30436,6011.2,1664.64,294.0230229,45.8530535,2014.0,Transit,,,-0.1314,15.224
kepler-310 b,1.189,,13.93072278,,Kepler-310,0.854,0.839,5451.0,602.268,288.839278,46.9867472,2014.0,Transit,,,-0.12,14.265
kepler-310 c,3.38,,56.47542,,Kepler-310,,0.876,5797.0,602.268,288.839278,46.9867472,2014.0,Transit,,,,14.265
kepler-310 d,,,92.8751222877,,Kepler-310,0.96,0.839151,5490.0,602.268,288.839278,46.9867472,2014.0,Transit,,,,14.265
kepler-311 b,,,9.17617167,,Kepler-311,1.05,1.2198,5841.2,778.654,282.0612731,47.0854984,2014.0,Transit,,,-0.095,13.7537
kepler-311 c,1.46,,19.7383913,0.0,Kepler-311,0.97,1.081,5897.0,778.654,282.0612731,47.0854984,2014.0,Transit,719.0,,-0.1,13.7537
kepler-311 d,2.07299995,,232.0469971,,Kepler-311,0.974,1.156,5903.0,778.654,282.0612731,47.0854984,2023.0,Transit,,,-0.1,13.7537
kepler-312 b,,,1.772451066,,Kepler-312,1.17,1.7477,6158.44,797.72,298.3957687,42.4597712,2014.0,Transit,,,0.121,12.9211
kepler-312 c,2.43,,19.74732846,0.0,Kepler-312,1.202,1.108,6173.0,797.72,298.3957687,42.4597712,2014.0,Transit,735.0,,0.21,12.9211
kepler-313 b,2.682,,14.9702081,,Kepler-313,1.114,1.507,5709.0,,298.2948708,48.7754,2014.0,Transit,,,0.26,14.1106
kepler-313 c,,,32.27561961,,Kepler-313,,,,,298.2948708,48.7754,2014.0,Transit,,,,14.1106
kepler-314 b,,,2.46106962,,Kepler-314,0.889,0.943064,5219.54,268.881,294.6741507,42.0756037,2014.0,Transit,,,0.322,12.5226
kepler-314 c,2.87,,5.96040108,0.0,Kepler-314,1.028,0.909,5497.0,268.881,294.6741507,42.0756037,2014.0,Transit,907.0,,0.36,12.5226
kepler-315 b,,,96.109323,,Kepler-315,1.04,1.0006,5783.0,1160.63,298.0230967,43.3634761,2014.0,Transit,,,-0.28,15.2885
kepler-315 c,4.387,,,,Kepler-315,,1.049,5683.0,1160.63,298.0230967,43.3634761,2014.0,Transit,,,,15.2885
kepler-316 b,1.32,,2.240507,0.0,Kepler-316,0.587,0.557,4272.0,384.938,290.825835,44.1838993,2014.0,Transit,840.0,,,15.1944
kepler-316 c,1.598,,,,Kepler-316,,0.682,4200.0,384.938,290.825835,44.1838993,2014.0,Transit,,,,15.1944
kepler-317 b,2.11,,5.52417517,0.0,Kepler-317,0.978,0.936,5497.0,940.584,294.9438822,39.0320499,2014.0,Transit,951.0,,0.26,15.4571
kepler-317 c,,,8.77514782,,Kepler-317,0.92,0.927723,5317.0,940.584,294.9438822,39.0320499,2014.0,Transit,,,,15.4571
kepler-318 b,3.893,,4.662719058,,Kepler-318,1.073,0.972,5873.0,489.141,298.4828337,46.7936357,2014.0,Transit,,,0.33,13.281
kepler-318 c,2.98,,11.8150013,,Kepler-318,1.02,0.94,5708.0,489.141,298.4828337,46.7936357,2014.0,Transit,,,0.13,13.281
kepler-319 b,3.24,,4.362744362,0.0,Kepler-319,1.349,1.784,5903.0,503.436,288.8119782,39.7706431,2014.0,Transit,1447.0,,0.48,13.7908
kepler-319 c,2.63,,6.941357,,Kepler-319,,0.903,5526.0,503.436,288.8119782,39.7706431,2014.0,Transit,,,,13.7908
kepler-319 d,2.29,,31.781925,,Kepler-319,,0.903,5526.0,503.436,288.8119782,39.7706431,2014.0,Transit,,,,13.7908
kepler-32 b,,,5.9012915,,Kepler-32,0.566709,0.574432,3791.0,323.847,297.8423073,46.5743595,2011.0,Transit,,,,15.8123
kepler-32 c,2.2,,8.75210645,0.0,Kepler-32,0.52,0.5,3727.0,323.847,297.8423073,46.5743595,2011.0,Transit,449.0,,0.04,15.8123
kepler-32 d,2.29,,22.78076945,0.0,Kepler-32,0.52,0.5,3727.0,323.847,297.8423073,46.5743595,2012.0,Transit,327.0,,0.04,15.8123
kepler-32 e,1.32,,2.896013787,0.0,Kepler-32,0.52,0.5,3727.0,323.847,297.8423073,46.5743595,2012.0,Transit,650.0,,0.04,15.8123
kepler-32 f,1.88,,0.742958836,0.0,Kepler-32,0.52,0.5,3727.0,323.847,297.8423073,46.5743595,2012.0,Transit,1024.0,,0.04,15.8123
kepler-320 b,1.705,,,,Kepler-320,,1.268,6134.0,826.613,293.2135155,46.1751457,2014.0,Transit,,,,13.4337
kepler-320 c,1.41,,17.9346563,0.0,Kepler-320,1.084,1.04,6412.0,826.613,293.2135155,46.1751457,2014.0,Transit,777.0,,-0.3,13.4337
kepler-321 b,,,4.9153857927,,Kepler-321,1.031,0.994273,5762.08,384.542,294.4536991,44.1457626,2014.0,Transit,,,0.121,12.7549
kepler-321 c,2.32,,13.093921,,Kepler-321,,1.194,5740.0,384.542,294.4536991,44.1457626,2014.0,Transit,,,,12.7549
kepler-322 b,,,1.6538917041,,Kepler-322,0.919,0.841918,5330.0,400.48,281.3487514,44.2952525,2014.0,Transit,,,,13.5033
kepler-322 c,1.59,,4.337224039,0.0,Kepler-322,0.738,0.827,5496.0,400.48,281.3487514,44.2952525,2014.0,Transit,1016.0,,-0.46,13.5033
kepler-323 b,1.7,,1.67832545,0.0,Kepler-323,1.123,1.378,6277.0,454.883,291.3822988,38.1274595,2014.0,Transit,1915.0,,-0.06,12.658
kepler-323 c,1.9,79.7,3.554,,Kepler-323,1.12,1.378,,454.883,291.3822988,38.1274595,2014.0,Transit,,,,12.658
kepler-324 b,1.11,,4.38536461,0.0,Kepler-324,0.901,0.803,5355.0,501.574,286.4714473,49.6490933,2014.0,Transit,941.0,,0.0,14.0909
kepler-324 c,3.25,,51.8096695,0.0,Kepler-324,0.901,0.803,5355.0,501.574,286.4714473,49.6490933,2014.0,Transit,413.0,,0.0,14.0909
kepler-324 e,2.03862444,,13.97939968,,Kepler-324,0.844,0.826,5191.0,501.574,286.4714473,49.6490933,2021.0,Transit,,,0.08,14.0909
kepler-325 b,,,4.54443059,,Kepler-325,0.99,0.796602,5585.15,823.242,289.8354219,49.825607,2014.0,Transit,,,0.017,15.0053
kepler-325 c,3.18,,12.76220558,0.0,Kepler-325,0.919,0.937,5445.0,823.242,289.8354219,49.825607,2014.0,Transit,721.0,,0.16,15.0053
kepler-325 d,,,38.7149617,,Kepler-325,0.99,0.796602,5585.15,823.242,289.8354219,49.825607,2014.0,Transit,,,0.017,15.0053
kepler-326 b,2.55,,2.248288538,0.0,Kepler-326,0.933,1.593,5192.0,487.675,294.3255898,46.0022646,2014.0,Transit,1594.0,,0.14,13.6788
kepler-326 c,2.79,,4.580338622,0.0,Kepler-326,0.933,1.593,5192.0,487.675,294.3255898,46.0022646,2014.0,Transit,1258.0,,0.14,13.6788
kepler-326 d,1.22,,6.76689811,,Kepler-326,0.85,0.8,5148.0,487.675,294.3255898,46.0022646,2014.0,Transit,,,0.04,13.6788
kepler-327 b,,,2.5495625,,Kepler-327,0.591913,0.604708,3864.0,241.987,292.6422963,44.0876251,2014.0,Transit,,,,14.9804
kepler-327 c,,,5.21231887,,Kepler-327,0.591913,0.604708,3864.0,241.987,292.6422963,44.0876251,2014.0,Transit,,,,14.9804
kepler-327 d,,,13.9695295096,,Kepler-327,0.591913,0.604708,3864.0,241.987,292.6422963,44.0876251,2014.0,Transit,,,,14.9804
kepler-328 b,4.26,,34.9176592,,Kepler-328,1.24,1.36,6299.0,2213.19,295.8092756,40.0084866,2013.0,Transit,,,0.08,15.6036
kepler-328 c,5.4,,71.3101,0.0,Kepler-328,1.07,0.97,6134.0,2213.19,295.8092756,40.0084866,2013.0,Transit,455.0,,,15.6036
kepler-329 b,1.46,,7.41634311,,Kepler-329,0.57,0.56,4221.0,439.719,299.2681646,45.2272852,2014.0,Transit,,,-0.44,15.4312
kepler-329 c,,,18.6848215262,,Kepler-329,0.702,0.716897,4475.0,439.719,299.2681646,45.2272852,2014.0,Transit,,,,15.4312
kepler-33 b,1.85,,5.66815821,0.0,Kepler-33,1.1,1.694,5900.0,1209.16,289.0775348,46.0051696,2011.0,Transit,1336.0,,0.0,13.9513
kepler-33 c,,,13.1753729952,,Kepler-33,1.07,1.71415,5904.0,1209.16,289.0775348,46.0051696,2011.0,Transit,,,0.15,13.9513
kepler-33 d,,,21.7757143871,,Kepler-33,1.07,1.71415,5904.0,1209.16,289.0775348,46.0051696,2011.0,Transit,,,0.15,13.9513
kepler-33 e,3.66,,31.78476785,0.0,Kepler-33,1.1,1.694,5900.0,1209.16,289.0775348,46.0051696,2011.0,Transit,752.0,,0.0,13.9513
kepler-33 f,4.14,,41.0280637,0.0,Kepler-33,1.1,1.694,5900.0,1209.16,289.0775348,46.0051696,2011.0,Transit,691.0,,0.0,13.9513
kepler-330 b,1.31,,8.25981532,0.0,Kepler-330,0.825,0.743,5108.0,717.527,288.4474035,44.8017616,2014.0,Transit,710.0,,-0.1,15.2634
kepler-330 c,1.85,,15.95522,0.0,Kepler-330,0.792,0.69,5093.0,717.527,288.4474035,44.8017616,2014.0,Transit,552.0,,,15.2634
kepler-331 b,1.99,,8.45747483,0.0,Kepler-331,0.535,0.521,4345.0,580.119,291.8343455,39.3073462,2014.0,Transit,538.0,,-0.86,15.8359
kepler-331 c,2.721,,,,Kepler-331,,0.7,4347.0,580.119,291.8343455,39.3073462,2014.0,Transit,,,,15.8359
kepler-331 d,,,32.1340014,,Kepler-331,0.73,0.637412,4604.9,580.119,291.8343455,39.3073462,2014.0,Transit,,,0.1179,15.8359
kepler-332 b,1.21,,7.62635494,0.0,Kepler-332,0.774,0.721,4955.0,344.19,286.6627811,47.4136938,2014.0,Transit,703.0,,-0.1,14.0025
kepler-332 c,1.3,,15.9956114,0.0,Kepler-332,0.801,0.861,5141.0,344.19,286.6627811,47.4136938,2014.0,Transit,619.0,,0.07,14.0025
kepler-332 d,1.21,,34.2113054,,Kepler-332,0.8,0.74,5008.0,344.19,286.6627811,47.4136938,2014.0,Transit,,,-0.1,14.0025
kepler-333 b,1.57,,12.55109333,,Kepler-333,0.66,0.63,4347.0,324.413,292.2861201,40.9135429,2014.0,Transit,,,-0.14,14.7212
kepler-333 c,1.16,,24.08826,0.0,Kepler-333,0.601,0.571,4347.0,324.413,292.2861201,40.9135429,2014.0,Transit,390.0,,,14.7212
kepler-334 b,,,5.47032469,,Kepler-334,1.07,1.01761,5907.82,426.59,287.1406177,47.1151153,2014.0,Transit,,,-0.012,12.73
kepler-334 c,1.374,,12.75802811,0.0,Kepler-334,1.022,,,426.59,287.1406177,47.1151153,2014.0,Transit,,,,12.73
kepler-334 d,1.459,,,,Kepler-334,,1.008,5866.0,426.59,287.1406177,47.1151153,2014.0,Transit,,,,12.73
kepler-335 b,1.69,,6.56225728,0.0,Kepler-335,1.019,0.932,6003.0,1278.97,296.0642944,45.4285986,2014.0,Transit,972.0,,-0.14,13.9603
kepler-335 c,3.07,,67.844469,,Kepler-335,,1.854,5877.0,1278.97,296.0642944,45.4285986,2014.0,Transit,,,,13.9603
kepler-336 b,,,2.0248276571,,Kepler-336,,,5956.94,768.86,290.2376224,41.3313637,2014.0,Transit,,,0.337,13.5839
kepler-336 c,,,9.59993246,,Kepler-336,,,5956.94,768.86,290.2376224,41.3313637,2014.0,Transit,,,0.337,13.5839
kepler-336 d,1.66,,20.67879355,0.0,Kepler-336,0.938,0.865,6029.0,768.86,290.2376224,41.3313637,2014.0,Transit,651.0,,-0.4,13.5839
kepler-337 b,,,3.29279396,,Kepler-337,1.01,1.78665,5694.42,677.975,290.0605123,47.1639533,2014.0,Transit,,,0.091,12.7075
kepler-337 c,1.76,,9.69315566,0.0,Kepler-337,0.975,1.415,5684.0,677.975,290.0605123,47.1639533,2014.0,Transit,1004.0,,0.02,12.7075
kepler-338 b,2.43,30.6,13.727,,Kepler-338,1.14,1.735,,552.798,282.9790593,40.7844188,2014.0,Transit,,,,12.0828
kepler-338 c,2.48,,24.31168,0.03,Kepler-338,1.06,1.90361,5860.88,552.798,282.9790593,40.7844188,2014.0,Transit,,,-0.029,12.0828
kepler-338 d,2.8,,44.4301361,0.0,Kepler-338,1.142,1.735,5923.0,552.798,282.9790593,40.7844188,2014.0,Transit,680.0,,-0.07,12.0828
kepler-338 e,1.76,,9.34144548,0.0,Kepler-338,1.142,1.735,5923.0,552.798,282.9790593,40.7844188,2014.0,Transit Timing Variations,1143.0,,-0.07,12.0828
kepler-339 b,1.58,,4.977671,0.0,Kepler-339,0.934,0.83,5639.0,616.637,293.351701,48.4445922,2014.0,Transit,956.0,,,14.5134
kepler-339 c,,,6.98802652,,Kepler-339,0.96,0.769161,5495.56,616.637,293.351701,48.4445922,2014.0,Transit,,,0.033,14.5134
kepler-339 d,1.07,,,,Kepler-339,,0.775,5446.0,616.637,293.351701,48.4445922,2014.0,Transit,,,,14.5134
kepler-34 b,8.564,69.92,288.822,0.182,Kepler-34,1.0479,1.1618,5913.0,1800.82,296.4358022,44.6415369,2011.0,Transit,,,-0.07,14.8297
kepler-340 b,4.61,,14.8444163,0.0,Kepler-340,2.046,3.177,8241.0,808.762,295.933471,40.3005515,2014.0,Transit,1672.0,,-0.1,12.3031
kepler-340 c,3.63,,22.8245485,,Kepler-340,1.65,2.08,7115.0,808.762,295.933471,40.3005515,2014.0,Transit,,,0.06,12.3031
kepler-341 b,1.08,,5.19556758,,Kepler-341,1.0,0.99,5755.0,1047.03,289.8615609,43.4727412,2014.0,Transit,,,0.03,14.5672
kepler-341 c,1.73,,8.01041305,0.0,Kepler-341,1.0,1.003,6008.0,1047.03,289.8615609,43.4727412,2014.0,Transit,948.0,,-0.14,14.5672
kepler-341 d,2.306,,27.6665971,,Kepler-341,0.976,1.185,5722.0,1047.03,289.8615609,43.4727412,2014.0,Transit,,,0.07,14.5672
kepler-341 e,2.867,,42.4730575,,Kepler-341,0.976,1.185,5722.0,1047.03,289.8615609,43.4727412,2014.0,Transit,,,0.07,14.5672
kepler-342 b,2.103,,15.17026179,,Kepler-342,1.213,1.363,6272.0,781.611,292.6780488,46.7266813,2014.0,Transit,,,0.1,13.0992
kepler-342 c,1.59,,26.2348478,0.0,Kepler-342,1.2,1.178,6475.0,781.611,292.6780488,46.7266813,2014.0,Transit,723.0,,-0.06,13.0992
kepler-342 d,2.49,,39.459357,,Kepler-342,,1.472,6175.0,781.611,292.6780488,46.7266813,2014.0,Transit,,,,13.0992
kepler-342 e,0.963,,1.644224613,,Kepler-342,1.213,1.363,6272.0,781.611,292.6780488,46.7266813,2016.0,Transit,,,0.1,13.0992
kepler-343 b,1.65,,8.968574,0.0,Kepler-343,1.05,1.06,6111.0,927.193,291.960662,42.4329567,2014.0,Transit,947.0,,,14.1102
kepler-343 c,1.53,,23.2218189,0.0,Kepler-343,1.022,1.047,6122.0,927.193,291.960662,42.4329567,2014.0,Transit,689.0,,-0.14,14.1102
kepler-344 b,2.372,,21.96399084,,Kepler-344,0.931,0.86,5459.0,1002.94,292.4996101,46.3243406,2014.0,Transit,,,0.08,15.3025
kepler-344 c,2.861,,125.602302,,Kepler-344,0.931,0.86,5459.0,1002.94,292.4996101,46.3243406,2014.0,Transit,,,0.08,15.3025
kepler-345 b,0.8,0.5,7.416,,Kepler-345,0.7,,,,295.2288521,45.9710432,2014.0,Transit,,,,14.0341
kepler-345 c,,,9.38740646,,Kepler-345,,,4539.31,,295.2288521,45.9710432,2014.0,Transit,,,0.1905,14.0341
kepler-346 b,,,6.511104,,Kepler-346,0.98,0.909664,5543.0,984.105,288.0119248,46.1176003,2014.0,Transit,,,,15.1549
kepler-346 c,3.3,,23.85163032,0.0,Kepler-346,1.065,1.001,6032.0,984.105,288.0119248,46.1176003,2014.0,Transit,654.0,,-0.02,15.1549
kepler-347 b,1.99,,12.7983044,0.0,Kepler-347,1.074,0.998,6092.0,1298.88,289.1995995,49.3056404,2014.0,Transit,811.0,,-0.06,14.4892
kepler-347 c,1.64,,27.3216332,0.0,Kepler-347,1.074,0.998,6092.0,1298.88,289.1995995,49.3056404,2014.0,Transit,629.0,,-0.06,14.4892
kepler-347 d,1.72,,85.520888,0.0,Kepler-347,1.074,0.998,6092.0,1298.88,289.1995995,49.3056404,2023.0,Transit,430.0,,-0.06,14.4892
kepler-348 b,1.33,,7.05675289,0.0,Kepler-348,1.198,1.186,6395.0,570.783,297.2550814,40.5483883,2014.0,Transit,1110.0,,0.02,12.5881
kepler-348 c,1.22,,17.2654644,,Kepler-348,1.27,1.39,6412.0,570.783,297.2550814,40.5483883,2014.0,Transit,,,0.07,12.5881
kepler-349 b,2.002,,5.92973644,,Kepler-349,1.083,0.966,5884.0,940.724,293.6764689,44.6155972,2014.0,Transit,,,0.21,14.7211
kepler-349 c,2.09,,12.24769,0.0,Kepler-349,1.017,0.91,5934.0,940.724,293.6764689,44.6155972,2014.0,Transit,772.0,,,14.7211
kepler-35 b,8.16,40.363,131.458,0.042,Kepler-35,0.8877,1.0284,5606.0,1819.17,294.496955,46.6896733,2011.0,Transit,,,-0.34,15.7352
kepler-350 b,1.81,,11.1895709,0.0,Kepler-350,1.111,1.465,6188.0,956.859,285.4195845,39.7061009,2014.0,Transit,1037.0,,-0.08,13.7606
kepler-350 c,3.191,,,,Kepler-350,,1.421,6186.0,956.859,285.4195845,39.7061009,2013.0,Transit,,,,13.7606
kepler-350 d,2.8,,26.13617,0.0,Kepler-350,1.13,1.33,6234.0,956.859,285.4195845,39.7061009,2013.0,Transit,747.0,,,13.7606
kepler-351 b,,,37.0551884812,,Kepler-351,0.91,0.756405,5313.0,1083.91,286.4527949,42.6577891,2014.0,Transit,,,,15.9665
kepler-351 c,3.26,,57.2486691,0.0,Kepler-351,0.914,0.841,5646.0,1083.91,286.4527949,42.6577891,2014.0,Transit,430.0,,-0.14,15.9665
kepler-351 d,,,142.540115116,,Kepler-351,0.91,0.756405,5313.0,1083.91,286.4527949,42.6577891,2016.0,Transit,,,,15.9665
kepler-352 b,0.89,,10.05545337,0.0,Kepler-352,0.836,0.752,5238.0,252.733,299.8966237,46.0519022,2014.0,Transit,685.0,,-0.16,12.9561
kepler-352 c,1.212,,16.33269854,,Kepler-352,0.798,0.726,5224.0,252.733,299.8966237,46.0519022,2014.0,Transit,,,-0.11,12.9561
kepler-352 d,0.72,,6.8873113,0.0,Kepler-352,0.796,0.772,5208.0,252.733,299.8966237,46.0519022,2021.0,Transit,788.0,,-0.14,12.9561
kepler-353 b,1.08,,5.7952971,0.0,Kepler-353,0.541,0.523,3903.0,384.694,296.8565596,41.7580749,2014.0,Transit,549.0,,-0.2,15.7248
kepler-353 c,2.13,,,,Kepler-353,,0.64,3758.0,384.694,296.8565596,41.7580749,2014.0,Transit,,,,15.7248
kepler-354 b,,,5.47661312,,Kepler-354,0.72,0.707392,4550.0,554.064,285.7515347,41.3356739,2014.0,Transit,,,,15.5561
kepler-354 c,1.33,,16.9347748,0.0,Kepler-354,0.704,0.706,4650.0,554.064,285.7515347,41.3356739,2014.0,Transit,508.0,,-0.04,15.5561
kepler-354 d,,,24.20994274,,Kepler-354,0.72,0.707392,4550.0,554.064,285.7515347,41.3356739,2014.0,Transit,,,,15.5561
kepler-355 b,1.59,,11.03158,0.0,Kepler-355,1.09,1.03,5929.0,1432.17,285.7994917,42.8117427,2014.0,Transit,841.0,,,15.0663
kepler-355 c,3.189,,25.7624524,,Kepler-355,0.933,1.173,5769.0,1432.17,285.7994917,42.8117427,2014.0,Transit,,,-0.06,15.0663
kepler-356 b,1.45,,4.612661,0.0,Kepler-356,1.13,1.19,6310.0,707.559,292.4210998,37.6827919,2014.0,Transit,1280.0,,,12.9654
kepler-356 c,,,13.1213300057,,Kepler-356,1.11,1.56422,6018.64,707.559,292.4210998,37.6827919,2014.0,Transit,,,-0.0226,12.9654
kepler-357 b,1.9,,6.47538919,0.0,Kepler-357,0.779,0.821,5033.0,688.573,291.2429746,44.0086337,2014.0,Transit,804.0,,0.06,15.5215
kepler-357 c,2.5,,16.85827722,0.0,Kepler-357,0.779,0.821,5033.0,688.573,291.2429746,44.0086337,2014.0,Transit,584.0,,0.06,15.5215
kepler-357 d,3.43,,49.499875,,Kepler-357,,0.834,5036.0,688.573,291.2429746,44.0086337,2014.0,Transit,,,,15.5215
kepler-358 b,,,34.0607473283,,Kepler-358,0.96,0.940506,5496.97,1101.1,293.2302333,48.2813901,2014.0,Transit,,,0.035,15.3559
kepler-358 c,,,83.4887405,,Kepler-358,0.96,0.940506,5496.97,1101.1,293.2302333,48.2813901,2014.0,Transit,,,0.035,15.3559
kepler-359 b,4.37,,25.5638576,,Kepler-359,1.14,1.19,6090.0,1443.21,293.2936129,42.1963497,2014.0,Transit,,,0.08,15.8814
kepler-359 c,,,57.6896212,,Kepler-359,1.01,0.923027,5683.0,1443.21,293.2936129,42.1963497,2014.0,Transit,,,,15.8814
kepler-359 d,30.34,,77.085964,0.0,Kepler-359,1.093,1.033,6210.0,1443.21,293.2936129,42.1963497,2014.0,Transit,460.0,,-0.1,15.8814
kepler-36 b,1.21,,13.84943,0.0,Kepler-36,1.091,1.61,5973.0,527.956,291.2501859,49.2318073,2012.0,Transit,981.0,,,12.0767
kepler-36 c,3.679,8.08,16.23855,0.033,Kepler-36,1.071,1.626,5911.0,527.956,291.2501859,49.2318073,2012.0,Transit,928.0,,-0.2,12.0767
kepler-360 b,1.4,,3.289722169,,Kepler-360,0.95,0.92,5631.0,876.044,286.2847077,44.7815817,2014.0,Transit,,,-0.02,14.8128
kepler-360 c,1.9,,7.1864526,,Kepler-360,0.95,0.92,5631.0,876.044,286.2847077,44.7815817,2014.0,Transit,,,-0.02,14.8128
kepler-361 b,,,8.486423685,,Kepler-361,1.19,1.46815,6203.43,930.32,296.8034146,46.7411011,2014.0,Transit,,,0.024,13.5447
kepler-361 c,2.52,,55.188023,,Kepler-361,,1.343,6169.0,930.32,296.8034146,46.7411011,2014.0,Transit,,,,13.5447
kepler-362 b,1.25,,10.32736351,0.0,Kepler-362,1.016,1.017,5757.0,1090.51,291.771603,47.5299192,2014.0,Transit,838.0,,0.14,14.4863
kepler-362 c,1.68,,37.8658982,0.0,Kepler-362,0.807,0.726,5776.0,1090.51,291.771603,47.5299192,2014.0,Transit,479.0,,-0.72,14.4863
kepler-363 b,1.0,,3.61461353,,Kepler-363,1.1,1.29,5681.0,762.596,283.1920779,41.3054172,2014.0,Transit,,,0.37,13.316
kepler-363 c,1.41,,7.54233911,,Kepler-363,1.1,1.29,5681.0,762.596,283.1920779,41.3054172,2014.0,Transit,,,0.37,13.316
kepler-363 d,,,11.9320757324,,Kepler-363,0.97,1.65796,5529.7,762.596,283.1920779,41.3054172,2014.0,Transit,,,0.3965,13.316
kepler-364 b,1.45,,25.7457529,0.0,Kepler-364,1.195,1.173,6484.0,891.462,281.5699998,47.3986233,2014.0,Transit,728.0,,-0.08,13.6134
kepler-364 c,2.675,,,,Kepler-364,,1.319,6090.0,891.462,281.5699998,47.3986233,2014.0,Transit,,,,13.6134
kepler-365 b,1.83,,10.66487537,0.0,Kepler-365,1.035,1.03,6011.0,1038.99,295.626564,49.130411,2014.0,Transit,868.0,,-0.04,
kepler-365 c,1.6,,17.7838298,0.0,Kepler-365,1.037,1.021,6014.0,1038.99,295.626564,49.130411,2014.0,Transit,729.0,,-0.04,
kepler-366 b,1.46,,3.281959,,Kepler-366,,1.048,6209.0,1856.28,296.8520316,49.0844359,2014.0,Transit,,,,14.7901
kepler-366 c,1.79,,12.51618164,0.0,Kepler-366,1.093,1.033,6210.0,1856.28,296.8520316,49.0844359,2014.0,Transit,844.0,,-0.1,14.7901
kepler-367 b,,,37.8164765958,,Kepler-367,0.776,0.711043,4799.55,188.027,297.292558,49.9817499,2014.0,Transit,,,0.1974,12.8482
kepler-367 c,1.151,,,,Kepler-367,,0.697,4859.0,188.027,297.292558,49.9817499,2014.0,Transit,,,,12.8482
kepler-368 b,3.2,,26.8475962,0.0,Kepler-368,1.136,1.988,5508.0,770.978,291.880018,45.3878419,2014.0,Transit,800.0,,0.1,12.838
kepler-368 c,,,72.3826983,,Kepler-368,0.94,2.18669,5395.36,770.978,291.880018,45.3878419,2014.0,Transit,,,0.03,12.838
kepler-369 b,1.0,,2.732766619,0.0,Kepler-369,0.43,0.41,3591.0,,293.6743322,47.9084727,2014.0,Transit,597.0,,-0.1,15.6683
kepler-369 c,1.427,,,,Kepler-369,0.515,0.484,3691.0,,293.6743322,47.9084727,2014.0,Transit,,,,15.6683
kepler-37 b,0.32,10.0,13.3675,,Kepler-37,0.8,0.77,5417.0,63.9207,284.0592503,44.5183733,2013.0,Transit,,,-0.32,9.54988
kepler-37 c,,,21.30191004,,Kepler-37,0.94,0.79137,5391.0,63.9207,284.0592503,44.5183733,2013.0,Transit,,,-0.3,9.54988
kepler-37 d,1.91,,39.79223792,0.0,Kepler-37,0.787,,,63.9207,284.0592503,44.5183733,2013.0,Transit,,,,9.54988
kepler-37 e,,,51.20690303,,Kepler-37,0.94,0.79137,5391.0,63.9207,284.0592503,44.5183733,2014.0,Transit Timing Variations,,,-0.3,9.54988
kepler-370 b,1.35,,4.57948235,0.0,Kepler-370,0.955,0.954,5569.0,1167.94,292.1710683,40.9162381,2014.0,Transit,1040.0,,0.14,15.1595
kepler-370 c,,,19.02314741,,Kepler-370,1.0,1.05062,5651.01,1167.94,292.1710683,40.9162381,2014.0,Transit,,,0.1323,15.1595
kepler-371 b,1.89,,34.763278,,Kepler-371,,0.992,5666.0,813.192,292.3264835,38.6575441,2014.0,Transit,,,,13.7984
kepler-371 c,,,67.96821443,,Kepler-371,1.04,1.31417,5794.01,813.192,292.3264835,38.6575441,2014.0,Transit,,,-0.1975,13.7984
kepler-372 b,1.43,,6.84976206,0.0,Kepler-372,1.181,1.159,6517.0,1493.95,291.2562253,49.2589288,2014.0,Transit,1132.0,,-0.14,14.8342
kepler-372 c,2.5,,20.05414,0.0,Kepler-372,1.202,1.303,6502.0,1493.95,291.2562253,49.2589288,2014.0,Transit,834.0,,,14.8342
kepler-372 d,2.44,,30.0904877,0.0,Kepler-372,1.181,1.159,6517.0,1493.95,291.2562253,49.2589288,2014.0,Transit,692.0,,-0.14,14.8342
kepler-373 b,2.166,,,,Kepler-373,,1.362,5602.0,1090.45,289.3879904,50.5970115,2014.0,Transit,,,,14.4856
kepler-373 c,1.24,,16.725948,,Kepler-373,,0.845,5787.0,1090.45,289.3879904,50.5970115,2014.0,Transit,,,,14.4856
kepler-374 b,1.04,,1.897834018,0.0,Kepler-374,0.891,0.9,5975.0,1265.61,294.1378921,42.3704075,2014.0,Transit,1471.0,,-0.44,14.6608
kepler-374 c,1.19,,3.282784,0.0,Kepler-374,1.03,0.97,6022.0,1265.61,294.1378921,42.3704075,2014.0,Transit,1245.0,,,14.6608
kepler-374 d,,,5.0281857988,,Kepler-374,1.01,1.42107,5670.31,1265.61,294.1378921,42.3704075,2014.0,Transit,,,0.1111,14.6608
kepler-375 b,1.58,,12.12582991,0.0,Kepler-375,0.937,0.848,5821.0,1238.81,288.6178715,48.0983639,2014.0,Transit,743.0,,-0.22,15.6771
kepler-375 c,,,19.9865916,,Kepler-375,0.96,0.913476,5499.0,1238.81,288.6178715,48.0983639,2014.0,Transit,,,,15.6771
kepler-376 b,0.95,,4.92031217,0.0,Kepler-376,0.95,1.073,5906.0,923.067,291.6071451,38.4103192,2014.0,Transit,1143.0,,-0.16,13.734
kepler-376 c,,,14.17222858,,Kepler-376,1.08,1.42392,5939.36,923.067,291.6071451,38.4103192,2014.0,Transit,,,-0.1038,13.734
kepler-377 b,1.491,,12.5094525,,Kepler-377,1.043,1.172,5924.0,823.804,295.4220717,38.7356737,2014.0,Transit,,,0.05,13.8315
kepler-377 c,,,27.0142622,,Kepler-377,1.1,1.19923,5974.0,823.804,295.4220717,38.7356737,2014.0,Transit,,,,13.8315
kepler-378 b,1.049,,,,Kepler-378,,0.714,4696.0,152.094,294.9489697,46.4388673,2014.0,Transit,,,,12.4551
kepler-378 c,0.7,,28.906009,,Kepler-378,,0.671,4661.0,152.094,294.9489697,46.4388673,2014.0,Transit,,,,12.4551
kepler-379 b,,,20.0987535473,,Kepler-379,1.12,1.26033,6039.0,731.274,295.7010981,38.9458209,2014.0,Transit,,,,13.3686
kepler-379 c,,,62.78416835,,Kepler-379,1.12,1.26033,6039.0,731.274,295.7010981,38.9458209,2014.0,Transit,,,,13.3686
kepler-38 b,4.3,122.0,105.599,0.032,Kepler-38,0.941,1.752,5623.0,1174.59,286.830312,42.2791434,2012.0,Transit,475.0,G4 V,-0.11,13.9066
kepler-380 b,1.07,,3.930871,0.0,Kepler-380,0.987,1.097,6043.0,813.713,282.3947017,48.7591334,2014.0,Transit,1266.0,,-0.16,13.6113
kepler-380 c,1.27,,7.630004,,Kepler-380,,1.224,6045.0,813.713,282.3947017,48.7591334,2014.0,Transit,,,,13.6113
kepler-381 b,1.31,,5.62902579,0.0,Kepler-381,1.274,2.058,6550.0,267.323,285.1828685,43.8310283,2014.0,Transit,1599.0,,-0.28,10.5459
kepler-381 c,1.41,,13.39152873,0.0,Kepler-381,1.274,2.058,6550.0,267.323,285.1828685,43.8310283,2014.0,Transit,1198.0,,-0.28,10.5459
kepler-381 d,0.923,,8.2563025,,Kepler-381,1.144,1.449,6346.0,267.323,285.1828685,43.8310283,2021.0,Transit,,,-0.16,10.5459
kepler-382 b,1.3,,5.26212693,,Kepler-382,0.88,0.85,5443.0,935.446,299.1362435,45.8699582,2014.0,Transit,,,-0.1,14.6662
kepler-382 c,,,12.1628195,,Kepler-382,1.0,1.23947,5637.57,935.446,299.1362435,45.8699582,2014.0,Transit,,,0.082,14.6662
kepler-383 b,,,12.9046228655,,Kepler-383,,,4608.75,,291.3426078,38.3631616,2014.0,Transit,,,-0.1785,15.0655
kepler-383 c,1.39,,31.2009333,0.0,Kepler-383,0.683,0.699,4710.0,,291.3426078,38.3631616,2014.0,Transit,420.0,,-0.16,15.0655
kepler-384 b,1.3,,22.5968256,0.0,Kepler-384,0.889,1.104,5610.0,895.678,286.0261113,44.7828571,2014.0,Transit,670.0,,-0.04,13.5538
kepler-384 c,2.404,,,,Kepler-384,,1.648,5541.0,895.678,286.0261113,44.7828571,2014.0,Transit,,,,13.5538
kepler-385 b,3.21,,10.04377084,0.0,Kepler-385,1.09,1.153,6308.0,1432.61,294.3385109,50.3365178,2014.0,Transit,975.0,,-0.08,15.192
kepler-385 c,,,15.16221349,,Kepler-385,1.05,1.157,5829.0,1432.61,294.3385109,50.3365178,2014.0,Transit,,,,15.192
kepler-385 d,2.325,,56.414742,,Kepler-385,0.992,1.09,5837.0,1432.61,294.3385109,50.3365178,2020.0,Transit,,,0.01,15.192
kepler-386 b,,,12.3101351,,Kepler-386,0.83,0.841271,4993.0,882.462,289.8589165,48.6938077,2014.0,Transit,,,,15.6172
kepler-386 c,,,25.19370089,,Kepler-386,0.83,0.841271,4993.0,882.462,289.8589165,48.6938077,2014.0,Transit,,,,15.6172
kepler-387 b,0.98,,6.79164786,,Kepler-387,0.95,1.0,5888.0,801.052,287.7982699,45.6567655,2014.0,Transit,,,-0.23,13.9345
kepler-387 c,,,11.8376933,,Kepler-387,1.05,1.14606,5835.36,801.052,287.7982699,45.6567655,2014.0,Transit,,,-0.4,13.9345
kepler-388 b,,,3.17323012,,Kepler-388,,,,,284.8280577,44.6086451,2014.0,Transit,,,,15.0015
kepler-388 c,1.06,,13.29724,0.0,Kepler-388,0.635,0.606,4530.0,,284.8280577,44.6086451,2014.0,Transit,507.0,,,15.0015
kepler-389 b,1.331,,3.24416463,,Kepler-389,0.765,0.662,5072.0,816.559,291.9600082,44.9000587,2014.0,Transit,,,-0.1,15.7495
kepler-389 c,1.45,,14.5123099,0.0,Kepler-389,0.823,0.785,5380.0,816.559,291.9600082,44.9000587,2014.0,Transit,636.0,,-0.2,15.7495
kepler-39 b,14.77,,21.08719422,0.0,Kepler-39,1.066,1.522,6266.0,1057.41,296.9603348,46.0342954,2011.0,Transit,873.0,,-0.28,14.2622
kepler-390 b,0.78,,6.73811219,0.0,Kepler-390,0.793,0.769,5168.0,435.277,291.6288086,41.2088351,2014.0,Transit,786.0,,-0.12,13.9222
kepler-390 c,0.87,,13.0600422,,Kepler-390,0.86,0.8,5270.0,435.277,291.6288086,41.2088351,2014.0,Transit,,,-0.06,13.9222
kepler-391 b,2.9,,7.41680902,,Kepler-391,1.03,3.33,5111.0,869.236,290.6218844,51.0573453,2014.0,Transit,,,-0.07,12.984
kepler-391 c,3.54,,20.485435,,Kepler-391,,3.569,4940.0,869.236,290.6218844,51.0573453,2014.0,Transit,,,,12.984
kepler-392 b,0.968,,5.34185804,,Kepler-392,0.874,1.141,5951.0,681.428,288.660826,43.3681938,2014.0,Transit,,,-0.35,13.4218
kepler-392 c,1.067,,10.42312041,,Kepler-392,0.874,1.141,5951.0,681.428,288.660826,43.3681938,2014.0,Transit,,,-0.35,13.4218
kepler-393 b,1.442,,,,Kepler-393,,1.53,6330.0,881.404,290.995205,45.192188,2014.0,Transit,,,,13.1783
kepler-393 c,1.4,,14.6134251,0.0,Kepler-393,1.315,1.604,6735.0,881.404,290.995205,45.192188,2014.0,Transit,1052.0,,-0.22,13.1783
kepler-394 b,1.72,,8.00505342,0.0,Kepler-394,1.145,1.154,6426.0,1058.72,296.3019792,50.6723115,2014.0,Transit,1063.0,,-0.12,14.77
kepler-394 c,1.81,,12.13065293,0.0,Kepler-394,1.145,1.154,6426.0,1058.72,296.3019792,50.6723115,2014.0,Transit,926.0,,-0.12,14.77
kepler-394 d,1.5,,5.61357629,0.0,Kepler-394,1.145,1.154,6426.0,1058.72,296.3019792,50.6723115,2021.0,Transit,1197.0,,-0.12,14.77
kepler-395 b,,,7.0543507111,,Kepler-395,0.622827,0.644287,3897.0,421.382,293.5111889,45.1366252,2014.0,Transit,,,,15.9585
kepler-395 c,1.4,,34.99,,Kepler-395,,,,421.382,293.5111889,45.1366252,2014.0,Transit,,,,15.9585
kepler-396 b,3.11,,42.99255302,,Kepler-396,0.97,0.95,5651.0,223.757,296.1328135,48.9773095,2013.0,Transit,,,0.04,11.8286
kepler-396 c,,,88.5127,,Kepler-396,0.97,0.95,5651.0,223.757,296.1328135,48.9773095,2013.0,Transit,,,0.04,11.8286
kepler-397 b,2.07,,22.2508509,0.0,Kepler-397,0.782,0.757,5307.0,,295.8940373,42.3805156,2014.0,Transit,539.0,,-0.28,
kepler-397 c,,,135.4978256,,Kepler-397,,,,,295.8940373,42.3805156,2014.0,Transit,,,,
kepler-398 b,1.03,,4.081411491,,Kepler-398,0.72,0.67,4557.0,177.355,291.4688524,40.3437001,2014.0,Transit,,,-0.06,13.2351
kepler-398 c,,,11.4194342731,,Kepler-398,0.723,0.625149,4577.0,177.355,291.4688524,40.3437001,2014.0,Transit,,,0.0528,13.2351
kepler-398 d,0.74,,6.834378,0.0,Kepler-398,0.649,0.575,4476.0,177.355,291.4688524,40.3437001,2016.0,Transit,606.0,,,13.2351
kepler-399 b,1.68,,14.4252635,0.0,Kepler-399,0.902,1.152,5467.0,740.537,299.5017242,40.6707669,2014.0,Transit,773.0,,0.14,14.5277
kepler-399 c,,,26.6757818,,Kepler-399,,,,740.537,299.5017242,40.6707669,2014.0,Transit,,,,14.5277
kepler-399 d,,,58.03391475,,Kepler-399,,,,740.537,299.5017242,40.6707669,2014.0,Transit,,,,14.5277
kepler-4 b,4.14,,3.213668628,0.0,Kepler-4,1.092,1.533,5781.0,487.916,285.6154492,50.1357712,2009.0,Transit,1507.0,,0.09,12.1577
kepler-40 b,16.14096,657.9081,6.8731697,0.15,Kepler-40,1.46,2.48,6510.0,2305.01,296.8136883,47.5265446,2010.0,Transit,,,0.1,14.5591
kepler-400 b,1.65,,9.024389,,Kepler-400,,1.145,5886.0,845.97,290.9444679,40.4800528,2014.0,Transit,,,,13.8395
kepler-400 c,,,17.3406287154,,Kepler-400,,,5915.11,845.97,290.9444679,40.4800528,2014.0,Transit,,,0.0844,13.8395
kepler-401 b,1.84,,14.3832267,0.0,Kepler-401,1.077,1.291,6115.0,965.56,290.0827494,50.8634361,2014.0,Transit,889.0,,-0.04,13.2865
kepler-401 c,2.46,,47.3183002,0.0,Kepler-401,1.051,1.373,6347.0,965.56,290.0827494,50.8634361,2014.0,Transit,643.0,,-0.32,13.2865
kepler-401 d,2.909,,184.256405,,Kepler-401,1.173,1.689,6045.0,965.56,290.0827494,50.8634361,2016.0,Transit,,,0.0,13.2865
kepler-402 b,1.37,,4.02875481,,Kepler-402,1.15,1.24,6199.0,625.339,288.3701976,43.3546109,2014.0,Transit,,,-0.03,13.1917
kepler-402 c,,,6.12480953,,Kepler-402,1.2,1.08729,6223.39,625.339,288.3701976,43.3546109,2014.0,Transit,,,-0.08,13.1917
kepler-402 d,1.13,,8.9211602,,Kepler-402,1.072,1.09,6119.0,625.339,288.3701976,43.3546109,2014.0,Transit,,,-0.06,13.1917
kepler-402 e,,,11.2426810578,,Kepler-402,1.2,1.08729,6223.39,625.339,288.3701976,43.3546109,2014.0,Transit,,,-0.08,13.1917
kepler-403 b,1.774,,7.03144308,,Kepler-403,1.299,1.803,6094.0,840.269,289.9214256,46.7445267,2014.0,Transit,,,0.09,12.7598
kepler-403 c,,,54.2811949,,Kepler-403,1.15,1.87262,6111.03,840.269,289.9214256,46.7445267,2014.0,Transit,,,0.079,12.7598
kepler-403 d,1.46,,13.61165024,0.0,Kepler-403,1.282,1.499,6170.0,840.269,289.9214256,46.7445267,2016.0,Transit,958.0,,0.24,12.7598
kepler-404 b,1.3,,11.82913,0.0,Kepler-404,0.925,0.82,5612.0,812.524,286.3985796,45.3435241,2014.0,Transit,712.0,,,15.1906
kepler-404 c,1.63,,14.7512034,0.0,Kepler-404,0.952,0.857,5653.0,812.524,286.3985796,45.3435241,2014.0,Transit,678.0,,-0.04,15.1906
kepler-405 b,2.34,,10.61369479,0.0,Kepler-405,0.965,0.87,5817.0,1065.08,291.4094615,38.3400107,2014.0,Transit,783.0,,-0.14,15.8023
kepler-405 c,3.84,,29.7272142,,Kepler-405,0.91,0.88,5525.0,1065.08,291.4094615,38.3400107,2014.0,Transit,,,-0.03,15.8023
kepler-406 b,,,2.4262999782,,Kepler-406,0.99,1.1242,5597.0,364.03,291.8481764,44.9682807,2014.0,Transit,,,0.2,12.4897
kepler-406 c,0.76,,4.62333557,0.0,Kepler-406,1.058,0.973,5697.0,364.03,291.8481764,44.9682807,2014.0,Transit,1053.0,,0.28,12.4897
kepler-407 b,1.07,,0.669309686,,Kepler-407,0.96,1.05757,5487.0,338.368,286.0363025,49.6145027,2014.0,Transit,,,0.34,12.5074
kepler-407 c,,4000.0,3000.0,,Kepler-407,1.0,1.01,5476.0,338.368,286.0363025,49.6145027,2014.0,Radial Velocity,,,0.33,12.5074
kepler-408 b,0.7,,2.465026158,0.0,Kepler-408,1.079,1.225,6104.0,88.7832,284.7862158,48.4232622,2014.0,Transit,1558.0,,-0.2,8.6992
kepler-409 b,0.98,,68.958608,0.0,Kepler-409,0.918,0.893,5460.0,68.173,293.6792058,46.8527337,2014.0,Transit,402.0,,0.08,9.39109
kepler-41 b,10.24,,1.85555754,0.0,Kepler-41,0.903,0.947,5657.0,1093.08,294.5132465,45.9816453,2011.0,Transit,1436.0,,-0.08,14.413
kepler-410 a b,2.71,,17.834381,0.0,Kepler-410 A,1.17,1.36,6170.0,147.527,283.1510448,45.1400838,2013.0,Transit,845.0,,,9.3748
kepler-411 b,,,3.00515592,,Kepler-411,0.785,0.731146,4837.0,153.676,287.6057027,49.5233937,2013.0,Transit,,,0.11,12.2327
kepler-411 c,3.37,,7.834427877,0.0,Kepler-411,0.829,0.768,4987.0,153.676,287.6057027,49.5233937,2016.0,Transit,715.0,,0.12,12.2327
kepler-411 d,,,58.0198583,,Kepler-411,0.785,0.731146,4837.0,153.676,287.6057027,49.5233937,2018.0,Transit,,,0.11,12.2327
kepler-411 e,,10.8,31.509728,0.016,Kepler-411,0.87,0.82,,153.676,287.6057027,49.5233937,2018.0,Transit Timing Variations,503.0,K2 V,,12.2327
kepler-412 b,13.46463141,,1.72085545095,,Kepler-412,,1.33402,5832.83,1086.24,286.1103053,43.6809612,2014.0,Transit,1758.4,,,14.2486
kepler-413 b,4.347,67.0,66.262,0.1181,Kepler-413,0.82,0.7761,4700.0,847.536,288.5106679,51.1624235,2014.0,Transit,,,-0.2,15.5943
kepler-414 b,2.19,,4.699653236,0.0,Kepler-414,0.892,0.946,5523.0,413.46,297.9615616,48.2443363,2014.0,Transit Timing Variations,1030.0,,0.02,13.321
kepler-414 c,,,7.170710381,,Kepler-414,0.944,0.932373,5423.0,413.46,297.9615616,48.2443363,2014.0,Transit Timing Variations,,,,13.321
kepler-415 b,1.21,119.9,4.176,,Kepler-415,0.67,0.643,,530.487,293.8045041,38.6390517,2014.0,Transit Timing Variations,,,,15.841
kepler-415 c,,,8.70792312,,Kepler-415,0.68,0.706507,4320.24,530.487,293.8045041,38.6390517,2014.0,Transit Timing Variations,,,-0.439,15.841
kepler-416 b,2.48,58.2,6.319,,Kepler-416,1.0,1.075,,690.819,291.5569554,39.2272923,2014.0,Transit Timing Variations,,,,14.0197
kepler-416 c,2.5,,12.20942,0.0,Kepler-416,1.08,1.12,5708.0,690.819,291.5569554,39.2272923,2014.0,Transit Timing Variations,816.0,,,14.0197
kepler-416 d,1.61,,3.07644709,0.0,Kepler-416,0.949,1.022,5670.0,690.819,291.5569554,39.2272923,2023.0,Transit,1253.0,,0.06,14.0197
kepler-417 b,2.49,,12.33090437,0.0,Kepler-417,0.897,0.806,5376.0,973.989,293.8241813,42.779648,2014.0,Transit Timing Variations,671.0,,-0.02,15.8658
kepler-417 c,,,15.94252637,,Kepler-417,0.87,0.782444,5151.65,973.989,293.8241813,42.779648,2014.0,Transit Timing Variations,,,-0.204,15.8658
kepler-418 b,13.4508,349.613,86.679,,Kepler-418,1.29,1.6,6029.0,1002.53,294.4335228,38.3554729,2014.0,Transit,,,0.31,14.649
kepler-418 c,5.22108654,,12.21829987,,Kepler-418,0.957,1.081,5822.0,1002.53,294.4335228,38.3554729,2021.0,Transit,,,-0.06,14.649
kepler-419 b,9.3,,69.73297,0.0,Kepler-419,1.313,1.39,6293.0,1011.36,295.4179125,51.1847629,2014.0,Transit,543.0,,,12.9642
kepler-419 c,,2320.1,675.47,0.184,Kepler-419,1.39,1.74,6430.0,1011.36,295.4179125,51.1847629,2014.0,Transit Timing Variations,,,0.176,12.9642
kepler-42 b,3.46,,1.2137703,0.0,Kepler-42,0.617,0.681,4188.0,40.0595,292.2196,44.6173667,2011.0,Transit,1106.0,,,14.9931
kepler-42 c,0.76,,0.453287416,0.0,Kepler-42,0.132,0.148,3292.0,40.0595,292.2196,44.6173667,2011.0,Transit,729.0,,-0.42,14.9931
kepler-42 d,0.96,,1.86511477,,Kepler-42,0.22,0.24,3169.0,40.0595,292.2196,44.6173667,2011.0,Transit,,,0.38,14.9931
kepler-421 b,4.16,,704.1984,0.041,Kepler-421,0.794,0.757,5308.0,348.558,283.2568116,45.0876823,2014.0,Transit,185.0,G9/K0,-0.25,13.3477
kepler-422 b,11.27,,7.8914502,0.0,Kepler-422,1.156,1.112,5972.0,722.795,282.6296334,46.3232807,2014.0,Transit,976.0,,,13.4233
kepler-423 b,13.97484988,,2.68430809911,,Kepler-423,,1.01895,5616.02,758.753,292.8557189,46.3911883,2014.0,Transit,1288.42,,,14.28
kepler-424 b,9.13,,3.311864499,0.0,Kepler-424,0.892,0.946,5523.0,698.646,298.6249797,48.57745,2014.0,Transit,1158.0,,0.02,14.229
kepler-424 c,,2215.18,223.3,,Kepler-424,1.01,0.94,5460.0,698.646,298.6249797,48.57745,2014.0,Radial Velocity,,,0.44,14.229
kepler-425 b,9.94,,3.797018335,0.0,Kepler-425,0.93,0.816,5262.0,646.647,290.3579781,40.5676965,2014.0,Transit,972.0,,0.21,14.7301
kepler-426 b,11.38,,3.217518511,0.0,Kepler-426,0.882,0.903,5720.0,843.695,289.4346668,49.473455,2014.0,Transit,1185.0,,-0.22,14.8069
kepler-427 b,12.696,,,,Kepler-427,,1.298,5800.0,1017.8,288.2545808,43.7048379,2014.0,Transit,,,,14.1964
kepler-428 b,12.02,,3.525632561,,Kepler-428,0.84,0.8,5136.0,686.284,290.5817432,40.5773106,2014.0,Transit,,,0.04,15.2218
kepler-43 b,,,3.024092505,,Kepler-43,1.12,1.36388,6041.0,1005.84,285.2408288,46.6682411,2011.0,Transit,,,0.33,13.8894
kepler-430 b,2.53,,35.96826,0.0,Kepler-430,1.1,1.16,6242.0,917.477,292.8085984,49.5794242,2015.0,Transit,631.0,,,13.8135
kepler-430 c,1.45,,110.97378,,Kepler-430,1.08,1.21,5917.0,917.477,292.8085984,49.5794242,2015.0,Transit,,,0.09,13.8135
kepler-431 b,0.925,,6.80252171,,Kepler-431,1.101,1.604,5976.0,486.546,281.1123072,43.2277663,2015.0,Transit,,,-0.01,11.9291
kepler-431 c,0.875,,8.70337044,,Kepler-431,1.101,1.604,5976.0,486.546,281.1123072,43.2277663,2015.0,Transit,,,-0.01,11.9291
kepler-431 d,1.82,,11.92163,0.0,Kepler-431,1.21,1.79,6306.0,486.546,281.1123072,43.2277663,2015.0,Transit,1128.0,,,11.9291
kepler-432 b,11.75,,52.5010768,,Kepler-432,,3.96613,4981.99,848.023,293.2822344,48.2859173,2015.0,Transit,,,0.0446,12.1822
kepler-432 c,,772.3269,406.2,0.498,Kepler-432,1.32,4.06,4995.0,848.023,293.2822344,48.2859173,2015.0,Radial Velocity,,,-0.07,12.1822
kepler-433 b,16.25,896.24,5.33408384,0.119,Kepler-433,1.46,2.26,6360.0,1878.31,297.5936232,40.9772546,2015.0,Transit,1776.0,,-0.01,14.4163
kepler-434 b,8.0,,12.874711418,0.0,Kepler-434,1.03,0.939,5926.0,1222.54,293.5863887,42.9288624,2015.0,Transit,768.0,,-0.04,14.4999
kepler-435 b,,,8.6001545,0.114,Kepler-435,1.538,3.21,6161.0,1418.77,292.2873012,43.1972542,2015.0,Transit,,,-0.18,13.604
kepler-436 b,2.48,,64.0019669,0.0,Kepler-436,0.734,0.697,4652.0,588.867,301.7207775,44.4120856,2015.0,Transit,322.0,,0.02,15.8616
kepler-436 c,1.7,,16.79713874,0.0,Kepler-436,0.508,0.511,4299.0,588.867,301.7207775,44.4120856,2016.0,Transit,423.0,,-0.96,15.8616
kepler-437 b,1.37,,66.6505482,0.0,Kepler-437,0.615,0.622,4427.0,,297.3473326,44.0269249,2015.0,Transit,294.0,,-0.32,14.3622
kepler-438 b,0.98,,35.23318,0.0,Kepler-438,0.479,0.463,3688.0,,281.6457236,41.9510686,2015.0,Transit,273.0,,-0.1,14.4852
kepler-439 b,2.33,,178.140456,0.0,Kepler-439,0.856,0.782,5592.0,757.048,280.8015188,44.0339733,2015.0,Transit,284.0,,-0.3,14.5454
kepler-44 b,12.71,,3.246732651,0.0,Kepler-44,1.093,1.457,5763.0,1188.0,300.1023512,45.7621918,2011.0,Transit,1460.0,,0.26,14.6901
kepler-440 b,1.63,,101.1114976,,Kepler-440,0.55,0.53,3959.0,301.03,285.3500664,41.4523695,2015.0,Transit,,,-0.23,15.1058
kepler-441 b,1.93,,207.247959,0.0,Kepler-441,0.617,0.629,4243.0,268.003,284.566954,49.0127077,2015.0,Transit,194.0,,-0.12,15.135
kepler-442 b,,,112.303409656,,Kepler-442,0.72,0.618522,4563.0,365.965,285.3666029,39.2800704,2015.0,Transit,,,,14.9304
kepler-443 b,2.2,,177.669112,0.0,Kepler-443,0.791,0.739,4907.0,802.271,288.6104839,49.9685458,2015.0,Transit,246.0,,0.04,15.9005
kepler-444 b,0.403,,3.6001053,0.16,Kepler-444,0.758,0.752,5046.0,36.4396,289.7528323,41.631884,2015.0,Transit,,K,-0.55,8.643251
kepler-444 c,75.16,,4.545878442,,Kepler-444,0.84,0.798764,5058.0,36.4396,289.7528323,41.631884,2015.0,Transit,,,-0.37,8.643251
kepler-444 d,0.65,,6.18943952,0.0,Kepler-444,0.692,0.721,5051.0,36.4396,289.7528323,41.631884,2015.0,Transit,783.0,,-0.36,8.643251
kepler-444 e,,,7.74350338,,Kepler-444,0.84,0.798764,5058.0,36.4396,289.7528323,41.631884,2015.0,Transit,,,-0.37,8.643251
kepler-444 f,0.741,,9.740486,0.29,Kepler-444,0.758,0.752,5046.0,36.4396,289.7528323,41.631884,2015.0,Transit,,K,-0.55,8.643251
kepler-445 b,1.96,,2.984151,0.0,Kepler-445,0.21,0.27,3240.0,127.201,298.7363395,46.4991236,2015.0,Transit,479.0,,,16.7157
kepler-445 c,0.835,,,,Kepler-445,0.159,0.187,3157.0,127.201,298.7363395,46.4991236,2015.0,Transit,,,,16.7157
kepler-445 d,3.947,,,,Kepler-445,,0.305,3157.0,127.201,298.7363395,46.4991236,2015.0,Transit,,,,16.7157
kepler-446 b,25.0,,1.5654088,0.0,Kepler-446,0.56,0.92,3553.0,96.339,282.2501047,44.921002,2015.0,Transit,1015.0,,,16.3101
kepler-446 c,,,3.0362057249,,Kepler-446,0.187619,0.218498,3386.0,96.339,282.2501047,44.921002,2015.0,Transit,,,,16.3101
kepler-446 d,1.14,,,,Kepler-446,,0.217,3359.0,96.339,282.2501047,44.921002,2015.0,Transit,,,,16.3101
kepler-447 b,,,7.794303,,Kepler-447,1.0,1.05,5493.0,268.041,285.2685283,48.5598835,2015.0,Transit,,G8 V,0.07,12.3795
kepler-448 c,,6992.26,2500.0,0.65,KOI-12,1.5,1.4,,399.398,297.4537402,41.0110188,2017.0,Transit Timing Variations,,,,11.2535
kepler-449 b,1.53,,12.58229808,0.0,Kepler-449,0.911,1.423,5587.0,241.949,293.732787,41.9006366,2015.0,Transit,917.0,,-0.1,11.2263
kepler-449 c,,,33.67280658,,Kepler-449,,,5649.18,241.949,293.732787,41.9006366,2015.0,Transit,,,-0.1651,11.2263
kepler-45 b,10.74,,2.455,,Kepler-45,0.56,0.55,3837.0,381.949,292.8729292,41.0641727,2011.0,Transit,,,0.0,15.9804
kepler-450 b,,,28.45490735,,Kepler-450,1.19,1.64162,6197.21,455.982,295.4865821,51.0135237,2015.0,Transit,,,0.1278,11.6525
kepler-450 c,2.55,,15.41308581,,Kepler-450,1.3,1.56,6263.0,455.982,295.4865821,51.0135237,2015.0,Transit,,,0.2,11.6525
kepler-450 d,0.91,,7.5144704,,Kepler-450,1.334,1.611,6298.0,455.982,295.4865821,51.0135237,2015.0,Transit,,,0.17,11.6525
kepler-451 c,,511.70373527,1460.0,0.29,2MASS J19383260+4603591,0.48,0.203,29564.0,396.332,294.6359173,46.0664076,2022.0,Eclipse Timing Variations,,,,12.1376
kepler-451 d,,559.37799632,43.0,0.0,2MASS J19383260+4603591,0.48,0.203,29564.0,396.332,294.6359173,46.0664076,2022.0,Eclipse Timing Variations,,,,12.1376
kepler-452 b,1.63,,384.843,,Kepler-452,1.037,1.11,5757.0,551.727,296.003752,44.2775861,2015.0,Transit,265.0,G2,0.21,13.4048
kepler-453 b,6.204,16.0,240.503,0.0359,Kepler-453,0.944,0.833,5527.0,442.846,283.2413322,46.3784691,2015.0,Transit,,,0.09,13.5227
kepler-454 b,1.86,,10.573757029,0.0,Kepler-454,1.069,1.081,5739.0,230.869,287.4786474,38.2290751,2015.0,Transit,848.0,,0.35,11.4395
kepler-454 c,,1433.40611557,524.19,0.0053,Kepler-454,1.03,1.066,5687.0,230.869,287.4786474,38.2290751,2015.0,Radial Velocity,,,0.32,11.4395
kepler-454 d,,733.2668882,4806.833852,0.255047,Kepler-454,1.06,,,230.869,287.4786474,38.2290751,2023.0,Radial Velocity,,,,11.4395
kepler-457 d,,,10.692115,,KOI-7892,1.15,1.25604,6116.46,1072.3,282.3775397,44.694569,2021.0,Transit,,,-0.051,14.2165
kepler-458 c,7.251,,,,KIC 9663113,,2.224,6218.0,1594.74,297.0454037,46.3286653,2016.0,Transit,,,,13.9075
kepler-46 b,8.8,,33.60122066,,Kepler-46,0.92,0.93,5232.0,777.06,289.2687388,42.6041819,2012.0,Transit,,,0.37,15.2548
kepler-46 c,,115.05446,57.325,0.0354,Kepler-46,0.902,0.938,5155.0,777.06,289.2687388,42.6041819,2012.0,Transit Timing Variations,,,0.41,15.2548
kepler-46 d,1.97,,6.76652928,0.0,Kepler-46,0.882,0.93,5149.0,777.06,289.2687388,42.6041819,2014.0,Transit,845.0,,0.42,15.2548
kepler-460 c,6.1,,220.1303357,0.0,KIC 5437945,1.031,1.393,6340.0,1274.01,288.4749028,40.6512848,2016.0,Transit,389.0,,-0.38,13.7506
kepler-461 b,2.58,,8.313783059,,Kepler-461,0.98,0.91,5634.0,692.158,292.2490563,46.1647909,2016.0,Transit,,,0.04,13.3335
kepler-462 b,,,84.68781817,,Kepler-462,1.82,1.61687,7735.0,596.625,299.8211502,43.8142793,2016.0,Transit,,,,11.6145
kepler-462 c,,,207.5829306,,Kepler-462,1.82,1.61687,7735.0,596.625,299.8211502,43.8142793,2018.0,Transit,,,,11.6145
kepler-463 b,3.35,,8.981008,0.0,Kepler-463,0.844,0.96,5649.0,394.804,298.9368228,44.8578644,2016.0,Transit,861.0,,,12.86
kepler-464 b,,,7.25696737,,Kepler-464,1.06,1.6855,5873.66,667.604,294.8351052,48.9823204,2016.0,Transit,,,0.234,12.6717
kepler-465 b,2.8,,9.940672466,0.0,Kepler-465,1.14,1.215,6522.0,553.077,284.5557853,46.0638865,2016.0,Transit,1032.0,,-0.22,12.5914
kepler-466 b,2.523,,51.07926307,,Kepler-466,0.979,0.936,5805.0,530.122,295.6486585,48.4955191,2016.0,Transit,,,-0.03,12.7632
kepler-466 c,,,3.70920361,,Kepler-466,,,,530.122,295.6486585,48.4955191,2016.0,Transit,,,,12.7632
kepler-467 b,2.28,,24.99324193,0.0,Kepler-467,1.023,1.357,5747.0,466.265,287.3629145,38.6497341,2016.0,Transit,719.0,,0.03,12.359
kepler-468 b,13.44,,38.478757067,0.0,Kepler-468,0.973,0.879,5510.0,442.871,288.9022829,49.3704079,2016.0,Transit,484.0,,0.16,13.7299
kepler-47 b,3.05,2.07,49.4643,0.021,Kepler-47,0.957,0.936,,1025.02,295.2978883,46.9204303,2012.0,Transit,,,,15.1626
kepler-47 c,4.65,3.17,303.227,0.044,Kepler-47,0.957,0.936,,1025.02,295.2978883,46.9204303,2012.0,Transit,,,,15.1626
kepler-47 d,7.04,19.02,187.366,0.024,Kepler-47,0.957,0.936,,1025.02,295.2978883,46.9204303,2019.0,Transit,,,,15.1626
kepler-471 b,,,5.014234733,,Kepler-471,1.41,1.69675,6669.0,1249.41,299.0975167,43.4975851,2016.0,Transit,,,,13.7887
kepler-472 b,3.094,,,,Kepler-472,,0.782,4932.0,306.602,296.5245187,39.2498503,2016.0,Transit,,,,13.6698
kepler-473 b,,,14.55730433,,Kepler-473,1.0,1.92735,5624.0,905.937,286.6300796,38.9455907,2016.0,Transit,,,,13.3691
kepler-474 b,3.74,,5.660691,0.0,Kepler-474,0.956,1.3,5723.0,841.496,292.3215174,43.8811723,2016.0,Transit,1164.0,,,13.4689
kepler-475 b,2.66,,3.105508189,0.0,Kepler-475,0.804,0.842,4938.0,280.069,287.051694,40.2114232,2016.0,Transit,1016.0,,0.26,13.3163
kepler-476 b,2.8,,14.00640607,0.0,Kepler-476,1.036,1.005,5883.0,813.535,295.1637592,43.9630716,2016.0,Transit,767.0,,0.06,13.8596
kepler-477 b,2.2,,11.119888,0.0,Kepler-477,0.786,0.83,5264.0,,288.067445,42.355305,2016.0,Transit,705.0,,,
kepler-478 b,2.38,,13.22175358,0.0,Kepler-478,0.838,0.799,5211.0,,292.4870063,46.196187,2016.0,Transit,640.0,,0.0,13.9672
kepler-479 b,2.118,,,,Kepler-479,,0.766,5159.0,344.901,291.0218899,37.7698734,2016.0,Transit,,,,13.544
kepler-48 b,1.88,3.94,4.778,,Kepler-48,0.88,0.89,5194.0,306.738,299.1393094,40.948939,2012.0,Transit,,,0.17,13.0772
kepler-48 c,,,9.673958488,,Kepler-48,0.873,0.896858,5160.0,306.738,299.1393094,40.948939,2012.0,Transit,,,0.2,13.0772
kepler-48 d,1.98,,42.89605505,,Kepler-48,0.916,0.836,5235.0,306.738,299.1393094,40.948939,2014.0,Transit,,,0.26,13.0772
kepler-48 e,,657.0,982.0,,Kepler-48,0.88,0.89,5194.0,306.738,299.1393094,40.948939,2014.0,Radial Velocity,,,0.17,13.0772
kepler-48 f,,298.5809968,5219.681854,0.015283,Kepler-48,0.916,,,306.738,299.1393094,40.948939,2023.0,Radial Velocity,,,,13.0772
kepler-480 b,2.86,,4.919584997,0.0,Kepler-480,1.224,1.378,6236.0,847.508,294.4639165,49.7650473,2016.0,Transit,1312.0,,0.12,13.2113
kepler-481 b,2.82,,10.06082567,,Kepler-481,0.936,1.234,5676.0,813.724,291.9069862,49.262076,2016.0,Transit,,,0.01,13.8151
kepler-482 b,2.2,,56.35418576,0.0,Kepler-482,0.654,0.668,4616.0,313.068,296.8229326,48.1077628,2016.0,Transit,333.0,,-0.24,13.7621
kepler-483 b,,,30.2289452587,,Kepler-483,1.16,1.46843,6131.93,860.355,291.6467764,41.8846843,2016.0,Transit,,,-0.3574,13.3892
kepler-484 b,,,10.04556377,,Kepler-484,0.99,0.909065,5601.0,382.136,284.3942844,46.2491109,2016.0,Transit,,,-0.05,13.0002
kepler-485 b,,,3.2432596672,,Kepler-485,1.04,1.09304,5778.0,1140.95,294.9963415,50.4700458,2016.0,Transit,,,0.14,14.8981
kepler-487 b,,,15.35876766,,Kepler-487,0.95,0.915391,5462.0,872.343,295.2872318,41.2220033,2016.0,Transit,,,,15.0647
kepler-487 c,2.68,,38.6519976,,Kepler-487,0.91,0.88,5444.0,872.343,295.2872318,41.2220033,2016.0,Transit,,,0.0,15.0647
kepler-487 d,2.3,,2.4183985,0.0,Kepler-487,0.93,0.88,5696.0,872.343,295.2872318,41.2220033,2021.0,Transit,1277.0,,,15.0647
kepler-489 b,7.438,,,,Kepler-489,,0.751,4938.0,369.645,290.8332412,38.1841851,2016.0,Transit,,,,14.0178
kepler-49 b,,,7.20385258,,Kepler-49,0.627,0.667253,4011.0,311.222,292.2945208,40.5918123,2012.0,Transit,,,,15.2293
kepler-49 c,2.99,8.3,10.913,,Kepler-49,0.623,0.583,,311.222,292.2945208,40.5918123,2012.0,Transit,,,,15.2293
kepler-49 d,,,2.576571021,,Kepler-49,0.627,0.667253,4011.0,311.222,292.2945208,40.5918123,2014.0,Transit,,,,15.2293
kepler-49 e,,1.03815,18.596115,,Kepler-49,0.541,0.625,,311.222,292.2945208,40.5918123,2014.0,Transit,,,,15.2293
kepler-490 b,16.91,,3.268695042,0.0,Kepler-490,1.161,1.691,5927.0,1523.0,295.025662,46.9559536,2016.0,Transit,1597.0,,0.14,14.8173
kepler-491 b,,,4.225384543,,Kepler-491,0.96,1.03122,5501.0,630.785,287.1305782,42.3501533,2016.0,Transit,,,,13.9616
kepler-493 b,,,3.003879547,,Kepler-493,1.13,1.50633,6052.0,1745.77,295.3075252,38.8815716,2016.0,Transit,,,,15.0352
kepler-495 b,4.55,,3.413036221,0.0,Kepler-495,0.766,0.714,5332.0,658.924,285.9307362,39.0981201,2016.0,Transit,986.0,,-0.42,14.6074
kepler-495 c,1.28,,5.89661966,0.0,Kepler-495,0.888,1.087,5392.0,658.924,285.9307362,39.0981201,2021.0,Transit,1000.0,,0.18,14.6074
kepler-496 b,2.42,,8.30865307,0.0,Kepler-496,0.804,0.849,5022.0,605.274,291.6408978,41.2411044,2016.0,Transit,747.0,,0.18,14.796
kepler-497 b,8.653,,,,Kepler-497,,1.609,5644.0,1291.98,290.7659557,38.9279468,2016.0,Transit,,,,15.0987
kepler-498 b,3.487,,,,Kepler-498,,1.185,5997.0,938.844,290.3581592,44.5187225,2016.0,Transit,,,,14.2463
kepler-499 b,,,5.6325271853,,Kepler-499,0.856,0.929152,5099.0,556.726,295.1099549,43.9151012,2016.0,Transit,,,,14.349
kepler-5 b,15.28,,3.548465405,0.0,Kepler-5,1.319,1.746,6290.0,899.777,299.4070341,44.0350387,2009.0,Transit,1640.0,,0.04,13.2263
kepler-50 b,,,7.8128315,,Kepler-50,1.178,1.6202,6173.0,250.11,288.1009312,50.0336844,2012.0,Transit,,,-0.04,10.3621
kepler-50 c,2.17,,9.37647,,Kepler-50,1.24,1.58,6225.0,250.11,288.1009312,50.0336844,2012.0,Transit,,,0.03,10.3621
kepler-500 b,,,8.50831464,,Kepler-500,1.01,1.18285,5674.12,807.48,295.9513472,43.8519884,2016.0,Transit,,,0.287,14.1736
kepler-501 b,4.0,,5.640662,0.0,Kepler-501,1.11,1.02,6215.0,1125.24,297.2014919,41.7301534,2016.0,Transit,1094.0,,,14.7303
kepler-501 c,1.68119739,,3.622760057,,Kepler-501,1.032,1.216,5794.0,1125.24,297.2014919,41.7301534,2021.0,Transit,,,0.14,14.7303
kepler-502 b,4.14,,4.286866229,0.0,Kepler-502,1.107,1.049,6228.0,1591.04,291.080133,43.8601911,2016.0,Transit,1217.0,,-0.08,14.9719
kepler-504 b,1.94,,9.549273,0.0,Kepler-504,0.508,0.493,3804.0,99.0688,284.9219608,45.9723265,2016.0,Transit,445.0,,,14.4582
kepler-505 b,3.114,,,,Kepler-505,,0.644,3780.0,283.41,287.857953,42.5426758,2016.0,Transit,,,,15.115
kepler-506 b,2.67,,6.8834055,0.0,Kepler-506,1.18,1.188,6184.0,228.439,284.6351885,40.7198296,2016.0,Transit,1086.0,,0.12,10.7836
kepler-507 b,1.29,,3.568065,0.0,Kepler-507,1.156,1.18,6040.0,391.644,297.0188074,50.409046,2016.0,Transit,1320.0,,,11.9224
kepler-508 b,1.77,,25.30893566,0.0,Kepler-508,1.14,1.292,5949.0,324.618,295.4042546,42.9812789,2016.0,Transit,710.0,,0.18,11.6039
kepler-509 b,,,41.74598855,,Kepler-509,1.096,1.22162,5971.55,332.443,289.664394,48.706165,2016.0,Transit,,,-0.0462,11.7836
kepler-51 b,6.657,,45.15530074,,Kepler-51,0.929,0.82,5674.0,783.831,296.4797624,49.9376486,2012.0,Transit,,,0.05,14.6777
kepler-51 c,6.1,,85.3165776,0.0,Kepler-51,1.053,0.972,6046.0,783.831,296.4797624,49.9376486,2012.0,Transit,423.0,,-0.08,14.6777
kepler-51 d,,,130.183,,Kepler-51,1.05,0.972,,783.831,296.4797624,49.9376486,2014.0,Transit,,,,14.6777
kepler-51 e,,3.8,256.86,0.08,Kepler-51,0.96,0.87,5674.0,783.831,296.4797624,49.9376486,2024.0,Transit Timing Variations,,,0.047,14.6777
kepler-510 b,,,19.5565343936,,Kepler-510,1.0,1.53514,5641.07,386.177,287.6550196,39.2441716,2016.0,Transit,,,-0.42,11.9222
kepler-511 b,,,296.63730555,,Kepler-511,1.12,1.62825,6023.54,651.999,282.9455384,47.5749181,2016.0,Transit,,,-0.341,12.5832
kepler-511 c,3.13,,26.62941953,0.0,Kepler-511,0.958,1.417,5866.0,651.999,282.9455384,47.5749181,2021.0,Transit,742.0,,-0.2,12.5832
kepler-512 b,2.329,,34.43587975,,Kepler-512,1.1,1.134,6051.0,467.375,298.2689217,48.9167391,2016.0,Transit,,,0.04,12.6135
kepler-513 b,2.274,,28.86235584,,Kepler-513,0.9,1.079,5748.0,468.258,285.0416235,50.0753913,2016.0,Transit,,,-0.11,12.8822
kepler-514 b,,,5.65178735,,Kepler-514,1.11,1.38938,5998.99,455.336,286.2471739,50.2423694,2016.0,Transit,,,0.0598,12.1325
kepler-515 b,1.5,,19.96367208,0.0,Kepler-515,0.79,0.79,5250.0,,290.493913,52.055611,2016.0,Transit,564.0,,-0.16,
kepler-516 b,7.61,,24.85466504,0.0,Kepler-516,1.7,2.527,6967.0,687.094,295.6087625,38.7357368,2016.0,Transit,1095.0,,-0.02,11.9642
kepler-517 b,,,60.92818866,,Kepler-517,0.991,1.0384,5604.05,289.907,293.6755138,41.2952061,2016.0,Transit,,,-0.144,12.1297
kepler-518 b,2.11,,8.512035877,,Kepler-518,0.96,0.88,5842.0,337.901,287.090019,41.3737576,2016.0,Transit,,,-0.23,12.5097
kepler-519 b,2.14,,24.30784323,0.0,Kepler-519,0.913,0.82,5313.0,246.61,299.3196708,41.3847447,2016.0,Transit,532.0,,0.12,12.6181
kepler-52 b,2.16,,7.8774163,0.0,Kepler-52,0.633,0.615,4126.0,321.542,286.7380152,49.9757383,2012.0,Transit,553.0,,0.04,15.0589
kepler-52 c,2.2,62.9,16.385,,Kepler-52,0.66,0.623,,321.542,286.7380152,49.9757383,2012.0,Transit,,,,15.0589
kepler-52 d,,,36.44530957,,Kepler-52,0.64,0.675624,4116.0,321.542,286.7380152,49.9757383,2014.0,Transit,,,,15.0589
kepler-520 b,1.8,,19.67423,0.0,Kepler-520,1.139,1.086,6141.0,623.901,293.1802903,41.6177408,2016.0,Transit,731.0,,,12.7602
kepler-520 c,1.15,,5.211058,0.0,Kepler-520,1.139,1.086,6141.0,623.901,293.1802903,41.6177408,2016.0,Transit,1143.0,,,12.7602
kepler-521 b,3.02,,22.20809549,0.0,Kepler-521,1.324,1.403,6336.0,830.638,298.8163801,43.9980203,2016.0,Transit,803.0,,0.34,12.8908
kepler-522 b,5.899,,38.58422849,,Kepler-522,1.403,1.672,6338.0,639.239,288.153973,44.0688154,2016.0,Transit,,,0.26,12.1457
kepler-523 b,1.93,,5.835983111,0.0,Kepler-523,0.937,0.836,5509.0,253.295,284.0611224,45.5068127,2016.0,Transit,892.0,,0.02,12.481
kepler-524 b,2.756,,,,Kepler-524,,1.614,5838.0,1058.24,296.8591787,49.1620125,2016.0,Transit,,,,13.8868
kepler-524 c,0.83,,1.88899036,0.0,Kepler-524,1.036,1.081,5973.0,1058.24,296.8591787,49.1620125,2016.0,Transit,1574.0,,0.0,13.8868
kepler-525 b,4.564,,18.68404933,,Kepler-525,1.136,1.992,5506.0,992.852,296.1834239,47.3587776,2016.0,Transit,,,0.11,13.4906
kepler-526 b,1.91,,5.45849914,0.0,Kepler-526,1.172,1.135,5914.0,666.146,297.6509281,47.3962246,2016.0,Transit,1099.0,,0.46,13.0384
kepler-527 b,2.18,,13.28535633,0.0,Kepler-527,1.122,1.104,6513.0,750.04,290.957913,47.4062673,2016.0,Transit,893.0,,-0.28,13.334
kepler-528 b,,,19.7830259,,Kepler-528,0.99,1.28083,5585.22,784.23,295.6848595,47.7480914,2016.0,Transit,,,-0.09,13.9033
kepler-529 b,,,1.980356674,,Kepler-529,,,,799.008,285.8884067,47.880364,2016.0,Transit,,,,13.7399
kepler-529 c,1.57,,12.8345022,0.0,Kepler-529,0.977,0.886,6248.0,799.008,285.8884067,47.880364,2016.0,Transit,795.0,,-0.5,13.7399
kepler-529 d,2.44,,35.8656484,0.0,Kepler-529,1.005,1.189,6078.0,799.008,285.8884067,47.880364,2021.0,Transit,633.0,,-0.16,13.7399
kepler-53 b,,17.8,18.649327,,Kepler-53,0.966,1.038,,1366.07,290.4617926,40.5624966,2012.0,Transit,,,,15.3877
kepler-53 c,3.57,,38.5575914,0.0,Kepler-53,1.019,0.945,6079.0,1366.07,290.4617926,40.5624966,2012.0,Transit,550.0,,-0.2,15.3877
kepler-53 d,2.76,,9.75192101,0.0,Kepler-53,1.026,1.053,5775.0,1366.07,290.4617926,40.5624966,2014.0,Transit,870.0,,0.16,15.3877
kepler-530 b,3.58,,39.30941904,0.0,Kepler-530,0.901,1.051,5957.0,457.709,283.3402948,48.549062,2016.0,Transit,576.0,,-0.34,13.3949
kepler-531 b,2.78,,29.88485741,,Kepler-531,0.78,0.75,4893.0,252.762,286.5246582,48.6835481,2016.0,Transit,,,-0.03,13.2923
kepler-532 b,2.562,,,,Kepler-532,,0.752,5120.0,312.798,298.6609094,48.6063022,2016.0,Transit,,,,13.5036
kepler-533 b,3.333,,28.51120525,,Kepler-533,0.764,0.706,4790.0,302.955,293.6856893,48.8249915,2016.0,Transit,,,0.07,13.9246
kepler-534 b,,,15.95995611,,Kepler-534,1.08,1.12377,5927.0,570.659,296.4185696,49.540148,2016.0,Transit,,,,13.231
kepler-534 c,1.06,,7.37862283,0.0,Kepler-534,1.075,0.965,5936.0,570.659,296.4185696,49.540148,2021.0,Transit,932.0,,0.07,13.231
kepler-535 b,,,4.9033133795,,Kepler-535,1.11,1.36163,6017.92,685.599,296.5666587,49.6961742,2016.0,Transit,,,0.185,13.1197
kepler-536 b,5.73,,1.8270813,0.0,Kepler-536,0.916,1.6,5364.0,462.322,297.7363605,49.637101,2016.0,Transit,1791.0,,,13.7823
kepler-537 b,1.34,,3.247555219,0.0,Kepler-537,1.018,0.937,5726.0,439.4,289.8805804,51.2769907,2016.0,Transit,1176.0,,0.12,13.0657
kepler-538 b,2.26,,81.73780699,,Kepler-538,0.96,0.9,5650.0,155.956,297.4865503,49.6233975,2016.0,Transit,,,-0.05,11.1647
kepler-539 b,8.149,,125.62887621,,Kepler-539,0.987,0.913,5816.0,307.318,299.1224639,41.8667953,2016.0,Transit,,,-0.02,12.379
kepler-539 c,,762.792,1000.0,0.5,Kepler-539,1.048,0.952,5820.0,307.318,299.1224639,41.8667953,2016.0,Transit Timing Variations,253.0,G2 V,-0.01,12.379
kepler-54 b,2.19,21.5,8.011,,Kepler-54,0.565,0.527,,271.701,294.7739245,43.0561976,2012.0,Transit,,,,15.8133
kepler-54 c,1.29,,12.07134205,0.0,Kepler-54,0.484,0.47,3713.0,271.701,294.7739245,43.0561976,2012.0,Transit,395.0,,-0.12,15.8133
kepler-54 d,,,20.99587872,,Kepler-54,0.524532,0.527463,3768.0,271.701,294.7739245,43.0561976,2014.0,Transit,,,,15.8133
kepler-540 b,,,172.7046083,,Kepler-540,1.04,1.25142,5811.26,390.374,290.6249953,44.8737757,2016.0,Transit,,,-0.2184,12.1868
kepler-541 b,3.347,,,,Kepler-541,,2.136,6178.0,1060.68,294.1496529,38.458207,2016.0,Transit,,,,13.228
kepler-542 b,,,13.14496978,,Kepler-542,0.933,1.00034,5380.12,436.016,292.2149697,38.5485469,2016.0,Transit,,,0.1238,13.4161
kepler-543 b,,,13.89961592,,Kepler-543,0.751,0.71917,4702.0,221.802,287.2187273,38.8625366,2016.0,Transit,,,,13.3744
kepler-544 b,,,21.416115178,,Kepler-544,1.21,1.57028,6244.51,963.18,294.0290734,39.0517893,2016.0,Transit,,,-0.2795,13.5408
kepler-545 b,2.86,,13.24931848,0.0,Kepler-545,0.972,1.078,5799.0,818.001,290.5663221,40.6920756,2016.0,Transit,806.0,,0.0,14.105
kepler-546 b,,,4.14701989,,Kepler-546,1.01,1.40314,5694.0,1019.65,283.257573,40.9904095,2016.0,Transit,,,,14.251
kepler-547 b,4.02,,6.010384289,0.0,Kepler-547,0.718,0.738,4882.0,378.972,286.1185888,44.3452063,2016.0,Transit,768.0,,-0.12,14.207
kepler-548 b,11.428,,,,Kepler-548,,0.889,5349.0,751.776,299.9059167,45.4396103,2016.0,Transit,,,,14.9844
kepler-549 b,2.501,,,,Kepler-549,,0.828,5333.0,635.145,283.0228527,47.2611431,2016.0,Transit,,,,14.6226
kepler-549 c,2.68,,117.033521,0.0,Kepler-549,0.859,0.986,5312.0,635.145,283.0228527,47.2611431,2016.0,Transit,349.0,,0.16,14.6226
kepler-549 d,4.2,,24.61480613,0.0,Kepler-549,0.859,0.986,5312.0,635.145,283.0228527,47.2611431,2023.0,Transit,586.0,,0.16,14.6226
kepler-55 b,2.58,43.0,27.95,,Kepler-55,0.65,0.658,,578.796,285.1683291,44.0264898,2012.0,Transit,,,,15.7813
kepler-55 c,1.938,,,,Kepler-55,,0.676,4503.0,578.796,285.1683291,44.0264898,2012.0,Transit,,,,15.7813
kepler-55 d,1.85,,2.211116989,0.0,Kepler-55,0.71,0.646,4500.0,578.796,285.1683291,44.0264898,2014.0,Transit,931.0,,-0.02,15.7813
kepler-55 e,1.699,,,,Kepler-55,,0.676,4503.0,578.796,285.1683291,44.0264898,2014.0,Transit,,,,15.7813
kepler-55 f,1.6,,10.19851808,0.0,Kepler-55,0.645,0.658,4505.0,578.796,285.1683291,44.0264898,2014.0,Transit,572.0,,-0.2,15.7813
kepler-550 b,4.2,,8.600121,0.0,Kepler-550,0.783,0.82,5256.0,531.944,297.7001786,47.8637046,2016.0,Transit,762.0,,,14.4716
kepler-551 b,2.11,,12.3764661,0.0,Kepler-551,0.51,0.48,3797.0,311.175,285.485045,48.0543774,2016.0,Transit,401.0,,-0.1,14.8603
kepler-552 b,3.86,,5.263415765,0.0,Kepler-552,1.095,1.025,6091.0,843.689,290.7476903,48.2419838,2016.0,Transit,1100.0,,0.02,14.2624
kepler-553 b,4.6,,4.0304645,0.0,Kepler-553,0.79,0.83,5262.0,728.525,298.5508922,48.3325405,2016.0,Transit,987.0,,,14.9567
kepler-553 c,,,328.240201,,Kepler-553,0.86,0.947426,5104.0,728.525,298.5508922,48.3325405,2016.0,Transit,,,0.13,14.9567
kepler-554 b,3.6,,1.90221,0.0,Kepler-554,0.86,0.76,5363.0,690.525,296.4068982,51.3581938,2016.0,Transit,1209.0,,,14.2961
kepler-555 b,2.83,,16.21775407,,Kepler-555,1.03,1.04,5894.0,973.121,285.516872,38.9324587,2016.0,Transit,,,0.0,14.161
kepler-556 b,2.013,,,,Kepler-556,,0.922,5641.0,674.598,290.5294799,38.9427306,2016.0,Transit,,,,14.1247
kepler-557 b,2.55,,3.70597,0.0,Kepler-557,1.09,1.08,5935.0,2097.12,293.7084179,41.6151084,2016.0,Transit,1242.0,,,14.6387
kepler-558 b,2.9,,29.0078,0.0,Kepler-558,0.809,0.77,5257.0,661.876,284.6579709,42.6526751,2016.0,Transit,490.0,,,14.9538
kepler-559 b,3.7,,17.587568,0.0,Kepler-559,0.84,0.98,5517.0,776.708,296.6368878,43.8027948,2016.0,Transit,683.0,,,14.7424
kepler-56 b,4.768,36.40310707,10.5007334,0.0,Kepler-56,1.672,,,912.994,293.7583002,41.871807,2012.0,Transit,,,,12.4298
kepler-56 c,,,21.40569598,,Kepler-56,,4.21799,4819.44,912.994,293.7583002,41.871807,2012.0,Transit,,,0.3631,12.4298
kepler-56 d,,2044.751653,994.439067,0.204814,Kepler-56,1.672,,,912.994,293.7583002,41.871807,2016.0,Radial Velocity,,,,12.4298
kepler-560 b,1.47,,18.477644,,Kepler-560,0.269,0.272,3430.0,109.308,300.2066441,45.0182402,2016.0,Transit,298.0,,-0.25,14.7511
kepler-561 b,6.527,,58.3620495,,Kepler-561,0.98,0.884,5479.0,621.378,293.7471107,45.1071981,2016.0,Transit,,,0.27,14.3316
kepler-561 c,,,5.35016878,,Kepler-561,0.94,0.925904,5408.89,621.378,293.7471107,45.1071981,2016.0,Transit,,,0.2801,14.3316
kepler-562 b,5.21,,18.009314436,,Kepler-562,0.93,0.9,5575.0,992.769,290.1196007,46.2737393,2016.0,Transit,,,-0.04,14.7427
kepler-563 b,3.09,,22.18432708,,Kepler-563,0.8,0.77,5066.0,565.207,292.4461832,46.2897548,2016.0,Transit,,,-0.08,14.7389
kepler-564 b,4.74,,3.750832285,0.0,Kepler-564,1.068,0.95,5776.0,863.037,296.8383661,46.6263912,2016.0,Transit,1129.0,,0.21,14.7194
kepler-565 b,3.22,,4.243747226,0.0,Kepler-565,0.926,0.84,5876.0,,283.6180825,47.1967793,2016.0,Transit,1061.0,,-0.3,
kepler-566 b,2.2,,18.42787,0.0,Kepler-566,0.759,0.78,5141.0,564.277,291.5544735,47.8144362,2016.0,Transit,565.0,,,14.9644
kepler-567 b,,,16.54296952,,Kepler-567,0.82,0.845398,4960.0,558.81,297.6726072,48.3023458,2016.0,Transit,,,,14.6694
kepler-568 b,2.46,,11.023474798,0.0,Kepler-568,0.551,0.537,3744.0,130.645,298.1061315,48.4016448,2016.0,Transit,429.0,,0.2,14.2513
kepler-569 b,3.16,,34.18890521,,Kepler-569,0.95,0.93,5616.0,638.301,283.507219,48.552633,2016.0,Transit,,,0.01,14.0822
kepler-57 b,3.135,25.06,5.72,0.0162,Kepler-57,0.859,0.826,5187.9,644.14,293.6413146,44.6570692,2012.0,Transit,,,,14.7738
kepler-57 c,1.58,,11.609257,0.0,Kepler-57,0.843,0.74,5294.0,644.14,293.6413146,44.6570692,2012.0,Transit,652.0,,,14.7738
kepler-570 b,,,4.30165843,,Kepler-570,0.93,0.823456,5363.89,568.148,290.4376111,48.7918597,2016.0,Transit,,,0.158,14.3288
kepler-571 b,2.517,,,,Kepler-571,,0.849,5637.0,723.875,286.5510448,49.418731,2016.0,Transit,,,,14.6536
kepler-572 b,2.29,,17.20523483,0.0,Kepler-572,0.771,0.693,5208.0,504.667,291.221172,50.5813487,2016.0,Transit,553.0,,-0.38,14.4853
kepler-573 b,2.44,,22.18339,0.0,Kepler-573,1.009,0.9,5911.0,771.471,289.5211955,51.2374057,2016.0,Transit,629.0,,,14.1359
kepler-574 b,2.25,,7.65880414,0.0,Kepler-574,0.858,0.855,5657.0,682.896,290.2470519,52.1491051,2016.0,Transit,858.0,,-0.26,14.5392
kepler-575 b,,,9.3788428215,,Kepler-575,0.98,0.983912,5545.0,853.977,286.9638856,37.8296147,2016.0,Transit,,,,14.7124
kepler-576 b,3.0,,29.9115,0.0,Kepler-576,0.83,0.95,5447.0,617.55,295.1828896,38.6542028,2016.0,Transit,555.0,,,14.382
kepler-577 b,2.37,,25.69597,0.0,Kepler-577,0.784,0.688,5057.0,524.247,294.7119855,39.0737317,2016.0,Transit,467.0,,,14.9368
kepler-578 b,2.54,,1.616883696,0.0,Kepler-578,0.877,1.066,5417.0,541.432,288.7549882,39.563696,2016.0,Transit,1536.0,,0.12,14.4107
kepler-579 b,1.9,,9.66857386,0.0,Kepler-579,0.884,0.836,5288.0,530.765,295.0020771,39.9528613,2016.0,Transit,730.0,,0.1,14.2462
kepler-58 b,,,10.21864532,,Kepler-58,1.02,1.01795,5707.0,969.252,296.3586251,39.1152033,2012.0,Transit,,,,14.8663
kepler-58 c,2.674,,,,Kepler-58,,0.986,5776.0,969.252,296.3586251,39.1152033,2012.0,Transit,,,,14.8663
kepler-58 d,2.95,,40.1014272,,Kepler-58,1.024,0.965,5776.0,969.252,296.3586251,39.1152033,2014.0,Transit,,,0.1,14.8663
kepler-58 e,1.69200003,,4.458169937,,Kepler-58,1.017,1.083,6100.0,969.252,296.3586251,39.1152033,2023.0,Transit,,,-0.12,14.8663
kepler-580 b,2.28,,8.222419656,0.0,Kepler-580,0.58,0.56,4003.0,323.899,283.4997537,40.5528053,2016.0,Transit,512.0,,-0.13,14.9505
kepler-581 b,2.67,,40.606895,0.0,Kepler-581,0.93,1.027,5538.0,703.758,295.4326552,40.6481874,2016.0,Transit,521.0,,0.14,14.5302
kepler-582 b,3.68,,18.49235668,,Kepler-582,0.93,0.91,5564.0,613.179,297.503718,41.0570326,2016.0,Transit,,,0.01,14.9129
kepler-583 b,2.28,,6.5100253,,Kepler-583,0.94,0.91,5523.0,867.271,282.1113206,42.3545514,2016.0,Transit,,,0.07,14.7985
kepler-584 b,5.371,,,,Kepler-584,,1.566,6519.0,1848.84,288.230615,42.4136181,2016.0,Transit,,,,14.8141
kepler-585 b,3.64,,2.752359753,0.0,Kepler-585,0.994,1.17,5749.0,585.187,286.5284924,43.8733751,2016.0,Transit,1400.0,,0.1,14.0171
kepler-586 b,2.89,,2.104721971,0.0,Kepler-586,1.091,0.975,5703.0,693.766,293.0571982,45.5511266,2016.0,Transit,1365.0,,0.36,14.4125
kepler-587 b,2.08,,10.94026745,0.0,Kepler-587,0.961,0.864,5749.0,787.894,288.6706571,47.3991249,2016.0,Transit,764.0,,-0.1,14.8658
kepler-588 b,,,4.22162342,,Kepler-588,1.03,1.2826,5742.0,1209.4,284.2572531,47.6889081,2016.0,Transit,,,,14.6813
kepler-589 b,2.4,,16.549414,0.0,Kepler-589,0.8,0.87,5337.0,612.803,280.6414331,47.7520581,2016.0,Transit,638.0,,,14.6611
kepler-589 c,,,3.52467888,,Kepler-589,0.9,0.807248,5262.0,612.803,280.6414331,47.7520581,2021.0,Transit,,,,14.6611
kepler-59 b,1.23,,11.86817,0.0,Kepler-59,1.14,1.06,6314.0,1163.22,287.0394932,46.6401677,2012.0,Transit,880.0,,,14.2786
kepler-59 c,2.144,,17.9776157,,Kepler-59,0.93,1.338,5884.0,1163.22,287.0394932,46.6401677,2012.0,Transit,,,-0.2,14.2786
kepler-590 b,,,5.8529635546,,Kepler-590,1.04,1.71547,5799.81,1421.81,296.3855467,48.2334177,2016.0,Transit,,,0.241,14.4165
kepler-591 b,,,81.16951302,,Kepler-591,0.99,0.976707,5583.99,785.137,286.024052,48.431729,2016.0,Transit,,,0.192,14.4607
kepler-592 b,2.17,,2.820192408,0.0,Kepler-592,1.045,0.967,6091.0,1153.13,285.7907395,48.6832431,2016.0,Transit,1326.0,,-0.14,14.6275
kepler-593 b,,,21.21712312,,Kepler-593,1.07,1.04777,5902.23,973.76,294.9513923,48.6511709,2016.0,Transit,,,0.1,14.4995
kepler-594 b,2.248,,,,Kepler-594,,0.904,5566.0,769.2,288.9217259,49.7620237,2016.0,Transit,,,,14.7563
kepler-595 b,3.755,,,,Kepler-595,,0.843,5108.0,643.009,294.5703593,50.6730147,2016.0,Transit,,,,14.7628
kepler-595 c,,,12.3860474,,Kepler-595,0.87,0.845548,5138.5,643.009,294.5703593,50.6730147,2020.0,Transit,,,0.406,14.7628
kepler-596 b,3.375,,,,Kepler-596,,1.319,5984.0,1023.85,289.5006797,51.6857106,2016.0,Transit,,,,14.0136
kepler-597 b,,,13.02363236,,Kepler-597,1.0,1.00322,5652.97,663.418,293.4700919,39.2528182,2016.0,Transit,,,0.1607,14.0185
kepler-598 b,1.558,,,,Kepler-598,,0.856,5274.0,681.086,293.1234493,40.9348005,2016.0,Transit,,,,14.7207
kepler-598 c,2.91,,86.4947807,0.0,Kepler-598,0.815,0.898,5252.0,681.086,293.1234493,40.9348005,2020.0,Transit,367.0,,0.04,14.7207
kepler-599 b,2.97,,15.65562652,0.0,Kepler-599,0.779,0.837,5185.0,558.517,285.9115968,41.0695091,2016.0,Transit,623.0,,-0.06,14.9483
kepler-6 b,14.616536,212.31044,3.2346996,,Kepler-6,1.209,1.391,5647.0,587.039,296.8372475,48.2399695,2009.0,Transit,1460.0,,0.34,13.1714
kepler-60 b,,,,,Kepler-60,,,,,,,2012.0,Transit,,,,
kepler-60 c,2.47,,8.9193459,,Kepler-60,1.11,1.5,5915.0,1025.1,288.9612535,42.2650472,2012.0,Transit,,,,13.9132
kepler-60 d,1.52,,11.8984932,,Kepler-60,1.09,1.28,5961.0,1025.1,288.9612535,42.2650472,2012.0,Transit,,,0.05,13.9132
kepler-600 b,,,23.67520728,,Kepler-600,0.89,0.821693,5238.0,619.723,283.8330588,41.9786358,2016.0,Transit,,,,14.701
kepler-601 b,1.77,,5.378868441,0.0,Kepler-601,0.756,0.725,5207.0,414.825,282.0046852,42.1764657,2016.0,Transit,836.0,,-0.32,14.0013
kepler-602 b,,,15.28467725,,Kepler-602,0.98,1.57201,5554.67,1159.31,296.0318985,42.1418634,2016.0,Transit,,,-0.254,14.4779
kepler-603 b,2.35,,21.05358596,0.0,Kepler-603,0.983,0.906,5960.0,1539.63,294.2809679,42.2909295,2016.0,Transit,650.0,,-0.2,14.8159
kepler-603 c,,,127.909809185,,Kepler-603,1.05,1.54113,5825.0,1539.63,294.2809679,42.2909295,2016.0,Transit,,,0.31,14.8159
kepler-603 d,1.22,,6.2171292,0.0,Kepler-603,0.983,0.906,5960.0,1539.63,294.2809679,42.2909295,2016.0,Transit,976.0,,-0.2,14.8159
kepler-604 b,,,25.8550459904,,Kepler-604,1.04,1.10571,5787.0,1026.49,292.3159795,42.6262429,2016.0,Transit,,,,14.6798
kepler-605 b,1.33,,3.383538066,0.0,Kepler-605,0.92,0.82,5438.0,556.58,287.2954015,43.2798677,2016.0,Transit,1049.0,,0.02,14.1363
kepler-605 c,0.8,,2.358951515,0.0,Kepler-605,0.92,0.82,5438.0,556.58,287.2954015,43.2798677,2016.0,Transit,1183.0,,0.02,14.1363
kepler-606 b,2.8,,24.31574009,0.0,Kepler-606,1.104,1.047,6242.0,1215.11,292.42737,44.3812406,2016.0,Transit,683.0,,-0.1,14.6644
kepler-607 b,0.99,,0.638163204,0.0,Kepler-607,0.808,0.888,5244.0,519.122,291.0571451,44.632306,2016.0,Transit,1876.0,,0.02,14.3746
kepler-607 c,2.98,,39.6769617,0.0,Kepler-607,0.808,0.888,5244.0,519.122,291.0571451,44.632306,2021.0,Transit,473.0,,0.02,14.3746
kepler-608 b,4.03,,6.412515037,0.0,Kepler-608,1.038,1.108,6026.0,946.683,293.882901,44.6380717,2016.0,Transit,1069.0,,-0.02,14.657
kepler-609 b,3.036,,,,Kepler-609,,1.074,5836.0,1065.82,292.2203009,44.6999902,2016.0,Transit,,,,14.8041
kepler-61 b,,,59.87792,,Kepler-61,0.649,0.703757,4148.0,335.079,295.3044942,42.4753193,2013.0,Transit,,,,15.0426
kepler-610 b,,,6.9969254384,,Kepler-610,0.99,0.942016,5581.0,845.824,293.1713241,45.0655934,2016.0,Transit,,,,14.7698
kepler-610 c,2.63,,151.86392,0.0,Kepler-610,1.01,0.893,5713.0,845.824,293.1713241,45.0655934,2016.0,Transit,318.0,,0.07,14.7698
kepler-611 b,1.61,,2.437033302,0.0,Kepler-611,1.09,0.984,5984.0,1395.56,286.0049121,45.4803043,2016.0,Transit,1371.0,,0.07,14.5717
kepler-612 b,2.42,,3.722156413,0.0,Kepler-612,0.884,0.811,5618.0,1445.53,291.3546278,45.7478551,2016.0,Transit,1051.0,,-0.22,14.9103
kepler-613 b,2.19,,15.77979614,0.0,Kepler-613,1.001,0.911,5941.0,861.494,282.7868415,46.2449846,2016.0,Transit,713.0,,-0.14,14.5892
kepler-614 b,2.35,,14.03491514,0.0,Kepler-614,0.731,0.785,5258.0,527.995,298.3848866,46.2759867,2016.0,Transit,641.0,,-0.32,14.5441
kepler-615 b,1.74,,10.35584657,,Kepler-615,0.73,0.69,4655.0,,282.4506927,46.3213671,2016.0,Transit,,,-0.07,14.3489
kepler-616 b,2.48,,9.99761851,0.0,Kepler-616,1.061,0.977,6004.0,945.775,294.989137,46.8383058,2016.0,Transit,860.0,,-0.02,14.9475
kepler-616 c,3.37,,90.4113556,0.0,Kepler-616,1.061,0.977,6004.0,945.775,294.989137,46.8383058,2016.0,Transit,413.0,,-0.02,14.9475
kepler-616 d,2.44,,51.0674355,0.0,Kepler-616,1.061,0.977,6004.0,945.775,294.989137,46.8383058,2021.0,Transit,499.0,,-0.02,14.9475
kepler-617 b,1.32,,1.682696148,,Kepler-617,0.51,0.48,3712.0,173.354,283.7407247,47.5161237,2016.0,Transit,,,-0.07,14.8277
kepler-618 b,2.39,,3.595769645,0.0,Kepler-618,1.052,1.011,6108.0,1221.96,286.2498525,48.0609256,2016.0,Transit,1252.0,,-0.08,14.8038
kepler-619 b,3.0,,5.404283,0.0,Kepler-619,1.07,0.98,6119.0,900.678,290.8490899,48.4159782,2016.0,Transit,1072.0,,,14.6704
kepler-619 c,1.375,,1.208465026,,Kepler-619,0.993,0.884,5816.0,900.678,290.8490899,48.4159782,2016.0,Transit,,,0.08,14.6704
kepler-619 d,9.0,,11.678907,0.0,Kepler-619,1.07,0.98,6119.0,900.678,290.8490899,48.4159782,2023.0,Transit,832.0,,,14.6704
kepler-62 b,1.38,,5.714890717,,Kepler-62,0.72,0.67,4967.0,300.874,283.2125621,45.3496992,2013.0,Transit,,,-0.36,13.7197
kepler-62 c,0.636,,12.4416871,0.0,Kepler-62,0.697,,,300.874,283.2125621,45.3496992,2013.0,Transit,,,,13.7197
kepler-62 d,1.96,,18.16407876,0.0,Kepler-62,0.637,0.653,4797.0,300.874,283.2125621,45.3496992,2013.0,Transit,501.0,,-0.46,13.7197
kepler-62 e,1.61,36.0,122.3874,,Kepler-62,0.69,0.64,4925.0,300.874,283.2125621,45.3496992,2013.0,Transit,270.0,K2 V,-0.37,13.7197
kepler-62 f,1.42,,267.283301,0.0,Kepler-62,0.637,0.653,4797.0,300.874,283.2125621,45.3496992,2013.0,Transit,205.0,,-0.46,13.7197
kepler-620 b,,,12.91387805,,Kepler-620,1.16,1.30709,6142.88,1355.28,291.1593939,51.3348228,2016.0,Transit,,,-0.105,14.6381
kepler-621 b,2.3,,2.628113746,,Kepler-621,0.72,0.68,4521.0,,290.927245,39.9141166,2016.0,Transit,,,-0.02,14.8956
kepler-622 b,1.64,,14.28226676,0.0,Kepler-622,0.49,0.47,3679.0,284.761,284.4784454,40.9331723,2016.0,Transit,369.0,,-0.02,14.6521
kepler-623 b,3.23,,9.07097734,0.0,Kepler-623,1.008,0.929,5672.0,737.702,296.9867284,47.4773531,2016.0,Transit,825.0,,0.14,14.9634
kepler-624 b,,,14.5865586183,,Kepler-624,1.18,1.22089,6176.34,748.188,295.1933631,39.5396946,2016.0,Transit,,,-0.238,13.4569
kepler-625 b,,,7.75192755,,Kepler-625,1.13,1.45378,6049.15,760.708,292.1504723,39.6375254,2016.0,Transit,,,0.166,13.2641
kepler-625 c,1.0,,4.16536757,0.0,Kepler-625,1.004,0.912,5604.0,760.708,292.1504723,39.6375254,2016.0,Transit,1048.0,,0.18,13.2641
kepler-626 b,,,14.48586384,,Kepler-626,0.986,1.01824,5583.62,635.643,288.6986828,39.7082044,2016.0,Transit,,,-0.816,13.9435
kepler-627 b,3.36,,40.6994443,0.0,Kepler-627,1.012,1.362,6419.0,984.307,292.1042198,39.7678585,2016.0,Transit,685.0,,-0.48,13.949
kepler-629 b,,,7.2384964055,,Kepler-629,0.924,0.84085,5346.96,372.05,289.4179128,39.9450757,2016.0,Transit,,,0.1602,13.358
kepler-63 b,6.31,,9.4341577,0.0,Kepler-63,1.069,0.993,5721.0,194.033,289.2262876,49.5482814,2013.0,Transit,843.0,,,11.5352
kepler-630 b,4.79,,161.4743937,0.0,Kepler-630,0.974,1.569,6036.0,839.784,293.4270647,39.9423967,2016.0,Transit,440.0,,-0.38,13.8518
kepler-631 b,2.7,,17.97988,0.0,Kepler-631,1.18,1.11,6433.0,761.966,296.885724,40.2281717,2016.0,Transit,795.0,,,13.493
kepler-632 b,2.42,,30.99660733,0.0,Kepler-632,0.825,0.918,5275.0,,297.252613,40.288605,2016.0,Transit,524.0,,0.06,
kepler-633 b,2.18,,8.50340718,0.0,Kepler-633,1.03,1.549,6282.0,680.54,295.2173259,40.5921599,2016.0,Transit,1201.0,,-0.4,
kepler-633 c,2.45,,23.783247,0.0,Kepler-633,1.03,1.549,6282.0,680.54,295.2173259,40.5921599,2021.0,Transit,853.0,,-0.4,
kepler-634 b,1.61,,5.16950177,0.0,Kepler-634,1.028,1.089,6458.0,888.027,291.19509,40.7027352,2016.0,Transit,1222.0,,-0.42,13.4921
kepler-635 b,2.5,,23.44955,0.0,Kepler-635,1.13,1.26,6288.0,1141.08,289.7732613,40.8007019,2016.0,Transit,762.0,,,13.2638
kepler-636 b,4.45,,16.080661147,,Kepler-636,0.85,0.8,5203.0,310.301,293.5920614,41.0950891,2016.0,Transit,,,-0.02,
kepler-637 b,2.286,,,,Kepler-637,,1.261,6281.0,786.091,292.4172566,41.4168384,2016.0,Transit,,,,13.3288
kepler-638 b,,,6.07972016,,Kepler-638,0.92,2.15251,5342.68,991.214,284.9194213,41.6172093,2016.0,Transit,,,-0.247,13.5186
kepler-639 b,2.17,,10.21420496,0.0,Kepler-639,0.98,1.187,5850.0,850.242,292.1868271,41.726944,2016.0,Transit,929.0,,-0.04,13.2686
kepler-640 b,2.73,,22.24813967,0.0,Kepler-640,1.104,0.991,5749.0,557.787,296.0322,42.1317392,2016.0,Transit,631.0,,0.36,13.687
kepler-641 b,,,9.4896334832,,Kepler-641,0.96,1.74026,5476.78,969.918,291.8235292,42.5161945,2016.0,Transit,,,0.0589,13.7625
kepler-642 b,1.99,,4.41745855,0.0,Kepler-642,1.177,1.155,6528.0,781.582,293.8345542,42.624948,2016.0,Transit,1311.0,,-0.16,13.2945
kepler-643 b,10.99,,16.33889626,0.0,Kepler-643,1.15,2.69,4883.0,1063.58,290.3272423,42.8982283,2016.0,Transit,972.0,,0.16,13.7694
kepler-644 b,2.8,,3.173905,0.0,Kepler-644,1.22,1.52,6344.0,1318.05,295.4757022,43.4931119,2016.0,Transit,1625.0,,,13.9601
kepler-645 b,2.18,,3.275822621,0.0,Kepler-645,1.07,1.273,6449.0,1173.57,290.3227098,44.0358625,2016.0,Transit,1527.0,,-0.28,14.0305
kepler-646 b,1.53,,15.87360981,0.0,Kepler-646,0.801,0.737,5656.0,451.794,290.4714596,44.3870422,2016.0,Transit,632.0,,-0.56,13.7654
kepler-647 b,1.21,,16.2254975,0.0,Kepler-647,0.922,1.098,5956.0,1087.87,284.7882977,44.5916225,2016.0,Transit,788.0,,-0.28,13.9345
kepler-647 c,2.7,,29.66629667,0.0,Kepler-647,0.93,1.053,5955.0,1087.87,284.7882977,44.5916225,2020.0,Transit,630.0,,-0.26,13.9345
kepler-648 b,2.85,,17.4211749,0.0,Kepler-648,0.966,0.871,5796.0,636.03,283.8996207,45.0169137,2016.0,Transit,661.0,,-0.12,13.9145
kepler-649 b,2.243,,29.90722674,,Kepler-649,0.801,0.921,5694.0,513.748,285.6558336,45.0794516,2016.0,Transit,,,-0.4,13.3936
kepler-65 b,,,2.1549078275,,Kepler-65,1.167,1.5092,6149.0,303.728,288.6887221,41.1511076,2012.0,Transit,,,0.16,10.9656
kepler-65 c,2.623,5.4,5.859697,0.02,Kepler-65,1.248,1.437,,303.728,288.6887221,41.1511076,2012.0,Transit,,,,10.9656
kepler-65 d,1.607,,,,Kepler-65,,1.453,6220.0,303.728,288.6887221,41.1511076,2012.0,Transit,,,,10.9656
kepler-65 e,,260.0,258.8,0.283,Kepler-65,1.248,1.437,,303.728,288.6887221,41.1511076,2019.0,Radial Velocity,,,,10.9656
kepler-650 b,2.96,,3.032145588,,Kepler-650,1.08,1.35,5849.0,884.378,289.0009451,45.1542968,2016.0,Transit,,,0.13,14.1242
kepler-651 b,2.37,,21.38521506,,Kepler-651,0.92,0.87,5522.0,509.408,287.3327284,46.2034366,2016.0,Transit,,,-0.04,13.9621
kepler-652 b,2.58,,4.1820097,0.0,Kepler-652,0.906,0.898,5396.0,394.55,288.0080899,46.4736108,2016.0,Transit,1019.0,,,13.4353
kepler-653 b,1.95,,14.70748976,,Kepler-653,1.02,1.19,5665.0,595.634,282.2130447,46.7177898,2016.0,Transit,,,0.23,13.3461
kepler-653 c,0.95,,3.601506,0.0,Kepler-653,1.098,1.077,5686.0,595.634,282.2130447,46.7177898,2016.0,Transit,1201.0,,,13.3461
kepler-654 b,,,13.7248231983,,Kepler-654,1.05,1.66143,5843.0,974.124,297.0683931,46.8342497,2016.0,Transit,,,,13.6614
kepler-655 b,,,46.40626,,Kepler-655,1.22,1.23362,6261.79,752.562,297.2590664,46.843165,2016.0,Transit,,,-0.155,13.4641
kepler-656 b,3.69,,1.260259094,0.0,Kepler-656,1.042,0.956,5546.0,890.352,288.3278778,47.381538,2016.0,Transit,1570.0,,0.44,15.337
kepler-656 c,1.31,,5.25448795,0.0,Kepler-656,1.042,0.956,5546.0,890.352,288.3278778,47.381538,2023.0,Transit,977.0,,0.44,15.337
kepler-657 b,3.17,,24.54350418,0.0,Kepler-657,0.999,0.91,5955.0,1691.88,291.1973006,47.3077545,2016.0,Transit,616.0,,-0.16,15.319
kepler-658 b,1.42,,1.287076762,0.0,Kepler-658,0.53,0.51,3733.0,388.384,282.983621,47.5783897,2016.0,Transit,860.0,,0.07,15.491
kepler-659 b,2.21,,17.67168,0.0,Kepler-659,0.715,0.671,4858.0,722.64,287.6081777,47.5096893,2016.0,Transit,509.0,,,15.5655
kepler-66 b,2.81,,17.81595067,0.0,Kepler-66,0.968,0.933,5964.0,1202.96,293.9815378,46.687728,2013.0,Transit,699.0,,-0.22,15.1474
kepler-660 b,2.52,,9.27358194,0.0,Kepler-660,0.676,0.696,4856.0,568.431,288.1382985,47.7245642,2016.0,Transit,649.0,,-0.3,15.2644
kepler-661 b,2.708,,,,Kepler-661,,0.638,4542.0,534.788,283.7107463,47.8631748,2016.0,Transit,,,,15.8003
kepler-662 b,,,21.6771184589,,Kepler-662,0.79,0.939452,4852.86,815.637,290.4650801,47.9291252,2016.0,Transit,,,-0.191,15.3741
kepler-663 b,2.7,,4.99678284,0.0,Kepler-663,0.931,0.847,5339.0,1063.09,297.8082232,47.9466342,2016.0,Transit,917.0,,0.18,15.8686
kepler-664 b,2.308,,,,Kepler-664,,0.878,6025.0,1210.12,288.7549029,48.226203,2016.0,Transit,,,,15.499
kepler-665 b,2.86,,16.01310205,0.0,Kepler-665,0.785,0.826,5015.0,612.838,297.0255947,48.4785669,2016.0,Transit,593.0,,0.1,15.4019
kepler-666 b,2.21,,4.49876092,0.0,Kepler-666,1.048,0.969,6075.0,1508.71,298.4568899,48.7915925,2016.0,Transit,1133.0,,-0.12,15.3405
kepler-667 b,5.73,,41.43962808,0.0,Kepler-667,0.93,1.046,5468.0,2302.45,295.5549918,49.0172956,2016.0,Transit,516.0,,0.22,15.3616
kepler-668 b,2.8,,8.353917,0.0,Kepler-668,0.927,0.82,5612.0,784.618,285.4992845,49.2772713,2016.0,Transit,799.0,,,15.2931
kepler-669 b,4.0,,4.125573,0.0,Kepler-669,1.06,0.99,6098.0,2063.41,291.9361615,49.2539473,2016.0,Transit,1186.0,,,15.4817
kepler-67 b,2.92,,,,Kepler-67,,0.819,5238.0,1131.19,294.1533505,46.1663976,2013.0,Transit,,,,16.1723
kepler-670 b,,,2.8165048,,Kepler-670,0.94,1.01304,5413.0,939.744,297.0154644,49.2252988,2016.0,Transit,,,,15.0268
kepler-671 b,,,4.28096128,,Kepler-671,0.94,1.03215,5423.0,1168.26,294.2657519,49.3140933,2016.0,Transit,,,,15.3578
kepler-672 b,,,38.3775486,,Kepler-672,0.97,0.961413,5518.52,1033.93,291.7219993,49.4808492,2016.0,Transit,,,0.043,15.1312
kepler-673 b,6.27,,3.728731093,0.0,Kepler-673,0.911,0.812,5492.0,918.21,290.7857595,50.0540561,2016.0,Transit,1022.0,,-0.08,15.5056
kepler-674 b,1.88,,2.24,,Kepler-674,,,,342.254,285.1761864,50.1496897,2016.0,Transit,,,,15.1272
kepler-675 b,2.38,,2.33743801,0.0,Kepler-675,0.778,0.727,4989.0,665.68,293.8334488,50.2303479,2016.0,Transit,1054.0,,-0.1,15.3356
kepler-676 b,,,11.59822233,,Kepler-676,0.555695,0.561742,3655.0,295.196,296.2220259,50.2873626,2016.0,Transit,,,,15.8791
kepler-677 b,5.38,,6.57531678,,Kepler-677,1.0,0.99,5723.0,1954.08,290.0980478,50.3215731,2016.0,Transit,,,0.06,15.297
kepler-678 b,,,7.275040844,,Kepler-678,0.91,1.98346,5308.0,1826.15,295.4552577,50.4945093,2016.0,Transit,,,,15.0614
kepler-679 b,2.66,,12.3935651,0.0,Kepler-679,0.832,0.75,5557.0,922.244,296.0213374,50.5678019,2016.0,Transit,677.0,,-0.4,15.5291
kepler-68 b,2.21,,5.398752862,0.0,Kepler-68,0.997,1.198,5790.0,144.166,291.0323102,49.0402129,2013.0,Transit,1140.0,,0.06,9.93355
kepler-68 c,0.927,2.66952951,9.60503867,0.0,Kepler-68,1.042,,,144.166,291.0323102,49.0402129,2013.0,Transit,,,,9.93355
kepler-68 d,,267.0,625.0,,Kepler-68,1.08,1.24,5793.0,144.166,291.0323102,49.0402129,2013.0,Radial Velocity,,,0.12,9.93355
kepler-68 e,,86.4493267,3455.0,0.33,Kepler-68,1.057,1.2564,5847.0,144.166,291.0323102,49.0402129,2023.0,Radial Velocity,,,0.11,9.93355
kepler-680 b,1.96,,3.689926291,0.0,Kepler-680,1.01,0.917,5880.0,1492.48,291.622381,50.6181793,2016.0,Transit,1147.0,,-0.06,15.2152
kepler-681 b,,,26.39432897,,Kepler-681,0.81,0.807916,4937.0,686.923,289.3997364,51.2502428,2016.0,Transit,,,,15.2271
kepler-682 b,7.37,,12.611906672,,Kepler-682,0.92,0.89,5559.0,1979.25,289.1122204,51.7373589,2016.0,Transit,,,-0.05,15.1172
kepler-683 b,,,2.539183147,,Kepler-683,0.97,1.04285,5521.79,1023.07,291.4399598,37.9056293,2016.0,Transit,,,0.0796,15.0008
kepler-684 b,,,6.770300385,,Kepler-684,0.95,1.43405,5435.15,1731.27,290.8704935,38.2735978,2016.0,Transit,,,-0.0539,15.5793
kepler-685 b,9.73,,1.625522174,0.0,Kepler-685,0.935,1.106,5539.0,938.715,293.8719143,38.4229184,2016.0,Transit,1579.0,,0.16,15.0191
kepler-686 b,12.1,,1.59474469,0.0,Kepler-686,1.01,0.96,5973.0,1490.94,285.213819,39.027466,2016.0,Transit,1569.0,,,15.5242
kepler-687 b,3.62,,20.50586978,0.0,Kepler-687,0.739,0.761,4905.0,633.66,289.3154576,39.1532911,2016.0,Transit,518.0,,-0.04,15.3943
kepler-688 b,7.92,,3.895936844,0.0,Kepler-688,0.845,0.781,5557.0,1357.75,294.6552312,39.3083446,2016.0,Transit,1011.0,,-0.3,15.7323
kepler-689 b,,,22.3663045026,,Kepler-689,0.92,0.977875,5344.0,1131.73,294.7106347,39.5216975,2016.0,Transit,,,,15.592
kepler-69 b,2.29,,13.72237104,,Kepler-69,0.94,0.95,5745.0,730.625,293.2609013,44.8688656,2013.0,Transit,,,-0.14,13.712
kepler-69 c,,,242.466342954,,Kepler-69,1.03,1.25389,5757.89,730.625,293.2609013,44.8688656,2013.0,Transit,,,-0.1919,13.712
kepler-690 b,,,7.748094239,,Kepler-690,0.97,1.27664,5539.0,1665.31,294.4899225,39.7714758,2016.0,Transit,,,,15.6723
kepler-691 b,,,8.1143753285,,Kepler-691,0.557898,0.564255,3626.0,279.115,288.8117314,40.0332311,2016.0,Transit,,,,15.8385
kepler-692 b,,,21.81295996,,Kepler-692,0.92,0.896329,5330.0,991.336,294.7768068,40.1537027,2016.0,Transit,,,,15.5495
kepler-693 b,11.231,,,,Kepler-693,,0.85,4977.0,1151.51,283.253527,40.3582155,2016.0,Transit,,,,16.414
kepler-694 b,2.54,,6.365841612,0.0,Kepler-694,0.941,0.851,5787.0,1023.06,291.1495269,40.4204569,2016.0,Transit,917.0,,-0.18,15.0857
kepler-695 b,12.523,,,,Kepler-695,,1.103,5029.0,842.947,299.3160934,40.8223815,2016.0,Transit,,,,15.1132
kepler-696 b,6.21,,4.190425659,0.0,Kepler-696,1.163,1.135,6073.0,1416.44,293.4965906,41.1375635,2016.0,Transit,1234.0,,0.2,15.2389
kepler-697 b,4.35,,3.709870784,0.0,Kepler-697,1.013,0.978,5727.0,1277.33,283.8643937,41.3463859,2016.0,Transit,1151.0,,0.14,15.5462
kepler-698 b,3.97,,16.32976218,0.0,Kepler-698,0.987,0.983,5870.0,1995.57,288.5099994,41.3017465,2016.0,Transit,725.0,,-0.06,15.432
kepler-7 b,,,4.88548837,,Kepler-7,1.347,1.843,5933.0,922.562,288.5814928,41.0897335,2009.0,Transit,,,0.11,12.8649
kepler-700 b,4.73,,80.8720639,0.0,Kepler-700,0.779,0.764,5665.0,1491.76,287.154224,41.5657775,2016.0,Transit,376.0,,-0.58,15.1916
kepler-701 b,3.09,,10.35533177,0.0,Kepler-701,0.891,0.918,5501.0,774.152,288.99418,41.6333125,2016.0,Transit,777.0,,0.02,14.9683
kepler-702 b,8.4,,10.5262937,0.0,Kepler-702,0.84,0.81,5388.0,992.071,293.8781041,41.6617245,2016.0,Transit,716.0,,,15.3098
kepler-703 b,5.69,,4.583521756,0.0,Kepler-703,0.973,0.877,5815.0,1156.83,299.1868586,41.742699,2016.0,Transit,1039.0,,-0.12,15.2533
kepler-704 b,2.61,,3.76182115,,Kepler-704,0.97,0.96,5616.0,1228.83,283.3163671,41.8370942,2016.0,Transit,,,0.09,15.2487
kepler-705 b,1.96,,56.0560538,0.0,Kepler-705,0.49,0.47,3593.0,276.881,289.5085612,41.8120234,2016.0,Transit,229.0,,0.16,15.8521
kepler-707 b,1.251,,,,Kepler-707,,0.718,5263.0,591.776,290.007564,42.1164698,2016.0,Transit,,,,14.9969
kepler-708 b,2.93,,3.167891938,,Kepler-708,0.97,0.96,5692.0,1394.22,293.8164588,42.2125159,2016.0,Transit,,,0.01,15.5076
kepler-709 b,2.92,,16.08524954,,Kepler-709,0.8,0.77,5071.0,664.843,292.105272,42.3803077,2016.0,Transit,,,-0.08,15.1971
kepler-710 b,1.88,,4.347285527,,Kepler-710,0.94,0.91,5611.0,1448.34,291.9641255,42.6961308,2016.0,Transit,,,-0.04,15.0109
kepler-711 b,,,23.589202495,,Kepler-711,0.8,0.778615,4907.0,624.575,297.4600468,42.8398172,2016.0,Transit,,,,15.3293
kepler-712 b,,,21.02250694,,Kepler-712,0.83,0.764618,4996.0,872.493,294.9096739,42.9351987,2016.0,Transit,,,-0.05,15.8543
kepler-712 c,4.594,,226.89047,,Kepler-712,0.76,0.737,4927.0,872.493,294.9096739,42.9351987,2016.0,Transit,,,-0.08,15.8543
kepler-713 b,2.33,,7.411141,0.0,Kepler-713,1.014,0.919,5849.0,1089.87,295.6513819,43.0297781,2016.0,Transit,904.0,,-0.02,15.0191
kepler-714 b,13.16,,,,Kepler-714,,1.581,6217.0,2083.37,282.6994685,43.2727437,2016.0,Transit,,,,15.2407
kepler-715 b,3.1,,10.006563,0.0,Kepler-715,1.05,0.95,6040.0,1327.44,283.6307971,43.3793638,2016.0,Transit,854.0,,,15.0333
kepler-716 b,2.9,,10.37168453,,Kepler-716,0.83,0.78,5099.0,635.009,290.3931809,43.3638577,2016.0,Transit,,,0.0,15.1555
kepler-716 c,1.37,,3.96994893,0.0,Kepler-716,0.834,0.751,5174.0,635.009,290.3931809,43.3638577,2020.0,Transit,921.0,,-0.12,15.1555
kepler-717 b,2.73,,4.40840023,0.0,Kepler-717,0.968,0.961,6007.0,2805.48,292.9655071,43.346345,2016.0,Transit,1139.0,,-0.24,15.6239
kepler-718 b,22.51056206,,2.05234165653,,Kepler-718,,1.16875,5767.0,1302.33,299.5618676,43.5035173,2016.0,Transit,1539.42,,,15.2456
kepler-719 b,7.4,,5.007312,0.0,Kepler-719,0.997,0.89,5878.0,2497.51,295.5360628,43.8844116,2016.0,Transit,1025.0,,,15.9037
kepler-720 b,10.6,,4.708326451,0.0,Kepler-720,0.94,1.21,5560.0,1065.37,298.6356478,44.1709388,2016.0,Transit,1162.0,,0.14,15.1635
kepler-721 b,2.76,,5.392025388,0.0,Kepler-721,0.896,0.802,5192.0,926.598,284.4305132,44.4803776,2016.0,Transit,851.0,,0.16,15.6428
kepler-722 b,2.692,,,,Kepler-722,,0.944,6084.0,1239.5,290.2632874,44.5564051,2016.0,Transit,,,,15.3733
kepler-722 c,2.82,,105.144749,,Kepler-722,1.03,1.05,5863.0,1239.5,290.2632874,44.5564051,2016.0,Transit,,,0.02,15.3733
kepler-723 b,10.85,,4.082275068,0.0,Kepler-723,0.868,0.797,5649.0,1071.8,284.8304434,44.6580932,2016.0,Transit,1019.0,,-0.3,15.201
kepler-724 b,3.94,,3.314947362,0.0,Kepler-724,0.983,0.944,5609.0,853.119,293.4548441,44.7927823,2016.0,Transit,1155.0,,0.16,15.1206
kepler-725 b,10.52,,39.64317811,0.0,Kepler-725,0.909,0.833,5552.0,758.469,283.9774949,44.8115613,2016.0,Transit,476.0,,-0.08,14.9929
kepler-725 c,,9.7,207.541,0.436,Kepler-725,0.95,0.88,5395.0,758.469,283.9774949,44.8115613,2025.0,Transit Timing Variations,268.0,,,14.9929
kepler-726 b,3.26,,21.80451088,,Kepler-726,0.88,0.85,5452.0,762.081,291.7172776,44.8873466,2016.0,Transit,,,-0.09,15.035
kepler-727 b,,,5.15448405,,Kepler-727,0.91,0.824791,5294.85,831.842,294.8469333,45.0344155,2016.0,Transit,,,0.1872,15.352
kepler-728 b,,,5.74348015,,Kepler-728,0.98,1.3965,5567.0,1765.23,291.0923621,45.1155087,2016.0,Transit,,,,15.5249
kepler-729 b,3.97,,3.166353714,0.0,Kepler-729,1.072,0.998,6007.0,1921.15,286.3600604,45.4142664,2016.0,Transit,1274.0,,0.02,15.5472
kepler-730 b,10.3,,6.491684259,0.0,Kepler-730,1.157,1.13,6116.0,1935.04,285.5547895,45.578842,2016.0,Transit,1073.0,,0.14,15.6113
kepler-730 c,1.23,,2.85188338,0.0,Kepler-730,1.159,1.107,6123.0,1935.04,285.5547895,45.578842,2018.0,Transit,1398.0,,0.14,15.6113
kepler-731 b,13.75,,3.855603551,0.0,Kepler-731,1.149,1.047,6028.0,1257.16,296.3931945,45.568533,2016.0,Transit,1211.0,,0.21,15.2848
kepler-732 b,2.451,,,,Kepler-732,,0.526,3582.0,174.826,283.7317274,45.9585288,2016.0,Transit,,,,15.0519
kepler-732 c,1.24,,0.893040969,0.0,Kepler-732,0.491,0.458,3582.0,174.826,283.7317274,45.9585288,2016.0,Transit,893.0,,0.18,15.0519
kepler-733 b,2.42,,20.83495,0.0,Kepler-733,0.878,0.78,5429.0,916.706,293.0181882,45.9147063,2016.0,Transit,559.0,,,15.3954
kepler-734 b,3.56,,6.104852856,,Kepler-734,0.85,0.78,5326.0,1157.21,297.0456122,46.0273893,2016.0,Transit,,,-0.17,14.4119
kepler-735 b,,,11.5151598863,,Kepler-735,0.81,0.756226,4929.0,695.059,284.6888328,46.1721391,2016.0,Transit,,,,15.3849
kepler-736 b,2.1,,3.601449,0.0,Kepler-736,0.84,0.74,5273.0,1005.43,285.3913092,46.1809293,2016.0,Transit,963.0,,,15.7425
kepler-737 b,2.48,,28.59878,0.0,Kepler-737,0.534,0.513,3979.0,205.118,291.8629793,46.4291614,2016.0,Transit,326.0,,,15.1457
kepler-738 b,2.31,,24.58721573,0.0,Kepler-738,0.817,0.75,5465.0,1113.65,287.5696516,46.5679011,2016.0,Transit,531.0,,-0.34,15.5908
kepler-739 b,3.24,,12.53248222,0.0,Kepler-739,0.991,0.904,5997.0,1370.65,290.067994,46.5791535,2016.0,Transit,775.0,,-0.22,15.4527
kepler-74 b,14.8,216.12,7.340718,0.287,Kepler-74,1.4,1.51,6050.0,1177.55,293.0925275,41.3555095,2013.0,Transit,1250.0,F8 V,0.34,14.3652
kepler-740 b,4.907,,,,Kepler-740,,0.971,5750.0,1442.02,286.4822566,46.692456,2016.0,Transit,,,,15.9235
kepler-741 b,,,7.0390031955,,Kepler-741,1.09,1.38133,5944.0,1661.87,289.4317294,46.6174978,2016.0,Transit,,,,15.0455
kepler-742 b,3.101,,,,Kepler-742,,0.684,4732.0,489.253,283.8659676,46.7896522,2016.0,Transit,,,,15.1722
kepler-743 b,1.292,,,,Kepler-743,,0.916,5509.0,278.987,295.57423,42.8064255,2016.0,Transit,,,,12.5411
kepler-744 b,1.62,,12.06222962,0.0,Kepler-744,0.897,0.933,5547.0,449.964,296.4960493,47.1827848,2016.0,Transit,750.0,,0.0,13.5843
kepler-745 b,,,9.9313455303,,Kepler-745,1.0,1.60555,5654.67,1780.38,291.4994412,37.0592571,2016.0,Transit,,,0.0403,15.1634
kepler-746 b,,,3.4815917,,Kepler-746,,,5094.34,,290.6822097,37.3551593,2016.0,Transit,,,0.0823,13.6111
kepler-747 b,5.26,,35.61760587,0.0,Kepler-747,0.737,0.779,5123.0,3347.16,288.4165196,41.0298175,2016.0,Transit,456.0,,-0.2,15.7244
kepler-748 b,2.23,,7.40742793,0.0,Kepler-748,1.002,0.961,5922.0,1705.99,292.2628779,37.2369732,2016.0,Transit,938.0,,-0.08,15.2186
kepler-749 b,,,17.3171619956,,Kepler-749,0.81,0.772455,4940.93,721.027,299.8973341,43.9040667,2016.0,Transit,,,-0.579,15.7728
kepler-75 b,9.4,,8.8849176,0.0,Kepler-75,0.77,0.77,5152.0,835.356,291.1376203,36.5773443,2013.0,Transit,721.0,,,15.1789
kepler-750 b,3.07,,9.42887179,,Kepler-750,1.15,1.23,6160.0,1296.02,289.0968274,44.004364,2016.0,Transit,,,0.03,14.467
kepler-750 c,1.62,,4.08899022,,Kepler-750,1.15,1.23,6160.0,1296.02,289.0968274,44.004364,2016.0,Transit,,,0.03,14.467
kepler-751 b,,,17.4442401479,,Kepler-751,0.92,0.866325,5327.0,760.43,294.8438103,44.0776872,2016.0,Transit,,,,14.98
kepler-752 b,,,18.8276133925,,Kepler-752,0.96,0.965766,5466.0,1232.29,292.2681469,37.955672,2016.0,Transit,,,,15.7185
kepler-753 b,1.91,,5.747725012,,Kepler-753,0.68,0.65,4346.0,274.767,291.9032411,37.9023677,2016.0,Transit,,,-0.03,14.4746
kepler-754 b,1.76,,14.5596237,0.0,Kepler-754,0.983,0.966,5959.0,1770.27,293.2541121,37.8461519,2016.0,Transit,759.0,,-0.16,15.1258
kepler-755 b,1.532,,,,Kepler-755,,0.83,5067.0,399.034,296.8609348,41.0973178,2016.0,Transit,,,,14.0242
kepler-755 c,1.478,,,,Kepler-755,,0.83,5067.0,399.034,296.8609348,41.0973178,2016.0,Transit,,,,14.0242
kepler-756 b,1.19,,1.224866322,0.0,Kepler-756,0.902,0.827,5573.0,,290.6079736,41.201094,2016.0,Transit,1518.0,,-0.12,15.3912
kepler-757 b,0.95,,1.022678821,0.0,Kepler-757,0.883,0.806,5559.0,1068.68,296.6804876,41.3865279,2016.0,Transit,1593.0,,-0.18,14.7637
kepler-758 b,2.34,,12.1097104,0.0,Kepler-758,1.261,1.351,6692.0,1502.32,293.0846115,41.1354049,2016.0,Transit,1028.0,,-0.14,14.3267
kepler-758 c,1.65,,4.75793986,0.0,Kepler-758,1.261,1.351,6692.0,1502.32,293.0846115,41.1354049,2016.0,Transit,1404.0,,-0.14,14.3267
kepler-758 d,,,20.4971697,,Kepler-758,1.3,1.53467,6442.0,1502.32,293.0846115,41.1354049,2016.0,Transit,,,,14.3267
kepler-758 e,1.47,,8.1934719,0.0,Kepler-758,1.261,1.351,6692.0,1502.32,293.0846115,41.1354049,2016.0,Transit,1171.0,,-0.14,14.3267
kepler-759 b,,,41.8059544,,Kepler-759,,,,1073.48,290.1314231,41.3814345,2016.0,Transit,,,,14.7869
kepler-76 b,10.7011777,,1.54493336287,,Kepler-76,,1.4874,6136.25,822.96,294.1921185,39.6189727,2013.0,Orbital Brightness Modulation,1991.47,,,13.2755
kepler-760 b,,,8.70419734,,Kepler-760,0.87,0.905798,5162.0,792.336,287.5931997,44.1794278,2016.0,Transit,,,,15.0731
kepler-760 c,1.559,,,,Kepler-760,,0.862,5239.0,792.336,287.5931997,44.1794278,2016.0,Transit,,,,15.0731
kepler-761 b,2.6,,10.12824,0.0,Kepler-761,1.07,1.07,6149.0,830.707,290.503599,44.1436249,2016.0,Transit,916.0,,,14.7087
kepler-762 b,15.82246197,,3.77058645414,,Kepler-762,,1.38188,5897.0,1898.26,291.2756631,47.3295107,2016.0,Transit,1388.68,,,15.4266
kepler-763 b,1.22,,1.19655156,,Kepler-763,0.84,0.8,5166.0,962.459,292.1445534,47.1573604,2016.0,Transit,,,0.01,15.6824
kepler-763 c,1.42,,4.09667624,0.0,Kepler-763,0.8,0.843,4999.0,962.459,292.1445534,47.1573604,2023.0,Transit,938.0,,0.18,15.6824
kepler-763 d,1.58,,6.50323791,0.0,Kepler-763,0.879,0.793,5258.0,962.459,292.1445534,47.1573604,2023.0,Transit,808.0,,0.04,15.6824
kepler-764 b,1.59,,7.33683936,0.0,Kepler-764,0.932,0.847,5798.0,1047.84,297.3931183,47.1645814,2016.0,Transit,876.0,,-0.22,15.3002
kepler-765 b,2.29,,27.6655226,0.0,Kepler-765,0.939,1.017,6036.0,1076.28,283.1846044,47.1557114,2016.0,Transit,641.0,,-0.32,14.5996
kepler-766 b,,,6.10027621,,Kepler-766,1.0,1.74979,5658.0,2297.62,293.1845144,37.9698357,2016.0,Transit,,,,15.648
kepler-767 b,6.15,,161.5280101,0.0,Kepler-767,0.959,0.867,5870.0,2251.03,291.5791562,38.0358066,2016.0,Transit,318.0,,-0.2,15.4176
kepler-768 b,1.74,,11.3910025,0.0,Kepler-768,0.814,0.76,4999.0,784.56,294.1156858,38.3934378,2016.0,Transit,632.0,,0.06,15.7232
kepler-769 b,2.35,,7.42608998,0.0,Kepler-769,1.07,1.009,6225.0,1169.57,292.7130925,38.3581685,2016.0,Transit,999.0,,-0.18,14.7604
kepler-769 c,2.2,,15.98467,0.0,Kepler-769,1.1,1.02,6215.0,1169.57,292.7130925,38.3581685,2016.0,Transit,773.0,,,14.7604
kepler-77 b,12.14160424,,3.57875698546,,Kepler-77,,1.06062,5482.59,639.411,289.6079433,44.3454347,2013.0,Transit,1171.96,,,13.9172
kepler-770 b,,,18.92537246,,Kepler-770,0.96,1.17497,5493.0,930.457,286.4904589,38.374872,2016.0,Transit,,,,14.5966
kepler-770 c,0.95,,1.475322314,0.0,Kepler-770,0.822,0.753,5513.0,930.457,286.4904589,38.374872,2016.0,Transit,1368.0,,-0.36,14.5966
kepler-770 d,,,4.15246118,,Kepler-770,0.96,1.17497,5493.0,930.457,286.4904589,38.374872,2016.0,Transit,,,,14.5966
kepler-771 b,1.67,,8.73485836,0.0,Kepler-771,1.047,0.96,5982.0,1393.85,287.4441104,38.0884183,2016.0,Transit,890.0,,-0.04,14.7461
kepler-772 b,,,12.99204853,,Kepler-772,0.98,1.85723,5567.78,1130.21,291.423582,38.2165603,2016.0,Transit,,,0.1108,13.9556
kepler-773 b,1.68,,3.749105745,0.0,Kepler-773,0.987,0.983,5751.0,547.026,290.8846217,38.0575539,2016.0,Transit,1160.0,,0.06,13.2797
kepler-774 b,3.51,,11.08956602,0.0,Kepler-774,1.497,2.867,6353.0,917.804,291.0318604,38.211894,2016.0,Transit,1422.0,,-0.1,12.7699
kepler-775 b,,,0.97487027,,Kepler-775,0.928,0.852051,5362.23,398.676,291.4332781,41.7033162,2016.0,Transit,,,0.0293,13.4673
kepler-776 b,1.38,,4.89718784,0.0,Kepler-776,0.794,0.847,5093.0,727.904,287.2726117,41.6356009,2016.0,Transit,904.0,,0.08,15.42
kepler-777 b,1.38,,5.72812616,0.0,Kepler-777,0.567,0.548,3968.0,443.106,282.7241098,44.3465098,2016.0,Transit,569.0,,-0.14,15.9397
kepler-778 b,1.72,,3.75574426,0.0,Kepler-778,0.884,0.788,5311.0,938.168,287.4774867,44.2374702,2016.0,Transit,977.0,,-0.04,15.7514
kepler-779 b,0.83,,7.09714223,0.0,Kepler-779,0.41,0.4,3555.0,283.155,285.6285208,44.3107855,2016.0,Transit,428.0,,-0.07,15.6335
kepler-78 b,1.16,8.0,0.35500744,,Kepler-78,0.81,0.74,5089.0,124.376,293.7419543,44.4482521,2013.0,Transit,,G,-0.14,11.5287
kepler-780 b,0.97,,0.677375164,0.0,Kepler-780,0.955,1.099,5735.0,557.652,281.7663511,44.2924898,2016.0,Transit,2173.0,,0.02,13.3393
kepler-781 b,2.88,,13.21415,0.0,Kepler-781,0.861,0.759,5363.0,1064.47,287.6535874,47.4147762,2016.0,Transit,639.0,,,15.9511
kepler-782 b,3.73,,158.6853308,0.0,Kepler-782,0.976,1.186,6126.0,446.844,288.868246,47.75947,2016.0,Transit,390.0,,-0.28,12.7304
kepler-783 b,0.707,,4.29264638,,Kepler-783,0.881,0.848,5381.0,516.09,291.0628615,47.484789,2016.0,Transit,,,-0.01,13.9378
kepler-783 c,2.33153725,,7.05395,,Kepler-783,0.94,0.872088,5411.49,516.09,291.0628615,47.484789,2020.0,Transit,,,-0.03,13.9378
kepler-784 b,3.494,,31.5922646,,Kepler-784,1.443,2.789,5640.0,1303.72,295.9206663,47.4486164,2016.0,Transit,,,0.1,13.2634
kepler-784 c,,,17.15699192,,Kepler-784,0.98,2.87389,5576.0,1303.72,295.9206663,47.4486164,2023.0,Transit,,,,13.2634
kepler-785 b,9.14,,1.973760926,0.0,Kepler-785,0.53,0.5,3806.0,642.051,292.0683108,38.8422004,2016.0,Transit,752.0,,-0.06,15.7615
kepler-786 b,2.303,,,,Kepler-786,,0.714,4772.0,485.318,293.7439223,38.9392217,2016.0,Transit,,,,14.9463
kepler-787 b,1.342,,,,Kepler-787,,0.698,4109.0,503.568,291.6924773,38.5729105,2016.0,Transit,,,,15.8612
kepler-788 b,2.16,,8.39846269,0.0,Kepler-788,1.084,1.031,6297.0,1775.8,290.0004154,38.5398551,2016.0,Transit,978.0,,-0.2,15.2595
kepler-789 b,2.12,,8.63847725,,Kepler-789,1.01,1.02,5870.0,1480.16,295.9751549,38.9466396,2016.0,Transit,,,-0.06,14.5085
kepler-79 b,2.73,,13.48458665,0.0,Kepler-79,1.084,1.037,6388.0,1020.72,300.5171067,44.3815508,2012.0,Transit,850.0,,-0.28,13.8825
kepler-79 c,3.72,5.9,27.4029,0.03,Kepler-79,1.165,1.302,6174.0,1020.72,300.5171067,44.3815508,2012.0,Transit,,,-0.0731,13.8825
kepler-79 d,7.15,,52.09081602,,Kepler-79,1.18,1.31,6223.0,1020.72,300.5171067,44.3815508,2014.0,Transit,,,0.0,13.8825
kepler-79 e,2.85,,81.0634942,,Kepler-79,1.18,1.31,6223.0,1020.72,300.5171067,44.3815508,2014.0,Transit,,,0.0,13.8825
kepler-790 b,2.18,,13.73469807,,Kepler-790,0.84,0.8,5208.0,703.168,286.9171489,38.8722123,2016.0,Transit,,,-0.05,15.1947
kepler-791 b,3.05,,14.5539759,,Kepler-791,1.3,1.47,6383.0,1266.34,293.5958044,39.0294267,2016.0,Transit,,,0.06,14.3687
kepler-792 b,1.75,,11.30119217,0.0,Kepler-792,1.014,0.994,5948.0,1425.47,292.0068239,38.8207001,2016.0,Transit,831.0,,-0.06,14.976
kepler-793 b,,,4.2415470187,,Kepler-793,0.99,1.21429,5581.0,985.699,295.2167334,38.7744269,2016.0,Transit,,,,14.601
kepler-794 b,1.79,,11.13127,0.0,Kepler-794,1.05,1.16,6117.0,931.192,288.1336793,38.9968923,2016.0,Transit,924.0,,,13.442
kepler-795 b,1.851,,29.6193421,,Kepler-795,0.89,1.038,5582.0,492.122,291.0189951,38.5455728,2016.0,Transit,,,-0.02,13.3107
kepler-796 b,,,6.4008380671,,Kepler-796,,2.45824,5317.0,817.584,287.3078999,39.1447097,2016.0,Transit,,,,12.9866
kepler-797 b,,,27.07237655,,Kepler-797,1.06,1.65769,5875.0,1315.26,297.2089078,41.781645,2016.0,Transit,,,,14.5416
kepler-798 b,2.07,,13.7199,0.0,Kepler-798,1.16,1.11,6382.0,972.274,292.4782785,42.1422821,2016.0,Transit,862.0,,,14.1648
kepler-799 b,,,133.460999,,Kepler-799,,,,,287.1748966,44.8784754,2016.0,Transit,,,,
kepler-799 c,,,15.1944603,,Kepler-799,,,,,287.1748966,44.8784754,2021.0,Transit,,,,
kepler-8 b,14.83,,3.522498573,0.0,Kepler-8,1.132,1.451,6225.0,1021.87,281.2881335,42.4510975,2010.0,Transit,1521.0,,-0.04,13.5299
kepler-80 b,2.367,3.5,7.0534,0.0049,Kepler-80,0.73,0.678,4540.0,369.451,296.1125759,39.9787451,2012.0,Transit,,K5,0.04,14.7555
kepler-80 c,2.74,6.74,9.52355,,Kepler-80,0.73,0.678,4540.0,369.451,296.1125759,39.9787451,2012.0,Transit,,K5,0.04,14.7555
kepler-80 d,,,3.072146607,,Kepler-80,0.731,0.66402,4613.0,369.451,296.1125759,39.9787451,2014.0,Transit,,,0.07,14.7555
kepler-80 e,1.6,4.13,4.64489,,Kepler-80,0.73,0.678,4540.0,369.451,296.1125759,39.9787451,2014.0,Transit,,K5,0.04,14.7555
kepler-80 f,,,0.986785834,,Kepler-80,0.731,0.66402,4613.0,369.451,296.1125759,39.9787451,2016.0,Transit,,,0.07,14.7555
kepler-80 g,1.13,,14.64558,,Kepler-80,0.83,0.678,4540.0,369.451,296.1125759,39.9787451,2017.0,Transit,418.0,,0.04,14.7555
kepler-800 b,,,14.1316897928,,Kepler-800,0.91,0.787518,5293.0,1019.26,286.5747697,44.7951858,2016.0,Transit,,,,15.7477
kepler-801 b,1.55,,11.41928253,0.0,Kepler-801,0.51,0.49,3822.0,440.426,286.0751815,44.6646277,2016.0,Transit,419.0,,-0.21,15.2759
kepler-802 b,3.46,,40.0587473,0.0,Kepler-802,0.972,0.872,5674.0,780.585,286.0157998,45.0077413,2016.0,Transit,490.0,,0.0,14.8111
kepler-803 b,,,50.286791997,,Kepler-803,1.08,1.25037,5928.59,639.771,299.2216728,44.6939033,2016.0,Transit,,,0.023,13.63
kepler-804 b,1.94,,14.37457351,,Kepler-804,1.01,1.05,5817.0,649.65,293.3722109,44.7851812,2016.0,Transit,,,0.0,13.7361
kepler-804 c,1.198,,9.65185017,,Kepler-804,0.927,1.051,5705.0,649.65,293.3722109,44.7851812,2016.0,Transit,,,-0.02,13.7361
kepler-805 b,,,30.86396918,,Kepler-805,1.15,1.66924,6099.13,638.49,293.2300178,45.053364,2016.0,Transit,,,-0.1923,12.5048
kepler-806 b,1.506,,8.09219642,,Kepler-806,0.923,1.558,5737.0,361.896,296.0071956,44.8535698,2016.0,Transit,,,-0.25,11.5909
kepler-808 b,1.1,,0.631332353,0.0,Kepler-808,0.526,0.53,4441.0,,291.5941514,48.4454907,2016.0,Transit,1324.0,,-0.98,14.3539
kepler-809 b,3.01,,55.63934,,Kepler-809,0.99,0.98,5734.0,961.405,289.0836324,48.0180689,2016.0,Transit,,,0.04,14.6798
kepler-81 b,2.54,,5.954893,0.0,Kepler-81,0.648,0.594,4500.0,348.291,293.6369437,42.8248275,2012.0,Transit,646.0,,,15.004
kepler-81 c,1.75,,12.03956985,,Kepler-81,0.54,0.52,3896.0,348.291,293.6369437,42.8248275,2012.0,Transit,428.0,M0 V,-0.2,15.004
kepler-81 d,1.39,,20.83798,0.0,Kepler-81,0.648,0.594,4500.0,348.291,293.6369437,42.8248275,2014.0,Transit,427.0,,,15.004
kepler-810 b,,,4.5972469747,,Kepler-810,0.99,1.02739,5592.0,1458.59,296.6148615,48.0825642,2016.0,Transit,,,,15.7606
kepler-811 b,3.0,,23.58444746,0.0,Kepler-811,0.947,1.354,5655.0,985.041,285.4241593,47.8345586,2016.0,Transit,730.0,,0.0,13.9578
kepler-812 b,3.16,,10.11716531,0.0,Kepler-812,1.393,1.554,7138.0,1482.74,288.8552821,48.208517,2016.0,Transit,1228.0,,-0.2,13.7493
kepler-813 b,2.14,,19.12947337,,Kepler-813,0.95,0.93,5743.0,,285.6626752,48.4353251,2016.0,Transit,,,-0.13,14.5352
kepler-814 b,2.12,,6.1469851,,Kepler-814,1.15,1.22,6162.0,2055.77,284.9105256,48.4315896,2016.0,Transit,,,0.01,14.6655
kepler-815 b,,,8.5743858398,,Kepler-815,,3.68604,4982.09,1259.28,285.2211238,47.8813037,2016.0,Transit,,,-0.021,13.2306
kepler-816 b,9.41,,10.506825646,0.0,Kepler-816,0.859,0.784,5122.0,983.697,293.3628165,39.2124394,2016.0,Transit,669.0,,0.1,15.9357
kepler-817 b,8.02,,3.990106229,0.0,Kepler-817,1.004,0.913,5926.0,1484.46,296.0818498,39.161614,2016.0,Transit,1125.0,,-0.12,15.5969
kepler-818 b,4.69,,10.035385814,0.0,Kepler-818,0.935,0.847,5835.0,925.037,296.2351072,39.3702865,2016.0,Transit,793.0,,-0.24,15.0569
kepler-819 b,2.56,,33.1995648,0.0,Kepler-819,0.83,0.76,5307.0,664.306,295.3708312,39.1772925,2016.0,Transit,468.0,,-0.18,15.0662
kepler-82 b,4.7,,26.44435456,0.0,Kepler-82,0.966,0.928,5739.0,904.326,292.8733696,42.9661583,2012.0,Transit,588.0,,-0.02,15.1377
kepler-82 c,6.11,,51.53998542,0.0,Kepler-82,0.966,0.928,5739.0,904.326,292.8733696,42.9661583,2012.0,Transit,471.0,,-0.02,15.1377
kepler-82 d,1.86,,2.382951591,0.0,Kepler-82,0.915,0.929,5427.0,904.326,292.8733696,42.9661583,2014.0,Transit,1253.0,,0.16,15.1377
kepler-82 e,2.55,,5.902246921,0.0,Kepler-82,0.966,0.928,5739.0,904.326,292.8733696,42.9661583,2014.0,Transit,970.0,,-0.02,15.1377
kepler-82 f,,20.9,75.732,0.0014,Kepler-82,0.91,0.898,,904.326,292.8733696,42.9661583,2019.0,Transit Timing Variations,,,,15.1377
kepler-820 b,8.195,,127.8338098,,Kepler-820,1.433,1.83,6443.0,1387.2,291.0201523,39.2206091,2016.0,Transit,,,0.15,13.9436
kepler-821 b,1.25,,1.92279873,0.0,Kepler-821,0.808,0.778,5155.0,614.571,285.6173937,39.3794684,2016.0,Transit,1194.0,,-0.06,14.8177
kepler-822 b,1.47,,3.222975318,0.0,Kepler-822,0.899,0.96,5823.0,860.391,292.2760929,39.5501136,2016.0,Transit,1239.0,,-0.24,14.5966
kepler-823 b,,,4.16811839,,Kepler-823,0.98,1.5801,5570.0,1389.27,284.5825682,39.2201737,2016.0,Transit,,,,14.7625
kepler-824 b,,,4.51436096,,Kepler-824,1.1,1.0739,5975.64,1201.4,290.477406,39.7319975,2016.0,Transit,,,0.12,14.8825
kepler-825 b,1.35,,3.77360059,0.0,Kepler-825,0.868,0.969,6224.0,807.85,294.769825,39.3984081,2016.0,Transit,1270.0,,-0.72,14.1453
kepler-825 c,1.936,,,,Kepler-825,,1.058,6222.0,807.85,294.769825,39.3984081,2016.0,Transit,,,,14.1453
kepler-826 b,,,4.4875801584,,Kepler-826,1.17,1.31152,6160.28,779.596,284.8601128,39.2405076,2016.0,Transit,,,-0.3294,13.4122
kepler-827 b,8.133,,,,Kepler-827,,1.381,5674.0,2046.68,294.9660027,42.7085608,2016.0,Transit,,,,15.8616
kepler-828 b,,,0.567856484,,Kepler-828,0.82,0.726517,4954.0,575.322,286.8872555,42.4712271,2016.0,Transit,,,,15.0441
kepler-829 b,1.87,,6.883593,0.0,Kepler-829,0.952,0.84,5707.0,1073.76,282.3328312,42.4638125,2016.0,Transit,874.0,,,14.9206
kepler-83 b,2.71,42.1,9.771,,Kepler-83,0.632,0.592,,400.409,282.2325197,43.6655662,2012.0,Transit,,,,15.7832
kepler-83 c,2.2,,20.09020088,,Kepler-83,0.58,0.56,4082.0,400.409,282.2325197,43.6655662,2012.0,Transit,,,-0.23,15.7832
kepler-83 d,2.004,,,,Kepler-83,,0.613,3907.0,400.409,282.2325197,43.6655662,2014.0,Transit,,,,15.7832
kepler-830 b,1.7,,11.29695137,,Kepler-830,1.07,1.11,6037.0,,295.054238,42.7568316,2016.0,Transit,,,-0.02,14.7886
kepler-831 b,,,5.62154315,,Kepler-831,1.03,1.02145,5750.35,593.54,294.9855607,42.7277355,2016.0,Transit,,,-0.12,13.6311
kepler-832 b,2.33,,7.1396941,0.0,Kepler-832,1.101,0.993,6014.0,1688.12,295.9261101,45.383869,2016.0,Transit,965.0,,0.07,15.8594
kepler-833 b,2.18,,18.75,,Kepler-833,,,,467.37,290.4799052,45.6005798,2016.0,Transit,,,,15.4686
kepler-834 b,,,13.32381364,,Kepler-834,0.69,0.722055,4423.0,633.937,287.0544674,45.1803351,2016.0,Transit,,,,15.9285
kepler-835 b,,,11.41911886,,Kepler-835,1.06,1.42093,5855.0,2406.33,283.5742181,45.7348003,2016.0,Transit,,,,15.8901
kepler-836 b,2.68,,11.36112327,0.0,Kepler-836,1.079,1.017,6244.0,980.035,287.4527659,45.7043964,2016.0,Transit,871.0,,-0.18,14.5873
kepler-837 b,2.9,,,,Kepler-837,,0.845,5815.0,901.907,285.2467607,45.95011,2016.0,Transit,,,,15.229
kepler-838 b,,,15.74958583,,Kepler-838,1.03,0.89231,5773.0,1104.04,285.4354695,45.975959,2016.0,Transit,,,,15.2295
kepler-839 b,,,37.8145252,,Kepler-839,1.08,1.56856,5927.07,944.561,291.074684,45.242544,2016.0,Transit,,,0.1024,13.5633
kepler-84 b,3.03,,8.72585936,,Kepler-84,1.06,1.11,6039.0,1023.9,298.2520208,40.4960842,2012.0,Transit,,,-0.07,14.7902
kepler-84 c,3.15,,12.88291395,0.0,Kepler-84,0.987,1.131,6036.0,1023.9,298.2520208,40.4960842,2012.0,Transit,865.0,,-0.18,14.7902
kepler-84 d,1.6,,4.22453631,0.0,Kepler-84,0.987,1.131,6036.0,1023.9,298.2520208,40.4960842,2014.0,Transit,1254.0,,-0.18,14.7902
kepler-84 e,2.3,,27.4345883,0.0,Kepler-84,1.005,1.022,6028.0,1023.9,298.2520208,40.4960842,2014.0,Transit,636.0,,-0.14,14.7902
kepler-84 f,,,44.5503219781,,Kepler-84,,,,1023.9,298.2520208,40.4960842,2014.0,Transit,,,,14.7902
kepler-841 b,,,124.41987924,,Kepler-841,0.88,0.819176,5177.0,998.961,284.2513637,48.8095962,2016.0,Transit,,,,15.7442
kepler-842 b,1.6,,1.21956827,,Kepler-842,0.78,0.73,4848.0,532.726,292.3285976,49.6535171,2016.0,Transit,,,-0.02,15.1296
kepler-843 b,,,2.05388429,,Kepler-843,1.0,0.998644,5621.0,1165.66,296.3219786,48.9714373,2016.0,Transit,,,,15.2481
kepler-844 b,1.5,,2.613020421,0.0,Kepler-844,0.516,0.517,3883.0,431.776,287.8578541,48.7739646,2016.0,Transit,713.0,,-0.24,15.7957
kepler-845 b,2.1,,0.927859821,0.0,Kepler-845,0.754,0.783,4911.0,431.051,290.9576363,49.2037262,2016.0,Transit,1470.0,,0.04,14.6386
kepler-846 b,2.052,,,,Kepler-846,,0.83,5781.0,1127.12,287.0570731,49.0460112,2016.0,Transit,,,,15.6041
kepler-847 b,,,2.3432387029,,Kepler-847,0.76,0.825555,4746.0,513.103,283.5048144,49.4509371,2016.0,Transit,,,,14.7799
kepler-848 b,2.926,,6.91134416,,Kepler-848,1.218,2.006,5722.0,1378.47,293.2882949,48.8116114,2016.0,Transit,,,0.19,14.0105
kepler-849 b,7.14,,394.6244904,,Kepler-849,1.23,1.64,6059.0,822.134,290.8517961,48.5213243,2016.0,Transit,,,0.12,12.8358
kepler-85 b,,,8.30537702,,Kepler-85,0.96,0.864111,5495.0,765.025,290.9734395,45.2902761,2012.0,Transit,,,,14.766
kepler-85 c,1.865,,,,Kepler-85,,0.868,5520.0,765.025,290.9734395,45.2902761,2012.0,Transit,,,,14.766
kepler-85 d,1.27,,17.9133739,0.0,Kepler-85,0.971,0.872,5695.0,765.025,290.9734395,45.2902761,2014.0,Transit,644.0,,-0.02,14.766
kepler-85 e,1.21,,25.2152875,0.0,Kepler-85,0.971,0.872,5695.0,765.025,290.9734395,45.2902761,2014.0,Transit,574.0,,-0.02,14.766
kepler-850 b,1.78,,7.19303878,,Kepler-850,1.06,1.09,5932.0,1661.28,293.0844515,48.5753645,2016.0,Transit,,,0.03,15.4272
kepler-851 b,1.547,,,,Kepler-851,,0.805,5822.0,839.255,294.6802199,49.1401106,2016.0,Transit,,,,15.1081
kepler-852 b,2.54,,44.9309804,,Kepler-852,1.19,1.16,6100.0,1619.03,297.3915863,48.5606875,2016.0,Transit,,,0.22,13.9066
kepler-853 b,,,7.16893064,,Kepler-853,1.27,1.4745,6376.52,568.676,283.936781,49.1102748,2016.0,Transit,,,0.1268,12.2485
kepler-855 b,8.35,,7.886631104,,Kepler-855,1.03,1.03,5835.0,1506.58,295.0949565,43.537565,2016.0,Transit,,,0.06,15.0191
kepler-856 b,,,8.0276822757,,Kepler-856,0.93,1.12772,5368.0,1351.17,289.6038379,46.3149097,2016.0,Transit,,,,15.557
kepler-857 b,5.56,,85.35129427,0.0,Kepler-857,0.876,0.804,5635.0,983.502,294.6323978,43.4004526,2016.0,Transit,370.0,,-0.26,15.0638
kepler-858 b,6.07620712,,,,Kepler-858,,0.940603,5576.31,298.532,288.8488552,51.2090375,2016.0,Transit,241.17,,,12.411
kepler-859 b,2.793,,,,Kepler-859,,0.715,4923.0,839.903,286.7418337,43.1901197,2016.0,Transit,,,,15.8805
kepler-860 b,,,5.1013840913,,Kepler-860,0.97,0.909132,5529.64,1056.36,295.5772681,46.2547028,2016.0,Transit,,,-0.0044,15.4033
kepler-861 b,2.261,,,,Kepler-861,,0.815,5160.0,850.327,292.3539624,46.2262465,2016.0,Transit,,,,15.5958
kepler-862 b,,,3.1486461524,,Kepler-862,0.84,1.17019,5030.0,1039.03,297.7792466,46.4926688,2016.0,Transit,,,,15.3031
kepler-863 b,2.87,,15.59461874,0.0,Kepler-863,0.995,0.929,5900.0,1499.66,297.6644677,43.2489903,2016.0,Transit,718.0,,-0.1,15.4464
kepler-864 b,,,5.83376197,,Kepler-864,1.0,1.33944,5621.0,2022.9,285.0570943,46.3206074,2016.0,Transit,,,,15.7816
kepler-864 c,,,2.42149592,,Kepler-864,1.0,1.33944,5621.0,2022.9,285.0570943,46.3206074,2023.0,Transit,,,,15.7816
kepler-865 b,,,14.16400071,,Kepler-865,0.91,0.847142,5284.0,586.137,297.7242257,43.5272796,2016.0,Transit,,,,14.5036
kepler-865 c,,,6.20920207,,Kepler-865,0.91,0.847142,5284.0,586.137,297.7242257,43.5272796,2023.0,Transit,,,,14.5036
kepler-866 b,1.437,,,,Kepler-866,,0.663,4832.0,646.667,290.1222112,43.085407,2016.0,Transit,,,,15.7966
kepler-867 b,,,150.24187578,,Kepler-867,,,5595.28,1195.54,287.2852554,51.2499499,2016.0,Transit,,,0.1,14.8849
kepler-868 b,2.22,,5.032589,0.0,Kepler-868,1.023,0.93,5963.0,1593.13,282.3635315,46.6752384,2016.0,Transit,1050.0,,,15.6177
kepler-869 b,3.25,,40.4287755,0.0,Kepler-869,0.917,0.838,5812.0,939.455,289.4245955,50.9941198,2016.0,Transit,496.0,,-0.28,14.9685
kepler-87 b,13.49,324.2,114.73635,0.036,Kepler-87,1.1,1.82,5600.0,1232.9,297.9168433,46.9651146,2013.0,Transit,478.0,,-0.17,14.5869
kepler-87 c,3.2,,573.96,0.0,Kepler-87,0.956,0.85,5723.0,1232.9,297.9168433,46.9651146,2013.0,Transit,202.0,,,14.5869
kepler-870 b,2.545,,,,Kepler-870,,1.004,6158.0,1259.46,295.4025625,50.4785992,2016.0,Transit,,,,15.2216
kepler-871 b,3.14,,22.0459018,0.0,Kepler-871,1.065,0.951,5900.0,1976.05,294.5270634,43.3681317,2016.0,Transit,640.0,,0.07,15.6422
kepler-872 b,,,2.578852119,,Kepler-872,1.0,0.88089,5655.0,879.683,295.4174725,43.6056117,2016.0,Transit,,,,15.0714
kepler-873 b,3.19,,20.55331441,0.0,Kepler-873,1.157,1.112,6325.0,1182.22,296.4031319,51.2712773,2016.0,Transit,749.0,,-0.04,14.7952
kepler-874 b,3.94,,40.0686727,,Kepler-874,1.09,1.13,6020.0,1082.16,294.9568477,43.0142991,2016.0,Transit,,,0.03,14.6941
kepler-875 b,3.316,,,,Kepler-875,,1.132,5799.0,1242.62,297.3012497,43.1418313,2016.0,Transit,,,,15.2096
kepler-876 b,1.45,,5.14438011,0.0,Kepler-876,0.896,0.802,5192.0,820.913,283.4781717,43.3837235,2016.0,Transit,864.0,,0.16,15.3301
kepler-877 b,2.3,,18.45847097,0.0,Kepler-877,0.865,0.865,5413.0,602.176,289.8591023,46.5227429,2016.0,Transit,615.0,,-0.02,14.5228
kepler-878 b,,,25.9421582,,Kepler-878,0.83,1.08943,5002.0,791.625,285.2962562,46.6034497,2016.0,Transit,,,,14.7898
kepler-879 b,2.54,,33.3855938,0.0,Kepler-879,0.974,1.022,5833.0,802.672,295.8065515,50.9097521,2016.0,Transit,580.0,,-0.04,14.2377
kepler-879 c,0.4,,0.646716,,Kepler-879,0.974,1.022,5456.75,802.672,295.8065515,50.9097521,2024.0,Transit,,G,,14.2377
kepler-88 d,,1002.73189,1425.439707,0.430141,KOI-142,0.985,,,376.863,291.1481028,40.669413,2020.0,Radial Velocity,,,,13.1048
kepler-880 b,2.15,,7.71468975,0.0,Kepler-880,1.394,1.448,6915.0,601.324,281.9712347,43.6727839,2016.0,Transit,1256.0,,0.02,11.9642
kepler-880 c,,,11.8061737,,Kepler-880,1.47,1.5425,6819.0,601.324,281.9712347,43.6727839,2023.0,Transit,,,,11.9642
kepler-881 b,1.78,,4.44448017,,Kepler-881,1.06,1.09,5961.0,1375.18,288.9925529,46.6706513,2016.0,Transit,,,0.0,15.1765
kepler-882 b,,,3.9895436112,,Kepler-882,0.92,0.857919,5325.0,504.605,294.6500256,43.3356106,2016.0,Transit,,,,14.0774
kepler-883 b,2.018,,12.98495573,,Kepler-883,0.86,1.25,5954.0,627.455,286.433726,50.3002266,2016.0,Transit,,,-0.43,13.0069
kepler-884 b,1.46,,5.699215,0.0,Kepler-884,1.036,1.06,6069.0,476.733,292.5844328,49.9232012,2016.0,Transit,1098.0,,,13.0469
kepler-885 b,2.49,,18.11473813,0.0,Kepler-885,1.194,1.36,6109.0,651.318,288.6615682,49.7371538,2016.0,Transit,830.0,,0.14,12.7877
kepler-886 b,,,6.2414813034,,Kepler-886,1.05,1.0336,5815.18,711.297,286.2717162,43.5952037,2016.0,Transit,,,-0.313,13.8936
kepler-887 b,,,20.4222447,,Kepler-887,1.27,1.37362,6367.0,886.588,290.0907893,39.8169085,2016.0,Transit,,,,13.4496
kepler-887 c,1.05,,7.63846023,0.0,Kepler-887,1.175,1.173,6422.0,886.588,290.0907893,39.8169085,2016.0,Transit,1084.0,,-0.06,13.4496
kepler-888 b,1.76,,70.6979061,,Kepler-888,0.97,0.9,5875.0,420.817,295.5212866,49.7386804,2016.0,Transit,,,-0.21,12.9814
kepler-889 b,,,3.7444463906,,Kepler-889,1.09,1.45695,5963.0,598.313,291.467454,50.7595597,2016.0,Transit,,,,12.6802
kepler-890 b,7.4,,52.75886,0.0,Kepler-890,1.08,0.98,6119.0,1712.12,288.435718,43.7634712,2016.0,Transit,503.0,,,15.1361
kepler-891 b,6.04,,53.44945593,0.0,Kepler-891,1.114,1.0,5919.0,2340.58,291.0837644,40.3552252,2016.0,Transit,486.0,,0.21,15.273
kepler-892 b,2.74,,13.7521072,0.0,Kepler-892,0.733,0.701,4797.0,570.727,283.1296399,43.8880983,2016.0,Transit,556.0,,-0.1,15.5902
kepler-893 b,3.19,,6.33855761,0.0,Kepler-893,1.132,1.03,6108.0,1285.59,284.9630591,43.9130282,2016.0,Transit,1034.0,,0.07,15.1735
kepler-894 b,3.23,,9.803224,0.0,Kepler-894,1.063,0.992,6170.0,1162.91,288.7340513,46.939363,2016.0,Transit,896.0,,-0.16,15.4056
kepler-895 b,1.34,,2.806242328,0.0,Kepler-895,0.55,0.53,3940.0,540.134,289.2906978,51.4089936,2016.0,Transit,708.0,,-0.18,15.9804
kepler-896 b,7.893,,,,Kepler-896,,2.074,5437.0,2334.93,282.4391402,43.7344291,2016.0,Transit,,,,15.4307
kepler-896 c,,,29.54221239,,Kepler-896,0.92,2.04297,5328.0,2334.93,282.4391402,43.7344291,2023.0,Transit,,,0.17,15.4307
kepler-897 b,1.95,,8.0472642,0.0,Kepler-897,0.935,0.847,5835.0,1519.25,290.5867992,51.6957731,2016.0,Transit,854.0,,-0.24,15.0787
kepler-898 b,,,5.87063416,,Kepler-898,0.63,0.755197,4013.57,484.891,286.5854116,46.8708877,2016.0,Transit,,,-0.265,15.9386
kepler-899 b,,,19.17896177,,Kepler-899,1.0,1.10257,5652.0,1246.43,297.4825612,40.6807412,2016.0,Transit,,,,15.382
kepler-9 b,8.85,2175.0,19.238,,Kepler-9,1.03,0.956,,628.257,285.5739904,38.4008192,2010.0,Transit,,,,13.7809
kepler-9 c,7.98,,38.90787517,0.0,Kepler-9,1.034,0.956,5779.0,628.257,285.5739904,38.4008192,2010.0,Transit,523.0,,0.12,13.7809
kepler-9 d,1.527,,,,Kepler-9,,0.984,5788.0,628.257,285.5739904,38.4008192,2010.0,Transit,,,,13.7809
kepler-90 i,1.32,,14.44912,0.0,KOI-351,1.108,,,848.254,284.4334642,49.3051239,2017.0,Transit,,,,13.7397
kepler-900 b,2.19,,6.9913086,0.0,Kepler-900,0.854,0.769,4848.0,487.525,296.177272,46.9989635,2016.0,Transit,720.0,,0.34,14.9453
kepler-901 b,,,3.5174882411,,Kepler-901,0.643,0.635253,4110.0,253.867,291.1528056,40.8876814,2016.0,Transit,,,,14.6803
kepler-902 b,3.0,,40.10999,0.0,Kepler-902,1.024,0.93,5966.0,1165.34,289.7317067,46.953875,2016.0,Transit,527.0,,,14.8583
kepler-903 b,2.01,,10.3507721,,Kepler-903,0.98,0.97,5682.0,1369.24,288.7710137,40.6641771,2016.0,Transit,,,0.05,14.615
kepler-903 c,,,62.92279994,,Kepler-903,0.98,1.63874,5562.0,1369.24,288.7710137,40.6641771,2016.0,Transit,,,,14.615
kepler-904 b,1.35,,3.021668632,0.0,Kepler-904,1.058,0.989,6201.0,978.125,288.8229001,40.38901,2016.0,Transit,1332.0,,-0.2,14.3921
kepler-905 b,1.4,,5.082748362,0.0,Kepler-905,0.961,0.858,5430.0,529.268,290.0511468,46.7134077,2016.0,Transit,928.0,,0.18,13.9504
kepler-906 b,2.03,,41.6980186,0.0,Kepler-906,1.004,0.971,5997.0,757.791,291.4055614,40.1254254,2016.0,Transit,537.0,,-0.14,13.918
kepler-907 b,,,15.86627596,,Kepler-907,,,6082.73,,285.4764959,41.6326615,2016.0,Transit,,,-0.3773,11.4623
kepler-908 b,1.22,,1.340597468,,Kepler-908,1.11,1.12,5973.0,290.843,295.3225434,39.3764624,2016.0,Transit,,,0.15,11.465
kepler-909 b,1.22,,13.93290318,0.0,Kepler-909,1.149,1.047,6028.0,309.596,289.5063796,45.3709728,2016.0,Transit,789.0,,0.21,11.5096
kepler-91 b,15.69,209.76,6.24668005,0.0519,Kepler-91,,6.37872,4643.39,1294.69,285.6729033,44.1167513,2013.0,Transit,,,0.4316,12.4762
kepler-910 b,0.82,,2.36436762,0.0,Kepler-910,1.326,1.543,6250.0,400.289,296.0472937,42.7429414,2016.0,Transit,1752.0,,0.32,11.5286
kepler-911 b,2.53,,20.310501,0.0,Kepler-911,1.294,1.954,6081.0,556.168,298.5891948,40.7506921,2016.0,Transit,942.0,,-0.03,11.8295
kepler-912 b,2.0,,2.534756273,0.0,Kepler-912,0.808,0.806,5662.0,2004.72,298.1111779,41.758324,2016.0,Transit,1218.0,,-0.44,15.3262
kepler-913 b,5.75,,10.29674097,0.0,Kepler-913,1.294,1.797,6068.0,991.618,297.5830564,41.9523531,2016.0,Transit,1129.0,,0.16,15.7385
kepler-913 c,3.8580709,,5.939119816,,Kepler-913,1.294,1.797,6068.0,991.618,297.5830564,41.9523531,2021.0,Transit,,,0.16,15.7385
kepler-914 b,1.45,,4.40966548,,Kepler-914,1.112,1.262,5804.0,753.723,290.4120774,44.8993227,2016.0,Transit,,,0.26,13.5481
kepler-915 b,,,4.59489816,,Kepler-915,1.19,1.55216,6197.86,849.036,290.5921293,45.7372184,2016.0,Transit,,,0.023,13.2408
kepler-916 b,1.861,,,,Kepler-916,,0.875,5250.0,830.712,290.9833818,45.9733334,2016.0,Transit,,,,15.1752
kepler-917 b,,,2.97041801,,Kepler-917,1.03,2.43267,5744.0,3460.51,299.0512562,47.9492677,2016.0,Transit,,,,15.8533
kepler-918 b,1.44,,4.85386933,0.0,Kepler-918,1.05,0.97,6061.0,1025.03,298.2007268,48.2677925,2016.0,Transit,1102.0,,-0.1,14.9546
kepler-919 b,1.923,,,,Kepler-919,,1.095,6092.0,1119.87,298.1147862,48.4943834,2016.0,Transit,,,,14.6785
kepler-92 b,,,13.74882953,,Kepler-92,1.07,1.81719,5904.34,477.992,289.0860607,41.5630224,2013.0,Transit,,,0.1381,11.7451
kepler-92 c,2.452,12.70107412,26.72320599,0.0,Kepler-92,1.29,,,477.992,289.0860607,41.5630224,2013.0,Transit,,,,11.7451
kepler-92 d,1.99,,49.3568849,0.0,Kepler-92,1.207,1.703,5871.0,477.992,289.0860607,41.5630224,2015.0,Transit,639.0,,0.17,11.7451
kepler-920 b,,,6.53194024,,Kepler-920,0.92,0.946461,5340.0,1001.68,284.2969363,49.1585983,2016.0,Transit,,,,15.2681
kepler-920 c,4.35,,100.8276725,0.0,Kepler-920,0.856,0.977,5301.0,1001.68,284.2969363,49.1585983,2016.0,Transit,364.0,,0.16,15.2681
kepler-921 b,2.87,,51.300634,,Kepler-921,0.93,0.91,5663.0,934.49,284.6162253,49.1907438,2016.0,Transit,,,-0.12,14.7055
kepler-922 b,1.357,,0.938466832,,Kepler-922,0.875,0.907,5534.0,536.323,284.7316084,49.533149,2016.0,Transit,,,-0.07,13.745
kepler-923 b,1.38,,6.93366476,,Kepler-923,1.11,1.26,5988.0,1000.28,294.1710831,40.0551372,2016.0,Transit,,,0.07,14.0117
kepler-924 b,3.179,,61.0370117,,Kepler-924,1.098,1.291,6162.0,1053.04,290.6685136,40.3977086,2016.0,Transit,,,-0.04,14.1368
kepler-925 b,,,33.8678407072,,Kepler-925,0.69,0.773259,4427.4,611.115,290.1065581,40.4906242,2016.0,Transit,,,-0.099,15.8155
kepler-926 b,1.82,,52.0688601,0.0,Kepler-926,0.88,0.802,5693.0,921.361,289.6793396,40.7004265,2016.0,Transit,440.0,,-0.3,14.2595
kepler-927 b,,,9.1151112944,,Kepler-927,0.98,0.978421,5554.0,831.685,289.3834807,41.3926651,2016.0,Transit,,,,14.6011
kepler-928 b,,,3.93246069,,Kepler-928,0.733,0.682015,4621.0,508.809,289.920676,41.5427758,2016.0,Transit,,,,15.3227
kepler-929 b,1.614,,,,Kepler-929,,1.614,5988.0,1311.23,298.4811022,41.6152603,2016.0,Transit,,,,14.5038
kepler-93 b,1.59,,4.726739475,0.0,Kepler-93,0.909,0.921,5669.0,95.9115,291.4181275,38.6723124,2014.0,Transit,1039.0,,-0.18,9.86249
kepler-93 c,,2701.555,3650.0,,Kepler-93,1.0,0.922487,5655.0,95.9115,291.4181275,38.6723124,2014.0,Radial Velocity,,,-0.15,9.86249
kepler-930 b,2.106,,71.4517775,,Kepler-930,1.081,1.361,5856.0,848.396,298.3144494,42.2473698,2016.0,Transit,,,0.13,13.7625
kepler-931 b,1.35,,8.03755877,0.0,Kepler-931,0.764,0.804,5044.0,,297.1326937,42.7682885,2016.0,Transit,744.0,,-0.02,14.488
kepler-932 b,,,1.9214353,,Kepler-932,0.89,0.839667,5234.0,465.612,296.9520797,43.2720233,2016.0,Transit,,,,14.136
kepler-933 b,2.46,,14.20443009,,Kepler-933,0.87,0.84,5346.0,1017.2,289.5685257,43.5385438,2016.0,Transit,,,-0.02,15.4379
kepler-934 b,,,55.67363731,,Kepler-934,0.79,0.813889,4859.0,608.738,290.2884494,43.7552623,2016.0,Transit,,,,15.0341
kepler-935 b,1.35,,4.88083852,,Kepler-935,0.78,0.73,4830.0,471.782,295.0217193,46.6192011,2016.0,Transit,,,-0.01,14.9002
kepler-936 b,,,10.561362264,,Kepler-936,,,5172.88,823.399,293.5777958,46.7362953,2016.0,Transit,,,0.1911,14.7886
kepler-937 b,,,67.6690554,,Kepler-937,1.01,1.43698,5660.37,1571.46,294.1688142,46.7146161,2016.0,Transit,,,0.1428,15.1944
kepler-937 c,,,153.3506228,,Kepler-937,1.01,1.43698,5660.37,1571.46,294.1688142,46.7146161,2016.0,Transit,,,0.1428,15.1944
kepler-938 b,3.68,,52.6298542,0.0,Kepler-938,0.933,1.433,5339.0,1182.05,294.7890593,46.9839352,2016.0,Transit,544.0,,0.2,
kepler-939 b,1.75,,14.878296,,Kepler-939,0.88,0.85,5471.0,2093.62,293.8656181,47.0268148,2016.0,Transit,,,-0.12,15.5197
kepler-94 b,2.49,,2.508057352,0.0,Kepler-94,0.64,0.61,4238.0,191.904,281.1947316,47.4972606,2014.0,Transit,828.0,,-0.12,12.8567
kepler-94 c,,3126.0,820.3,,Kepler-94,0.81,0.76,4781.0,191.904,281.1947316,47.4972606,2014.0,Radial Velocity,,,0.34,12.8567
kepler-940 b,,,59.6220946208,,Kepler-940,0.97,1.02988,5505.07,1260.78,294.2413053,47.2759642,2016.0,Transit,,,-0.4403,15.4975
kepler-941 b,3.29,,17.42393582,0.0,Kepler-941,0.986,0.969,6018.0,1088.36,294.3262617,47.2175461,2016.0,Transit,722.0,,-0.2,15.5723
kepler-942 b,,,44.96407458,,Kepler-942,0.756,0.763054,4719.72,216.354,294.9550809,44.1499518,2016.0,Transit,,,0.1894,13.0663
kepler-943 b,,,49.7690354687,,Kepler-943,0.99,1.70909,5580.0,2300.53,284.2739322,41.5349809,2016.0,Transit,,,,15.6387
kepler-944 b,2.63,,43.3167737,,Kepler-944,0.86,0.83,5409.0,1349.43,293.6012911,42.379791,2016.0,Transit,,,-0.11,15.7109
kepler-945 b,2.72,,31.0033072,0.0,Kepler-945,1.173,1.071,6090.0,1651.25,291.2697354,42.0960305,2016.0,Transit,616.0,,0.21,15.8596
kepler-946 b,,,11.79161234,,Kepler-946,1.06,1.13658,5849.0,1137.29,300.9295551,44.028671,2016.0,Transit,,,,14.9234
kepler-947 b,,,26.96456482,,Kepler-947,0.96,1.30237,5490.0,1730.78,294.3667312,42.2526408,2016.0,Transit,,,,15.7517
kepler-948 b,1.79,,7.76846622,0.0,Kepler-948,0.906,0.92,5798.0,868.017,293.3002774,41.5233244,2016.0,Transit,900.0,,-0.22,14.7858
kepler-949 b,,,8.6893063228,,Kepler-949,0.853,0.77394,5088.18,486.105,298.6079128,46.45366,2016.0,Transit,,,-0.039,14.5084
kepler-949 c,3.72,,20.99747771,0.0,Kepler-949,0.817,0.895,5211.0,486.105,298.6079128,46.45366,2023.0,Transit,582.0,,0.08,14.5084
kepler-95 b,3.115,10.22179722,11.52306995,0.0,Kepler-95,1.075,,,445.656,284.4824281,44.397891,2014.0,Transit,,,,12.3044
kepler-950 b,13.468,,,,Kepler-950,,1.514,5819.0,2161.6,287.9565768,41.1302834,2016.0,Transit,,,,15.6813
kepler-951 b,5.59,,71.52530845,,Kepler-951,0.77,0.73,4834.0,382.509,287.7375794,38.1146488,2016.0,Transit,,,-0.01,14.4908
kepler-952 b,,,130.354961333,,Kepler-952,1.0,1.17191,5637.0,1304.25,285.3718781,41.9938697,2016.0,Transit,,,,15.1882
kepler-953 b,4.55,,88.40678718,0.0,Kepler-953,1.026,1.073,5611.0,258.893,288.9716297,44.6246451,2016.0,Transit,410.0,,0.36,12.1425
kepler-953 c,1.19,,9.10967112,,Kepler-953,0.95,0.99,5416.0,258.893,288.9716297,44.6246451,2016.0,Transit,,,0.26,12.1425
kepler-954 b,,,16.7817556575,,Kepler-954,0.815,0.703544,4950.3,215.814,295.8594318,47.9396001,2016.0,Transit,,,0.257,12.9432
kepler-955 b,3.19,,14.53244172,0.0,Kepler-955,0.802,0.86,5345.0,550.383,288.4714969,40.2698157,2016.0,Transit,664.0,,-0.12,14.6273
kepler-956 b,,,5.24866995,,Kepler-956,1.08,1.00889,5921.42,544.939,292.5308289,49.0616555,2016.0,Transit,,,0.0545,13.2889
kepler-957 b,5.04,,5.907413537,0.0,Kepler-957,0.667,0.69,4963.0,824.688,290.1563633,48.818971,2016.0,Transit,769.0,,-0.42,15.6906
kepler-958 b,1.994,,9.7678805,,Kepler-958,0.898,0.822,5419.0,449.773,287.2566578,46.0667247,2016.0,Transit,,,0.06,13.7299
kepler-959 b,3.917,,,,Kepler-959,,1.727,6375.0,807.729,292.171185,40.8113849,2016.0,Transit,,,,12.466
kepler-96 b,2.65,,16.238465,0.0,Kepler-96,0.995,1.017,5692.0,122.881,297.0698263,40.5252039,2014.0,Transit,716.0,,,10.2971
kepler-960 b,2.142,,3.12686223,,Kepler-960,0.752,0.686,4773.0,284.916,281.4572217,46.7465538,2016.0,Transit,,,0.06,13.8413
kepler-961 b,,,16.87725775,,Kepler-961,0.98,0.864387,5553.0,574.314,282.0354942,43.6312491,2016.0,Transit,,,,14.043
kepler-962 b,1.97,,12.05707239,,Kepler-962,0.93,0.86,5478.0,411.486,295.3131906,46.2375024,2016.0,Transit,,,0.01,13.558
kepler-963 b,2.89,,9.97683705,0.0,Kepler-963,0.821,0.928,5500.0,771.494,296.7529742,45.0411049,2016.0,Transit,802.0,,-0.16,14.9116
kepler-963 c,0.6,,0.919783,,Kepler-963,0.821,0.928,5169.47,771.494,296.7529742,45.0411049,2024.0,Transit,,G,,14.9116
kepler-964 b,4.15,,13.5225106,0.0,Kepler-964,1.08,1.626,5659.0,454.626,295.300065,40.5565792,2016.0,Transit,943.0,,0.2,13.9025
kepler-965 b,,,134.251053969,,Kepler-965,1.12,1.08918,6022.29,582.828,298.5153169,41.8912305,2016.0,Transit,,,-0.0627,13.3334
kepler-966 b,,,99.7468804,,Kepler-966,0.99,1.39009,5598.0,1027.8,297.270576,50.1218365,2016.0,Transit,,,,14.4435
kepler-967 b,1.86,,13.22713379,0.0,Kepler-967,0.619,0.628,5080.0,568.546,286.5580128,38.4052418,2016.0,Transit,581.0,,-0.86,14.4513
kepler-967 c,2.86,,198.7112502,0.0,Kepler-967,0.619,0.628,5080.0,568.546,286.5580128,38.4052418,2016.0,Transit,236.0,,-0.86,14.4513
kepler-968 b,1.61,,3.692983728,0.0,Kepler-968,0.568,0.577,4397.0,290.324,285.6025889,50.1120401,2016.0,Transit,748.0,,-0.58,14.2499
kepler-968 c,1.42,,5.709404918,0.0,Kepler-968,0.568,0.577,4397.0,290.324,285.6025889,50.1120401,2016.0,Transit,647.0,,-0.58,14.2499
kepler-969 b,2.37,,34.1732156,0.0,Kepler-969,0.948,0.834,5201.0,390.354,288.3724989,47.9335642,2016.0,Transit,465.0,,0.36,13.7221
kepler-969 c,1.16,,1.682934604,0.0,Kepler-969,0.835,0.952,5346.0,390.354,288.3724989,47.9335642,2016.0,Transit,1424.0,,0.04,13.7221
kepler-97 b,1.48,3.51,2.58664,,Kepler-97,0.94,0.98,5779.0,400.907,287.3265292,48.6733443,2014.0,Transit,,,-0.2,12.813
kepler-97 c,,344.0,789.0,,Kepler-97,0.94,0.98,5779.0,400.907,287.3265292,48.6733443,2014.0,Radial Velocity,,,-0.2,12.813
kepler-970 b,2.94,,16.73652231,0.0,Kepler-970,0.702,0.716,4608.0,331.545,289.6252192,40.7087351,2016.0,Transit,510.0,,0.02,14.8058
kepler-971 b,3.93,,9.59068586,0.0,Kepler-971,0.819,1.673,5476.0,338.522,284.0945699,41.1828131,2016.0,Transit,1087.0,,-0.56,13.2181
kepler-972 b,4.65,,7.03932553,,Kepler-972,1.15,1.22,6146.0,1198.03,295.828679,43.4254371,2016.0,Transit,,,0.04,14.8925
kepler-973 b,2.4,,49.60805,0.0,Kepler-973,0.777,0.81,5226.0,328.52,290.1653203,49.9238126,2016.0,Transit,421.0,,,13.234
kepler-974 b,1.57,,4.194496514,,Kepler-974,0.52,0.5,3687.0,134.311,285.0131082,40.2209547,2016.0,Transit,,,0.07,14.4126
kepler-975 b,1.891,,,,Kepler-975,,0.795,4801.0,426.088,290.54851,38.4952415,2016.0,Transit,,,,14.4518
kepler-975 c,,,5.05821338,,Kepler-975,0.77,0.807611,4783.72,426.088,290.54851,38.4952415,2023.0,Transit,,,0.3807,14.4518
kepler-976 b,3.79,,105.9566815,0.0,Kepler-976,0.891,0.8,5327.0,1012.41,289.8696232,46.7296855,2016.0,Transit,324.0,,0.02,15.8033
kepler-977 b,,,26.85323647,,Kepler-977,0.88,0.717298,5180.95,568.751,291.5161959,42.2480736,2016.0,Transit,,,-0.0346,14.8235
kepler-978 b,2.75,,49.6221509,0.0,Kepler-978,1.036,1.019,6264.0,682.522,286.7107166,43.0433585,2016.0,Transit,539.0,,-0.24,13.3744
kepler-979 b,2.51,,8.0880135,0.0,Kepler-979,0.844,0.759,5201.0,576.503,300.3712023,46.4081872,2016.0,Transit,733.0,,-0.1,14.625
kepler-98 b,1.87,2.07243356,1.541676628,0.0,Kepler-98,1.001,,,350.315,285.6616933,37.9645672,2014.0,Transit,,,,12.8694
kepler-980 b,2.641,,,,Kepler-980,,1.287,5831.0,961.468,294.6129869,45.060174,2016.0,Transit,,,,14.1122
kepler-981 b,2.27,,4.469757736,0.0,Kepler-981,1.021,0.934,5988.0,878.082,289.2489051,47.6501141,2016.0,Transit,1104.0,,-0.12,14.7044
kepler-982 b,2.87,,15.7738221,0.0,Kepler-982,1.14,1.614,6260.0,801.479,288.4176803,46.5904531,2016.0,Transit,978.0,,-0.14,12.9868
kepler-983 b,2.19,,60.0855082,0.0,Kepler-983,1.058,0.989,6201.0,714.437,285.1042243,45.0080745,2016.0,Transit,492.0,,-0.2,13.9863
kepler-984 b,3.01,,43.0342272,0.0,Kepler-984,0.948,1.341,5650.0,460.188,296.9588566,46.3940661,2016.0,Transit,594.0,,0.02,13.4677
kepler-985 b,,,116.3311739,,Kepler-985,0.95,0.809632,5451.0,679.361,290.144339,44.0498808,2016.0,Transit,,,,14.7169
kepler-986 b,,,56.43504953,,Kepler-986,0.97,1.03752,5515.94,548.364,293.0940391,42.8964457,2016.0,Transit,,,0.2205,13.6421
kepler-987 b,3.18,,105.3035093,0.0,Kepler-987,0.914,0.875,5534.0,914.126,289.4110582,46.1308443,2016.0,Transit,351.0,,0.0,14.9789
kepler-988 b,2.07,,17.76080053,,Kepler-988,0.55,0.53,4005.0,304.889,290.7082585,42.2372245,2016.0,Transit,,,-0.32,15.2131
kepler-989 b,2.21,,7.964315352,,Kepler-989,0.82,0.78,5074.0,491.978,281.5827983,47.2334674,2016.0,Transit,,,0.01,14.4083
kepler-99 b,1.812,,4.603578042,,Kepler-99,0.82,0.737,4852.0,208.369,297.3539994,41.3000452,2014.0,Transit,,,0.23,12.9618
kepler-990 b,,,9.9172227466,,Kepler-990,0.97,1.03161,5521.54,802.163,297.9381813,46.8813194,2016.0,Transit,,,-0.205,14.4949
kepler-990 c,1.355,,0.538354308,,Kepler-990,0.86,0.96,5577.0,802.163,297.9381813,46.8813194,2016.0,Transit,,,-0.11,14.4949
kepler-991 b,2.29,,82.5342519,0.0,Kepler-991,0.564,0.558,4237.0,389.561,297.0905543,49.6264867,2016.0,Transit,252.0,,-0.48,15.1476
kepler-992 b,1.75,,20.16037858,0.0,Kepler-992,0.818,0.724,4975.0,259.639,284.4304085,47.6416613,2016.0,Transit,510.0,,0.02,13.3901
kepler-993 b,,,22.08555894,,Kepler-993,0.571534,0.580092,3736.0,324.423,292.6141076,44.3946644,2016.0,Transit,,,,15.9243
kepler-994 b,,,1.151166776,,Kepler-994,0.585485,0.596818,3878.0,188.158,289.0720752,47.406918,2016.0,Transit,,,,14.4653
kepler-995 b,2.7,,28.26731672,0.0,Kepler-995,0.744,0.792,5239.0,609.638,284.6157154,39.130998,2016.0,Transit,507.0,,-0.26,14.8814
kepler-996 b,1.48,,3.770590584,0.0,Kepler-996,0.922,0.829,6057.0,1216.58,291.9127633,41.5335891,2016.0,Transit,1132.0,,-0.5,14.6387
kepler-997 b,,,2.7072805276,,Kepler-997,1.18,1.54906,6169.0,467.568,289.2333767,49.9388952,2016.0,Transit,,,,11.8477
kepler-998 b,,,5.65376987,,Kepler-998,1.05,1.22732,5822.0,986.364,296.7541629,49.2087085,2016.0,Transit,,,,14.3408
kepler-999 b,,,5.99187235,,Kepler-999,1.15,1.65996,6106.64,545.063,299.6604865,46.1984679,2016.0,Transit,,,-0.0433,12.2343
l 168-9 b,,,1.4015272,,L 168-9,0.62,0.6,3800.0,25.1496,350.0285917,-60.0657292,2020.0,Transit,,M1 V,0.04,10.2316
l 363-38 b,,4.67,8.781,,L 363-38,0.21,0.274,3129.0,10.2295,10.8555443,-41.2952926,2023.0,Radial Velocity,330.0,,,11.5607
l 98-59 b,0.8,,2.25314,0.1,L 98-59,0.313,0.312,3367.0,10.6194,124.5328604,-68.3144658,2019.0,Transit,,M3 V,-0.5,10.5976
l 98-59 c,1.34,2.42,3.6906745,0.0,L 98-59,0.312,0.314,3412.0,10.6194,124.5328604,-68.3144658,2019.0,Transit,,M3 V,-0.5,10.5976
l 98-59 d,1.57,2.31,7.4512,0.09,L 98-59,0.312,0.314,3412.0,10.6194,124.5328604,-68.3144658,2019.0,Transit,409.0,M3 V,-0.5,10.5976
l 98-59 e,,,12.81,0.139,L 98-59,,,,10.6194,124.5328604,-68.3144658,2021.0,Radial Velocity,,,,10.5976
l 98-59 f,,2.8,23.064,0.044,L 98-59,0.2923,0.3155,3415.0,10.6194,124.5328604,-68.3144658,2025.0,Radial Velocity,285.0,M3 V,-0.46,10.5976
lhs 1140 b,1.43,6.65,24.73712,0.29,LHS 1140,0.146,0.186,3131.0,14.9861,11.248632,-15.2741085,2017.0,Transit,230.0,M4.5 V,-0.24,12.6706
lhs 1140 c,1.25,1.89,3.78,,LHS 1140,0.184,0.215,,14.9861,11.248632,-15.2741085,2018.0,Transit,421.0,M4.5 V,-0.25,12.6706
lhs 1478 b,1.39292173,,1.94954033784,,LHS 1478,,0.260187,3414.0,18.2276,44.3388743,76.5514045,2021.0,Transit,560.78,,,12.2598
lhs 1678 b,0.685,,0.8602325,0.033,LHS 1678,0.345,0.329,3490.0,19.8782,68.1789866,-39.7908744,2021.0,Transit,,M2.0 V,,11.5403
lhs 1678 c,0.982,1.4,3.694247,0.22,LHS 1678,0.345,0.329,3490.0,19.8782,68.1789866,-39.7908744,2021.0,Transit,,M2.0 V,,11.5403
lhs 1678 d,0.85669246,,4.96520685528,,LHS 1678,,0.33819,3450.0,19.8782,68.1789866,-39.7908744,2024.0,Transit,462.95,,,11.5403
lhs 1815 b,1.088,8.7,3.81433,0.0,LHS 1815,0.502,0.501,3643.0,29.8424,91.0899861,-55.3115376,2020.0,Transit,617.0,M1,-0.12,11.2362
lhs 1903 b,1.47809,,2.1555232,,LHS 1903,,0.53,3691.0,35.6917,107.865826,48.3279327,2026.0,Transit,944.0,,,11.3944
lhs 1903 c,2.75524,,6.2262315,,LHS 1903,,0.53,3691.0,35.6917,107.865826,48.3279327,2026.0,Transit,910.0,,,11.3944
lhs 1903 d,2.5,5.96,12.566287,0.112,LHS 1903,0.538,0.539,3664.0,35.6917,107.865826,48.3279327,2026.0,Transit,442.0,M,-0.11,11.3944
lhs 1903 e,1.732,5.79,29.31773,0.014,LHS 1903,0.538,0.539,3664.0,35.6917,107.865826,48.3279327,2026.0,Transit,333.0,M,-0.11,11.3944
lhs 3154 b,,13.15,3.71778,0.076,LHS 3154,0.1118,0.1405,2861.0,15.7606,241.6367309,40.9068221,2023.0,Radial Velocity,,M6.5,,14.8561
lhs 3844 b,1.286,2.37,0.462929709,0.0,LHS 3844,0.151,0.189,3080.0,14.8846,340.4962038,-69.1721081,2019.0,Transit,816.0,M4.5-M5.0,0.22,13.3925
lhs 475 b,0.975,,2.029101,0.0,LHS 475,0.274,0.286,3289.0,12.4814,290.2379403,-82.5597883,2023.0,Transit,587.0,,,11.4174
lp 261-75 b,,6674.396547,,,LP 261-75 A,0.22,,,33.928,147.7685281,35.9685562,2006.0,Imaging,1500.0,M4.5 V,,13.833
lp 714-47 b,4.95231335,,4.0520368,,LP 714-47,,0.607751,3779.0,52.616,64.1902212,-12.0848643,2020.0,Transit,635.49,,,11.7282
lp 791-18 b,1.12,,0.948005,0.0,LP 791-18,0.139,0.171,2960.0,26.4927,165.6904843,-16.4064445,2019.0,Transit,650.0,M(6.1+/-0.7) V,-0.09,15.0715
lp 791-18 c,2.47,7.1,4.9899093,,LP 791-18,0.139,0.182,2960.0,26.4927,165.6904843,-16.4064445,2019.0,Transit,,,-0.09,15.0715
lp 791-18 d,1.032,0.91,2.75485,0.0011,LP 791-18,0.139,0.182,2960.0,26.4927,165.6904843,-16.4064445,2023.0,Transit,,M(6.1 +/- 0.7) V,-0.09,15.0715
lp 890-9 b,1.32,13.2,2.7299025,,LP 890-9,0.118,0.1556,2850.0,32.4298,64.1309096,-28.3157909,2022.0,Transit,396.0,M6 V,-0.028,15.8213
lp 890-9 c,1.367,25.3,8.457463,,LP 890-9,0.118,0.1556,2850.0,32.4298,64.1309096,-28.3157909,2022.0,Transit,272.0,M6 V,-0.028,15.8213
lspm j2116+0234 b,,13.3,14.4399,0.183,LSPM J2116+0234,0.43,0.431,3475.0,17.6297,319.1147513,2.5807711,2019.0,Radial Velocity,,M3.0 V,-0.05,10.8595
ltt 1445 a b,1.18,,5.35876,,LTT 1445 A,0.257,0.265,3340.0,6.86929,45.4624781,-16.5944956,2019.0,Transit,555.0,M3.0,-0.34,10.0469
ltt 1445 a c,1.147,1.54,3.1239035,0.223,LTT 1445 A,0.257,0.265,3340.0,6.86929,45.4624781,-16.5944956,2022.0,Transit,508.0,,-0.34,10.0469
ltt 3780 b,1.1406447,,0.76839038111,,LTT 3780,,0.374139,3329.0,21.9814,154.6449033,-11.717801,2020.0,Transit,830.89,,,11.8465
ltt 3780 c,2.29679437,,12.25343082024,,LTT 3780,,0.374139,3329.0,21.9814,154.6449033,-11.717801,2020.0,Transit,330.1,,,11.8465
ltt 9779 b,4.72,29.32,0.7920641,0.058,LTT 9779,1.02,0.949,5480.0,80.4373,358.6688767,-37.6282237,2020.0,Transit,1978.0,,0.25,9.60006
lkca 15 b,,,,,LkCa 15,,1.60711,4194.0,158.152,69.8241791,22.3508662,2015.0,Imaging,,,,11.5887
lkca 15 c,,,,,LkCa 15,,1.60711,4194.0,158.152,69.8241791,22.3508662,2015.0,Imaging,,,,11.5887
luhman 16 b,,9344.1551658,9697.0,0.344,Luhman 16 A,0.0338,,,,162.3282594,-53.3193715,2017.0,Imaging,,,,
lupus-tr-3 b,9.976,257.431,3.91405,0.0,Lupus-TR-3,0.87,0.82,5000.0,773.409,232.5774696,-42.9799461,2007.0,Transit,,,,18.765
m62h b,,785.03616529,0.132935028,,M62H,1.4,,,,255.3074504,-30.1069833,2024.0,Pulsar Timing,,,,
mascara-1 b,16.8135,1175.971,2.14878,0.0,MASCARA-1,1.72,2.1,7554.0,182.273,317.5515264,10.7388967,2017.0,Transit,2570.0,A8,0.0,8.24243
mascara-4 b,17.7861,,2.8240691,,MASCARA-4,,1.84,8004.2,170.696,147.5800667,-66.1139253,2020.0,Transit,2332.0,,,8.17401
moa-2007-blg-192l b,,3.3,,,MOA-2007-BLG-192L,0.06,,,1000.0,272.015825,-27.150075,2008.0,Microlensing,,,,
moa-2007-blg-400l b,,540.3082919,,,MOA-2007-BLG-400L,0.69,,,6890.0,272.4249167,-29.2241528,2008.0,Microlensing,,,,
moa-2008-blg-310l b,,23.4,,,MOA-2008-BLG-310L,0.21,,,7700.0,268.560542,-34.7780528,2009.0,Microlensing,,,,
moa-2008-blg-379l b,,1300.0,,,MOA-2008-BLG-379L,0.56,,,3300.0,269.706,-30.1969306,2013.0,Microlensing,,,,
moa-2009-blg-266l b,,10.4,2800.0,,MOA-2009-BLG-266L,0.56,,,3040.0,267.008125,-35.0054111,2011.0,Microlensing,,,,
moa-2009-blg-319l b,,67.3,,,MOA-2009-BLG-319L,0.524,,,7050.0,271.742208,-26.8196917,2010.0,Microlensing,,,,
moa-2009-blg-387l b,,830.0,1980.0,,MOA-2009-BLG-387L,0.19,,,5690.0,268.461625,-33.9903333,2010.0,Microlensing,,,,
moa-2010-blg-073l b,,3500.0,,,MOA-2010-BLG-073L,0.16,,,2800.0,272.547258,-26.5229319,2012.0,Microlensing,,,,
moa-2010-blg-117l b,,170.0,,,MOA-2010-BLG-117L,0.58,,,3500.0,271.95697,-25.3446388,2018.0,Microlensing,,,,
moa-2010-blg-328l b,,15.2,,,MOA-2010-BLG-328L,0.12,,,1240.0,269.496333,-30.715175,2013.0,Microlensing,,,,
moa-2010-blg-353l b,,86.0,,,MOA-2010-BLG-353L,0.18,,,6430.0,271.303917,-27.2932333,2015.0,Microlensing,,,,
moa-2010-blg-477l b,,480.0,,,MOA-2010-BLG-477L,0.67,,5950.0,2300.0,271.531006,-31.4544773,2012.0,Microlensing,,,,
moa-2011-blg-028l b,,30.0,,,MOA-2011-BLG-028L,0.75,,,7380.0,270.854,-29.2134167,2016.0,Microlensing,,,,
moa-2011-blg-262l b,,,,,MOA-2011-BLG-262L,,,,,270.097833,-31.2452583,2014.0,Microlensing,,,,
moa-2011-blg-291l b,,13.0,,,MOA-2011-BLG-291L,0.11,,,8800.0,268.867889,-29.1706657,2018.0,Microlensing,,,,
moa-2011-blg-293l b,,1500.0,,,MOA-2011-BLG-293L,0.86,,,7720.0,268.913958,-28.4768472,2012.0,Microlensing,,,,
moa-2011-blg-322l b,,3690.0,,,MOA-2011-BLG-322L,0.39,,,7560.0,271.223333,-27.2209444,2013.0,Microlensing,,,,
moa-2012-blg-006l b,,2700.0,,,MOA-2012-BLG-006L,0.49,,,5300.0,270.442963,-29.108778,2017.0,Microlensing,,,,
moa-2012-blg-505l b,,6.7,,,MOA-2012-BLG-505L,0.1,,,7210.0,268.143097,-32.0400925,2017.0,Microlensing,,,,
moa-2013-blg-220l b,,,,,MOA-2013-BLG-220L,0.77,,,6500.0,270.985417,-29.5447222,2014.0,Microlensing,,,,
moa-2013-blg-605l b,,20.58,,,MOA-2013-BLG-605L,0.198,,,3550.0,272.019257,-29.7315826,2016.0,Microlensing,,,,
moa-2015-blg-337l b,,33.7,,,MOA-2015-BLG-337L,0.0094,,,7100.0,271.9487,-28.1702785,2018.0,Microlensing,,,,
moa-2016-blg-227l b,,890.0,,,MOA-2016-BLG-227L,0.29,,,6500.0,271.473755,-27.7142868,2017.0,Microlensing,,,,
moa-2016-blg-319l b,,210.0,,,MOA-2016-BLG-319L,0.15,,,6800.0,268.742218,-29.7504635,2018.0,Microlensing,,,,
moa-2016-blg-526l b,,14.30227832,,,MOA-2016-BLG-526L,0.37,,,6940.0,266.6682917,-34.3860806,2024.0,Microlensing,,,,
moa-2019-blg-008l b,,5403.082919,,,MOA-2019-BLG-008L,0.8,,,2400.0,267.982875,-29.9897306,2022.0,Microlensing,,,,
moa-2020-blg-135l b,,11.3,,,MOA-2020-BLG-135L,0.23,,,7900.0,268.4235,-29.8075667,2022.0,Microlensing,,,,
moa-2020-blg-208l b,,69.0,,,MOA-2020-BLG-208L,0.66,,,7810.0,268.4325,-32.5893111,2023.0,Microlensing,,,,
moa-2022-blg-033l b,,12.15,,,MOA-2022-BLG-033L,0.51,,,1840.0,272.8756667,-25.0530806,2025.0,Microlensing,,F7 V,,
moa-2022-blg-091l b,,1141.00398113,,,MOA-2022-BLG-091L,0.75,,,4250.0,268.9422083,-32.3414389,2025.0,Microlensing,,G8 V,,
moa-2022-blg-249l b,,4.83,,,MOA-2022-BLG-249L,0.18,,,2000.0,268.8655417,-28.3060611,2023.0,Microlensing,,,,
moa-2022-blg-563l b,,127.1313628,,,MOA-2022-BLG-563L,0.48,,,6530.0,270.3002083,-27.8358306,2024.0,Microlensing,,,,
moa-bin-1l b,,1200.0,,,MOA-bin-1L,0.75,,,5100.0,261.7925,-29.7939722,2012.0,Microlensing,,,,
moa-bin-29 b,,190.0,,,MOA-bin-29,0.03,,,7120.0,269.3759583,-29.7365639,2019.0,Microlensing,,,,
mwc 758 c,,,,,MWC 758,1.5,,,159.537,82.6147199,25.3324076,2023.0,Imaging,500.0,A8Ve,,8.19951
mxb 1658-298 b,,7532.571,760.0,,MXB 1658-298,,,,,255.5272522,-29.9455833,2017.0,Eclipse Timing Variations,,,,
ngc 2682 sand 1429 b,,572.0911326,77.48,0.0,NGC 2682 Sand 1429,1.26,2.13,6000.0,852.793,133.0147781,11.6899626,2024.0,Radial Velocity,683.0,F9.5 V,-0.013,12.5858
ngc 2682 sand 978 b,,692.8694,511.21,0.16,NGC 2682 Sand 978,1.37,,4200.0,821.918,132.8228085,11.7562959,2017.0,Radial Velocity,,K4 III,,9.25286
ngc 2682 ybp 1194 b,,108.06,6.958,0.24,NGC 2682 YBP 1194,1.01,0.99,5780.0,872.92,132.7533077,11.8146537,2014.0,Radial Velocity,,G5 V,0.023,14.4666
ngc 2682 ybp 1514 b,,127.13,5.118,0.39,NGC 2682 YBP 1514,0.96,0.89,5725.0,914.221,132.7531307,11.8865128,2014.0,Radial Velocity,,G5 V,0.03,14.6201
ngc 2682 ybp 401 b,,146.2018,4.087,0.15,NGC 2682 YBP 401,1.14,,6165.0,830.822,132.8293081,11.6710271,2016.0,Radial Velocity,,F9 V,,13.5888
ngts-1 b,,,2.6473049,,NGTS-1,0.617,0.573,3916.0,218.121,82.7142134,-36.6309812,2017.0,Transit,,M0.5,0.0,14.8661
ngts-10 b,19.27626769,,0.7668220579,,NGTS-10,,1.0,5780.0,,91.8722801,-25.5948963,2020.0,Transit,1991.33,,,14.2604
ngts-11 b,9.157753,109.33352,35.45533,0.13,NGTS-11,0.862,0.832,5050.0,190.422,23.5214497,-14.4191493,2020.0,Transit,435.0,K,0.22,12.1895
ngts-12 b,11.747032,66.10864,7.532806,0.0,NGTS-12,1.021,1.589,5690.0,446.442,176.2499418,-35.640563,2020.0,Transit,1257.0,G,-0.03,12.1279
ngts-13 b,9.06392,,4.1197036,,NGTS-13,,1.79,5848.8,647.595,176.2402326,-38.1397158,2021.0,Transit,1584.0,,,12.5691
ngts-14 a b,4.976796,29.24036,3.5357173,0.0,NGTS-14 A,0.898,0.842,5187.0,322.148,328.5174799,-38.3774193,2021.0,Transit,1143.0,K1 V,0.1,13.0986
ngts-15 b,10.43485812,,3.27579445185,,NGTS-15,,0.955708,5620.0,786.485,73.3553101,-32.8003484,2021.0,Transit,1166.53,,,14.4299
ngts-16 b,14.57167491,211.99154747,4.84532,0.0,NGTS-16,1.002,1.213,5550.0,898.168,58.2639299,-30.8046405,2021.0,Transit,1177.0,G7 V,0.35,14.2311
ngts-17 b,13.89913607,242.82090295,3.24253,0.0,NGTS-17,1.025,1.337,5650.0,1040.28,72.9005729,-34.2262128,2021.0,Transit,1457.0,G4 V,0.15,14.2136
ngts-18 b,13.56286665,129.99181846,3.05125,0.0,NGTS-18,1.003,1.392,5610.0,1096.19,180.5462193,-35.5486091,2021.0,Transit,1381.0,G5 V,0.15,14.3896
ngts-2 b,18.5483,,4.5111234,,NGTS-2,,1.71,6540.6,356.391,215.1227617,-31.2020698,2018.0,Transit,1599.0,,,10.8605
ngts-20 b,11.99360935,947.12865286,54.18915,0.432,NGTS-20,1.47,1.78,5980.0,382.898,46.2926368,-21.9336472,2022.0,Transit,688.0,G1 IV,0.15,11.0313
ngts-21 b,13.03211608,,1.54350574108,,NGTS-21,,0.828853,4650.0,592.891,311.2583112,-35.4278412,2022.0,Transit,1214.57,,,15.224
ngts-23 b,15.06490684,,4.07643727949,,NGTS-23,,1.29241,6287.0,1074.95,70.4322947,-40.0445299,2022.0,Transit,1363.02,,,13.9535
ngts-24 b,13.60770257,165.27077164,3.4678796,0.0,NGTS-24,1.26,1.64,5820.0,683.062,168.5638892,-37.9101328,2022.0,Transit,1499.0,G2 IV,0.27,13.0525
ngts-25 b,11.46678726,203.09235207,2.823093,0.0,NGTS-25,0.91,0.86,5321.0,521.233,307.4182976,-39.0323568,2022.0,Transit,1101.0,K0 V,0.12,14.0864
ngts-26 b,14.88552637,92.80589484,4.5199279,0.0,NGTS-26,0.96,1.16,5550.0,1093.69,217.6832961,-31.7324526,2024.0,Transit,1331.0,,0.2,14.7261
ngts-27 b,15.64773706,188.47224535,3.3704181,0.0,NGTS-27,1.07,1.77,5700.0,942.122,206.0265266,-32.5229747,2024.0,Transit,1783.0,,0.0,13.3475
ngts-3 a b,16.58932,756.4354,1.6753728,,NGTS-3 A,1.017,0.93,5600.0,743.972,94.4447595,-35.706364,2018.0,Transit,,G6 V,0.12,14.4878
ngts-30 b,10.40193409,305.11527072,98.29838,0.294,NGTS-30,0.94,0.913,5455.0,238.377,173.714867,-24.6054801,2024.0,Transit,500.0,,-0.03,12.1755
ngts-31 b,18.04645893,355.96781584,4.162734,0.0,NGTS-31,0.96,1.7,5710.0,497.376,80.4212533,-38.656827,2025.0,Transit,1410.0,,0.0,13.303
ngts-32 b,15.91675259,181.16219199,3.31211,0.0,NGTS-32,1.07,1.85,5680.0,837.457,223.8576228,-18.4323191,2025.0,Transit,1750.0,,-0.03,13.3116
ngts-33 b,18.38272835,1153.71711741,2.827972,0.0,NGTS-33,1.6,1.47,7437.0,437.855,107.8333348,-35.8505185,2024.0,Transit,1991.0,,-0.11,11.3976
ngts-34 b,3.65,19.1,43.12655,,NGTS-34,1.266,1.367,6134.0,120.475,162.4997176,-44.5478575,2025.0,Transit,624.0,F8 V,0.228,9.13346
ngts-35 b,10.9,152.0,25.241192,0.192,NGTS-35,0.789,0.753,4717.0,183.078,170.276336,-26.0666162,2025.0,Transit,451.0,K3.5 V,0.085,12.7159
ngts-4 b,3.18,20.6,1.3373508,0.0,NGTS-4,0.75,0.84,5143.0,280.555,89.5988945,-30.8117992,2019.0,Transit,1650.0,,-0.28,12.9092
ngts-5 b,12.733424,72.78307,3.3569866,0.0,NGTS-5,0.661,0.739,4987.0,306.779,221.0582692,5.6053735,2019.0,Transit,952.0,K2 V,0.12,13.526
ngts-6 b,8.38889408,,0.88206242583,,NGTS-6,,0.782888,4669.0,308.262,75.795382,-30.3994612,2019.0,Transit,1428.25,,,13.8175
ngts-8 b,12.21781,295.5819,2.4997,0.01,NGTS-8,0.89,0.98,5241.0,428.976,328.9759206,-14.0684399,2019.0,Transit,1345.0,K0 V,0.24,13.4954
ngts-9 b,11.21102312,,4.4352884,,NGTS-9,,1.38,6245.0,609.128,141.9206435,-19.3476477,2019.0,Transit,1365.12,,,12.6547
nn ser c,,2329.6,5573.55,0.08,NN Ser,,,,515.818,238.2337015,12.9120871,2010.0,Eclipse Timing Variations,,,,16.5905
nn ser d,,696.04421133,2880.0,0.24,NN Ser,0.535,,,515.818,238.2337015,12.9120871,2010.0,Eclipse Timing Variations,,WD,,16.5905
nsvs 14256825 b,,4497.2945,3225.0,0.12,NSVS 14256825,0.419,0.188,40000.0,820.877,305.001946,4.6323715,2019.0,Eclipse Timing Variations,,,,13.2452
ny vir b,,845.4278,3160.0,0.15,NY Vir,0.459,0.151,32780.0,544.024,204.7005847,-2.0303873,2011.0,Eclipse Timing Variations,,,,13.3943
ny vir c,,1760.7782,8799.0,0.15,NY Vir,0.459,0.151,32780.0,544.024,204.7005847,-2.0303873,2019.0,Eclipse Timing Variations,,,,13.3943
ogle-2003-blg-235l b,,480.0,,,OGLE-2003-BLG-235L,0.36,,,5200.0,271.318125,-28.895,2004.0,Microlensing,,M2-M7,,
ogle-2005-blg-071l b,,635.656814,,,OGLE-2005-BLG-071L,0.29,,,3300.0,267.540708,-34.6731944,2005.0,Microlensing,,,,
ogle-2005-blg-169l b,,13.2,,,OGLE-2005-BLG-169L,0.65,,,4000.0,271.5221667,-30.7326389,2006.0,Microlensing,,K5,,
ogle-2005-blg-390l b,,5.5,3285.0,,OGLE-2005-BLG-390L,0.22,,,6600.0,268.579958,-30.3773056,2005.0,Microlensing,50.0,,,
ogle-2006-blg-109l b,,230.0,,,OGLE-2006-BLG-109L,0.5,,,1490.0,268.143792,-30.0877778,2008.0,Microlensing,82.0,,,
ogle-2006-blg-109l c,,86.0,4927.5,0.15,OGLE-2006-BLG-109L,0.51,,,1510.0,268.143792,-30.0877778,2008.0,Microlensing,,,,
ogle-2006-blg-284l a b,,144.0,,,OGLE-2006-BLG-284L A,0.35,,,4000.0,269.65925,-29.1366667,2020.0,Microlensing,,,,
ogle-2007-blg-349l ab c,,80.0,2557.0,,OGLE-2007-BLG-349L A,0.41,,,2760.0,271.351807,-26.4219437,2016.0,Microlensing,,M,,
ogle-2007-blg-368l b,,20.0,,,OGLE-2007-BLG-368L,0.64,,,5900.0,269.108167,-32.2374167,2009.0,Microlensing,,,,
ogle-2008-blg-092l b,,57.0,,,OGLE-2008-BLG-092L,0.71,,,8100.0,267.540708,-34.6731944,2014.0,Microlensing,,,,
ogle-2008-blg-355l b,,1500.0,,,OGLE-2008-BLG-355L,0.37,,,6800.0,269.786708,-30.7594722,2014.0,Microlensing,,,,
ogle-2011-blg-0173l b,,,,,OGLE-2011-BLG-0173L,0.4,,,6200.0,269.315735,-28.2338619,2018.0,Microlensing,,,,
ogle-2011-blg-0251l b,,140.0,,,OGLE-2011-BLG-0251L,0.26,,,2710.0,264.559083,-27.1361389,2012.0,Microlensing,,,,
ogle-2011-blg-0265l b,,280.0,,,OGLE-2011-BLG-0265L,0.211,,,4380.0,269.448833,-27.3945278,2015.0,Microlensing,,,,
ogle-2012-blg-0026l b,,35.0,,,OGLE-2012-BLG-0026L,0.82,,,4080.0,263.5779167,-27.14275,2012.0,Microlensing,,G5 V,,
ogle-2012-blg-0026l c,,270.0,,,OGLE-2012-BLG-0026L,1.06,,,4019.0,263.577917,-27.14275,2012.0,Microlensing,,,,
ogle-2012-blg-0358l b,,588.0,,,OGLE-2012-BLG-0358L,0.022,,,1760.0,265.694875,-24.261,2013.0,Microlensing,,,,
ogle-2012-blg-0406l b,,1200.0,,,OGLE-2012-BLG-0406L,0.59,,,5100.0,268.325708,-30.4711667,2013.0,Microlensing,,,,
ogle-2012-blg-0563l b,,120.0,,,OGLE-2012-BLG-0563L,0.34,,,1300.0,271.4905,-27.712,2015.0,Microlensing,,,,
ogle-2012-blg-0724l b,,150.0,,,OGLE-2012-BLG-0724L,0.29,,,6700.0,268.9682917,-29.8185278,2016.0,Microlensing,,,,
ogle-2012-blg-0838l b,,53.1,,,OGLE-2012-BLG-0838L,0.4,,,6320.0,273.003083,-25.7116111,2020.0,Microlensing,,,,
ogle-2012-blg-0950l b,,35.0,,,OGLE-2012-BLG-0950L,0.57,,,2600.0,272.019257,-29.7315826,2016.0,Microlensing,,M V,,
ogle-2013-blg-0102l b,,4100.0,,,OGLE-2013-BLG-0102L,0.096,,,3040.0,268.0295,-31.6905833,2014.0,Microlensing,,,,
ogle-2013-blg-0132l b,,92.0,,,OGLE-2013-BLG-0132L,0.54,,,3900.0,269.764618,-28.4210281,2017.0,Microlensing,,,,
ogle-2013-blg-0341l b b,,2.32,,,OGLE-2013-BLG-0341L B,0.1452,,,1161.0,268.031208,-29.8461111,2014.0,Microlensing,,,,
ogle-2013-blg-0911l b,,,,,OGLE-2013-BLG-0911L,,,,,268.88325,-29.2538333,2019.0,Microlensing,,,,
ogle-2013-blg-1721l b,,200.0,,,OGLE-2013-BLG-1721L,0.46,,,6300.0,268.126556,-30.2926941,2017.0,Microlensing,,,,
ogle-2013-blg-1761l b,,860.0,,,OGLE-2013-BLG-1761L,0.33,,,6900.0,268.409485,-28.8952713,2017.0,Microlensing,,,,
ogle-2014-blg-0124l b,,150.0,,,OGLE-2014-BLG-0124L,0.65,,,4230.0,270.621708,-28.39625,2015.0,Microlensing,,,,
ogle-2014-blg-0221l b,,15452.81714834,,,OGLE-2014-BLG-0221L,9.81,,,2940.0,270.30375,-27.4267639,2024.0,Microlensing,,,,
ogle-2014-blg-0319l b,,181.16219199,,,OGLE-2014-BLG-0319L,0.52,,,7730.0,266.9611667,-33.9350444,2022.0,Microlensing,,M,,
ogle-2014-blg-0676l b,,1169.60853776,,,OGLE-2014-BLG-0676L,0.73,,,2670.0,268.1020833,-30.5483889,2016.0,Microlensing,,,,
ogle-2014-blg-1722l b,,,,,OGLE-2014-BLG-1722L,,,,,268.75238,-31.4690552,2018.0,Microlensing,,,,
ogle-2014-blg-1722l c,,83.7,,,OGLE-2014-BLG-1722L,0.4,,,6400.0,268.75238,-31.4690552,2018.0,Microlensing,,,,
ogle-2014-blg-1760l b,,180.0,,,OGLE-2014-BLG-1760L,0.51,,,6860.0,269.408997,-28.9631577,2016.0,Microlensing,,,,
ogle-2015-blg-0051l b,,230.0,,,OGLE-2015-BLG-0051L,0.1,,,8200.0,269.662537,-28.0316944,2016.0,Microlensing,,,,
ogle-2015-blg-0954l b,,1200.0,,,OGLE-2015-BLG-0954L,0.33,,,600.0,270.184333,-28.6608889,2016.0,Microlensing,,,,
ogle-2015-blg-0966l b,,21.0,,,OGLE-2015-BLG-0966L,0.38,,,2500.0,268.75425,-29.0471111,2016.0,Microlensing,,,,
ogle-2015-blg-1609l b,,1.8751876,,,OGLE-2015-BLG-1609L,0.025,,,6600.0,270.8237917,-26.9071111,2025.0,Microlensing,,,,
ogle-2015-blg-1649l b,,807.0,,,OGLE-2015-BLG-1649L,0.34,,,4230.0,271.2050417,-32.6330278,2019.0,Microlensing,,,,
ogle-2015-blg-1670l b,,17.9,,,OGLE-2015-BLG-1670L,0.55,,,6700.0,268.1587917,-28.5519167,2019.0,Microlensing,,,,
ogle-2015-blg-1771l b,,127.0,,,OGLE-2015-BLG-1771L,0.086,,,6860.0,268.799,-28.86275,2020.0,Microlensing,,,,
ogle-2016-blg-0007l b,,1.32,14200.0,,OGLE-2016-BLG-0007L,0.59,,,4300.0,268.3560417,-29.64225,2025.0,Microlensing,,,,
ogle-2016-blg-0263l b,,1300.0,,,OGLE-2016-BLG-0263L,0.13,,,6500.0,269.895416,-31.8186111,2017.0,Microlensing,,,,
ogle-2016-blg-0613l ab b,,1330.0,,,OGLE-2016-BLG-0613L AB,0.72,,,3410.0,269.260406,-28.1161671,2017.0,Microlensing,,,,
ogle-2016-blg-1067l b,,140.0,,,OGLE-2016-BLG-1067L,0.3,,,3730.0,273.2045,-27.0126389,2019.0,Microlensing,,,,
ogle-2016-blg-1093l b,,235.19302118,,,OGLE-2016-BLG-1093L,0.48,,,8060.0,269.0042917,-32.7134722,2022.0,Microlensing,,,,
ogle-2016-blg-1190l b,,4253.0,1220.0,0.42,OGLE-2016-BLG-1190L,0.88,,,6770.0,269.717926,-27.6135559,2017.0,Microlensing,,,,
ogle-2016-blg-1195l b,,5.1,,,OGLE-2016-BLG-1195L,0.37,,,7200.0,268.8479309,-30.2072506,2017.0,Microlensing,,,,
ogle-2016-blg-1227l b,,1580.0,,,OGLE-2016-BLG-1227L,0.68,,,,265.597125,-33.7597778,2020.0,Microlensing,,,,
ogle-2016-blg-1266l b,,3813.940884,,,OGLE-2016-BLG-1266L,0.015,,,3080.0,267.8535833,-29.74225,2018.0,Microlensing,,,,
ogle-2016-blg-1598l b,,120.77479466,,,OGLE-2016-BLG-1598L,0.55,,,5910.0,270.19075,-29.1754389,2024.0,Microlensing,,,,
ogle-2016-blg-1800l b,,823.17557413,,,OGLE-2016-BLG-1800L,0.41,,,6480.0,269.9032083,-30.8653611,2024.0,Microlensing,,,,
ogle-2017-blg-0173l b,,8.95,,,OGLE-2017-BLG-0173L,0.396,,,4800.0,267.970612,-29.2713604,2018.0,Microlensing,,,,
ogle-2017-blg-0364l b,,75.8,,,OGLE-2017-BLG-0364L,0.49,,,7860.0,265.227875,-34.6175833,2024.0,Microlensing,,,,
ogle-2017-blg-0373l b,,60.1,,,OGLE-2017-BLG-0373L,0.276,,,5810.0,269.3294067,-31.9517231,2018.0,Microlensing,,,,
ogle-2017-blg-0406l b,,,,,OGLE-2017-BLG-0406L,,,,,268.999667,-29.8631389,2020.0,Microlensing,,,,
ogle-2017-blg-0448l b,,504.0,,,OGLE-2017-BLG-0448L,0.65,,,6910.0,268.668625,-31.0319167,2024.0,Microlensing,,,,
ogle-2017-blg-0482l b,,9.0,,,OGLE-2017-BLG-0482L,0.2,,,5800.0,269.048889,-30.5283604,2018.0,Microlensing,,,,
ogle-2017-blg-0604l b,,160.0,,,OGLE-2017-BLG-0604L,0.7,,,3950.0,267.891667,-30.9465556,2020.0,Microlensing,,,,
ogle-2017-blg-0640l b,,514.88201934,,,OGLE-2017-BLG-0640L,0.32,,,6630.0,267.465125,-29.4615,2024.0,Microlensing,,,,
ogle-2017-blg-1049l b,,1760.0,,,OGLE-2017-BLG-1049L,0.55,,,5670.0,269.533542,-27.1442222,2020.0,Microlensing,,,,
ogle-2017-blg-1099l b,,959.84178914,,,OGLE-2017-BLG-1099L,0.45,,,7250.0,263.96425,-29.5858611,2021.0,Microlensing,,,,
ogle-2017-blg-1140l b,,505.0,,,OGLE-2017-BLG-1140L,0.211,,,,266.883057,-24.5226669,2018.0,Microlensing,,,,
ogle-2017-blg-1237l b,,1207.7479466,,,OGLE-2017-BLG-1237L,0.46,,,6030.0,271.6499583,-28.3288306,2024.0,Microlensing,,,,
ogle-2017-blg-1275l b,,1875.1876013,,,OGLE-2017-BLG-1275L,0.63,,,7690.0,267.9154167,-29.4979694,2024.0,Microlensing,,,,
ogle-2017-blg-1375l b,,4183.0,,,OGLE-2017-BLG-1375L,0.85,,,4070.0,269.154875,-30.3114167,2020.0,Microlensing,,,,
ogle-2017-blg-1434l b,,,,,OGLE-2017-BLG-1434L,,,,,268.280365,-30.2457218,2018.0,Microlensing,,,,
ogle-2017-blg-1522l b,,240.0,,,OGLE-2017-BLG-1522L,0.045,,,7490.0,270.319366,-28.4619713,2018.0,Microlensing,,,,
ogle-2017-blg-1691l b,,,,,OGLE-2017-BLG-1691L,,,,,263.5938333,-29.2848306,2022.0,Microlensing,,,,
ogle-2017-blg-1806l b,,5.27,,,OGLE-2017-BLG-1806L,0.38,,,6400.0,266.62325,-24.2722694,2023.0,Microlensing,,,,
ogle-2018-blg-0298l b,,47.67426105,,,OGLE-2018-BLG-0298L,0.7,,,6490.0,264.2845,-29.7091111,2022.0,Microlensing,,,,
ogle-2018-blg-0383l b,,6.4,,,OGLE-2018-BLG-0383L,0.1,,,7700.0,268.68075,-28.7392778,2022.0,Microlensing,,,,
ogle-2018-blg-0506l b,,16.3,,,OGLE-2018-BLG-0506L,0.63,,,5600.0,267.6298333,-31.9240556,2022.0,Microlensing,,,,
ogle-2018-blg-0516l b,,20.1,,,OGLE-2018-BLG-0516L,0.47,,,7000.0,269.640125,-31.2623889,2022.0,Microlensing,,,,
ogle-2018-blg-0532l b,,6.554,,,OGLE-2018-BLG-0532L,0.203,,,804.0,269.9834167,-28.99775,2020.0,Microlensing,,,,
ogle-2018-blg-0567l b,,101.70509024,,,OGLE-2018-BLG-0567L,0.25,,,7060.0,269.0184167,-27.9871111,2021.0,Microlensing,,,,
ogle-2018-blg-0596l b,,1.19,,,OGLE-2018-BLG-0596L,0.154,,,5950.0,269.0555417,-29.1990833,2019.0,Microlensing,,,,
ogle-2018-blg-0677l b,,3.96,,,OGLE-2018-BLG-0677L,0.12,,,7580.0,268.751125,-32.0165306,2020.0,Microlensing,,,,
ogle-2018-blg-0740l b,,1200.0,,,OGLE-2018-BLG-0740L,0.83,,5912.0,4200.0,272.1769583,-29.8358056,2019.0,Microlensing,,,-0.24,
ogle-2018-blg-0799l b,,533.95172376,,,OGLE-2018-BLG-0799L,0.62,,,7140.0,273.459,-25.4857222,2022.0,Microlensing,,,,
ogle-2018-blg-0932l b,,282.86728223,,,OGLE-2018-BLG-0932L,0.72,,,6620.0,268.3512083,-29.0218056,2022.0,Microlensing,,,,
ogle-2018-blg-0962l b,,425.89006538,,,OGLE-2018-BLG-0962L,0.54,,,6500.0,268.1747917,-32.30925,2021.0,Microlensing,,,,
ogle-2018-blg-0977l b,,6.4,,,OGLE-2018-BLG-0977L,0.47,,,6500.0,268.506125,-30.6048056,2022.0,Microlensing,,,,
ogle-2018-blg-1011l b,,570.0,,,OGLE-2018-BLG-1011L,0.18,,,7100.0,269.014,-29.0828889,2019.0,Microlensing,,,,
ogle-2018-blg-1011l c,,890.0,,,OGLE-2018-BLG-1011L,0.18,,,7100.0,269.014,-29.0828889,2019.0,Microlensing,,,,
ogle-2018-blg-1119l b,,289.22385037,,,OGLE-2018-BLG-1119L,0.48,,,5760.0,270.02925,-32.3752778,2022.0,Microlensing,,,,
ogle-2018-blg-1126l b,,17.79839079,,,OGLE-2018-BLG-1126L,0.69,,,5700.0,268.355875,-31.7247194,2022.0,Microlensing,,,,
ogle-2018-blg-1185l b,,2.1,,,OGLE-2018-BLG-1185L,0.091,,,5450.0,269.79275,-27.8350833,2021.0,Microlensing,,,,
ogle-2018-blg-1212l b,,60.38739733,,,OGLE-2018-BLG-1212L,0.14,,,1960.0,271.077625,-28.1940833,2022.0,Microlensing,,,,
ogle-2018-blg-1269l b,,240.0,,,OGLE-2018-BLG-1269L,1.18,,,2640.0,269.693417,-27.6179444,2020.0,Microlensing,,,,
ogle-2018-blg-1367l b,,301.93698665,,,OGLE-2018-BLG-1367L,0.28,,,5370.0,269.755625,-29.1683611,2022.0,Microlensing,,,,
ogle-2018-blg-1428l b,,240.0,,,OGLE-2018-BLG-1428L,0.43,,,6220.0,265.548708,-26.1378889,2021.0,Microlensing,,,,
ogle-2018-blg-1647l b,,308.29355479,,,OGLE-2018-BLG-1647L,0.092,,,7880.0,268.962375,-31.817,2022.0,Microlensing,,,,
ogle-2018-blg-1700l b,,1400.0,,,OGLE-2018-BLG-1700L,0.42,,,7600.0,269.956042,-28.5286389,2020.0,Microlensing,,,,
ogle-2019-blg-0249l b,,2264.20957147,,,OGLE-2019-BLG-0249L,0.912,,,6357.0,265.4035,-34.70175,2023.0,Microlensing,,,,
ogle-2019-blg-0299l b,,1976.89269154,,,OGLE-2019-BLG-0299L,0.59,,,5830.0,266.6794583,-23.5843111,2021.0,Microlensing,,,,
ogle-2019-blg-0304l b,,162.09248757,,,OGLE-2019-BLG-0304L,0.27,,,6980.0,264.0267083,-26.1459889,2021.0,Microlensing,,,,
ogle-2019-blg-0362l b,,1061.54687938,,,OGLE-2019-BLG-0362L,0.45,,,5720.0,263.46525,-24.8103611,2022.0,Microlensing,,,,
ogle-2019-blg-0468l b,,1020.22918647,,,OGLE-2019-BLG-0468L,0.92,,,4400.0,266.406,-24.4472778,2022.0,Microlensing,,G,,
ogle-2019-blg-0468l c,,3222.78004698,,,OGLE-2019-BLG-0468L,0.92,,,4400.0,266.406,-24.4472778,2022.0,Microlensing,,G,,
ogle-2019-blg-0679l b,,1061.54687938,,,OGLE-2019-BLG-0679L,0.66,,,5630.0,265.7404167,-27.7728806,2023.0,Microlensing,,,,
ogle-2019-blg-0954l b,,4513.1633794,,,OGLE-2019-BLG-0954L,0.8,,,3630.0,267.91325,-29.611,2021.0,Microlensing,,,,
ogle-2019-blg-0960l b,,2.0,,,OGLE-2019-BLG-0960L,0.43,,,830.0,274.0142917,-25.7746667,2021.0,Microlensing,,,,
ogle-2019-blg-1053l b,,2.46,,,OGLE-2019-BLG-1053L,0.6,,,6700.0,270.166375,-27.3415833,2021.0,Microlensing,,,,
ogle-2019-blg-1180l b,,555.24622703,,,OGLE-2019-BLG-1180L,0.545,,,6070.0,269.2465417,-27.9754444,2023.0,Microlensing,,,,
ogle-2019-blg-1470l ab c,,1716.2733978,,,OGLE-2019-BLG-1470L A,0.56,,,6100.0,271.9492083,-27.0335556,2022.0,Microlensing,,,,
ogle-2019-blg-1492l b,,37.1,,,OGLE-2019-BLG-1492L,0.68,,,5600.0,270.0964583,-28.6311389,2022.0,Microlensing,,,,
ogle-2023-blg-0836l b,,1385.73185452,,,OGLE-2023-BLG-0836L,0.71,,,5120.0,267.186875,-23.7415194,2024.0,Microlensing,,,,
ogle-tr-10 b,12.77826,200.2329,,,OGLE-TR-10,1.17,1.14,6075.0,1344.97,267.8677483,-29.8764758,2004.0,Transit,,,0.28,15.6845
ogle-tr-111 b,11.209,168.4499,4.0161,0.0,OGLE-TR-111,0.82,0.85,5070.0,1068.33,163.324115,-61.4056976,2004.0,Transit,,,0.12,16.5277
ogle-tr-113 b,,,1.43247534,,OGLE-TR-113,,,,566.459,163.1010355,-61.4468591,2004.0,Transit,,,,15.443
ogle-tr-132 b,14.01125,371.8611,1.689868,,OGLE-TR-132,1.297,1.37,6210.0,2012.62,162.6440933,-61.9572476,2004.0,Transit,2017.0,,0.37,16.4883
ogle-tr-182 b,16.47723,336.8998,3.9791,,OGLE-TR-182,1.187,1.53,5924.0,2501.75,167.3279228,-61.0952624,2007.0,Transit,1550.0,,0.37,16.6783
ogle-tr-211 b,14.145758,238.3725,3.67724,,OGLE-TR-211,1.312,1.56,6325.0,1515.26,160.0598236,-62.4555353,2007.0,Transit,1686.0,,0.11,15.0702
ogle-tr-56 b,13.4508,413.179,1.211909,,OGLE-TR-56,1.233,1.26,6119.0,,269.1479583,-29.5392222,2002.0,Transit,2140.0,,0.25,
ogle2-tr-l9 b,18.046,1430.175,2.4855335,,OGLE2-TR-L9,1.52,1.53,6933.0,1627.63,166.9798793,-61.1462496,2008.0,Transit,,,-0.05,14.5637
oph 11 b,,4449.62,7300000.0,,Oph 11,0.016,,2375.0,,245.604961,-24.0872219,2006.0,Imaging,2175.0,M9,,18.912
pds 70 b,14.5717,2542.64,43500.0,,PDS 70,0.76,1.26,3972.0,113.064,212.0421402,-41.3980405,2018.0,Imaging,1200.0,K7,,11.5848
pds 70 c,,3333.87384922,,,PDS 70,,,,113.064,212.0421402,-41.3980405,2019.0,Imaging,,,,11.5848
ph1 b,6.18,169.0,138.317,0.0702,PH1,1.528,1.734,6407.0,1033.16,298.2150641,39.9550863,2012.0,Transit,481.0,F,0.21,13.6988
ph2 b,9.33708092,87.08498352,282.52542,0.215,PH2,0.966,0.949,5734.0,343.863,289.7636212,51.962683,2013.0,Transit,295.1,,0.017,12.5811
pots-1 b,10.548,734.16,3.1606296,,POTS-1,0.695,0.588,4400.0,747.959,203.6087259,-66.5811639,2013.0,Transit,,K5 V,-0.03,17.2604
psr b0329+54 b,,1.97,10140.0,0.236,PSR B0329+54,1.44,,,,53.2472749,54.5791636,2017.0,Pulsar Timing,,,,20.1861
psr b1257+12 b,,0.02,25.262,0.0,PSR B1257+12,1.4,,,600.0,195.0149029,12.6823534,1994.0,Pulsar Timing,,,,
psr b1257+12 c,,3.4,66.563,0.022,PSR B1257+12,,,,600.0,195.0149029,12.6823534,1992.0,Pulsar Timing,,,,
psr b1257+12 d,,2.8,98.234,0.02,PSR B1257+12,,,,600.0,195.0149029,12.6823534,1992.0,Pulsar Timing,,,,
psr b1620-26 b,,794.575,,,PSR B1620-26,1.35,,,,245.9092617,-26.5315944,2003.0,Pulsar Timing,,,,
psr j1719-1438 b,,382.8,0.090706293,0.06,PSR J1719-1438,1.4,,4500.0,1200.0,259.7919708,-14.6336,2011.0,Pulsar Timing,,,,
psr j2322-2650 b,,252.643067,0.322963997,0.0017,PSR J2322-2650,1.4,,,230.0,350.6443481,-26.8495331,2017.0,Pulsar Timing,,,,
pz tel b,,8581.366989,44000.0,0.52,PZ Tel,1.36,,,47.0648,283.2745823,-50.1808952,2023.0,Imaging,,G9 IV,,8.09894
pr0201 b,,171.6282,4.4264,0.0,Pr0201,1.24,1.15,6174.0,180.64,130.4324005,20.2268164,2012.0,Radial Velocity,,,0.19,10.3508
pr0211 b,,597.5204,2.1461,0.011,Pr0211,0.935,0.827,5300.0,182.714,130.547744,19.276957,2012.0,Radial Velocity,,,0.18,11.9281
pr0211 c,,2475.8957,4850.0,0.71,Pr0211,0.935,0.827,5300.0,182.714,130.547744,19.276957,2016.0,Radial Velocity,,,0.18,11.9281
proxima cen b,,1.27,11.186,0.35,Proxima Cen,0.12,0.141,3050.0,1.30119,217.3934657,-62.6761821,2016.0,Radial Velocity,234.0,M5.5 V,,8.95361
proxima cen d,,0.26,5.122,0.04,Proxima Cen,0.1221,0.141,2900.0,1.30119,217.3934657,-62.6761821,2025.0,Radial Velocity,,M5.5 V,,8.95361
qatar-1 b,13.047,346.42,1.420033,0.0,Qatar-1,0.85,0.823,4861.0,185.615,303.3818697,65.1623313,2010.0,Transit,,,,12.4764
qatar-10 b,19.0536,,1.6453265,,Qatar-10,,1.32,6023.0,559.068,284.4439052,69.5708373,2019.0,Transit,1818.0,,,12.6978
qatar-2 b,,,1.337,,Qatar-2,0.699,0.763091,4459.0,181.374,207.6554928,-6.8040714,2011.0,Transit,,,,13.0276
qatar-3 b,12.285064,1369.8473,2.5079204,0.0,Qatar-3,1.145,1.272,6007.0,735.601,359.1519716,36.2129562,2017.0,Transit,1681.0,G0 V,-0.041,12.8203
qatar-4 b,,,1.8053663,,Qatar-4,,,,329.036,4.859275,44.0275965,2017.0,Transit,,,,13.4114
qatar-5 b,12.408363,1373.0256,2.8792319,0.0,Qatar-5,1.128,1.076,5747.0,367.658,7.0539375,42.0613451,2017.0,Transit,1415.0,G2 V,0.377,12.5241
qatar-6 b,11.903958,212.31044,3.506195,0.0,Qatar-6,0.822,0.722,5052.0,100.848,222.2100773,22.1526136,2017.0,Transit,1006.0,K2 V,-0.025,11.1249
qatar-7 b,,,2.03202332,,Qatar-7,1.409,1.564,6387.0,705.981,358.5151344,37.0218242,2019.0,Transit,,F4 V,0.276,12.9275
qatar-8 b,15.2308,,3.7146478,,Qatar-8,,1.32,5783.0,281.498,157.4123405,70.5270835,2019.0,Transit,1432.0,,,11.3494
qatar-9 b,,,1.54077534,,Qatar-9,,,,213.771,160.748095,60.9641194,2019.0,Transit,,,,13.6871
roxs 12 b,,5085.0,,,ROXs 12,0.87,,3850.0,136.65,246.6167993,-25.446695,2013.0,Imaging,,M0,,13.2655
roxs 42 b b,,2860.0,,,ROXs 42 B,1.0,,,143.59,247.8125493,-24.545577,2013.0,Imaging,1975.0,M0,,13.1164
rr cae b,,1334.886,4343.5,0.0,RR Cae,0.44,,,21.1916,65.2733756,-48.6542601,2012.0,Eclipse Timing Variations,,M,,13.6576
ross 128 b,,1.4,9.8658,0.116,Ross 128,0.168,0.1967,3192.0,3.37454,176.9376036,0.7992898,2017.0,Radial Velocity,301.0,M4,-0.02,9.59067
ross 176 b,1.84,4.57,5.0066338,0.25,Ross 176,0.577,0.569,4041.0,46.4488,305.6897438,47.3086191,2025.0,Transit,682.0,K7 V,-0.19,11.2715
ross 458 c,14.01125,1906.98,,,Ross 458,,,,11.5094,195.1912147,12.3755996,2010.0,Imaging,,,,8.90809
ross 508 b,,4.0,10.77,0.33,Ross 508,0.1774,0.2113,3071.0,11.2103,230.9613022,17.4605347,2022.0,Radial Velocity,,M4.5 V,-0.2,12.2066
speculoos-3 b,0.977,,0.71912603,,SPECULOOS-3,0.1009,0.123,2800.0,,312.3632611,33.6123832,2024.0,Transit,553.0,M6.5+/-0.5,0.07,15.4023
sr 12 ab c,,4131.62,,,SR 12 AB,,,,,246.8312363,-24.6946687,2010.0,Imaging,,,,12.1811
sweeps-11 b,12.666,3082.82,1.796,,SWEEPS-11,1.1,1.45,,,269.7583333,-29.1981944,2006.0,Transit,,,,
sweeps-4 b,9.079,1207.7,4.2,,SWEEPS-4,1.24,1.18,,,269.7246667,-29.1890556,2006.0,Transit,,,,
tap 26 b,,527.5978,10.79,,TAP 26,1.04,1.17,4620.0,121.402,64.715445,17.3878826,2017.0,Radial Velocity,,,,11.8101
tcp j05074264+2447555 b,,19.0,,,TCP J05074264+2447555,0.495,,,429.0,76.928,24.799,2018.0,Microlensing,,,,
tic 117642575 b,2.82716337,,4.94459060181,,TIC 117642575,,1.08102,5719.98,188.758,9.4800698,-37.0662905,2026.0,Transit,,,,10.8411
tic 139270665 b,7.22979255,147.15455244,23.624,0.105,TIC 139270665,1.035,1.016,5844.0,189.875,124.0338967,33.2914532,2024.0,Transit,703.0,G2,0.156,10.1805
tic 139270665 c,,1554.18091023,1010.0,0.566,TIC 139270665,1.035,1.016,5844.0,189.875,124.0338967,33.2914532,2024.0,Radial Velocity,200.0,G2,0.156,10.1805
tic 139702105 b,2.45316949,,6.83601903383,,TIC 139702105,,1.25423,5742.35,91.7884,66.498034,-18.214545,2026.0,Transit,,,,9.45649
tic 142589416 b,2.67899519,,2.09518466313,,TIC 142589416,,0.713832,4396.27,168.933,168.2439697,73.8301439,2026.0,Transit,,,,13.575
tic 147027702 b,10.92875618,346.43296363,44.40523,0.127,TIC 147027702,1.406,2.136,6410.0,457.186,161.7728559,-43.9317971,2026.0,Transit,863.0,,-0.08,10.9899
tic 153919886 b,2.70601108,,2.10510492329,,TIC 153919886,,0.591697,4137.16,132.33,171.8440734,68.1810449,2026.0,Transit,,,,13.7447
tic 154870955 b,3.09467466,,7.9698747128,,TIC 154870955,,0.724328,4739.58,226.463,191.7456685,88.8298759,2026.0,Transit,,,,13.1947
tic 160113658 b,3.49015778,,6.72952262077,,TIC 160113658,,0.789834,4817.31,200.156,59.4555606,-41.6320332,2026.0,Transit,,,,12.7393
tic 161045582 b,2.24566738,,8.85577189959,,TIC 161045582,,1.07976,5683.87,162.246,223.6258514,49.097725,2026.0,Transit,,,,10.5887
tic 172900988 b,11.25,942.0,200.452,0.0271,TIC 172900988 Aa,1.2384,1.3842,6050.0,250.956,128.6616644,31.5539793,2021.0,Transit,,F9,0.34,10.0477
tic 178172313 b,2.80405322,,4.3731816136,,TIC 178172313,,0.84345,5405.59,178.137,43.4062672,-32.077048,2026.0,Transit,,,,11.7749
tic 183374187 b,14.03364384,177.98390792,5.05907,0.506,TIC 183374187,0.853,1.344,5768.0,1208.75,357.6160382,-41.4124228,2026.0,Transit,1379.0,,-0.39,14.5169
tic 188624430 b,3.64811843,,6.21860433132,,TIC 188624430,,0.786574,5369.46,300.743,258.5566927,53.7060189,2026.0,Transit,,,,13.0202
tic 18942729 b,2.00021315,,0.99817838064,,TIC 18942729,,0.825257,4360.11,115.169,119.2150697,16.6772341,2026.0,Transit,,,,12.2782
tic 198190129 b,2.92284949,,7.94804910667,,TIC 198190129,,0.640675,4377.53,130.035,246.3322839,60.3771414,2026.0,Transit,,,,13.2525
tic 206466666 b,2.14817673,,9.10486865159,,TIC 206466666,,0.667193,4620.3,127.837,56.7694828,-52.3667509,2026.0,Transit,,,,12.1599
tic 231949697 b,1.73305743,,0.90720558921,,TIC 231949697,,0.492584,3701.0,50.2408,94.2576817,-43.3661845,2026.0,Transit,982.91,,,12.3686
tic 237913194 b,11.79529659,,15.16897229768,,TIC 237913194,,1.12898,5713.0,306.063,22.4458116,-60.7399096,2020.0,Transit,770.71,,,11.9371
tic 241249530 b,13.29385111,1582.78546686,165.7719,0.9412,TIC 241249530,1.271,1.397,6166.0,324.448,95.3088995,53.2950203,2024.0,Transit,,,0.09,11.565
tic 245076932 b,10.87271128,162.09248757,21.61389,0.428,TIC 245076932,1.117,1.288,6130.0,303.96,198.0634857,-51.214433,2026.0,Transit,845.0,,0.02,11.4654
tic 24750448 b,2.43722231,,3.59159193029,,TIC 24750448,,0.713599,4545.43,178.146,26.1958598,-68.6447552,2026.0,Transit,,,,13.2265
tic 24750448 c,3.09028272,,10.14385270726,,TIC 24750448,,0.713599,4545.43,178.146,26.1958598,-68.6447552,2026.0,Transit,,,,13.2265
tic 249022743 b,4.79568155,,2.25719681538,,TIC 249022743,,1.2084,5567.58,396.46,78.5762192,-3.4466123,2026.0,Transit,,,,12.5177
tic 257060897 b,17.26183028,201.50321004,3.66003639,0.039,TIC 257060897,1.187,1.863,5993.0,505.703,227.5321527,72.7103128,2021.0,Transit,1775.0,F,0.054,11.6659
tic 260969020 b,2.22686612,,8.48584501953,,TIC 260969020,,0.68988,4572.94,121.222,74.9407148,-79.5859489,2026.0,Transit,,,,12.122
tic 270471727 b,2.75029559,,10.45623256647,,TIC 270471727,,0.997091,5271.39,182.104,97.2114071,-78.4730589,2026.0,Transit,,,,11.7034
tic 279401253 b,11.2089807,1951.46641898,76.8,0.448,TIC 279401253,1.13,1.06,5951.0,285.584,57.6572277,-15.0262251,2023.0,Transit,,,0.2,11.6965
tic 279401253 c,,2548.98382414,155.3,0.254,TIC 279401253,1.13,1.06,5951.0,285.584,57.6572277,-15.0262251,2023.0,Transit,,,0.2,11.6965
tic 290487717 b,6.63777941,,3.400818229,,TIC 290487717,,0.943767,5328.97,395.574,139.0870563,2.5508053,2026.0,Transit,,,,13.231
tic 294329732 b,2.07692266,,9.7565876181,,TIC 294329732,,0.920172,5201.93,189.333,109.1177907,-58.2371507,2026.0,Transit,,,,11.8837
tic 32032563 b,3.47739942,,13.83460487791,,TIC 32032563,,1.00188,5567.93,507.858,56.0905221,-68.8580554,2026.0,Transit,,,,13.2659
tic 320419023 b,2.77280763,,5.26375651589,,TIC 320419023,,0.952319,5703.36,288.893,118.0726215,11.8241773,2026.0,Transit,,,,12.0672
tic 34085383 b,3.91982296,,3.47793368523,,TIC 34085383,,0.809951,4694.84,149.12,59.235363,-7.3757198,2026.0,Transit,,,,12.2304
tic 349520724 b,2.82626313,,7.94044635021,,TIC 349520724,,0.818771,5098.6,241.105,111.2314215,-64.6398433,2026.0,Transit,,,,12.7463
tic 356227008 b,2.39024009,,2.96147448702,,TIC 356227008,,0.959792,5731.86,387.609,267.2508238,50.130808,2026.0,Transit,,,,12.8356
tic 365102760 b,6.21,19.2,4.21285367,0.406,TIC 365102760,1.17,3.13,4900.0,555.546,305.8398236,54.3943194,2024.0,Transit,,,0.09,11.9772
tic 38825265 b,2.18869476,,3.31336980985,,TIC 38825265,,0.664503,4375.52,165.638,68.2492759,-65.2039666,2026.0,Transit,,,,13.661
tic 38828280 b,2.62701629,,4.85558984762,,TIC 38828280,,0.741147,5046.63,286.415,68.3926457,-62.1697135,2026.0,Transit,,,,13.3519
tic 390586021 b,2.86009388,,2.74703755819,,TIC 390586021,,0.726565,4434.81,114.558,199.8225789,-31.4655097,2026.0,Transit,,,,12.6005
tic 393818343 b,,,,,TIC 393818343,,,,93.7345,310.2917002,3.6382967,2024.0,Transit,,G0,,9.429071
tic 423703298 b,2.77230429,,4.03712711976,,TIC 423703298,,0.729825,4540.37,136.191,22.9360486,-17.0135676,2026.0,Transit,,,,12.5367
tic 434398831 b,3.51,,3.685504,0.04,TIC 434398831,0.992,0.909,5638.0,217.011,93.9592639,16.0238459,2025.0,Transit,1250.0,G4 V,-0.081,11.7893
tic 434398831 c,5.63,,6.210291,0.013,TIC 434398831,0.992,0.909,5638.0,217.011,93.9592639,16.0238459,2025.0,Transit,1050.0,G4 V,-0.081,11.7893
tic 437041147 b,2.21526814,,3.82301421497,,TIC 437041147,,0.961092,5224.36,246.6,132.9480195,6.7648369,2026.0,Transit,,,,12.1573
tic 445839811 b,2.47771211,,11.1086260318,,TIC 445839811,,0.850041,5408.25,235.655,200.1188173,48.4072699,2026.0,Transit,,,,12.2126
tic 46432937 b,13.64261159,,1.44045444627,,TIC 46432937,,0.538736,3673.0,90.5369,83.8689794,-14.5971909,2024.0,Transit,835.45,,,13.433
tic 4672985 b,11.5004142,4049.13390518,69.048,0.018,TIC 4672985,1.01,1.15,5757.0,253.385,38.4706782,-10.6573827,2024.0,Transit,517.2,,0.14,11.4442
tic 62895484 b,3.49391667,,2.83985434327,,TIC 62895484,,0.874291,5520.79,294.857,116.6385519,22.5903733,2026.0,Transit,,,,12.5416
tic 65612701 b,5.07802804,,10.22467974953,,TIC 65612701,,1.73709,5692.29,151.624,310.4738195,36.3388288,2026.0,Transit,,,,9.34621
tic 67686059 b,2.59125922,,3.52163529551,,TIC 67686059,,0.820458,5090.09,249.203,19.884337,-35.2930148,2026.0,Transit,,,,12.7696
tic 77319217 b,3.10879526,,7.54830765124,,TIC 77319217,,1.18439,5961.52,267.62,71.0406969,-39.8976018,2026.0,Transit,,,,11.2264
tic 77552382 b,5.69176189,,3.51025904942,,TIC 77552382,,0.886956,4981.07,373.415,152.5133767,-4.903525,2026.0,Transit,,,,13.6134
tic 86380416 b,2.4123612,,6.0408643461,,TIC 86380416,,0.989724,5723.74,244.68,145.160376,65.7327948,2026.0,Transit,,,,11.614
tic 87422071 b,9.30846,,11.3648628,,TIC 87422071,,1.51,6128.0,384.758,273.0346013,-44.2434042,2026.0,Transit,959.0,,,11.6121
tic 88692598 b,1.81295951,,2.64909436758,,TIC 88692598,,0.532473,3483.17,73.5258,149.2109097,47.7706699,2026.0,Transit,,,,13.1046
tic 88785435 b,5.03,,10.508843,0.131,TIC 88785435,0.724,0.911,3998.0,122.386,224.2838576,-30.8800273,2025.0,Transit,635.0,K7 V,-0.08,12.6115
toi-1011 b,1.45,4.04,2.470498,0.0,TOI-1011,0.91,0.92,5475.0,52.62,113.9847611,-32.8419988,2025.0,Transit,,,0.03,8.72937
toi-1036 b,5.98375,,3.7795212,,TOI-1036,,1.18,5771.0,184.015,157.8671116,-42.2404483,2026.0,Transit,1294.0,,,10.7369
toi-1052 b,3.0629855,,9.13980396599,,TOI-1052,,1.58,5958.2,129.804,337.5102738,-75.6465606,2023.0,Transit,1006.99,,,9.39972
toi-1052 c,,34.3,35.806,0.237,TOI-1052,1.204,1.264,6146.0,129.804,337.5102738,-75.6465606,2023.0,Radial Velocity,719.0,,0.14,9.39972
toi-1054.01,3.28,,15.51,,TOI-1054,1.14,1.17092,6096.0,88.4343,302.1141738,-54.3175014,2021.0,Transit,,,,8.81729
toi-1062 b,2.30057,,4.1150576,,TOI-1062,,0.89,5394.0,82.1733,38.1209678,-78.0236828,2021.0,Transit,826.0,,,10.0008
toi-1062 c,,9.78,7.972,0.14,TOI-1062,0.94,0.84,5328.0,82.1733,38.1209678,-78.0236828,2021.0,Radial Velocity,859.0,G9 V,0.14,10.0008
toi-1064 b,2.58336201,,6.44383677774,,TOI-1064,,0.737189,4608.62,68.0726,296.0039349,-47.5620305,2022.0,Transit,,,,10.6491
toi-1064 c,2.6014766,,12.22655951887,,TOI-1064,,0.737189,4803.0,68.0726,296.0039349,-47.5620305,2022.0,Transit,575.35,,,10.6491
toi-1075 b,1.791,9.95,0.6047328,0.0,TOI-1075,0.604,0.581,3875.0,61.4592,309.9712091,-65.4496994,2022.0,Transit,1323.0,K9 V/M0 V,-0.08,12.0544
toi-1080 b,1.2305102,,3.9652484554,,TOI-1080,,0.199988,3296.0,25.559,276.3683249,-52.214573,2026.0,Transit,386.67,,,14.0343
toi-1105 b,3.05823658,,10.86818410933,,TOI-1105,,0.755833,4678.46,79.5225,146.0539694,-89.4715133,2026.0,Transit,,,,10.922
toi-1107 b,14.57167491,1064.72516345,4.0782387,0.025,TOI-1107,1.35,1.81,6311.0,281.314,155.6078632,-82.2188693,2022.0,Transit,1728.0,F6 V,-0.1,10.3745
toi-1117 b,2.46,8.9,2.22816,0.0,TOI-1117,0.97,1.05,5635.0,167.598,273.6020606,-66.4199742,2025.0,Transit,1538.0,G5 V,0.136,10.8621
toi-1117 c,,8.78,4.579,0.0,TOI-1117,0.97,1.05,5635.0,167.598,273.6020606,-66.4199742,2025.0,Radial Velocity,1210.0,G5 V,0.136,10.8621
toi-1117 d,,10.71,8.665,0.0,TOI-1117,0.97,1.05,5635.0,167.598,273.6020606,-66.4199742,2025.0,Radial Velocity,978.0,G5 V,0.136,10.8621
toi-1130 b,3.56,19.28,4.07445,0.0541,TOI-1130,0.712,0.695,4350.0,58.2609,286.3760037,-41.4376399,2020.0,Transit,632.17,K6-K7,0.3,10.9028
toi-1130 c,16.8135,309.56642,8.350381,0.047,TOI-1130,0.684,0.687,4250.0,58.2609,286.3760037,-41.4376399,2020.0,Transit,637.0,K7,0.2,10.9028
toi-1135 b,9.02,51.42,8.02773,0.0,TOI-1135,1.125,1.16,6122.0,114.048,193.3963704,85.1294952,2024.0,Transit,1198.9,G0,0.0,9.41353
toi-1136 b,1.9,,4.17278,0.031,TOI-1136,1.022,0.968,5770.0,84.5362,192.1848981,64.8552755,2022.0,Transit,,,0.07,9.36789
toi-1136 c,2.879,,6.25725,0.117,TOI-1136,1.022,0.968,5770.0,84.5362,192.1848981,64.8552755,2022.0,Transit,,,0.07,9.36789
toi-1136 d,,8.35,12.5199,0.042,TOI-1136,1.022,0.968,5770.0,84.5362,192.1848981,64.8552755,2022.0,Transit,843.0,,0.07,9.36789
toi-1136 e,,6.07,18.801,0.0425,TOI-1136,1.022,0.968,5770.0,84.5362,192.1848981,64.8552755,2022.0,Transit,737.0,,0.07,9.36789
toi-1136 f,3.88,,26.3162,0.012,TOI-1136,1.022,0.968,5770.0,84.5362,192.1848981,64.8552755,2022.0,Transit,,,0.07,9.36789
toi-1136 g,2.53,12.2,39.5387,0.0,TOI-1136,1.0404,0.9573,5805.0,84.5362,192.1848981,64.8552755,2022.0,Transit,574.0,,0.075,9.36789
toi-1173 b,9.19,27.4,7.06466,0.023,TOI-1173,0.911,0.934,5350.0,132.353,197.6830975,70.7680117,2024.0,Transit,868.0,G9,0.139,10.8041
toi-1174 b,2.5064654,32.0,8.953458,0.0,TOI-1174,0.8425,0.7847,5158.0,94.6375,209.2171751,68.6182106,2024.0,Transit,713.83,,-0.002,10.8073
toi-1180 b,3.00336,,9.6867516,,TOI-1180,,0.73,4738.1,72.0238,214.5557741,82.1937642,2024.0,Transit,707.0,,,10.7445
toi-1181 b,17.02644168,374.71969185,2.103189,0.011,TOI-1181,1.467,1.961,6054.0,302.819,297.2158166,64.3543506,2022.0,Transit,,,0.38,10.4776
toi-1184 b,2.32390276,,5.74843507724,,TOI-1184,,0.692384,4466.17,58.5946,272.2045196,60.6787845,2024.0,Transit,,,,10.622
toi-1194 b,8.5972882,144.92975359,2.310644,0.076,TOI-1194,1.007,0.963,5446.0,149.667,167.8214811,69.9647749,2023.0,Transit,1391.0,,0.29,10.9887
toi-1199 b,10.678,,3.6714717,,TOI-1199,,1.54,5618.0,248.427,166.8806581,61.3525723,2024.0,Transit,1182.0,,,10.8853
toi-1201 b,2.21875851,,2.49197708495,,TOI-1201,,0.482388,3948.0,37.8871,42.2476999,-14.5372835,2021.0,Transit,639.98,,,12.0966
toi-1203 b,1.52,3.51,4.1572888,0.067,TOI-1203,0.886,1.179,5737.0,64.9943,168.2267358,-34.4069371,2025.0,Radial Velocity,1361.2,G3 V,-0.39,8.42196
toi-1203 c,,5.46,13.0766,0.092,TOI-1203,0.886,1.179,5737.0,64.9943,168.2267358,-34.4069371,2025.0,Radial Velocity,,G3 V,-0.39,8.42196
toi-1203 e,,42.1,204.59,0.152,TOI-1203,0.886,1.179,5737.0,64.9943,168.2267358,-34.4069371,2025.0,Radial Velocity,,G3 V,-0.39,8.42196
toi-1203.01,2.9641461,,25.51953069147,,TOI-1203,,1.17321,5742.22,64.9943,168.2267358,-34.4069371,2021.0,Transit,662.89,,,8.42196
toi-122 b,2.63477634,,5.07803253492,,TOI-122,,0.334125,3318.0,62.118,332.9482355,-58.946085,2020.0,Transit,431.25,,,14.3357
toi-1221 b,3.23985502,,91.68278322762,,TOI-1221,,1.01814,5802.0,138.411,107.9210254,-65.5088568,2023.0,Transit,399.08,,,10.5262
toi-1224 b,2.10238538,,4.17826560315,,TOI-1224,,0.404403,3442.0,37.3312,37.1978356,-80.8991053,2024.0,Transit,492.72,,,12.7824
toi-1224 c,3.38391242,,17.94536449202,,TOI-1224,,0.404403,3442.0,37.3312,37.1978356,-80.8991053,2024.0,Transit,303.12,,,12.7824
toi-1226 b,2.4101112,,3.92880881576,,TOI-1226,,0.986943,5434.91,257.93,103.7548364,-69.8671293,2026.0,Transit,,,,12.0245
toi-1227 b,6.45224486,,27.36137783684,,TOI-1227,,0.44128,3050.0,100.641,186.7673635,-72.4518501,2022.0,Transit,243.77,,,15.2514
toi-1230.01,3.23968384,,25.05713123288,,TOI-1230,,1.15281,5696.0,143.138,118.1295936,-83.8250629,2021.0,Transit,688.61,,,10.0398
toi-1231 b,3.878568,,24.245496692,,TOI-1231,,0.465271,3535.0,27.6227,156.74726,-52.4678724,2021.0,Transit,122.22,,,11.36
toi-1232 b,10.92875618,220.57291446,14.256,0.065,TOI-1232,1.058,1.072,5823.0,328.604,116.501399,-61.8797935,2026.0,Transit,,G1 V,0.18,12.2653
toi-1232 c,,58.48042689,30.356,0.027,TOI-1232,1.058,1.072,5823.0,328.604,116.501399,-61.8797935,2026.0,Transit Timing Variations,,G1 V,0.18,12.2653
toi-1233.01,,,14.175876,0.17,HD 108236,0.97,0.888,5730.0,64.5978,186.5740627,-51.3630519,2021.0,Transit,,G3 V,-0.3,9.08745
toi-1235 b,1.69,6.69,3.444714,0.049,TOI-1235,0.63,0.619,3997.0,39.6345,152.2182549,69.2766204,2020.0,Transit,,M0.5 V,0.33,10.8492
toi-1238 b,1.21,3.76,0.764597,0.25,TOI-1238,0.59,0.58,4089.0,70.7145,201.3823387,68.8360678,2022.0,Transit,1133.0,K7/M0,0.31,12.2219
toi-1238 c,2.44976471,,3.2947609691,,TOI-1238,,0.62326,4194.35,70.7145,201.3823387,68.8360678,2022.0,Transit,,,,12.2219
toi-1243 b,2.19615073,,4.65951692269,,TOI-1243,,0.490729,3489.0,43.1865,135.7326412,71.6364158,2026.0,Transit,519.9,,,12.359
toi-1244 b,2.37611439,6.6,6.4003,0.0,TOI-1244,0.7528,0.7231,4722.0,102.551,256.279559,69.519093,2024.0,Transit,714.86,,0.034,11.6765
toi-1246 b,3.28198793,,4.30745132484,,TOI-1246,,0.876154,5141.0,169.422,251.1158702,70.4299917,2022.0,Transit,954.88,,,11.7291
toi-1246 c,2.51,8.8,5.904144,,TOI-1246,0.87,0.86,5151.0,169.422,251.1158702,70.4299917,2022.0,Transit,860.0,K V,0.17,11.7291
toi-1246 d,3.43139739,5.4,18.654874,0.0,TOI-1246,0.8889,0.8649,5213.0,169.422,251.1158702,70.4299917,2022.0,Transit,587.77,,0.168,11.7291
toi-1246 e,3.5141875,14.5,37.92548,0.0,TOI-1246,0.8889,0.8649,5213.0,169.422,251.1158702,70.4299917,2022.0,Transit,463.98,,0.168,11.7291
toi-1248 b,6.95642576,,4.36015363069,,TOI-1248,,0.874131,5227.0,168.735,259.0235918,63.1056072,2024.0,Transit,961.61,,,11.6512
toi-1249 b,3.2710301,11.9,13.079151,0.0,TOI-1249,1.0062,0.9785,5497.0,139.49,200.5615762,66.3085331,2024.0,Transit,726.89,,0.297,10.6987
toi-125 b,,,4.651853,0.194,TOI-125,0.871,0.852,5282.0,111.059,23.5934253,-66.6763495,2019.0,Transit,,K0 V,0.069,10.718
toi-125 c,2.759,6.63,9.15059,0.066,TOI-125,0.859,0.848,5320.0,111.059,23.5934253,-66.6763495,2019.0,Transit,827.8,K0 V,-0.02,10.718
toi-125 d,2.93,13.6,19.98,0.168,TOI-125,0.859,0.848,5320.0,111.059,23.5934253,-66.6763495,2020.0,Transit,638.1,K0 V,-0.02,10.718
toi-1259 a b,12.55419255,,3.47797762847,,TOI-1259 A,,0.765001,4699.0,118.106,282.1001665,79.2564761,2021.0,Transit,897.2,,,11.8104
toi-1260 b,2.34,8.6,3.12748,0.0,TOI-1260,0.66,0.65,4227.0,73.5977,157.1440712,65.8541986,2021.0,Transit,860.0,K6 V,-0.1,11.5743
toi-1260 c,2.77336735,,7.49316133324,,TOI-1260,,0.693431,4225.0,73.5977,157.1440712,65.8541986,2021.0,Transit,607.6,,,11.5743
toi-1260 d,3.83191349,,49.82516596484,,TOI-1260,,0.693431,4225.0,73.5977,157.1440712,65.8541986,2022.0,Transit,323.12,,,11.5743
toi-1266 b,2.37,13.5,10.894843,0.09,TOI-1266,0.45,0.42,3600.0,36.0118,197.9965833,65.8336973,2020.0,Transit,413.0,M3,-0.5,12.1222
toi-1266 c,1.98,3.17,18.8027,0.071,TOI-1266,0.437,0.4232,3563.0,36.0118,197.9965833,65.8336973,2020.0,Transit,346.0,M2,-0.109,12.1222
toi-1266 d,,4.59,32.34,0.12,TOI-1266,0.431,0.436,3618.0,36.0118,197.9965833,65.8336973,2025.0,Transit Timing Variations,297.0,M3 V,-0.195,12.1222
toi-1268 b,8.37310858,,8.157728,0.12,TOI-1268,0.9,0.86,5257.0,109.557,198.3885831,62.3053799,2022.0,Transit,,K V,0.17,10.692
toi-1269 b,2.34833829,,4.25296414061,,TOI-1269,,0.848906,5591.0,172.138,249.6966397,64.559181,2024.0,Transit,994.53,,,11.4712
toi-1269 c,2.22995,,9.2378703,,TOI-1269,,0.85,5591.0,172.138,249.6966397,64.559181,2026.0,Transit,757.0,,,11.4712
toi-1272 b,4.13204907,27.0,3.31599,0.35,TOI-1272,0.8772,0.7934,5065.0,137.572,199.1962036,49.8610591,2022.0,Transit,975.0,,0.182,11.6
toi-1272 c,,26.7,8.689,0.35,TOI-1272,0.851,0.788,4985.0,137.572,199.1962036,49.8610591,2022.0,Radial Velocity,697.0,,0.17,11.6
toi-1273 b,9.34848,,4.6313014,,TOI-1273,,1.07,5736.0,177.118,214.1208564,58.3902534,2024.0,Transit,1078.0,,,10.8662
toi-1278 b,12.21778896,5879.8255295,14.47567,0.013,TOI-1278,0.54,0.573,3799.0,75.5759,320.4784442,35.648625,2021.0,Transit,,M0 V,-0.01,12.7543
toi-1279 b,3.22647351,,9.61416356822,,TOI-1279,,0.840608,5477.0,107.055,185.0628734,56.2014094,2024.0,Transit,749.9,,,10.4785
toi-128.01,2.21898,,4.9404681,,TOI-128,0.851969,1.13,6086.0,68.4727,79.5209381,-80.964384,2024.0,Transit,1344.51,,,8.37173
toi-1288 b,4.94551,,2.6998294,,TOI-1288,,0.92,6180.0,114.865,313.1670294,65.6087833,2022.0,Transit,1639.0,,,10.4468
toi-1288 c,,85.7,416.0,0.0,TOI-1288,0.9552,0.9583,5388.0,114.865,313.1670294,65.6087833,2022.0,Radial Velocity,,,0.257,10.4468
toi-1291 b,5.05452,,7.16199,,TOI-1291,,1.81,6229.0,428.123,245.8180089,62.9251213,2026.0,Transit,1649.0,,,11.244
toi-1294 b,10.12369881,63.9,3.915292,0.0,TOI-1294,1.1578,1.5566,5718.0,332.648,223.0926408,70.4765573,2024.0,Transit,1392.74,,0.283,11.3998
toi-1294 c,,147.0,159.9,0.0,TOI-1294,1.1578,1.5566,5718.0,332.648,223.0926408,70.4765573,2024.0,Radial Velocity,,,0.283,11.3998
toi-1295 b,15.69257298,451.31633794,3.1968838,0.024,TOI-1295,1.38,1.7,6280.0,388.227,256.6722026,67.8715032,2024.0,Transit,2360.0,F,0.26,11.1307
toi-1296 b,14.11645916,95.3,3.9443736,0.0,TOI-1296,1.1576,1.7031,5567.0,323.265,256.7706392,70.2384806,2021.0,Transit,1414.84,,0.405,11.2912
toi-1298 b,9.42675277,113.14691289,4.537164,0.032,TOI-1298,1.44,1.412,5889.0,319.036,241.3229012,70.1900397,2021.0,Transit,1388.0,,0.49,11.4038
toi-1301.01,2.58568531,,6.09640744088,,TOI-1301,,0.731699,4820.4,90.8693,275.8625432,71.5817479,2024.0,Transit,737.36,,,11.1355
toi-132 b,,,2.1096935,,TOI-132,0.97,0.9,5397.0,163.678,338.3996623,-43.436872,2020.0,Transit,,G8 V,0.16,11.3208
toi-1333 b,15.647764,753.2571,4.720219,0.073,TOI-1333,1.464,1.925,6274.0,200.492,325.0145363,48.4067674,2021.0,Transit,1679.0,,0.119,9.35039
toi-1338 b,6.85,33.0,95.174,0.088,TOI-1338 A,1.127,1.331,6050.0,399.017,92.1330955,-59.5409853,2020.0,Transit,,,0.01,11.8764
toi-1338 c,,75.4,215.79,0.037,TOI-1338 A,1.0936,1.313,,399.017,92.1330955,-59.5409853,2023.0,Radial Velocity,,,,11.8764
toi-1346 b,2.52358179,,1.76225372591,,TOI-1346,,0.784109,4965.0,115.45,256.6226752,68.8433031,2025.0,Transit,1186.61,,,11.3041
toi-1346 c,2.23,,5.502558,,TOI-1346,0.82,0.78,5099.0,115.45,256.6226752,68.8433031,2025.0,Transit,928.0,,-0.01,11.3041
toi-1347 b,1.81434694,12.2,0.84742431,0.0,TOI-1347,0.9279,0.8401,5493.0,147.476,280.3266806,70.2900536,2024.0,Transit,1698.5,,0.017,11.2087
toi-1347 c,1.61774045,,4.84204381617,,TOI-1347,,0.846387,5300.0,147.476,280.3266806,70.2900536,2024.0,Transit,938.91,,,11.2087
toi-1386 b,4.31235,,25.8386422,,TOI-1386,,1.03,5769.0,146.858,334.5041029,54.3190454,2024.0,Transit,667.0,,,10.5069
toi-1386 c,,98.20897776,227.6,0.27,TOI-1386,1.038,1.015,5793.0,146.858,334.5041029,54.3190454,2024.0,Radial Velocity,327.4,G5V,0.164,10.5069
toi-139 b,2.3337648,,11.07085752966,,TOI-139,,0.700727,4356.0,42.4061,336.4024144,-34.9097131,2023.0,Transit,554.99,,,10.0772
toi-1408 b,8.3621,,4.4247042,,TOI-1408,,1.49,6594.0,139.484,313.5110469,72.5806455,2023.0,Transit,1293.0,,,9.18795
toi-1408 c,2.22,7.6,2.1664,0.1353,TOI-1408,1.312,1.53,6117.0,139.484,313.5110469,72.5806455,2024.0,Transit Timing Variations,,F8 V,0.25,9.18795
toi-1410 c,,27.0,47.56,0.0,TOI-1410,0.7941,0.7558,4635.0,72.7512,334.8828486,42.5603141,2024.0,Radial Velocity,,,0.328,10.8746
toi-1410.01,2.943638,,1.216835,,TOI-1410,0.715108,0.778749,4634.6,72.7512,334.8828486,42.5603141,2024.0,Transit,1396.13,,,10.8746
toi-1411 b,1.36,,1.4520358,,TOI-1411,0.59,0.66,4266.0,32.4778,232.946047,47.0555507,2022.0,Transit,1136.0,,,9.87723
toi-1416 b,1.60037,,1.0697621,,TOI-1416,,0.8,4946.0,55.0135,216.9234892,41.9529862,2023.0,Transit,1590.0,,,9.65254
toi-1420 b,12.09082297,,6.95611336692,,TOI-1420,,0.940037,5387.0,201.918,322.9418092,66.3490054,2023.0,Transit,872.5,,,11.738
toi-1422 b,3.96,9.0,12.9972,0.04,TOI-1422,0.981,1.019,5840.0,155.141,354.240829,39.6392793,2022.0,Transit,867.0,G2 V,-0.09,10.5521
toi-1422 c,2.61,14.0,34.5633,0.2,TOI-1422,,,,155.141,354.240829,39.6392793,2025.0,Radial Velocity,628.0,G2 V,,10.5521
toi-1431 b,16.70138124,991.62462984,2.650237,0.0022,TOI-1431,1.9,1.92,7690.0,148.925,316.2036922,55.5880221,2021.0,Transit,2370.0,Am C,0.09,7.97561
toi-1437 b,2.00342,,18.840891,,TOI-1437,,1.22,6093.0,103.297,256.1387513,56.842549,2024.0,Transit,868.0,,,9.07928
toi-1438 b,3.04,9.4,5.13967,0.0,TOI-1438,0.876,0.82,5230.0,110.513,280.9237844,74.9378327,2025.0,Transit,971.0,K0 V,0.03,10.8549
toi-1438 c,2.49195,,9.4280902,,TOI-1438,,0.82,5374.0,110.513,280.9237844,74.9378327,2025.0,Transit,623.0,,,10.8549
toi-1439 b,3.68027,,27.6438617,,TOI-1439,,1.62,5873.0,230.306,241.7639371,67.8776404,2024.0,Transit,801.0,,,10.4168
toi-1442 b,1.18337788,,0.40906805811,,TOI-1442,,0.308799,3328.0,41.1659,287.2921006,74.1742762,2022.0,Transit,967.44,,,13.7652
toi-1443 b,2.11441,,23.5407467,,TOI-1443,,0.75,5236.0,85.8034,297.398678,76.1391776,2024.0,Transit,564.0,,,10.4596
toi-1444 b,1.42,3.34,0.470269,,TOI-1444,0.88,0.91,5377.0,125.463,305.4749252,70.9437054,2021.0,Transit,,G,0.04,10.6417
toi-1448 b,2.63540428,,8.09708185596,,TOI-1448,,0.381586,3391.0,73.3345,316.324003,57.7710946,2024.0,Transit,388.13,,,14.4005
toi-1450 a b,1.09248076,,2.04392678077,,TOI-1450 A,,0.473603,3407.0,22.4467,286.8540627,59.0866254,2024.0,Transit,660.39,,,11.2394
toi-1450 a c,,1.527,5.0688,,TOI-1450 A,0.48,0.483,3437.0,22.4467,286.8540627,59.0866254,2024.0,Transit,533.0,M3.0 V,-0.12,11.2394
toi-1451 b,2.61143902,15.2,16.537944,0.0,TOI-1451,1.0022,1.0162,5801.0,91.9362,186.5242821,61.2589289,2024.0,Transit,723.33,,0.019,9.42861
toi-1452 b,1.672,4.82,11.06201,0.0,TOI-1452,0.249,0.275,3185.0,30.5212,290.1739741,73.1951082,2022.0,Transit,326.0,M4 +/- 0.5 V,-0.07,13.6233
toi-1453 b,1.173,2.32,4.3135225,0.0,TOI-1453,0.715,0.72,4975.0,78.7415,258.2232705,57.1977779,2025.0,Transit,944.2,,-0.31,10.7265
toi-1453 c,2.12746,,6.5886877,,TOI-1453,,0.71,4920.0,78.7415,258.2232705,57.1977779,2025.0,Transit,646.0,,,10.7265
toi-1466 b,2.40733,,1.8718991,,TOI-1466,,0.75,4201.0,86.5783,307.3965319,61.5507253,2026.0,Transit,1001.0,,,11.7965
toi-1467 b,1.92,,5.97114713,,TOI-1467,0.489,0.491,3834.0,37.4418,19.1146441,49.2331382,2024.0,Transit,,,,11.5622
toi-1468 b,1.401,3.04,1.8805201,0.0099,TOI-1468,0.3527,0.3714,3376.0,24.7399,16.6538724,19.2249195,2022.0,Transit,683.5,,-0.01,12.1172
toi-1468 c,2.01357599,,15.5324384892,,TOI-1468,,0.369306,3382.0,24.7399,16.6538724,19.2249195,2022.0,Transit,308.47,,,12.1172
toi-1470 b,2.36200634,,2.52710962243,,TOI-1470,,0.49012,3399.8,51.9503,10.0891431,61.2133868,2023.0,Transit,,,,12.5555
toi-1470 c,2.47,7.24,18.08816,0.5,TOI-1470,0.471,0.469,3709.0,51.9503,10.0891431,61.2133868,2023.0,Transit,373.0,M1.5 V,0.0,12.5555
toi-1472 b,4.15964583,16.5,6.36381,0.0,TOI-1472,0.9154,0.8377,5133.0,121.84,14.1142611,48.6375168,2024.0,Transit,811.14,,0.287,11.1107
toi-1472 c,3.334,21.13,15.5381747,0.172,TOI-1472,0.87,0.84,5100.0,121.84,14.1142611,48.6375168,2025.0,Radial Velocity,662.0,,0.27,11.1107
toi-1478 b,,,10.1803074,0.024,TOI-1478,0.947,1.048,5597.0,152.892,126.4337428,-13.5595485,2021.0,Transit,,,0.078,10.6624
toi-150.01,15.46842,556.2025,5.857342,0.0,TOI-150,1.249,1.551,6003.0,336.267,112.965421,-73.6060358,2019.0,Transit,1493.0,,0.235,11.3408
toi-1516 b,17.2767,,2.0560153,,TOI-1516,,1.24,6485.0,247.054,340.0846204,69.5037313,2022.0,Transit,1839.0,,,10.7156
toi-1518 b,21.01683881,731.0053361,1.902603,0.01,TOI-1518,1.79,1.95,7300.0,225.888,352.2675207,67.0348062,2021.0,Transit,2492.0,F0,-0.1,8.89529
toi-157 b,,,2.08453882,,TOI-157,0.948,1.167,5404.0,355.683,73.7014398,-76.6806061,2020.0,Transit,,G9 IV,0.24,12.5143
toi-159 b,17.33058674,,3.7628372,,TOI-159,,1.58746,6979.2,347.593,51.7822676,-78.5498308,2026.0,Transit,1660.76,,,10.8504
toi-1601 b,14.6101,,5.33155,,TOI-1601,,2.22,5917.0,336.608,38.361569,41.0134321,2021.0,Transit,1593.0,,,10.5276
toi-163 b,,,4.2311144,,TOI-163,1.4352,1.648,6495.0,411.719,79.7682532,-71.8955269,2019.0,Transit,,F,0.22,11.2193
toi-1630.01,2.417,,12.055734733,,TOI-1630,0.95,0.83,5504.0,66.0929,352.0166759,75.5526069,2024.0,Transit,,,,9.48188
toi-1634 b,1.759,4.9,0.98934551,0.0,TOI-1634,0.502,0.45,3550.0,35.2736,56.3906096,37.1122803,2021.0,Transit,900.0,M2,0.23,12.1965
toi-1634 c,,,103.0,0.0,TOI-1634,0.451,0.45,3472.0,35.2736,56.3906096,37.1122803,2022.0,Radial Velocity,,,0.19,12.1965
toi-1648 b,2.77433,,7.3315684,,TOI-1648,,0.84,4871.6,69.835,45.4011794,69.2299235,2025.0,Transit,637.0,,,10.1848
toi-1659.01,2.18229043,,5.87755477969,,TOI-1659,,1.00568,5977.0,122.494,277.9251938,82.3059487,2024.0,Transit,1031.14,,,9.97588
toi-1669 b,,182.11567721,502.0,0.14,TOI-1669,1.0,,5542.3,111.276,45.9564744,83.5874273,2023.0,Radial Velocity,,,0.26,10.0089
toi-1669 c,2.2963977,13.0,2.6800535,0.0,TOI-1669,0.9867,1.0561,5497.0,111.276,45.9564744,83.5874273,2024.0,Transit,1285.16,,0.274,10.0089
toi-1670 b,2.35616,,10.9836724,,TOI-1670,,1.31,6453.0,168.067,259.0172522,72.1611806,2022.0,Transit,1043.0,,,9.81934
toi-1670 c,11.06326395,200.23189641,40.74976,0.09,TOI-1670,1.21,1.316,6170.0,168.067,259.0172522,72.1611806,2022.0,Transit,684.0,F7 V,0.09,9.81934
toi-1680 b,1.466,,4.8026345,,TOI-1680,0.1798,0.2106,3225.0,37.2209,292.313979,65.9738018,2023.0,Transit,404.0,M4.5+/-0.5,0.04,14.6457
toi-1683.01,2.48784863,,3.05752396361,,TOI-1683,,0.695095,4402.0,51.1884,65.9796504,27.8223701,2024.0,Transit,848.22,,,10.5084
toi-1685 b,1.9200407,,0.66914491422,,TOI-1685,,0.462408,3457.0,37.6153,68.5939529,43.0370395,2021.0,Transit,964.7,,,12.2956
toi-169 b,,,2.2554454,,TOI-169,1.147,1.288,5880.0,407.84,16.7786879,-75.1989452,2020.0,Transit,,G1 V,0.24,12.2379
toi-1691 b,2.88015,,16.7368995,,TOI-1691,,1.0,5759.0,111.445,272.4041179,86.860343,2024.0,Transit,834.0,,,9.97302
toi-1693 b,1.55747344,,1.76669200948,,TOI-1693,,0.46126,3474.0,30.7947,90.3083455,34.7730904,2022.0,Transit,700.85,,,11.8373
toi-1694 b,5.3422266,31.3,3.770107,0.0,TOI-1694,0.853,0.8036,5058.0,124.68,97.7487104,66.3605956,2023.0,Transit,943.19,,0.131,11.3103
toi-1694 c,,333.71982735,389.2,0.18,TOI-1694,0.84,,5066.4,124.68,97.7487104,66.3605956,2023.0,Radial Velocity,,,0.12,11.3103
toi-1695 b,1.79929661,,3.13429456192,,TOI-1695,,0.516105,3575.0,45.1309,21.9217346,72.2966148,2022.0,Transit,618.36,,,12.1364
toi-1696 b,3.24,56.6,2.50031,0.0,TOI-1696,0.27,0.287,3168.0,64.9172,65.280648,48.8198312,2022.0,Transit,533.0,,0.19,15.3314
toi-1710 b,5.20315158,22.4,24.283377,0.0,TOI-1710,1.0258,0.9574,5684.0,81.2271,94.2838373,76.21102,2022.0,Transit,602.99,,0.147,9.35983
toi-1716.01,3.143,,8.082376554,,TOI-1716,1.07,1.24,5879.0,104.158,105.0833291,56.8241941,2024.0,Transit,,,,9.24094
toi-1718 b,4.24332,,5.5870396,,TOI-1718,,0.94,5378.0,52.3044,112.0180254,30.3217322,2026.0,Transit,948.0,,,8.75476
toi-172 b,,,9.476936,0.3806,TOI-172,1.128,1.777,5645.0,342.831,316.6318791,-26.6928654,2019.0,Transit,,,0.148,11.1927
toi-1722 b,3.86469,,9.6052235,,TOI-1722,,1.09,6137.0,136.419,114.3452126,61.1539249,2026.0,Transit,952.0,,,9.90994
toi-1723 b,2.95921,,13.7270395,,TOI-1723,,1.09,5777.0,100.727,116.7971978,68.4766845,2024.0,Transit,802.0,,,9.53596
toi-1728 b,,,3.491405,0.057,TOI-1728,0.646,0.6243,3980.0,60.798,120.6116787,64.7971531,2020.0,Transit,,M0,0.25,11.7294
toi-1732 b,2.49549787,,4.11923678339,,TOI-1732,,0.632571,4201.93,74.7599,111.8014509,53.0452684,2026.0,Transit,,,,12.2811
toi-1736 b,2.44,12.8,7.073088,0.21,TOI-1736,1.08,1.15,5807.0,88.9482,43.4344615,69.101345,2023.0,Transit,1076.0,,0.138,8.77969
toi-1736 c,,2477.0,571.3,0.369,TOI-1736,1.06,1.38,5670.0,88.9482,43.4344615,69.101345,2023.0,Radial Velocity,274.0,,0.13,8.77969
toi-1739 b,1.95844,,8.3033493,,TOI-1739,,0.78,4814.0,70.9819,240.172481,83.2586589,2024.0,Transit,685.0,,,10.4185
toi-1742 b,1.87711,,21.2690422,,TOI-1742,,1.16,5707.0,72.8871,257.3288678,71.8766724,2024.0,Transit,770.0,,,8.72791
toi-1743 b,3.30511,,4.2660553,,TOI-1743,,0.32,3281.0,41.2758,257.7473322,71.8722039,2025.0,Transit,506.0,,,13.7291
toi-1744.01,2.54102,,22.3417286,,TOI-1744,,1.14,6179.0,114.39,294.2910707,60.881302,2024.0,Transit,598.0,,,9.3918
toi-1749 b,1.39,57.0,2.38839,0.14,TOI-1749,0.58,0.55,3985.0,99.5561,282.7372281,64.419466,2021.0,Transit,831.0,M0 V,-0.26,13.1798
toi-1749 c,1.99802983,,4.48913668478,,TOI-1749,,0.561356,3959.0,99.5561,282.7372281,64.419466,2021.0,Transit,625.4,,,13.1798
toi-1749 d,2.52,15.0,9.0497,0.062,TOI-1749,0.58,0.55,3985.0,99.5561,282.7372281,64.419466,2021.0,Transit,533.0,M0 V,-0.26,13.1798
toi-1750 b,2.61949404,,11.33736139757,,TOI-1750,,0.768675,4765.0,162.46,240.3019781,68.9373001,2026.0,Transit,612.92,,,12.3303
toi-1751 b,2.77,14.5,37.46849,0.0,TOI-1751,0.9,1.2,5996.0,113.335,243.4888534,63.5335297,2024.0,Transit,,,-0.4,9.18941
toi-1752 b,1.80329353,,0.93518907755,,TOI-1752,,0.526987,3652.0,103.021,253.4614861,60.7096197,2026.0,Transit,952.07,,,13.8174
toi-1752 c,2.29,,32.71443,,TOI-1752,0.524,0.53,3762.0,103.021,253.4614861,60.7096197,2026.0,Transit,291.0,M1.0&plusmn0.5 V,-0.11,13.8174
toi-1753 b,2.61706334,,5.38462389661,,TOI-1753,,0.959022,5700.0,226.671,252.4698351,61.1735768,2024.0,Transit,1001.76,,,11.664
toi-1756 b,1.94225664,,2.78301736297,,TOI-1756,,0.562607,3891.86,86.7159,306.3287741,77.6364119,2026.0,Transit,,,,13.1096
toi-1758 b,3.5573684,6.9,20.705127,0.0,TOI-1758,0.8253,0.8155,5151.0,96.6215,354.741581,75.6852317,2024.0,Transit,551.44,,-0.02,10.6252
toi-1759 b,3.06,6.8,18.849975,0.0,TOI-1759,0.61,0.628,3972.0,40.0654,326.8516615,62.7538164,2022.0,Transit,433.0,,0.1,10.8385
toi-1768.01,3.2807,,7.3377236,,TOI-1768,,1.1,5994.0,157.597,152.1027826,55.5399599,2024.0,Transit,1566.0,,,10.3113
toi-1772.01,2.905,,8.054246874,,TOI-1772,0.99,0.995,5583.0,97.7562,156.837704,34.3909497,2024.0,Transit,,,,9.80056
toi-1774.01,2.9,,16.71,,TOI-1774,1.06,1.09271,5853.7,53.974,148.1619305,35.111008,2021.0,Transit,,,,8.08235
toi-1775 b,8.04728896,96.0,10.2405549,0.0,TOI-1775,0.9218,0.8288,5284.0,149.234,150.1151015,39.4577506,2024.0,Transit,707.89,,0.162,11.4501
toi-1776 b,1.21612741,1.4,2.799868,0.0,TOI-1776,0.9196,0.9356,5785.0,44.647,164.7772913,40.9837182,2024.0,Transit,1269.21,,-0.193,8.09023
toi-1777.01,1.81908,,14.6503935,,TOI-1777,,0.98,5859.45,79.7665,151.807032,46.1148814,2024.0,Transit,580.0,,,9.15437
toi-178 b,1.2,0.96,1.9145601,,TOI-178,0.647,0.662,4316.0,62.699,7.3020115,-30.4541159,2021.0,Transit,,,-0.23,11.1523
toi-178 c,1.669,4.77,3.23845,,TOI-178,0.65,0.651,4316.0,62.699,7.3020115,-30.4541159,2021.0,Transit,873.0,K,-0.23,11.1523
toi-178 d,2.695,5.2,6.557569,0.0068,TOI-178,0.647,0.662,4316.0,62.699,7.3020115,-30.4541159,2021.0,Transit,,,-0.23,11.1523
toi-178 e,2.207,3.86,9.961881,,TOI-178,0.65,0.651,4316.0,62.699,7.3020115,-30.4541159,2021.0,Transit,600.0,K,-0.23,11.1523
toi-178 f,2.287,7.72,15.231915,,TOI-178,0.65,0.651,4316.0,62.699,7.3020115,-30.4541159,2021.0,Transit,521.0,K,-0.23,11.1523
toi-178 g,2.939,4.4,20.71663,0.00043,TOI-178,0.647,0.662,4316.0,62.699,7.3020115,-30.4541159,2021.0,Transit,,,-0.23,11.1523
toi-1782.01,2.368,,4.987641028,,TOI-1782,0.68,0.669,4336.0,95.2649,213.0787718,74.4117909,2024.0,Transit,,,,12.0399
toi-1782.02,1.839,,1.829024227,,TOI-1782,0.68,0.669,4336.0,95.2649,213.0787718,74.4117909,2024.0,Transit,,,,12.0399
toi-1789 b,16.14093221,222.4798849,3.208664,,TOI-1789,1.507,2.168,5991.0,229.067,142.743406,26.5399951,2021.0,Transit,1927.0,F,0.373,9.58439
toi-1794 b,3.33026651,,8.76554684874,,TOI-1794,,1.29921,5707.0,155.791,203.3974857,49.0608433,2024.0,Transit,992.06,,,10.1444
toi-1798.01,2.38506569,6.5,8.02154,0.0,TOI-1798,0.8543,0.7911,5106.0,113.181,211.0939367,46.5192825,2024.0,Transit,734.31,,0.073,11.067
toi-1798.02,1.40822,,0.4378109,,TOI-1798,0.862514,0.78,5165.2,113.181,211.0939367,46.5192825,2024.0,Transit,2122.09,,,11.067
toi-1799 b,1.642,,7.094570865,,TOI-1799,1.01,0.957,5690.0,62.1274,167.2329152,34.3030149,2024.0,Transit,,,,8.81013
toi-1801 b,1.98891,,10.6439385,,TOI-1801,,0.55,3815.0,30.6796,175.5755995,23.0270335,2023.0,Transit,504.0,,,10.8269
toi-1803 b,2.98555,,6.2932111,,TOI-1803,,0.69,4868.61,119.24,178.0461054,35.1718001,2025.0,Transit,769.0,,,11.7705
toi-1803 c,4.29,8.0,12.885779,0.0,TOI-1803,0.756,0.715,4687.0,119.24,178.0461054,35.1718001,2025.0,Transit,588.0,,0.014,11.7705
toi-1806.01,2.8411799,,15.15120508799,,TOI-1806,,0.401575,3272.0,55.5211,166.1181474,30.4585763,2024.0,Transit,308.7,,,13.927
toi-1807 b,1.37,2.57,0.549374,0.0,TOI-1807,0.76,0.69,4730.0,42.5775,201.2826259,38.9223671,2021.0,Transit,,,-0.04,9.67517
toi-181 b,6.9559,46.1687,4.532,0.1543,TOI-181,0.822,0.745,4994.0,96.2338,352.1725409,-34.4914099,2023.0,Transit,895.1,K,0.272,11.0857
toi-1811 b,11.7215,,3.7130701,,TOI-1811,,0.81,4719.0,128.23,188.9223576,27.2143766,2023.0,Transit,762.0,,,11.7574
toi-1814 b,5.18536642,,6.36861010462,,TOI-1814,,2.3895,4872.84,362.522,236.8168817,77.2326429,2026.0,Transit,,,,11.4141
toi-1820 b,12.778238,731.0053361,4.860674,0.043,TOI-1820,1.04,1.51,5734.0,248.504,187.6867207,27.4520016,2022.0,Transit,1375.0,,0.14,10.9653
toi-1823 b,8.20695,,38.8135498,,TOI-1823,,0.82,4760.0,71.6456,196.2197201,63.753261,2024.0,Transit,486.0,,,10.3908
toi-1824 b,2.45459,,22.8085719,,TOI-1824,,0.82,5182.0,59.4314,197.7312286,61.7448492,2024.0,Transit,544.0,,,9.5075
toi-1836 b,8.00321222,38.45723725,20.380799,0.0,TOI-1836,1.307,1.577,6380.0,191.649,245.9079242,54.6900774,2024.0,Transit,966.0,,-0.101,9.64482
toi-1836 c,2.73549,,1.7727505,,TOI-1836,,1.62,6351.0,191.649,245.9079242,54.6900774,2024.0,Transit,2058.0,,,9.64482
toi-1839 b,2.21895097,,1.42378440907,,TOI-1839,,0.848099,5315.91,116.086,196.8331106,5.8520458,2026.0,Transit,,,,10.7274
toi-1839 c,2.40867246,,4.02393854207,,TOI-1839,,0.848099,5315.91,116.086,196.8331106,5.8520458,2026.0,Transit,,,,10.7274
toi-1842 b,11.65733993,68.0152791,9.5739,,TOI-1842,1.46,2.02,6230.0,223.465,201.9626552,9.0306437,2021.0,Transit,,,0.22,9.65981
toi-1846 b,1.79020058,,3.93067462793,,TOI-1846,,0.411452,3512.0,47.2496,257.9549645,54.5278483,2025.0,Transit,523.44,,,12.9919
toi-1853 b,3.89334,,1.2436239,,TOI-1853,,0.84,4968.8,165.105,211.4593468,16.9923703,2023.0,Transit,1272.0,,,11.9474
toi-1855 b,19.5876,,1.3641482,,TOI-1855,,1.08,5347.0,176.833,205.3539534,17.6868719,2024.0,Transit,1505.0,,,11.1611
toi-1859 b,9.75181321,,63.48347,0.57,TOI-1859,1.287,1.36,6341.0,224.385,279.8317644,69.5228726,2023.0,Transit,,,0.12,10.2843
toi-1860 b,1.0883,,1.0662082,,TOI-1860,,0.93,5668.0,45.864,226.4567308,64.0476821,2022.0,Transit,1515.0,,,8.23223
toi-1873 b,2.86356397,,7.00572708834,,TOI-1873,,0.971675,5597.99,182.014,212.5684755,84.3718582,2026.0,Transit,,,,11.2141
toi-1883 b,5.65,,4.50638,,TOI-1883,0.492,0.494,3477.0,115.369,134.0892456,-12.9306438,2024.0,Transit,524.92,M,,14.5242
toi-1898 b,9.71,148.3,45.522129,,TOI-1898,,,,79.6682,144.5553,23.5467464,2024.0,Transit,754.0,,,7.748
toi-1899 b,12.89035,209.7678,29.02,0.118,TOI-1899,0.627,0.607,3841.0,128.438,299.4268472,40.1433462,2020.0,Transit,362.0,M0,0.31,13.5553
toi-1937 a b,13.97759893,638.83509807,0.94667944,0.0,TOI-1937 A,1.072,1.08,5814.0,415.135,116.3707214,-52.3832587,2023.0,Transit,2097.0,,0.196,13.0168
toi-198 b,1.44,,10.2152,,TOI-198,0.467,0.441,3650.0,23.7262,2.2715087,-27.1217452,2023.0,Transit,368.0,M0 V,-0.7,10.9187
toi-199 b,10.05196383,,104.87242523178,,TOI-199,,0.88,5350.0,102.27,80.1058735,-59.8954326,2023.0,Transit,476.27,,,10.5784
toi-199 c,,88.99195396,273.69,0.096,TOI-199,0.936,0.82,5255.0,102.27,80.1058735,-59.8954326,2023.0,Transit Timing Variations,,G9 V,0.22,10.5784
toi-1994 b,11.5159,,4.0337201,,TOI-1994,,2.22,7369.0,515.603,147.1745753,-51.756564,2024.0,Transit,1841.0,,,10.428
toi-2000 b,2.7,11.0,3.09833,0.0,TOI-2000,1.082,1.134,5611.0,175.713,146.3970631,-66.6866307,2023.0,Transit,1488.0,,0.439,10.8542
toi-2000 c,8.34235,,9.1270519,,TOI-2000,,1.18,5400.0,175.713,146.3970631,-66.6866307,2023.0,Transit,970.0,,,10.8542
toi-2005 b,11.99360935,2034.1018048,17.305904,0.597,TOI-2005,1.59,2.02,7130.0,328.475,164.031654,-43.3766967,2025.0,Transit,,,0.0,9.75967
toi-201 b,11.4,164.0,52.9786,0.275,TOI-201,1.32,1.31,6423.0,113.825,87.4017825,-54.910423,2021.0,Transit,,F,,8.94004
toi-201 c,,,,,TOI-201,,,,,,,2025.0,Transit Timing Variations,,,,
toi-201 d,1.39,5.8,5.84889,0.3,TOI-201,1.32,1.31,6423.0,113.825,87.4017825,-54.910423,2026.0,Transit,,F,,8.94004
toi-2010 b,11.81426566,408.7273314,141.834025,0.212,TOI-2010,1.112,1.079,5929.0,109.19,292.1669417,53.4873694,2023.0,Transit,400.2,F0,0.168,9.69568
toi-2015 b,5.37673,,3.3491408,,TOI-2015,,0.32,3223.0,47.3444,232.1326528,27.361073,2023.0,Transit,657.0,,,14.176
toi-2015 c,,8.91,5.582796,0.00033,TOI-2015,0.3041,0.3273,3297.0,47.3444,232.1326528,27.361073,2025.0,Transit Timing Variations,448.0,M4 +/- 0.5,-0.31,14.176
toi-2018 b,2.27615636,,7.43557089552,,TOI-2018,,0.622512,4218.9,27.9956,229.8374423,29.2078771,2023.0,Transit,576.34,,,9.71999
toi-2019 b,5.33275337,34.4,15.3444,0.0,TOI-2019,1.1832,1.7457,5626.0,198.007,234.4317651,48.955206,2024.0,Transit,917.46,,0.409,10.0769
toi-2025 b,12.52043144,1398.4449908,8.872078,0.41,TOI-2025,1.32,1.56,5880.0,335.985,282.7952558,82.2454143,2022.0,Transit,1167.0,,0.18,11.3637
toi-2031 a b,13.60156514,,5.71560747458,,TOI-2031 A,,1.18444,6664.0,276.105,331.1178077,81.5659509,2025.0,Transit,1207.92,,,11.1141
toi-2046 b,16.14093221,731.0053361,1.4971842,,TOI-2046,1.13,1.21,6250.0,289.668,16.1849423,74.3313055,2022.0,Transit,,F8 V,-0.06,11.4128
toi-2048 b,2.60168,,13.7905315,,TOI-2048,,0.76,5021.6,116.567,237.9241066,52.3063083,2022.0,Transit,646.0,,,11.3252
toi-205 b,2.16979823,,4.25298569407,,TOI-205,,1.45,6222.5,177.759,7.9754636,-56.9650808,2026.0,Transit,1799.55,,,9.79371
toi-206 b,1.53326821,,0.73631321993,,TOI-206,,0.351676,3358.0,47.7465,73.7382202,-62.521874,2022.0,Transit,840.17,,,13.6662
toi-2068 b,1.821,,7.768915,,TOI-2068,0.559,0.535,3710.0,52.9328,186.27356,60.4183455,2024.0,Transit,520.62,,0.27,12.221
toi-2071 b,2.58758199,,5.67393360152,,TOI-2071,,1.00286,5873.3,231.311,256.6011813,57.6610327,2026.0,Transit,1029.33,,,11.4613
toi-2076 b,2.39,,10.355235,0.0,TOI-2076,0.883,0.774,5201.0,41.9091,217.3920159,39.7903991,2021.0,Transit,738.0,,0.017,8.91028
toi-2076 c,3.38,,,,TOI-2076,0.85,0.7622,5187.0,41.9091,217.3920159,39.7903991,2021.0,Transit,734.0,K,-0.032,8.91028
toi-2076 d,3.43087751,29.0,35.125686,0.0,TOI-2076,0.8557,0.796,5192.0,41.9091,217.3920159,39.7903991,2021.0,Transit,457.68,,0.02,8.91028
toi-2076 e,1.355,,3.0223445,,TOI-2076,0.8557,0.796,5192.0,41.9091,217.3920159,39.7903991,2025.0,Transit,1138.0,,0.02,8.91028
toi-2081 b,1.94792902,,10.50543617136,,TOI-2081,,0.515547,3742.0,62.3446,264.3022634,53.0255666,2022.0,Transit,432.34,,,12.6594
toi-2084 b,2.47,,6.0784247,,TOI-2084,0.453,0.475,3551.0,114.549,259.2545389,72.7470231,2023.0,Transit,527.0,M2+/-0.5,-0.13,14.4096
toi-2088 b,3.6831179,37.0,124.72997,0.0,TOI-2088,0.9027,0.8481,5081.0,126.46,261.3748943,75.8822796,2024.0,Transit,300.33,,0.339,11.4808
toi-209 b,2.3149088,,4.37942977856,,TOI-209,,0.742779,4892.0,113.387,19.3941777,-66.903066,2026.0,Transit,845.78,,,11.4443
toi-2092 b,2.94892961,,4.30325528074,,TOI-2092,,1.0519,5842.06,176.759,212.5474866,45.5638685,2026.0,Transit,,,,11.0974
toi-2093 b,,10.6,12.836,0.0,TOI-2093,0.745,0.729,4426.0,82.7982,302.7375229,70.8696532,2025.0,Radial Velocity,535.0,K5 V,-0.08,11.3685
toi-2093 c,2.3,15.8,53.81149,0.0,TOI-2093,0.745,0.729,4426.0,82.7982,302.7375229,70.8696532,2025.0,Transit,329.0,K5 V,-0.08,11.3685
toi-2094 b,1.71512709,,18.79317491879,,TOI-2094,,0.376775,3457.0,50.0248,254.1425333,70.0273157,2026.0,Transit,297.7,,,13.4537
toi-2095 b,1.29848587,,17.66486600198,,TOI-2095,,0.463205,3746.0,41.9176,285.6365235,75.4185135,2023.0,Transit,351.27,,,12.094
toi-2095 c,1.39,,28.1722,0.13,TOI-2095,0.465,0.453,3662.0,41.9176,285.6365235,75.4185135,2023.0,Transit,,M0.5-1.0 V,-0.45,12.094
toi-2096 b,1.62297957,,3.11907156164,,TOI-2096,,0.247331,3285.0,48.4809,151.6186989,74.8272107,2023.0,Transit,454.5,,,14.7736
toi-2096 c,1.914,,6.38784,0.1,TOI-2096,0.231,0.235,3300.0,48.4809,151.6186989,74.8272107,2023.0,Transit,349.0,M4,-0.03,14.7736
toi-2104 b,1.52898127,,5.904370457,,TOI-2104,,0.723757,4856.13,76.7418,151.6122146,83.0878397,2026.0,Transit,,,,10.6423
toi-2107 b,14.183,,2.45457,,TOI-2107,,0.97,5565.0,236.705,286.7965405,-58.6968348,2024.0,Transit,1322.0,,,11.8642
toi-2109 b,15.7288,,0.67249,,TOI-2109,,1.7,6647.0,262.041,253.1862971,16.5799153,2021.0,Transit,3053.0,,,10.1138
toi-2120 b,2.122,6.8,5.7998164,0.32,TOI-2120,0.211,0.245,3131.0,32.1755,23.507315,65.5139877,2024.0,Transit,384.0,,0.39,14.1872
toi-2128 b,2.08874836,4.5,16.34136,0.0,TOI-2128,1.0251,1.1174,5968.0,36.578,256.9817998,32.1053027,2024.0,Transit,780.53,,-0.07,7.06642
toi-2133 b,2.37,,3.8266472,,TOI-2133,0.644,0.62,4250.0,75.1973,261.2438308,32.7983974,2026.0,Transit,798.0,,-0.01,11.6322
toi-2134 b,2.69,9.13,9.2292005,0.06,TOI-2134,0.744,0.709,4580.0,22.6202,271.9355015,39.0729269,2023.0,Transit,666.0,K5 V,0.12,8.5077
toi-2134 c,7.23,57.2,95.852876,,TOI-2134,,,,22.6202,271.9355015,39.0729269,2023.0,Transit,386.8,,,8.5077
toi-2136 b,2.09,15.0,7.85191,0.0,TOI-2136,0.34,0.335,3366.0,33.3631,281.1763433,36.5631318,2022.0,Transit,403.0,,-0.02,12.9643
toi-2141 b,2.85973,,18.2616878,,TOI-2141,,0.94,5674.0,77.682,258.7623456,18.3403449,2023.0,Transit,767.0,,,9.34408
toi-2141 c,,6.14,5.4624,,TOI-2141,0.896,0.95,5635.0,77.682,258.7623456,18.3403449,2025.0,Radial Velocity,1095.0,,-0.14,9.34408
toi-2141 d,,14.9,60.45,,TOI-2141,0.896,0.95,5635.0,77.682,258.7623456,18.3403449,2025.0,Radial Velocity,491.4,,-0.14,9.34408
toi-2145 b,12.41899699,1767.0,10.261127,0.21,TOI-2145,1.7169,2.7505,6200.0,224.731,263.7580753,40.6950428,2023.0,Transit,1363.43,,0.285,8.93651
toi-2152 a b,14.35870428,899.45439181,3.3773512,0.057,TOI-2152,1.516,1.612,6630.0,303.006,26.3389717,77.7901231,2023.0,Transit,1802.0,F4 V,0.282,11.2407
toi-2154 b,16.05470238,,3.82408264319,,TOI-2154,,1.38719,6243.0,296.46,71.0281482,84.3642652,2023.0,Transit,1436.34,,,11.0359
toi-2158 b,10.7988,,8.6007557,,TOI-2158,,1.5,5389.0,198.473,276.8100527,20.5268868,2022.0,Transit,837.0,,,10.6718
toi-216.01,11.29,200.0,34.556,0.029,TOI-216,0.874,0.838,5026.0,177.945,73.9800129,-63.2603301,2019.0,Transit,497.0,,0.32,12.1631
toi-216.02,6.48401246,,17.38904538708,,TOI-216,,0.801736,5025.77,177.945,73.9800129,-63.2603301,2019.0,Transit,563.88,,,12.1631
toi-2169 a b,10.4375,,8.2148505,,TOI-2169 A,,1.81,6183.0,351.487,279.1701117,23.2586193,2025.0,Transit,1068.0,,,10.9562
toi-2180 b,,,260.15764,,TOI-2180,1.111,1.636,5695.0,116.685,277.94363,56.6506789,2022.0,Transit,,G5,0.253,9.01133
toi-2184 b,11.39953337,206.58846455,6.90683,0.08,TOI-2184,1.53,2.9,5966.0,788.317,100.8331246,-66.9476563,2022.0,Transit,,,0.14,11.8482
toi-2193 a b,19.83989584,298.75870258,2.1225735,0.0,TOI-2193 A,1.082,1.248,5966.0,337.064,313.691232,-72.8046404,2022.0,Transit,1763.0,,0.027,11.8135
toi-2194 b,1.9892,,15.337597,,TOI-2194,0.74,0.6909,4756.0,19.5711,299.1563393,-31.3351812,2023.0,Transit,590.88,,-0.372,8.06594
toi-2196 b,3.51,26.0,1.1947268,0.0,TOI-2196,1.032,1.043,5634.0,259.947,312.3400744,-70.4850723,2022.0,Transit,1860.0,G V,0.14,11.8259
toi-220 b,2.74424329,,10.69530651172,,TOI-220,,0.88,5272.71,90.7402,91.7996988,-61.9972098,2021.0,Transit,954.38,,,10.1897
toi-2200 b,6.96310517,,2.93602836512,,TOI-2200,,0.826247,5036.17,251.245,98.7835071,-72.4567778,2026.0,Transit,,,,12.9042
toi-2202 b,10.95117414,287.31687993,11.9126075,0.022,TOI-2202,0.841,0.808,5169.0,235.933,51.2284214,-73.9575458,2021.0,Transit,,,0.059,12.7606
toi-2202 c,,117.27868218,24.6744,0.0622,TOI-2202,0.823,0.794,5144.0,235.933,51.2284214,-73.9575458,2021.0,Transit Timing Variations,,K8 V,0.04,12.7606
toi-2207 b,11.1529358,203.41018048,8.001968,0.174,TOI-2207,1.296,1.564,6101.0,373.345,307.5966925,-44.8876181,2022.0,Transit,1259.0,,0.181,11.3545
toi-2211.01,1.561,,3.092686757,,TOI-2211,0.9,0.834,5253.0,70.2932,308.5390859,-29.6726127,2024.0,Transit,,,,9.77392
toi-2227 b,2.81922,,4.2217717,,TOI-2227,,1.21,5763.48,165.441,337.5177563,-67.8501459,2026.0,Transit,1164.0,,,10.4142
toi-2236 b,14.36991326,502.16888306,3.5315902,0.0,TOI-2236,1.343,1.573,6248.0,355.59,20.1660113,-86.979965,2022.0,Transit,1688.0,,0.119,11.2905
toi-2257 b,2.22536959,,35.18964443753,,TOI-2257,,0.326932,3446.0,57.7911,194.7396141,77.6617157,2021.0,Transit,230.78,,,14.1615
toi-2260 b,1.62,,0.3524728,,TOI-2260,0.99,0.94,5534.0,101.251,247.6669998,49.0467891,2022.0,Transit,2609.0,G V,0.22,10.2488
toi-2266 b,1.97631873,,2.32634296639,,TOI-2266,,0.261162,3244.0,51.6004,245.2800398,31.5770413,2024.0,Transit,502.93,,,14.8319
toi-2267 b,0.91314038,,2.28910266827,,TOI-2267 A,,0.242745,3022.0,,65.0614963,84.9008238,2025.0,Transit,460.97,,,13.7623
toi-2267 c,1.14,,3.4950412,,TOI-2267 A,0.171,0.2075,3030.0,,65.0614963,84.9008238,2025.0,Transit,374.0,M5 V,0.164,13.7623
toi-2267 d,0.90110603,,2.03443663363,,TOI-2267 B,,0.242745,3022.0,,65.0615,84.900825,2025.0,Transit,479.45,,,
toi-2274 b,1.83347689,,2.67961636447,,TOI-2274,,0.63072,3943.0,48.876,277.459311,40.5414117,2024.0,Transit,771.46,,,11.2718
toi-2285 b,1.74,19.5,27.26955,0.3,TOI-2285,0.454,0.464,3491.0,42.409,332.5632644,58.7060934,2021.0,Transit,284.0,,-0.05,12.4314
toi-2295 b,7.64759,,60.06632,,TOI-2295,,1.47,5660.0,126.279,281.5761962,50.4924657,2024.0,Transit,709.0,,,9.46138
toi-2295 c,,1783.01736327,966.5,0.194,TOI-2295,1.168,1.459,5730.0,126.279,281.5761962,50.4924657,2024.0,Radial Velocity,234.9,,0.316,9.46138
toi-2322 b,1.02968,,11.3071786,,TOI-2322,,0.7,4465.0,59.861,116.9731027,-71.0019671,2025.0,Transit,581.0,,,10.7489
toi-2322 c,1.90902493,,20.22549457472,,TOI-2322,,0.697547,4465.0,59.861,116.9731027,-71.0019671,2025.0,Transit,458.03,,,10.7489
toi-2328 b,9.97599282,50.85254512,17.10197,0.057,TOI-2328,0.95,0.9,5525.0,231.782,31.6907424,-81.247376,2025.0,Transit,842.0,,0.09,12.1082
toi-2337 b,10.08808263,508.5254512,2.99432,0.019,TOI-2337,1.325,3.22,4780.0,536.046,290.6198948,60.8539035,2022.0,Transit,,,0.39,11.8752
toi-2338 b,12.2765,,22.6539607,,TOI-2338,,1.12,5523.0,313.996,81.3445824,-34.6682491,2023.0,Transit,537.0,,,12.1856
toi-2345 b,1.42030846,,1.05261565408,,TOI-2345,,0.758575,4621.0,81.6541,43.884794,-34.9779745,2025.0,Transit,1314.81,,,11.0278
toi-2345 c,2.451,7.27,21.064302,,TOI-2345,0.727,0.729,4687.0,81.6541,43.884794,-34.9779745,2025.0,Transit,544.0,K,-0.1,11.0278
toi-2346 b,14.877,,3.3311975,,TOI-2346,,1.33,6605.0,437.484,88.0929073,-13.3724686,2025.0,Transit,1715.0,,,11.9242
toi-2364 b,8.60849718,71.51139158,4.0197517,0.0,TOI-2364,0.954,0.886,5306.0,219.614,89.1300265,-5.0120298,2023.0,Transit,1091.0,,0.344,12.0921
toi-2368 b,10.83908434,206.58846455,5.1750073,0.061,TOI-2368,0.897,0.846,5360.0,210.915,134.9576234,-48.4884929,2024.0,Transit,1000.0,,0.1,12.2727
toi-237 b,,,5.436147,,TOI-237,0.179,0.211,3212.0,38.0749,353.2435381,-29.416487,2020.0,Transit,,M4.5 V,,14.754
toi-237 c,1.206,,1.74486147,,TOI-237,0.1698,0.2056,3226.0,38.0749,353.2435381,-29.416487,2026.0,Transit,515.0,,-0.3443,14.754
toi-2373 b,11.2448,,13.3368173,,TOI-2373,,1.2,5517.0,508.686,61.6862197,-16.7557546,2023.0,Transit,805.0,,,13.0711
toi-2374 b,10.38357034,,4.31359170579,,TOI-2374,,0.8,4929.5,134.655,319.4982407,-22.0498228,2024.0,Transit,865.43,,,11.827
toi-2379 b,11.57792161,,5.46938875417,,TOI-2379,,0.638902,3770.0,211.247,358.0920465,-53.043156,2024.0,Transit,584.25,,,14.6601
toi-238 b,1.612,,1.273114,,TOI-238,0.788,0.75,5080.0,80.5407,349.2310814,-18.6066463,2024.0,Transit,1456.61,,-0.05,10.4883
toi-238 c,2.18,6.7,8.465651,0.36,TOI-238,0.79,0.733,5059.0,80.5407,349.2310814,-18.6066463,2024.0,Radial Velocity,696.0,K2V,-0.114,10.4883
toi-2382 b,12.77097465,,4.66120249661,,TOI-2382,,1.52373,5884.5,434.92,356.3751852,-16.114124,2025.0,Transit,1366.46,,,11.8534
toi-2384 b,11.62641524,,2.13570257297,,TOI-2384,,0.666652,3678.2,191.51,36.1561463,-65.0001957,2024.0,Transit,799.55,,,14.3985
toi-2406 b,2.86,15.6,3.0766891,0.17,TOI-2406,0.166,0.204,3100.0,55.419,8.8060544,-3.3720833,2021.0,Transit,449.0,,-0.26,15.6955
toi-2407 b,3.79423915,,2.70291867531,,TOI-2407,,0.524573,3596.0,92.4366,49.746545,-46.458025,2025.0,Transit,657.1,,,13.6328
toi-2411 b,1.74890881,,0.78270745503,,TOI-2411,,0.727642,4099.0,59.5362,20.9224567,-8.7017944,2022.0,Transit,1586.29,,,11.2198
toi-2416 b,9.86390302,953.485221,8.275479,0.32,TOI-2416,1.118,1.236,5808.0,557.733,57.3389409,-60.7871861,2023.0,Transit,1080.0,,0.32,12.8909
toi-2420 b,15.02003414,294.62693329,5.842641,0.055,TOI-2420,1.158,2.369,,435.174,14.8268138,-19.7711643,2024.0,Transit,1571.6,,,11.2863
toi-2421 b,10.36830715,105.83685953,4.3474032,0.0,TOI-2421,1.131,1.75,5607.0,327.927,33.1540208,-35.3909182,2022.0,Transit,1534.0,,0.19,11.1554
toi-2427 b,1.8,,1.3060011,,TOI-2427,0.64,0.65,4072.0,28.5147,52.2917315,-31.3628665,2022.0,Transit,1117.0,,,9.81845
toi-2431 b,,,,,TOI-2431,,,,,,,2026.0,Transit,,,,
toi-244 b,1.27111313,,7.39721598356,,TOI-244,,0.407103,3342.0,22.0337,10.5697537,-36.7179743,2023.0,Transit,409.94,,,11.553
toi-2443 b,2.363,4.8,15.66858,0.301,TOI-2443,0.642,0.631,4375.0,23.9258,40.1798608,1.1996757,2023.0,Transit,519.0,K5 V,-0.29,9.0333
toi-2445 b,1.25,,0.3711281,,TOI-2445,0.25,0.27,3333.0,48.582,43.3161555,0.0523366,2022.0,Transit,1060.0,,,14.3977
toi-2447 b,10.2185,,,,TOI-2447,,1.04,5825.0,148.987,70.9975864,-31.9066369,2024.0,Transit,719.0,,,10.4403
toi-2449 b,11.24,222.0,106.14468,0.098,TOI-2449,1.079,1.065,6021.0,156.786,67.984371,-34.4555327,2025.0,Transit,400.0,G,-0.03,10.2924
toi-2453 b,3.00147766,,4.44142754516,,TOI-2453,,0.502498,3609.0,81.9043,74.8374845,12.9363528,2026.0,Transit,550.78,,,13.5103
toi-2458 b,2.83,13.31,3.73659,0.087,TOI-2458,1.05,1.31,6005.0,112.958,79.621529,1.253439,2024.0,Transit,1509.4,F9-F9.5,-0.1,9.09716
toi-2458 c,,10.22,16.553,0.29,TOI-2458,1.05,1.31,6005.0,112.958,79.621529,1.253439,2024.0,Radial Velocity,,F9-F9.5,-0.1,9.09716
toi-2459 b,2.93653367,,19.10470191584,,TOI-2459,,0.675093,4195.0,36.6113,82.1433321,-39.3730456,2023.0,Transit,435.73,,,10.1652
toi-2485 b,12.196,,11.2347982,,TOI-2485,,1.72,6016.4,397.953,205.2043217,22.9839692,2024.0,Transit,1121.0,,,11.373
toi-2497 b,11.14172682,1531.93292174,10.655669,0.195,TOI-2497,1.859,2.36,7360.0,285.289,90.0625878,11.8840577,2023.0,Transit,1595.0,,0.094,9.47244
toi-2498 b,4.77412302,,3.73823810638,,TOI-2498,,1.29068,5938.0,275.265,95.4162204,11.2516477,2023.0,Transit,1352.36,,,11.2677
toi-251 b,,,4.9377254,,TOI-251,1.036,0.881,5875.0,99.523,353.0620655,-37.2558629,2021.0,Transit,,,-0.106,9.75411
toi-2518 b,2.18563,,6.8979432,,TOI-2518,,0.99,6016.0,160.825,105.4448495,-34.9196867,2026.0,Transit,1095.0,,,10.6499
toi-2524 b,11.2089807,203.41018048,7.18585,0.0,TOI-2524,1.007,1.119,5831.0,438.842,160.8868435,-1.9126984,2023.0,Transit,1100.0,,0.06,12.6225
toi-2525 b,9.72671289,,23.34185356866,,TOI-2525,,0.824284,4944.0,395.398,86.8509737,-60.5213081,2023.0,Transit,512.97,,,14.012
toi-2525 c,10.13291855,208.8132634,49.2519,0.157,TOI-2525,0.849,0.785,5096.0,395.398,86.8509737,-60.5213081,2023.0,Transit,,K8 V,0.14,14.012
toi-2529 b,11.54525012,743.71847238,64.5949,0.021,TOI-2529,1.11,1.7,5802.0,296.271,118.9945352,-52.3548332,2024.0,Transit,636.0,,0.1,11.1911
toi-2537 b,11.25381662,415.40172795,94.1022,0.364,TOI-2537,0.771,0.771,4870.0,184.986,54.3882661,10.0577464,2024.0,Transit,338.0,,0.08,12.73
toi-2537 c,,2297.89938261,1920.0,0.287,TOI-2537,0.771,0.771,4870.0,184.986,54.3882661,10.0577464,2024.0,Radial Velocity,123.1,,0.08,12.73
toi-2545 b,2.75,,7.994037,,TOI-2545,1.055,1.25324,5846.29,107.118,135.5458029,-3.4208194,2022.0,Transit,,,-0.2729,9.2949
toi-2567 b,10.92875618,63.88350981,5.983944,0.0,TOI-2567,1.13,1.686,5611.0,504.775,288.4656683,66.3479375,2022.0,Transit,1352.0,,0.241,12.2213
toi-257 b,6.37909616,,18.38770808538,,TOI-257,,1.76557,6382.7,76.9028,47.5172608,-50.8322632,2021.0,Transit,972.38,,,7.41653
toi-2570 b,13.64132951,260.61929374,2.9887615,0.0,TOI-2570,1.063,1.095,5771.0,361.857,87.1880397,32.0840435,2022.0,Transit,1431.0,,0.191,12.4599
toi-2580 b,17.37392009,200.23189641,3.39775,0.08,TOI-2580,1.33,1.81,6120.0,379.253,62.1992072,67.1165264,2024.0,Transit,2410.0,F,0.26,11.2548
toi-2583 a b,14.4595851,79.45710175,4.5207265,0.0,TOI-2583 A,1.215,1.477,5936.0,566.189,272.2670293,45.3368996,2023.0,Transit,1456.0,,0.158,12.4592
toi-2587 a b,12.07207221,69.28659273,5.45664,0.0,TOI-2587 A,1.15,1.726,5760.0,373.675,115.9317105,-1.073333,2023.0,Transit,1445.0,,0.13,11.4079
toi-2589 b,12.10569916,1112.3994245,61.6277,0.522,TOI-2589,0.93,1.07,5579.0,200.273,107.4881501,-37.230948,2023.0,Transit,592.0,,0.12,11.1958
toi-260 b,1.71,4.23,13.475853,0.0,TOI-260,0.616,0.607,4026.0,20.1852,4.7730178,-9.9661505,2024.0,Transit,493.0,K8 V,-0.47,9.3124
toi-261.01,3.0449863,,3.3639254,,TOI-261,0.496728,1.28018,5890.3,114.495,15.2181412,-24.4239934,2021.0,Transit,1722.49,,,9.42329
toi-261.02,2.52,,13.04,,TOI-261,1.069,1.28018,5890.3,114.495,15.2181412,-24.4239934,2021.0,Transit,,,-0.35,9.42329
toi-262 b,2.07,,11.14529,,TOI-262,0.913,0.853,5310.0,43.932,32.534687,-31.0706272,2023.0,Transit,584.0,K0 V,0.26,8.66859
toi-2641 b,18.10250383,122.6817651,4.880974,0.18,TOI-2641,1.16,1.336,6100.0,344.045,171.1303716,-42.7321394,2023.0,Transit,1387.0,F9 V,-0.15,11.5712
toi-2654 b,8.00413,,2.967599,,TOI-2654,,0.76,4396.0,248.964,52.9815377,-47.9946912,2026.0,Transit,819.0,,,13.7947
toi-2669 b,9.93735,,6.203496,,TOI-2669,,3.98,4859.0,393.443,134.7226445,-13.3125792,2022.0,Transit,1226.0,,,10.6019
toi-269 b,2.94204396,,3.69771670923,,TOI-269,,0.397924,3607.0,57.0225,75.8462827,-54.1777213,2021.0,Transit,533.84,,,13.4258
toi-270 b,1.28,1.49,3.36,,TOI-270,0.362,0.374,,22.4793,68.4160804,-51.9573937,2019.0,Transit,585.0,M3 V,-0.14,11.6306
toi-270 c,2.36259553,,5.66047732509,,TOI-270,,0.374358,3551.0,22.4793,68.4160804,-51.9573937,2019.0,Transit,729.69,,,11.6306
toi-270 d,2.02340091,,11.37969912166,,TOI-270,,0.374358,3551.0,22.4793,68.4160804,-51.9573937,2019.0,Transit,485.37,,,11.6306
toi-2714 b,13.72,228.0,2.499387,0.164,TOI-2714,1.07,1.25,5665.0,597.873,61.4012482,-14.9267458,2024.0,Transit,1603.0,,0.3,13.2544
toi-2719 b,6.03548,,3.3759446,,TOI-2719,,1.69,5701.0,588.368,71.5549449,-0.8048725,2025.0,Transit,1514.0,,,12.5312
toi-2768 b,3.01287,,1.5080197,,TOI-2768,,0.66,4008.0,78.4525,99.3641336,-15.4812031,2024.0,Transit,855.0,,,12.2
toi-277 b,4.25566447,,3.99344182705,,TOI-277,,0.523113,3748.0,64.6692,19.0766985,-20.9532772,2022.0,Transit,587.92,,,12.7896
toi-2796 b,15.0839,,4.808498,,TOI-2796,,1.38,5449.5,350.343,84.1527191,0.8962788,2023.0,Transit,797.0,,,12.3642
toi-2803 a b,18.11371281,309.88269682,1.96229325,0.0,TOI-2803 A,1.118,1.245,6280.0,494.818,93.1147397,-23.4924956,2023.0,Transit,1893.0,,-0.105,12.4272
toi-2818 b,14.2282,,4.0397189,,TOI-2818,,1.14,5758.5,312.674,119.0598183,-35.1167104,2023.0,Transit,1515.0,,,11.8367
toi-283 b,2.34,6.54,17.61745,0.0,TOI-283,0.8,0.85,5213.0,82.7013,118.5693065,-65.441482,2025.0,Transit,661.0,K,-0.09,10.1971
toi-2842 b,11.8731,,3.5514016,,TOI-2842,,1.26,6019.0,460.995,108.0442066,-10.63934,2023.0,Transit,1198.0,,,12.4636
toi-286 b,1.4896211,,4.51172945082,,TOI-286,,0.79,5245.0,59.2293,90.9842762,-60.6663348,2024.0,Transit,1521.47,,,9.65064
toi-286 c,1.88,3.72,39.361826,0.0,TOI-286,0.832,0.78,5152.0,59.2293,90.9842762,-60.6663348,2024.0,Transit,475.0,K3 V,-0.05,9.65064
toi-2876 b,9.6397234,54.03082919,6.2996431,0.13,TOI-2876,0.939,0.873,5271.0,225.744,110.2473528,-21.1146384,2025.0,Transit,929.0,,0.353,12.2566
toi-2886 b,18.6405349,444.9597698,1.60200105,0.11,TOI-2886,1.229,1.241,6240.0,413.673,110.0076569,-10.5698414,2025.0,Transit,1978.0,,0.284,12.1953
toi-2969 b,12.32987877,368.68095212,1.8237146,0.0,TOI-2969,0.71,0.7,4738.0,163.996,150.0626247,-47.4452436,2025.0,Transit,1186.0,K3 V,0.08,12.6195
toi-2977 b,12.9823,,2.3505698,,TOI-2977,,1.22,5356.0,,143.9265177,-60.3574758,2023.0,Transit,1434.0,,,12.4443
toi-2981 b,12.3972,,3.6015056,,TOI-2981,,1.03,6055.0,527.789,163.487394,-25.5245988,2024.0,Transit,1353.0,,,13.1868
toi-2986 b,9.292245,96.61983573,3.2783662,0.14,TOI-2986,1.122,1.458,5906.0,563.149,163.7715605,-6.4784524,2025.0,Transit,1622.0,,0.095,12.4758
toi-2989 b,13.4539,,3.1228396,,TOI-2989,,0.77,4262.0,195.795,171.2316754,-27.0623619,2025.0,Transit,850.0,,,13.4755
toi-2992 b,13.75341932,1058.36859531,3.007812,0.089,TOI-2992,1.21,1.545,6000.0,542.026,164.3165643,-32.3224375,2025.0,Transit,1726.0,,0.084,12.3899
toi-3023 b,16.43236571,197.05361234,3.9014971,0.0,TOI-3023,1.12,1.668,5760.0,389.916,165.3158231,-72.3567044,2023.0,Transit,1596.0,,0.085,12.0336
toi-3071 b,7.16,68.2,1.266938,0.09,TOI-3071,1.29,1.31,6177.0,485.219,173.2790517,-56.5033871,2024.0,Transit,2155.0,,0.35,12.2766
toi-3082 b,3.39719045,,1.92678244116,,TOI-3082,,0.684655,4500.35,113.048,195.9080719,-19.2189845,2023.0,Transit,,,,12.5313
toi-3135 b,12.9758,,3.7065603,,TOI-3135,,1.03,5632.0,221.673,207.8592276,-69.7725635,2025.0,Transit,1114.0,,,11.5801
toi-3160 a b,15.3233,,3.9712794,,TOI-3160 A,,1.62,6200.0,567.678,224.5658555,-27.6825503,2025.0,Transit,1240.0,,,12.3708
toi-3235 b,11.0137,,2.5926199,,TOI-3235,,0.37,3375.0,72.811,207.4738488,-46.0665139,2023.0,Transit,537.0,,,14.4858
toi-3261 b,4.37490943,,0.8831279,,TOI-3261,,0.86,5151.4,300.141,47.7285242,-73.531972,2024.0,Transit,1609.57,,,13.0582
toi-3288 b,11.2089807,670.61793877,1.4338635,0.0,TOI-3288,0.64,0.67,3933.0,200.5,297.1103158,-43.0180008,2025.0,Transit,1059.0,K9 V,0.27,14.2497
toi-329 b,4.94057819,40.4,5.70439,0.39,TOI-329,1.0678,1.5326,5614.0,284.388,351.3210955,-15.6346313,2024.0,Transit,1213.02,,0.205,11.1536
toi-332 b,3.28324,,0.77685,,TOI-332,,0.96,5190.0,222.852,348.0589516,-44.8764852,2023.0,Transit,2240.0,,,12.063
toi-3321 b,14.7302,,3.6525305,,TOI-3321,,1.47,5930.0,285.895,265.7603351,-65.0082516,2024.0,Transit,1553.0,,,11.0932
toi-333 b,4.26,20.1,3.7852503,0.0,TOI-333,1.2,1.1,6241.0,352.269,353.3574989,-41.1715206,2025.0,Transit,1445.0,,0.01,11.8993
toi-3331 a b,12.168,,2.0180196,,TOI-3331 A,,0.96,5544.0,217.193,271.3241672,-34.107171,2022.0,Transit,1330.0,,,11.8314
toi-3353.01,2.17821,,4.6658007,,TOI-3353,,1.02,6365.0,78.7577,106.5298146,-75.8195594,2024.0,Transit,1068.0,,,9.23847
toi-3362 b,12.0619,,18.0953159,,TOI-3362,,1.8,6509.8,366.987,155.9841428,-56.8431169,2021.0,Transit,688.0,,,10.7051
toi-3364 b,12.39250082,,5.87694378399,,TOI-3364,,1.4484,5805.0,277.899,144.5377709,-49.3352226,2023.0,Transit,1212.81,,,11.2945
toi-3464 b,12.4868,,3.6515704,,TOI-3464,,1.59,6353.0,597.774,234.4830357,-44.7899772,2025.0,Transit,1150.0,,,12.5094
toi-3474 b,14.67255574,193.87532827,3.8795105,0.13,TOI-3474,1.121,1.256,6020.0,420.123,233.5033482,-47.9636597,2025.0,Transit,1451.0,,0.146,12.4418
toi-3486 b,10.5700688,99.16246298,2.21778105,0.078,TOI-3486,0.837,0.788,4930.0,154.715,249.4432035,-59.3051077,2025.0,Transit,1190.0,,0.283,12.1144
toi-3493 b,3.37094443,,8.15948702679,,TOI-3493,,1.21151,5860.0,96.7224,205.7990331,-22.5854441,2025.0,Transit,1000.52,,,9.12029
toi-3523 a b,15.9727975,435.42491759,2.30458952,0.047,TOI-3523 A,1.131,1.448,6450.0,645.294,304.2834581,42.9065338,2025.0,Transit,1984.0,,-0.366,12.4946
toi-3540 a b,12.17579997,,3.1198403899,,TOI-3540 A,,1.13476,6011.2,,328.9113712,28.1794996,2022.0,Transit,1324.89,,,11.4036
toi-3568 b,6.4020317,,4.41780423888,,TOI-3568,,0.785799,4864.0,197.906,322.6023682,34.7395805,2024.0,Transit,861.45,,,12.7
toi-3593 b,11.02963701,565.73456446,3.8212867,0.105,TOI-3593,1.015,0.918,5550.0,226.63,331.506364,34.2116583,2025.0,Transit,1170.0,,0.384,12.0344
toi-3629 b,8.29464572,77.2323029,3.9365578,0.056,TOI-3629,0.635,0.6103,3865.0,130.091,359.7933851,39.3142556,2022.0,Transit,711.0,,0.549,13.8375
toi-3682 b,12.1727,,3.3462671,,TOI-3682,,1.91,5501.0,404.211,50.2752271,25.2972658,2025.0,Transit,1438.0,,,11.8754
toi-3688 a b,13.2996429,,3.24620800895,,TOI-3688 A,,1.34548,6088.0,396.378,39.2823371,54.8512152,2023.0,Transit,1471.43,,,12.3686
toi-3693 b,12.8974,,9.0881638,,TOI-3693,,0.8,5211.0,176.436,15.6543938,51.3038918,2022.0,Transit,765.0,,,11.9579
toi-3714 b,11.14172682,218.98377242,2.15484802,0.047,TOI-3714,0.522,0.4958,3652.0,112.71,69.5523415,39.4580035,2022.0,Transit,764.0,,0.39,14.3107
toi-375 b,10.77183045,236.78216321,9.45469,0.087,TOI-375,1.441,2.9,5259.9,396.213,47.1499034,-77.3833275,2026.0,Transit,1373.0,,0.084,11.0473
toi-375 c,,669.34662514,115.5,,TOI-375,1.441,2.9,5259.9,396.213,47.1499034,-77.3833275,2026.0,Radial Velocity,596.0,,0.084,11.0473
toi-375 d,,445.59542661,297.9,,TOI-375,1.441,2.9,5259.9,396.213,47.1499034,-77.3833275,2026.0,Radial Velocity,434.0,,0.084,11.0473
toi-3757 b,12.43773089,,3.43919542546,,TOI-3757,,0.637223,3902.0,181.139,91.0036423,55.0199793,2022.0,Transit,705.15,,,14.1321
toi-3785 b,5.14,14.95,4.6747373,0.11,TOI-3785,0.52,0.5,3576.0,79.7634,130.9002258,63.0780768,2023.0,Transit,582.0,M2 V,0.099,13.6559
toi-3807 b,10.0928,,2.8989758,,TOI-3807,,1.47,5908.0,421.745,139.1125648,69.0741284,2023.0,Transit,1247.0,,,12.0338
toi-3819 b,12.92730565,,3.24429897599,,TOI-3819,,1.55859,5999.0,558.141,121.8632568,29.3886446,2023.0,Transit,1567.79,,,12.413
toi-3837 b,11.0233,,11.8886495,,TOI-3837,,1.21,5773.9,311.705,152.6662832,24.2731213,2025.0,Transit,954.0,,,11.8041
toi-3856 b,13.59649359,171.62733978,2.04360352,0.083,TOI-3856,1.096,1.055,5622.0,314.443,145.2229223,27.950158,2025.0,Transit,1544.0,,0.454,12.1318
toi-3862 b,5.53,53.7,1.55745774,0.0232,TOI-3862,0.9,0.92,5300.0,249.02,185.9005633,50.5446246,2026.0,Transit,1539.0,,0.11,12.2326
toi-3877 b,11.67975789,99.7981198,4.123596,0.22,TOI-3877,1.16,1.445,5731.0,493.77,170.4544727,33.9913822,2025.0,Transit,1445.0,,0.269,12.3643
toi-3884 b,6.0,16.5,4.5445697,0.32,TOI-3884,0.2813,0.3043,3269.0,43.1448,181.5718341,12.5070258,2022.0,Transit,463.0,M4,0.23,14.2747
toi-3894 b,14.3572,,4.3345378,,TOI-3894,,1.43,6314.8,417.365,201.3748265,52.7681036,2024.0,Transit,1347.0,,,11.6943
toi-3896 b,2.97425,,4.3773113,,TOI-3896,,0.75,5127.0,181.653,187.9302395,63.9085462,2026.0,Transit,966.0,,,12.2334
toi-3912 b,14.28024141,129.03833324,3.4936264,0.0,TOI-3912,1.088,1.392,5725.0,465.992,215.8014956,24.0765639,2023.0,Transit,1512.0,,0.187,12.3073
toi-3919 b,10.213,,7.4332642,,TOI-3919,,1.32,6227.0,604.591,208.9447534,40.3918061,2024.0,Transit,1026.0,,,12.7133
toi-3976 a b,12.27383387,55.61997123,6.607662,0.0,TOI-3976 A,1.254,1.501,5975.0,516.087,224.3560083,44.2743223,2023.0,Transit,1295.0,,0.182,12.2192
toi-3980 b,14.4595851,187.51876013,3.6089254,0.16,TOI-3980,1.24,1.626,5840.0,486.721,12.8419374,59.5758606,2025.0,Transit,1621.0,,0.188,12.3751
toi-3984 a b,7.9,44.0,4.353326,0.23,TOI-3984 A,0.49,0.47,3476.0,108.883,226.3371468,36.7869747,2023.0,Transit,563.0,M4+/-0.5,0.18,14.6718
toi-4010 b,3.19498757,,1.34830750212,,TOI-4010,,0.880213,4888.0,177.504,20.2148196,66.0722009,2023.0,Transit,1358.86,,,12.1216
toi-4010 c,6.61394759,,5.41462349278,,TOI-4010,,0.880213,4888.0,177.504,20.2148196,66.0722009,2023.0,Transit,872.0,,,12.1216
toi-4010 d,6.54717871,,14.70916624006,,TOI-4010,,0.880213,4888.0,177.504,20.2148196,66.0722009,2023.0,Transit,612.69,,,12.1216
toi-4010 e,,692.0,762.0,0.26,TOI-4010,0.88,0.83,4960.0,177.504,20.2148196,66.0722009,2023.0,Radial Velocity,174.0,K V,0.37,12.1216
toi-4029 b,6.61503,,5.8850401,,TOI-4029,,1.18,5712.4,274.436,239.2337189,16.9802854,2026.0,Transit,1142.0,,,11.6157
toi-4030 b,5.8462559,,2.50900199461,,TOI-4030,,0.991737,5640.37,571.615,277.6228367,56.7704522,2026.0,Transit,,,,13.7113
toi-406 c,1.32,2.08,3.307441,0.032,TOI-406,0.408,0.41,3392.0,31.0597,49.2626428,-42.2441492,2024.0,Transit,584.0,M3,-0.02,12.5528
toi-406.01,2.08,6.57,13.175682,0.056,TOI-406,0.408,0.41,3392.0,31.0597,49.2626428,-42.2441492,2024.0,Transit,368.0,M3,-0.02,12.5528
toi-4087 b,13.04725353,232.01473711,3.1774835,0.0,TOI-4087,1.178,1.112,6060.0,301.676,217.9257785,83.3727061,2023.0,Transit,1458.0,,0.237,11.7064
toi-411 b,1.362,13.71,4.040295,,HD 22946,1.098,1.117,6169.0,62.7792,54.819538,-42.7630276,2022.0,Transit,1241.0,,-0.08,8.1281
toi-411 c,1.77445863,,9.57307869132,,HD 22946,,1.11672,6101.0,62.7792,54.819538,-42.7630276,2022.0,Transit,1217.78,,,8.1281
toi-4127 b,12.28504285,731.0053361,56.39879,0.7471,TOI-4127,1.23,1.293,6096.0,319.632,105.4045516,72.4149297,2023.0,Transit,605.1,F V,0.14,11.4122
toi-4137 b,13.6371,,3.8016217,,TOI-4137,,1.47,6244.0,334.993,77.612879,70.391079,2022.0,Transit,1418.0,,,11.2468
toi-4145 a b,13.30506009,136.66621501,4.0664428,0.0,TOI-4145 A,0.905,0.859,5281.0,205.387,39.4297435,80.2673838,2023.0,Transit,1074.0,,0.168,12.0572
toi-4153 b,16.11851425,365.50266805,4.6174141,0.039,TOI-4153,1.572,1.605,6860.0,423.84,335.3934698,82.2160792,2024.0,Transit,1669.0,,0.317,11.5632
toi-4155 b,3.02356,,3.3207642,,TOI-4155,,0.95,6142.0,240.737,325.6362269,77.7343836,2025.0,Transit,1371.0,,,11.6904
toi-4156 b,2.32515,,4.461878,,TOI-4156,,1.04,5986.0,213.719,230.7808336,76.3318816,2026.0,Transit,1289.0,,,11.1255
toi-4156 c,2.92303762,,12.82282706375,,TOI-4156,,1.03963,5971.64,213.719,230.7808336,76.3318816,2026.0,Transit,,,,11.1255
toi-4184 b,2.55541453,,4.90199383996,,TOI-4184,,0.240807,3147.0,69.3649,43.8284749,-79.4147039,2023.0,Transit,382.4,,,15.5939
toi-4201 b,12.69,825.0,3.5819232,0.062,TOI-4201,0.63,0.62,3920.0,189.011,90.4747237,-13.461371,2023.0,Transit,739.0,,0.3,14.5001
toi-421 b,2.64,6.7,5.197576,0.13,TOI-421,0.833,0.866,5291.0,74.7969,81.8532824,-14.2767404,2020.0,Transit,922.0,G9 V,-0.044,9.77776
toi-421 c,5.09,14.1,16.067541,0.19,TOI-421,0.833,0.866,5291.0,74.7969,81.8532824,-14.2767404,2020.0,Transit,635.0,G9 V,-0.044,9.77776
toi-4214 b,10.68215861,165.27077164,3.4913885,0.17,TOI-4214,1.382,1.434,6370.0,346.881,110.2495104,-13.9262649,2025.0,Transit,1642.0,,0.294,11.4587
toi-4308 b,2.45142,,9.1512776,,TOI-4308,,0.79,5015.0,108.932,327.7530693,-43.5623642,2023.0,Transit,759.0,,,10.8645
toi-431 b,1.47415294,,0.49005894131,,TOI-431,,0.726632,4891.0,32.5686,83.2692502,-26.7238698,2021.0,Transit,1730.72,,,8.79171
toi-431 c,,2.83,4.8494,0.0,TOI-431,0.78,0.731,4850.0,32.5686,83.2692502,-26.7238698,2021.0,Radial Velocity,867.0,,0.2,8.79171
toi-431 d,3.28094918,,12.46100863975,,TOI-431,,0.726632,4891.0,32.5686,83.2692502,-26.7238698,2021.0,Transit,588.56,,,8.79171
toi-4311 b,1.376,4.5,0.9902738,,TOI-4311,0.816,0.8441,5063.0,134.988,41.6855224,-31.1793201,2026.0,Transit,1664.0,K,-0.065,11.2651
toi-4311 c,2.72932348,,15.07007794318,,TOI-4311,,0.850729,5159.0,134.988,41.6855224,-31.1793201,2026.0,Transit,621.5,,,11.2651
toi-4329 b,16.81347105,143.02278315,2.9223,0.068,TOI-4329,1.538,2.31,6000.0,717.128,329.5639152,71.1316048,2022.0,Transit,,,0.29,12.4747
toi-4336 a b,2.12,,16.336334,,TOI-4336 A,0.331,0.328,3298.0,22.5455,206.1070129,-40.3373505,2024.0,Transit,308.0,M3.5+/-0.5,-0.209,12.2569
toi-4336 a c,1.251,1.55,7.587266,0.0,TOI-4336 A,0.306,0.326,3307.0,22.5455,206.1070129,-40.3373505,2026.0,Transit,399.5,M3.5 V,0.14,12.2569
toi-4342 b,2.266,,5.5382498,,TOI-4342,0.6296,0.599,3901.0,61.5204,324.3894196,-77.9791468,2023.0,Transit,633.6,M0 V,,11.9822
toi-4342 c,2.46422452,,10.68860835067,,TOI-4342,,0.598175,3883.0,61.5204,324.3894196,-77.9791468,2023.0,Transit,469.88,,,11.9822
toi-4363 b,1.83255339,,2.11865900761,,TOI-4363,,0.69132,4002.0,77.7751,37.1105554,-12.5493631,2026.0,Transit,884.71,,,12.0833
toi-4364 b,2.01,,5.424019,0.29,TOI-4364,0.487,0.4684,3528.0,43.9662,80.066927,-4.2392481,2025.0,Transit,488.0,M4 V,0.148,12.5548
toi-4377 b,15.10970598,304.1617855,4.378081,0.045,TOI-4377,1.36,3.52,4974.0,455.82,164.9324709,-82.2213501,2023.0,Transit,,,0.205,11.4565
toi-4379 b,16.69017226,353.74301699,3.25352,0.018,TOI-4379,1.372,1.976,6020.0,645.158,252.0478813,-32.4337532,2024.0,Transit,,,0.16,12.4083
toi-4405 b,2.87816516,,5.92142305135,,TOI-4405,,0.687025,4361.0,155.501,101.5953368,-75.4441271,2026.0,Transit,671.87,,,13.1396
toi-4406 b,11.2089807,95.3485221,30.08364,0.15,TOI-4406,1.19,1.29,6219.0,261.834,18.0485164,-56.9253875,2023.0,Transit,904.0,,0.1,10.9545
toi-4438 b,2.52,5.4,7.44628,0.14,TOI-4438,0.368,0.372,3422.0,30.0346,270.3172389,35.5948992,2024.0,Transit,435.0,M3.5 V,-0.19,12.5196
toi-444 b,3.29701974,,17.96350826817,,TOI-444,,0.794471,5229.0,57.3973,64.1839982,-26.7664071,2023.0,Transit,561.36,,,9.6063
toi-4443.01,1.7193265,,1.8498567,,TOI-4443,1.049133,1.01733,5834.0,56.0739,274.2686643,21.9095459,2024.0,Transit,1638.82,,,8.33609
toi-4463 a b,13.26022417,252.35575516,2.8807198,0.0,TOI-4463 A,1.056,1.062,5640.0,173.117,279.3581286,18.7299522,2023.0,Transit,1395.0,,0.25,10.9505
toi-4465 b,14.01122587,1872.00931723,101.94054,0.24,TOI-4465,0.93,1.014,5545.0,121.139,276.1340312,15.8418856,2025.0,Transit,427.0,G V,-0.06,10.3255
toi-4479 b,2.68297219,,1.15890129424,,TOI-4479,,0.427389,3449.0,80.6532,316.0969388,24.6536739,2022.0,Transit,781.57,,,14.1309
toi-4487 a b,14.60530185,397.28550875,3.9540709,0.083,TOI-4487 A,1.378,1.634,6206.0,479.145,306.4220814,45.9710306,2025.0,Transit,1639.0,,0.216,11.9269
toi-4495 b,2.18392,,2.5693728,,TOI-4495,,1.34,6156.0,132.214,286.3624951,37.0259902,2026.0,Transit,1567.0,,,9.3859
toi-4495 c,3.63045,,5.1830043,,TOI-4495,,1.34,6156.0,132.214,286.3624951,37.0259902,2024.0,Transit,1202.0,,,9.3859
toi-4504 b,2.66002553,,2.42615378456,,TOI-4504,,0.960919,5271.0,342.605,114.4673065,-62.0782776,2024.0,Transit,1234.03,,,13.1277
toi-4504 c,11.09689089,1197.32317485,82.97213,0.032,TOI-4504,0.89,0.92,5315.0,342.605,114.4673065,-62.0782776,2024.0,Transit,,K1 V,0.16,13.1277
toi-4504 d,,450.23572136,40.5634,0.0445,TOI-4504,0.89,0.92,5315.0,342.605,114.4673065,-62.0782776,2024.0,Transit Timing Variations,,K1 V,0.16,13.1277
toi-4507 b,15.82355748,,104.61625569873,,TOI-4507,,1.97585,6115.26,178.26,80.4513677,-69.9882175,2025.0,Transit,562.01,,,10.5674
toi-451 b,1.91,,1.858703,0.0,TOI-451,0.95,0.879,5550.0,123.739,62.966385,-37.93973,2020.0,Transit,1491.0,,,10.7498
toi-451 c,2.93,3.7,9.192463,0.0,TOI-451,0.93,0.85,5490.0,123.739,62.966385,-37.93973,2020.0,Transit,865.0,G8 V,0.02,10.7498
toi-451 d,3.92483216,,16.36487303732,,TOI-451,,0.856226,5481.0,123.739,62.966385,-37.93973,2020.0,Transit,634.22,,,10.7498
toi-4511 b,5.76837,,10.9776867,,TOI-4511,,1.0,5708.0,121.832,49.3052786,15.5017268,2026.0,Transit,1542.0,,,10.293
toi-4513 b,2.22799,,9.7607632,,TOI-4513,,0.8,5558.0,102.609,18.0905179,13.7550796,2026.0,Transit,653.0,,,10.4308
toi-4515 b,12.26639677,,15.26646581815,,TOI-4515,,0.874078,5420.82,193.499,21.1861778,21.5130638,2024.0,Transit,650.43,,,11.8121
toi-4527.01,0.9086617,,0.3994445,,TOI-4527,0.483901,0.485948,3702.0,18.1037,19.4722574,5.4711996,2024.0,Transit,1362.93,,,10.1927
toi-4529 b,1.87212186,,5.87957519379,,TOI-4529,,0.492759,3611.0,28.384,16.9688462,12.8809549,2026.0,Transit,498.62,,,11.216
toi-4551 b,8.32411,,9.956296,,TOI-4551,,3.38,4956.0,215.986,184.9787579,-25.8278531,2023.0,Transit,1655.0,,,9.641
toi-4552 b,1.11,1.83,0.30110032,0.0,TOI-4552,0.2619,0.2869,3258.0,27.2684,264.7142556,-47.6370457,2026.0,Transit,1122.0,M4.5 V,-0.07,13.2392
toi-4559 b,1.49999347,,3.96490526655,,TOI-4559,,0.426767,3476.0,31.6354,211.0135378,-30.0141252,2024.0,Transit,522.51,,,12.0797
toi-4561 b,1.77789214,,8.93547936706,,TOI-4561,,0.851957,5537.93,179.008,60.9618951,-76.0214574,2026.0,Transit,,,,11.541
toi-4562 b,12.53,732.0,225.11781,0.76,TOI-4562,1.192,1.152,6096.0,339.605,112.0100593,-63.5177788,2023.0,Transit,318.0,F7 V,0.08,11.9551
toi-4562 c,,1833.86990839,3990.0,0.122,TOI-4562,1.192,1.152,6096.0,339.605,112.0100593,-63.5177788,2024.0,Transit Timing Variations,,F7 V,0.08,11.9551
toi-4578 b,2.26974262,,8.62392630369,,TOI-4578,,0.878735,5951.32,182.249,184.2109675,75.1402358,2026.0,Transit,,,,11.1961
toi-4582 b,10.53644186,168.44905571,31.034,0.51,TOI-4582,1.34,2.5,5190.0,383.846,256.8601374,68.8656263,2023.0,Transit,,,0.17,11.0809
toi-4588 b,6.1,,13.118908,0.0,TOI-4588,2.06,2.92,8002.0,225.181,282.0004201,48.542256,2026.0,Transit,1617.0,,,9.21251
toi-4600 b,6.82369247,,82.69014390768,,TOI-4600,,0.831915,5073.0,216.056,258.4503674,64.5661727,2023.0,Transit,344.17,,,12.4406
toi-4600 c,9.42,2946.26933289,482.8191,0.21,TOI-4600,0.89,0.81,5170.0,216.056,258.4503674,64.5661727,2023.0,Transit,191.0,K V,0.16,12.4406
toi-4602.01,2.550449,,3.9812091,,TOI-4602,1.116795,1.15664,6011.9,63.0637,60.6003316,31.3298354,2024.0,Transit,1380.27,,,8.17303
toi-4603 b,11.67975789,4096.80816623,7.24599,0.325,TOI-4603,1.765,2.738,6264.0,225.643,83.8659288,21.2942417,2023.0,Transit,1677.0,F,0.342,9.07469
toi-4633 c,3.52959232,,271.938638971,,TOI-4633,,1.5819,5490.04,95.2016,256.8431021,62.475548,2024.0,Transit,268.57,,,8.81983
toi-4638.01,2.71867163,,10.2829582518,,TOI-4638,,0.894563,5700.0,168.248,12.8206627,12.7879858,2024.0,Transit,779.83,,,11.2097
toi-4640 b,2.86223252,,2.68572291133,,TOI-4640,,1.06715,5978.0,245.089,38.205319,10.0724659,2026.0,Transit,1378.86,,,11.5258
toi-4641 b,8.18255591,1229.99593509,22.09341,0.074,TOI-4641,1.41,1.72,6560.0,86.3501,42.5582023,25.3335334,2023.0,Transit,,,-0.09,7.40775
toi-4662 b,2.58065,,4.7034187,,TOI-4662,,0.69,4481.0,111.047,57.5160311,-31.0940247,2026.0,Transit,741.0,,,12.0981
toi-4666 b,12.53164042,155.41809102,2.9089165,0.023,TOI-4666,0.576,0.585,3793.0,154.749,56.2898862,-39.0631799,2025.0,Transit,695.0,M2&plusmn;0.5,0.79,14.3906
toi-469.01,3.29,,13.63,,TOI-469,0.91,1.00528,5283.0,68.192,93.0578446,-14.6493167,2021.0,Transit,,,,9.27468
toi-470 b,4.6131319,,12.19145582957,,TOI-470,,0.840971,5418.0,130.46,94.0099043,-25.0314111,2023.0,Transit,659.68,,,11.2461
toi-4734 b,9.02698,,6.2356356,,TOI-4734,,1.76,5854.0,563.068,90.3581219,12.5478825,2025.0,Transit,1397.0,,,12.3807
toi-4747 b,3.8343,,5.2192426,,TOI-4747,,0.99,5688.0,304.615,86.427665,-45.0292291,2026.0,Transit,1035.0,,,12.2777
toi-4773 b,14.14533494,,1.74548279134,,TOI-4773,,1.48714,6674.0,492.888,114.9426489,-21.4856184,2025.0,Transit,2012.9,,,11.7194
toi-4791 b,12.44196858,734.18362017,4.28088,0.0,TOI-4791,1.242,1.409,6058.0,328.802,109.3883818,-19.8289392,2023.0,Transit,1472.0,,0.207,11.3152
toi-4794 b,14.35870428,308.29355479,3.5658116,0.1,TOI-4794,1.25,1.451,6390.0,543.008,110.4835517,-12.5654781,2025.0,Transit,1673.0,,-0.102,12.4496
toi-480 b,2.81449145,,6.86595824423,,TOI-480,,1.50004,6212.63,54.5306,88.3784618,-16.2653974,2024.0,Transit,1224.62,,,7.1442
toi-481 b,,,10.3311562,,TOI-481,1.14,1.66,5735.0,179.366,110.5126861,-57.384998,2020.0,Transit,,G,0.26,9.84659
toi-4860 b,8.47398941,212.94503269,1.52275959,0.15,TOI-4860,0.3357,0.348,3390.0,80.1423,183.563961,-13.1748411,2023.0,Transit,624.0,M4.5+/-0.5,0.3,15.1091
toi-4898 b,3.7197954,,2.76520470167,,TOI-4898,,0.639344,4201.57,98.5958,197.3416711,-32.8294537,2026.0,Transit,,,,12.9055
toi-4914 b,12.87,227.0,10.60057,0.408,TOI-4914,1.03,1.0,5805.0,299.89,204.5426717,-28.1429206,2024.0,Transit,894.0,,-0.13,12.0997
toi-4930 b,6.93277225,,6.78130241498,,TOI-4930,,1.15926,5624.72,413.757,208.6418883,-45.1544786,2026.0,Transit,,,,12.5186
toi-4940 b,6.75553691,,25.8663868915,,TOI-4940,,1.17513,5418.7,345.659,58.2511684,-62.4079681,2025.0,Transit,643.25,,,12.3039
toi-4961 b,13.44993018,,7.47933740112,,TOI-4961,,0.969314,5078.0,213.073,192.5018624,-59.8919345,2025.0,Transit,828.27,,,12.2685
toi-4994 b,8.54124329,88.99195396,21.491984,0.319,TOI-4994,1.005,1.055,5640.0,329.304,283.1325335,-78.4344302,2024.0,Transit,717.6,,0.165,12.4792
toi-500 b,1.16,,0.5481579,,TOI-500,0.88,0.75,4621.0,47.3924,106.559098,-47.5878156,2022.0,Transit,1693.0,,,10.1026
toi-500 c,,5.03,6.6356,0.072,TOI-500,0.74,0.678,4440.0,47.3924,106.559098,-47.5878156,2022.0,Radial Velocity,,K6 V,0.12,10.1026
toi-500 d,,33.12,26.233,0.016,TOI-500,0.74,0.678,4440.0,47.3924,106.559098,-47.5878156,2022.0,Radial Velocity,,K6 V,0.12,10.1026
toi-500 e,,15.05,61.3,0.073,TOI-500,0.74,0.678,4440.0,47.3924,106.559098,-47.5878156,2022.0,Radial Velocity,,K6 V,0.12,10.1026
toi-5005 b,6.00429,,6.3084728,,TOI-5005,,0.97,5840.0,207.891,238.108194,-48.1451,2024.0,Transit,1012.0,,,11.6382
toi-5007 b,10.6224,,2.5432595,,TOI-5007,,0.66,3757.0,203.352,236.0638704,-61.0413649,2026.0,Transit,615.0,,,14.6524
toi-5027 b,10.76062147,642.01338214,10.24368,0.385,TOI-5027,1.02,0.92,5909.0,204.429,243.8850212,-69.2170972,2025.0,Transit,1056.0,,-0.15,11.3341
toi-5076 b,3.2,16.0,23.445,,TOI-5076,0.8,0.78,5070.0,82.857,50.5104166,17.2392094,2024.0,Transit,615.0,K2 V,0.2,10.5927
toi-5082.01,2.54811,,4.240122,,TOI-5082,0.99665,0.93,5670.0,43.1406,106.569578,22.6831477,2024.0,Transit,1164.91,,,8.08646
toi-5108 b,6.6,32.0,6.753581,,TOI-5108,1.1,1.29,5808.0,130.919,166.2695041,11.2464069,2025.0,Transit,1180.0,,0.2,9.608
toi-5110 b,11.98240037,921.7023803,30.158577,0.745,TOI-5110,1.469,2.333,6160.0,392.259,94.4042694,31.6103309,2024.0,Transit,976.0,,0.065,10.6815
toi-512 b,1.52545823,,7.18873321304,,TOI-512,,0.882675,5581.0,67.3975,96.6467023,-38.6072095,2025.0,Transit,830.56,,,9.48032
toi-5126 b,4.40571,,5.4589863,,TOI-5126,,1.24,6223.0,160.414,151.6597827,18.6340631,2023.0,Transit,1247.0,,,9.93629
toi-5126 c,3.86,,17.8999,0.0,TOI-5126,1.24,1.241,6150.0,160.414,151.6597827,18.6340631,2023.0,Transit,971.0,F V,0.18,9.93629
toi-5143 c,12.02041386,,5.20970995776,,TOI-5143,,0.85412,5296.38,181.38,165.3651202,5.1394812,2025.0,Transit,904.48,,,11.8113
toi-5153 b,11.88151954,1036.12060682,20.33003,0.091,TOI-5153,1.24,1.4,6300.0,390.484,91.5403204,-19.9534443,2022.0,Transit,906.0,F8 V,0.12,11.5779
toi-5159 b,1.61343492,,5.83650984429,,TOI-5159,,0.854084,5259.0,55.1788,142.7859562,20.0193431,2026.0,Transit,866.29,,,9.19159
toi-5160 b,2.23474,,4.2807509,,TOI-5160,,1.03,5653.3,151.465,114.6393985,31.3944536,2026.0,Transit,1016.0,,,10.6442
toi-5174 b,4.80454584,,12.21933924299,,TOI-5174,,1.09457,5643.77,197.243,174.1094967,-2.0233506,2022.0,Transit,808.37,,,11.1031
toi-5181 a b,13.34989601,330.54154328,3.8922295,0.15,TOI-5181 A,1.25,1.53,6060.0,480.155,280.6774738,21.6998203,2025.0,Transit,1585.0,,0.208,12.2189
toi-519 b,11.54525012,147.15455244,1.2652328,0.33,TOI-519,0.335,0.35,3322.0,115.557,124.6067582,-19.6627918,2021.0,Transit,687.0,M V,0.27,15.7067
toi-5205 b,10.53644186,343.25467956,1.630731,0.0,TOI-5205,0.394,0.392,3430.0,86.4493,313.7706819,24.360977,2023.0,Transit,742.0,,0.56,14.9317
toi-521 b,1.96530324,,1.54284863302,,TOI-521,,0.420028,3439.0,60.9425,123.3442567,12.2221079,2025.0,Transit,709.89,,,13.5861
toi-5210 b,10.72699453,81.99972901,4.5661061,0.066,TOI-5210,1.105,1.209,5723.0,302.086,314.316923,21.9502055,2025.0,Transit,1286.0,,0.324,11.9381
toi-5218 b,9.86,657.0,4.291452,0.0,TOI-5218,0.739,0.708,4230.0,377.483,292.6634642,71.7629612,2024.0,Transit,783.0,,0.41,15.4499
toi-5232 b,12.778238,743.71847238,4.0966692,0.035,TOI-5232,1.389,1.785,6500.0,609.388,294.3374248,35.2764934,2024.0,Transit,1772.0,,-0.104,12.168
toi-5238 b,4.89644,,4.8721904,,TOI-5238,,1.02,5430.5,290.646,223.3588909,68.859472,2022.0,Transit,1042.0,,,12.0984
toi-5261 b,11.60129502,3651.84839643,4.1509768,0.1585,TOI-5261,1.037,1.021,5790.0,377.054,305.4585453,19.4358468,2025.0,Transit,1244.0,,0.254,12.6023
toi-5292 a b,13.4378,,2.0231137,,TOI-5292 A,,0.59,3767.0,337.095,344.2223631,-8.1197473,2026.0,Transit,680.0,,,15.9091
toi-5293 a b,11.9,170.4,2.930289,0.38,TOI-5293 A,0.54,0.52,3586.0,162.229,355.828682,-2.0450945,2023.0,Transit,675.0,M3+/-1,-0.03,14.9816
toi-530 b,,,6.3875892,,TOI-530,0.53,0.54,3659.0,148.762,103.4128333,12.8815784,2021.0,Transit,,M0.5 V,0.376,14.6439
toi-5300 b,11.9692,,2.2623535,,TOI-5300,,0.73,4219.0,162.51,356.481137,0.4587978,2025.0,Transit,944.0,,,13.2333
toi-5301 b,13.5292397,1080.6165838,5.858857,0.337,TOI-5301,1.483,2.19,6240.0,629.161,12.9908008,13.0783712,2024.0,Transit,1682.0,,0.03,11.5696
toi-5319 b,2.83,,4.07853,,TOI-5319,0.5,0.485,3580.0,61.171,35.2135563,23.5204408,2024.0,Transit,695.0,M,,13.1344
toi-532 b,5.91206593,,2.32612053075,,TOI-532,,0.623609,4139.69,135.047,85.0800537,11.5626373,2021.0,Transit,,,,13.6645
toi-5322 b,16.6117094,184.02264765,5.4233207,0.055,TOI-5322,0.998,1.462,5692.0,476.899,6.5293373,14.3364283,2025.0,Transit,1350.0,,-0.048,12.4839
toi-5335 b,4.08922,,3.6139919,,TOI-5335,,0.92,5427.0,331.289,46.9523734,15.3590831,2026.0,Transit,1048.0,,,13.087
toi-5340 b,15.07607904,270.15414595,4.9394392,0.13,TOI-5340,1.35,1.842,5990.0,532.629,59.3094816,22.3783373,2025.0,Transit,1566.0,,0.208,12.2074
toi-5344 b,9.7,135.0,3.792622,0.06,TOI-5344,0.59,0.563,3770.0,138.367,63.2662165,20.9151568,2023.0,Transit,679.0,,0.48,14.3361
toi-5349 b,10.2,127.4,3.317921,0.03,TOI-5349,0.61,0.58,3751.0,188.336,52.7125703,20.8796279,2026.0,Transit,719.0,M1+/-0.5,0.5,14.8907
toi-5350 b,12.41955062,2094.48920213,7.581367,0.0165,TOI-5350,1.167,1.263,6220.0,277.419,74.4023015,21.6019759,2025.0,Transit,1195.0,,0.044,11.7055
toi-5380 b,3.13069,,3.7723119,,TOI-5380,,1.56,6525.0,286.781,112.7611492,73.1287844,2026.0,Transit,1479.0,,,10.4963
toi-5386 a b,15.1893,,3.6215615,,TOI-5386 A,,1.43,5920.2,394.486,226.1069193,60.5362318,2025.0,Transit,1202.0,,,11.7598
toi-5388.01,1.89426,,2.594675,,TOI-5388,0.28572,0.31,3495.0,18.5226,152.1765169,35.5475571,2024.0,Transit,601.35,,,11.7284
toi-5398 b,11.657,,10.590923,,TOI-5398,1.113,1.05318,6017.1,130.855,161.8795569,36.3294345,2022.0,Transit,,,0.13,9.98233
toi-5398 c,3.30213,,4.7728997,,TOI-5398,,1.05,6017.1,130.855,161.8795569,36.3294345,2023.0,Transit,1222.0,,,9.98233
toi-540 b,,,1.2391481,,TOI-540,0.159,0.1895,3216.0,14.0022,76.3096949,-47.9375391,2020.0,Transit,,M V,,12.8938
toi-5422 b,10.56541961,,5.37679969837,,TOI-5422,,1.57294,5663.5,346.141,86.8436173,25.6260342,2026.0,Transit,1277.23,,,11.7079
toi-544 b,2.03,,1.548351,,TOI-544,0.85,0.66,4369.0,41.1166,82.2900716,-0.3428983,2022.0,Transit,1082.0,,,10.4143
toi-544 c,,21.5,50.089,0.32,TOI-544,0.631,0.623,4169.0,41.1166,82.2900716,-0.3428983,2023.0,Radial Velocity,,,-0.17,10.4143
toi-5486 b,3.96824928,,2.02470073205,,TOI-5486,,0.553216,3750.17,89.6811,190.5495041,3.7886012,2026.0,Transit,,,,13.3657
toi-5489 b,1.4,,3.15222,,TOI-5489,0.41,0.42,3547.0,45.0907,128.691294,11.4895882,2025.0,Transit,624.0,,,12.8184
toi-5489 c,1.28,,4.92126,,TOI-5489,0.41,0.42,3547.0,45.0907,128.691294,11.4895882,2025.0,Transit,536.0,,,12.8184
toi-5502 b,4.02844,,11.6260799,,TOI-5502,,1.32,6317.0,248.654,135.204056,27.9983339,2026.0,Transit,870.0,,,10.704
toi-5515 b,2.65362762,,8.59225810839,,TOI-5515,,0.835682,5483.65,135.459,139.6163639,16.9899558,2026.0,Transit,,,,11.0029
toi-5532 b,2.732945,,5.6539688866,,TOI-5532,,0.662052,3975.0,90.9985,41.3804035,5.1507331,2026.0,Transit,617.33,,,12.435
toi-5542 b,13.8062,,75.1247037,,TOI-5542,,1.27,5392.9,348.849,302.7984228,-61.1354659,2022.0,Transit,462.0,,,12.2819
toi-5573 b,9.75,112.0,8.79758977,0.072,TOI-5573,0.619,0.594,3790.0,186.562,136.4259999,55.3071309,2025.0,Transit,528.0,,0.42,14.6741
toi-558 b,13.53006831,,14.57289854281,,TOI-558,,1.76095,6025.8,402.63,42.2915093,-58.0246828,2021.0,Transit,1012.99,,,11.3253
toi-559 b,12.2398,,6.9839072,,TOI-559,,1.21,5972.0,233.266,46.8186159,-31.1629951,2021.0,Transit,1249.0,,,10.9777
toi-5592 b,17.14974047,285.72773789,2.6085846,0.062,TOI-5592,1.194,1.393,6237.0,597.026,106.6800684,65.857249,2025.0,Transit,1789.0,,-0.013,12.4963
toi-5595 b,4.71645,,5.9900508,,TOI-5595,,0.74,4119.0,136.955,110.4601649,35.2219829,2026.0,Transit,621.0,,,12.9724
toi-5599 b,7.1888212,,5.43691503941,,TOI-5599,,1.91334,6137.02,547.948,199.3262375,55.6815392,2026.0,Transit,,,,11.6476
toi-5605 b,2.52611303,,5.91340454843,,TOI-5605,,0.736044,4583.79,95.0735,150.5380078,50.1453867,2026.0,Transit,,,,11.7685
toi-561 b,1.37,2.24,0.4465688,0.0,TOI-561,0.805,0.832,5326.0,85.799,148.1851516,6.216103,2020.0,Transit,,,-0.41,10.0128
toi-561 c,2.878,5.4,10.779,0.06,TOI-561,0.785,0.849,5455.0,85.799,148.1851516,6.216103,2020.0,Transit,,G9 V,-0.33,10.0128
toi-561 d,2.87813921,,25.7122157303,,TOI-561,,0.840576,5391.0,85.799,148.1851516,6.216103,2020.0,Transit,331.79,,,10.0128
toi-561 e,3.18580584,,,,TOI-561,,0.840576,5391.0,85.799,148.1851516,6.216103,2020.0,Transit,156.67,,,10.0128
toi-5614 b,3.23281,,4.172202,,TOI-5614,,0.73,4313.0,223.016,189.4323154,69.4584273,2026.0,Transit,817.0,,,13.7566
toi-5616 b,10.32937773,,2.00270301228,,TOI-5616,,0.65,3927.0,390.415,184.9016378,48.6832895,2024.0,Transit,857.7,,,15.6306
toi-5624 b,2.27887,,3.3903593,,TOI-5624,,0.83,5342.0,101.913,180.8443476,49.2512257,2026.0,Transit,1108.0,,,10.5425
toi-5624 c,2.23283,,7.8854383,,TOI-5624,,0.83,5342.0,101.913,180.8443476,49.2512257,2026.0,Transit,873.0,,,10.5425
toi-5624 d,3.584,4.9,13.731468,0.0,TOI-5624,0.858,0.82,5327.0,101.913,180.8443476,49.2512257,2026.0,Transit,712.6,,-0.023,10.5425
toi-5624 e,3.247,8.9,21.489936,0.0,TOI-5624,0.858,0.82,5327.0,101.913,180.8443476,49.2512257,2026.0,Transit,613.8,,-0.023,10.5425
toi-5624 f,,13.0,45.37,0.0,TOI-5624,0.858,0.82,5327.0,101.913,180.8443476,49.2512257,2026.0,Transit Timing Variations,478.5,,-0.023,10.5425
toi-5630 b,2.37117553,,3.22118452536,,TOI-5630,,0.933361,5385.64,134.047,236.4538532,40.3748618,2026.0,Transit,,,,10.8304
toi-5634 a b,9.6722,,2.2054776,,TOI-5634 A,,0.53,3770.0,306.144,175.6436366,20.9652921,2024.0,Transit,788.0,,,15.9978
toi-564 b,7.7514065,,1.65114558035,,TOI-564,,1.12196,5752.0,199.581,130.2951535,-16.0363275,2020.0,Transit,1574.49,,,11.1424
toi-5678 b,4.91,20.0,47.73022,0.14,TOI-5678,0.905,0.938,5485.0,165.393,47.3841872,-34.1984808,2023.0,Transit,513.0,G7 V,0.0,11.1483
toi-5688 a b,10.3,124.0,2.94815527,0.128,TOI-5688 A,0.6,0.57,3713.0,226.318,266.9231001,47.7050486,2024.0,Transit,742.0,,0.47,15.324
toi-5704 b,3.34096413,,3.77110663034,,TOI-5704,,0.757521,4590.0,89.637,169.8248694,44.9890782,2023.0,Transit,852.91,,,11.2746
toi-5713 b,1.8605473,,10.44198961033,,TOI-5713,,0.292425,3271.0,40.8668,208.4587323,52.6027628,2024.0,Transit,317.82,,,14.0104
toi-5716 b,0.96,,6.7663,,TOI-5716,0.19,0.22,3436.0,39.4122,201.9007989,73.1774325,2025.0,Transit,400.0,,-0.54,14.3739
toi-5720 b,1.39321904,,1.43446023837,,TOI-5720,,0.37103,3421.0,35.8256,170.3135774,25.2732942,2024.0,Transit,691.29,,,12.8215
toi-5726.01,2.554,,5.491125215,,TOI-5726,1.06,1.106,5874.0,108.848,123.3950504,68.5745899,2024.0,Transit,,,,9.58034
toi-5728 b,1.31,,11.49761,,TOI-5728,0.36,0.37,3419.0,54.7045,260.3509363,67.5504212,2025.0,Transit,382.0,,-0.12,13.6849
toi-5734 b,2.76,,6.1842161,,TOI-5734,0.736,0.708,4790.0,32.5102,111.2558179,37.2311218,2026.0,Transit,788.0,,-0.09,9.19044
toi-5736 b,1.69217745,,0.64898680327,,TOI-5736,,0.579535,3949.0,92.3604,213.7583971,49.5009379,2025.0,Transit,1202.09,,,12.9042
toi-5777 b,2.51967,,6.9171675,,TOI-5777,,0.67,4208.0,114.277,141.002239,82.8586961,2026.0,Transit,602.0,,,12.6537
toi-5786 b,6.85813,,12.7791964,,TOI-5786,,1.33,6280.0,192.475,293.3223259,30.7042468,2025.0,Transit,1225.0,,,10.1378
toi-5788 b,1.528,3.72,6.340758,0.061,TOI-5788,0.87,0.87,5615.0,97.614,287.4249017,31.7615284,2026.0,Transit,910.0,,-0.32,10.0551
toi-5788 c,1.99447,,16.2134274,,TOI-5788,,0.86,5664.0,97.614,287.4249017,31.7615284,2026.0,Transit,696.0,,,10.0551
toi-5789 b,,2.12,2.76369,0.0,TOI-5789,0.821,0.833,5185.0,20.4581,302.7734475,16.1897138,2026.0,Radial Velocity,1201.0,K1 V,-0.12,7.09999
toi-5789 c,2.53704,,12.9256051,,TOI-5789,,0.88,5132.0,20.4581,302.7734475,16.1897138,,Transit,478.0,,,7.09999
toi-5789 d,,4.29,29.65,0.096,TOI-5789,0.821,0.833,5185.0,20.4581,302.7734475,16.1897138,2026.0,Radial Velocity,545.0,K1 V,-0.12,7.09999
toi-5789 e,,11.61,62.98,0.071,TOI-5789,0.821,0.833,5185.0,20.4581,302.7734475,16.1897138,2026.0,Radial Velocity,424.0,K1 V,-0.12,7.09999
toi-5795 b,5.62,23.66,6.1406325,0.25,TOI-5795,0.901,1.082,5715.0,156.53,304.868782,-7.5476595,2025.0,Transit,1136.78,G3 V,-0.27,10.6376
toi-5799 b,1.625,,4.164753,,TOI-5799,0.337,0.328,3514.0,27.8123,301.630179,15.9891418,2024.0,Transit,518.01,,-0.08,12.3212
toi-5799 c,1.76,,14.010449,,TOI-5799,0.325,0.321,3452.0,27.8123,301.630179,15.9891418,2025.0,Transit,337.0,M2 V,0.01,12.3212
toi-5800 b,2.83310167,,2.6282605673,,TOI-5800,,0.817034,4821.0,42.9052,305.0655462,-7.4119237,2025.0,Transit,1037.82,,,9.21824
toi-5803 b,3.2732,,5.38305,,TOI-5803,0.87,0.7625,5134.0,84.0126,327.2487497,6.2781777,2023.0,Transit,678.87,,,10.4782
toi-5817 b,3.02725841,,15.61460575154,,TOI-5817,,1.38207,5809.0,80.7542,322.3777987,21.474527,2025.0,Transit,855.96,,,8.48343
toi-5882 b,14.1861,,7.1487697,,TOI-5882,,2.35,5706.0,416.104,311.8886385,34.7374918,2025.0,Transit,2317.0,,,11.1063
toi-5916 b,10.9197,,2.3682389,,TOI-5916,,0.49,3504.0,199.724,325.2995114,9.5990534,2026.0,Transit,735.0,,,15.6925
toi-5926 b,7.38288,,3.8116176,,TOI-5926,,0.89,5430.0,275.103,308.0784435,15.5030795,2026.0,Transit,987.0,,,12.5095
toi-5938 b,3.82,,2.260424,,TOI-5938,0.744,0.712,4650.0,114.035,303.9088422,28.6592261,2026.0,Transit,1077.0,,0.07,12.0577
toi-6000 b,0.94,,0.448959,,TOI-6000,0.37,0.38,3419.0,75.7664,292.6062979,68.1545924,2025.0,Transit,1120.0,,,14.3736
toi-6002 b,1.5489482,,10.90483924619,,TOI-6002,,0.242121,3272.0,32.0266,299.6142524,32.2871702,2024.0,Transit,296.4,,,13.9558
toi-6008 b,1.24654784,,0.85737269789,,TOI-6008,,0.235048,3098.0,23.1008,310.4487344,49.6468992,2024.0,Transit,649.33,,,13.7122
toi-6016 b,13.67495645,371.85923619,4.023687,0.0,TOI-6016,1.31,1.51,6110.0,364.715,4.5239602,59.7661983,2024.0,Transit,1890.0,F,0.28,11.9184
toi-6029 b,14.39233122,519.64944544,5.7987,0.091,TOI-6029,1.548,2.338,6223.0,603.119,8.3862555,61.8607659,2024.0,Transit,,,0.37,12.2681
toi-6034 b,11.92,254.0,2.576184,0.04,TOI-6034,0.514,0.489,3635.0,117.992,317.9001392,68.4020762,2024.0,Transit,714.0,,-0.09,14.3143
toi-6038 a b,6.41,78.5,5.8267311,,TOI-6038 A,1.291,1.648,6110.0,179.147,51.6572691,40.8172704,2025.0,Transit,1439.0,,0.124,9.72957
toi-6041 b,4.55,28.9,26.04945,,TOI-6041,0.885,0.879,5445.0,72.4731,46.0610334,43.5576668,2025.0,Transit,605.6,G7,0.104,9.70942
toi-6041 c,,77.9,88.0,,TOI-6041,0.885,0.879,5445.0,72.4731,46.0610334,43.5576668,2025.0,Radial Velocity,403.5,G7,0.104,9.70942
toi-6054.01,2.64,12.5,7.501428,0.164,TOI-6054,1.107,1.662,6047.0,79.407,56.337007,60.350917,2024.0,Transit,1360.0,,-0.07,7.87799
toi-6054.02,2.864,,12.574998029,,TOI-6054,1.15,1.612,6112.0,79.407,56.337007,60.350917,2024.0,Transit,,,,7.87799
toi-6080 b,3.37788363,,8.05557162699,,TOI-6080,,1.06221,5680.0,188.183,266.6044226,38.0787076,2026.0,Transit,919.33,,,11.0489
toi-6086 b,1.18,,1.3888725,,TOI-6086,0.254,0.259,3200.0,31.4566,265.3704236,30.3037755,2024.0,Transit,634.0,M3.0,0.11,13.6971
toi-6109 b,4.8704,,5.690476,,TOI-6109,1.03,1.021,5660.0,151.738,50.1319206,42.6069564,2025.0,Transit,,G3,,10.8316
toi-6109 c,4.04578,,8.5386633,,TOI-6109,,0.95,5416.1,151.738,50.1319206,42.6069564,2025.0,Transit,786.0,,,10.8316
toi-6130 b,14.3474953,333.71982735,2.392679,0.036,TOI-6130,1.31,1.51,6110.0,220.882,339.2050832,16.8271941,2024.0,Transit,1750.0,F,0.28,10.9775
toi-615 b,19.1536,,4.6616079,,TOI-615,,1.7,7437.0,360.408,133.4086892,-40.543701,2023.0,Transit,1682.0,,,10.5775
toi-620 b,3.76,,5.0988179,0.22,TOI-620,0.577,0.55,3708.0,33.0231,142.1734459,-12.1671652,2022.0,Transit,603.6,M2.5 V,0.35,11.3104
toi-622 b,9.30024126,,6.40252947289,,TOI-622,,1.4072,7056.0,123.297,125.3050544,-46.4842959,2023.0,Transit,1274.23,,,8.89103
toi-6223 b,5.07,,3.855219,,TOI-6223,0.582,0.576,3895.0,133.122,355.9505977,33.0672361,2025.0,Transit,714.0,M0 V,-0.12,13.6201
toi-6255 b,1.079,1.44,0.23818244,0.0,TOI-6255,0.353,0.37,3421.0,20.3167,331.5031606,39.2988284,2024.0,Transit,,,-0.14,11.6345
toi-628 b,11.88154,2011.8639,3.4095675,0.072,TOI-628,1.311,1.345,6250.0,178.68,99.2630608,1.7675497,2021.0,Transit,1586.0,,0.258,10.0579
toi-6281 b,2.77385,,1.0542548,,TOI-6281,,0.87,4160.1,57.7451,172.3785238,-40.6094246,2026.0,Transit,2240.0,,,10.6517
toi-6303 b,11.59,2493.0,9.485236,0.02,TOI-6303,0.644,0.609,3977.0,152.219,46.7806502,40.147174,2025.0,Transit,541.0,,0.44,13.9114
toi-6324 b,1.059,1.17,0.279221,0.0,TOI-6324,0.269,0.293,3247.0,20.5488,330.844543,67.4986773,2025.0,Transit,1216.0,,-0.32,12.214
toi-6330 b,10.89,3179.0,6.8500246,0.34,TOI-6330,0.531,0.49,3539.0,139.042,22.1679816,53.6860778,2025.0,Transit,495.0,,0.08,14.9341
toi-6383 a b,11.29,331.0,1.79058695,0.05,TOI-6383 A,0.458,0.457,3444.0,171.319,60.4246951,60.8913677,2024.0,Transit,745.0,M3,,15.6628
toi-6393 b,2.62547,,9.5315703,,TOI-6393,,0.77,5022.0,186.229,141.2436918,68.7883127,2026.0,Transit,696.0,,,12.3521
toi-640 b,19.2794468,181.16219199,5.003777,0.013,TOI-640,1.536,2.082,6460.0,341.997,99.7345935,-36.64613,2021.0,Transit,1816.0,,0.072,10.4006
toi-6420 b,11.93756445,2606.1929374,6.961508,0.078,TOI-6420,1.165,1.312,6020.0,634.712,125.5443036,-19.1242852,2025.0,Transit,1213.0,,0.24,12.9023
toi-6448 b,8.47398941,,14.844261,0.2,TOI-6448,1.03,0.897,5910.0,386.879,110.1704109,-33.9223285,2025.0,Transit,745.0,,,12.7778
toi-6478 b,4.6,,34.005019,,TOI-6478,0.23,0.234,3230.0,38.6057,149.9918059,-16.1597935,2025.0,Transit,204.4,M4.0+/-0.5,-0.53,14.313
toi-654.01,2.378,8.71,1.527561,0.0,TOI-654,0.419,0.43,3521.0,57.7553,164.7245509,-5.5475446,2024.0,Transit,794.0,M2 V,0.12,13.4339
toi-6628 b,10.98480109,235.19302118,18.18424,0.67,TOI-6628,0.97,1.01,5463.0,320.527,225.8370504,-35.2305793,2025.0,Transit,833.0,,0.36,12.6408
toi-663 b,2.27,4.45,2.598902,,TOI-663,0.514,0.512,3681.0,64.2308,160.0658525,-8.5110827,2024.0,Transit,674.0,M1 V,0.07,12.8191
toi-663 c,2.66263751,,4.69559860409,,TOI-663,,0.512361,3719.0,64.2308,160.0658525,-8.5110827,2024.0,Transit,552.5,,,12.8191
toi-663 d,1.92,5.2,7.1027268,,TOI-663,0.514,0.512,3681.0,64.2308,160.0658525,-8.5110827,2024.0,Transit,482.0,M1 V,0.07,12.8191
toi-6651 b,5.09264,,5.0569708,,TOI-6651,,1.8,5818.9,212.128,15.7885904,35.3890405,2024.0,Transit,1227.0,,,10.0418
toi-6677 b,8.32098,,5.4496736,,TOI-6677,,1.57,6760.0,340.52,290.4719117,-46.8749591,2026.0,Transit,334.0,,,10.7788
toi-669 b,2.6,9.8,3.94515,0.23,TOI-669,0.9,0.99,5600.0,142.867,158.9007013,-5.1813735,2023.0,Transit,1235.0,,-0.06,10.6364
toi-6692 b,11.67975789,197.05361234,131.125,0.537,TOI-6692,1.047,1.385,5890.0,312.903,312.6940436,-81.2723982,2026.0,Transit,467.0,,-0.008,11.5826
toi-6695 b,7.63746901,,,,TOI-6695,,1.56229,6118.81,282.536,129.5720221,-23.550217,2025.0,Transit,776.55,,,10.7445
toi-6695 c,,460.85119015,242.4,0.022,TOI-6695,1.338,1.517,6400.0,282.536,129.5720221,-23.550217,2025.0,Radial Velocity,415.0,F5V-G0V,0.2,10.7445
toi-6699 b,2.32645266,,5.32005926761,,TOI-6699,,0.75309,4705.1,85.8463,317.0695839,-63.2504996,2026.0,Transit,,,,11.0299
toi-6707 b,5.66481228,,3.83472822513,,TOI-6707,,1.58202,6088.34,641.467,109.7634707,-58.1155263,2026.0,Transit,1509.43,,,12.7475
toi-6716 b,0.982,,4.7185898,0.88,TOI-6716,0.223,0.231,3110.0,18.8873,111.657082,-30.5521801,2026.0,Transit,369.0,M4,0.0,13.1269
toi-672 b,5.1614854,,3.63358341723,,TOI-672,,0.544068,3765.0,66.9071,167.9908627,-39.3281151,2023.0,Transit,613.48,,,12.7364
toi-674 b,5.27060027,,1.97716584193,,TOI-674,,0.421944,3467.0,46.0851,164.5865592,-36.8581092,2021.0,Transit,644.29,,,13.0914
toi-677 b,,400.46379282,11.236168,0.436,TOI-677,1.158,1.281,6295.0,141.812,144.1193594,-50.4630933,2020.0,Transit,,,-0.02,9.66082
toi-682.01,4.39,,6.84,,TOI-682,0.85,1.08433,5085.0,83.1548,167.88543,-22.0727803,2021.0,Transit,,,0.27,9.74198
toi-6894 b,9.3830336,,3.37063026728,,TOI-6894,,0.222121,3133.0,73.8131,173.4691418,12.4510906,2025.0,Transit,409.09,,,16.3092
toi-6954 b,3.74825,,4.0207557,,TOI-6954,,0.95,5019.9,190.042,168.3240591,-2.7877643,2026.0,Transit,930.0,,,11.9906
toi-697 b,2.35859364,,8.60788713593,,TOI-697,,0.968149,5681.95,93.7714,69.7042208,-36.6813257,2026.0,Transit,,,,9.8273
toi-700 b,0.96172883,,9.97727296316,,TOI-700,,0.419457,3482.0,31.1265,97.0957165,-65.5786149,2020.0,Transit,384.06,,,12.0665
toi-700 c,2.65,,16.05111,0.078,TOI-700,0.415,0.424,3461.0,31.1265,97.0957165,-65.5786149,2020.0,Transit,356.0,,-0.07,12.0665
toi-700 d,1.144,,37.42475,0.111,TOI-700,0.415,0.424,3461.0,31.1265,97.0957165,-65.5786149,2020.0,Transit,268.8,,-0.07,12.0665
toi-700 e,0.953,,27.80978,0.059,TOI-700,0.415,0.421,3459.0,31.1265,97.0957165,-65.5786149,2023.0,Transit,,M2.5 V,-0.07,12.0665
toi-7008 b,4.77919,,0.8406912,,TOI-7008,,0.95,5170.0,410.467,216.9882531,79.450396,2026.0,Transit,1783.0,,,13.4518
toi-7009 b,3.71,,2.3206612,,TOI-7009,0.583,0.564,4080.0,184.12,299.5131334,55.6510291,2026.0,Transit,872.0,,-0.11,13.7151
toi-7041 b,11.43316031,114.41822652,9.691,0.04,TOI-7041,1.07,4.1,4700.0,439.52,357.8021716,-50.8698618,2025.0,Transit,,,0.25,10.908
toi-712 b,2.049,,9.531361,0.54,TOI-712,0.732,0.674,4622.0,58.6212,92.9361063,-65.8258386,2022.0,Transit,650.0,K4.5 V,-0.02,10.5785
toi-712 c,2.45531,,51.69919052045,,TOI-712,,0.72,4504.0,58.6212,92.9361063,-65.8258386,2022.0,Transit,357.0,,,10.5785
toi-712 d,2.03857,,84.83869,,TOI-712,,0.72,4504.0,58.6212,92.9361063,-65.8258386,2022.0,Transit,292.0,,,10.5785
toi-7149 b,13.2,224.0,2.65206166,0.078,TOI-7149,0.344,0.351,3363.0,126.126,244.7384657,19.1758116,2025.0,Transit,593.0,M4 V,-0.08,16.1589
toi-715 b,1.55,,19.288004,,TOI-715,0.225,0.24,3075.0,42.4048,113.8523276,-73.5774089,2023.0,Transit,234.0,M4,-0.25,14.894
toi-7155 b,2.15693,,3.8949005,,TOI-7155,,0.67,4718.0,144.751,12.4454481,79.2878555,2026.0,Transit,914.0,,,12.4844
toi-7166 b,2.10045494,,12.92281113051,,TOI-7166,,0.223377,3166.0,35.4153,320.6806363,8.8893975,2025.0,Transit,264.58,,,14.4918
toi-733 b,1.94753,,4.8847937,,TOI-733,,0.94,5969.0,75.2092,159.4093183,-40.888259,2023.0,Transit,1076.0,,,9.28881
toi-7333 b,2.09469416,,6.26449803661,,TOI-7333,,0.666066,4586.87,157.217,243.5319622,75.9166315,2026.0,Transit,,,,12.8288
toi-7384 b,3.56,,6.2340258,0.4,TOI-7384,0.318,0.319,3185.0,66.7902,83.1031834,-39.8342501,2026.0,Transit,378.0,M4,0.0,15.0456
toi-7510 b,7.34188236,7.94571018,11.5075,,TOI-7510,1.02,1.02,5820.0,249.006,273.728188,-54.4340547,2025.0,Transit,872.0,,0.2,11.7871
toi-7510 c,9.25092411,,22.57099907595,,TOI-7510,,1.079,5586.0,249.006,273.728188,-54.4340547,2025.0,Transit,863.55,,,11.7871
toi-7510 d,6.31985446,,48.86217278727,,TOI-7510,,1.079,5586.0,249.006,273.728188,-54.4340547,2025.0,Transit,593.78,,,11.7871
toi-756 b,3.18112137,,1.23925693308,,TOI-756,,0.507628,3614.0,86.1759,192.103738,-45.4704709,2025.0,Transit,827.95,,,13.6961
toi-756 c,,1287.20504835,149.4,0.445,TOI-756,0.505,0.505,3657.0,86.1759,192.103738,-45.4704709,2025.0,Radial Velocity,194.0,M1 V,0.196,13.6961
toi-757 b,2.17884,,17.4682298,,TOI-757,,0.76,5499.0,60.3418,187.9948428,-35.5544523,2024.0,Transit,618.0,,,9.55369
toi-762 a b,8.02723405,,3.47168080203,,TOI-762 A,,0.426785,3399.0,98.4458,166.0747423,-47.8214964,2024.0,Transit,517.89,,,14.9535
toi-763 b,2.4097088,,5.60577479919,,TOI-763,,0.906761,5767.0,95.1274,194.468098,-39.7580613,2020.0,Transit,937.98,,,9.99915
toi-763 c,2.63,9.32,12.2737,0.04,TOI-763,0.917,0.897,5450.0,95.1274,194.468098,-39.7580613,2020.0,Transit,800.0,G,0.01,9.99915
toi-771 b,1.422,,2.326021,,TOI-771,0.22,0.242,3201.0,25.2788,164.1138903,-72.9851736,2024.0,Transit,527.19,,0.12,13.3671
toi-771 c,,2.87,7.61,0.065,TOI-771,0.22,0.232,3370.0,25.2788,164.1138903,-72.9851736,2025.0,Radial Velocity,365.0,M3,-0.13,13.3671
toi-776 b,,,8.24663,0.06,TOI-776,0.544,0.538,3709.0,27.1701,178.577997,-37.5533568,2020.0,Transit,,M1 V,-0.2,10.7409
toi-776 c,2.047,6.9,15.665323,0.089,TOI-776,0.542,0.547,3725.0,27.1701,178.577997,-37.5533568,2020.0,Transit,420.0,,-0.21,10.7409
toi-778 b,15.2453,,4.6336155,,TOI-778,,1.68,6780.0,161.743,199.3338503,-15.2737046,2023.0,Transit,1450.0,,,8.99436
toi-782 b,2.734,19.1,8.0240015,0.19,TOI-782,0.397,0.413,3370.0,52.5122,183.9203614,-18.9103377,2024.0,Transit,435.0,,0.34,13.5645
toi-784 b,1.93,9.67,2.7970365,0.0,HD 307842,0.91,0.907,5558.0,64.5997,159.3412205,-63.6556923,2023.0,Transit,,G,-0.13,9.23501
toi-799 b,2.06631784,,5.54519139676,,TOI-799,,0.915519,5662.81,158.526,98.4691249,-52.4602958,2026.0,Transit,,,,11.0556
toi-808 b,2.26963072,,9.73940894242,,TOI-808,,0.833198,5216.0,98.1848,133.7485497,-44.2886304,2026.0,Transit,710.98,,,10.6033
toi-813 b,6.71,,83.8911,0.0,TOI-813,1.32,1.94,5907.0,263.145,72.6940102,-60.9054608,2020.0,Transit,610.0,G0 IV,0.1,10.2352
toi-815 b,2.94,7.6,11.197259,0.2,TOI-815,0.776,0.77,4869.0,59.7117,155.8719377,-43.8349248,2024.0,Transit,686.0,K3 V,-0.09,9.93978
toi-815 c,2.1838,,734.4987702,,TOI-815,,0.76,4953.9,59.7117,155.8719377,-43.8349248,2024.0,Transit,483.0,,,9.93978
toi-824 b,,,1.39298,,TOI-824,0.71,0.695,4600.0,63.9262,222.1654705,-57.5888666,2020.0,Transit,,K4 V,-0.092,10.7616
toi-833 b,1.38903099,,1.04188900271,,TOI-833,,0.603336,3965.0,41.7148,145.645472,-62.4758857,2022.0,Transit,1033.92,,,11.075
toi-836 b,1.704,4.53,3.81673,0.053,TOI-836,0.678,0.665,4552.0,27.5024,225.0798831,-24.4542022,2023.0,Transit,871.0,K V,-0.284,9.40475
toi-836.01,2.73,,8.59,,TOI-836,0.66,0.691028,4250.0,27.5024,225.0798831,-24.4542022,2021.0,Transit,,,,9.40475
toi-837 b,9.16894621,120.45696625,8.3249113,,TOI-837,1.142,1.052,5995.0,142.488,157.0372806,-64.5052107,2020.0,Transit,995.3,F9/G0,0.01,10.356
toi-849 b,3.54139,,0.76566,,TOI-849,,0.92,5311.0,225.734,28.7157956,-29.4217086,2020.0,Transit,1932.0,,,12.0645
toi-858 b b,14.06727078,349.6112477,3.2797178,0.15,TOI-858 B,1.081,1.308,5842.0,250.489,60.1998256,-54.5929177,2023.0,Transit,1529.0,G0,0.153,11.0695
toi-871 b,1.68663141,,14.36273803273,,TOI-871,,0.732189,4939.0,68.0473,74.7376264,-50.6274153,2024.0,Transit,565.31,,,10.3452
toi-880 c,4.95,,6.3872703,,TOI-880,0.87,0.83,5050.0,60.6679,94.1644734,-13.987337,2025.0,Transit,805.0,K,0.23,9.83708
toi-880.02,2.7779229,,2.5735943,,TOI-880,0.805415,0.816999,4935.0,60.6679,94.1644734,-13.987337,2024.0,Transit,1162.97,,,9.83708
toi-883 b,7.17665,,10.0577297,,TOI-883,,1.01,5651.0,102.637,103.3690609,-6.5078349,2026.0,Transit,861.0,,,9.82787
toi-892 b,11.99363,301.9385,10.62656,0.125,TOI-892,1.28,1.39,6261.0,340.543,86.738228,-11.2353401,2020.0,Transit,1397.0,F,0.24,11.3435
toi-904 b,2.426,,10.8772,,TOI-904,0.557,0.527,3770.2,46.0891,89.3712733,-83.1297264,2023.0,Transit,429.43,,0.022,11.8559
toi-904 c,2.3408341,,83.99939906877,,TOI-904,,0.532439,3992.0,46.0891,89.3712733,-83.1297264,2023.0,Transit,219.12,,,11.8559
toi-905 b,,,3.739493,,TOI-905,0.968,0.918,5570.0,158.649,227.6586754,-71.3616316,2020.0,Transit,,,0.14,11.0813
toi-907.01,9.6158851,,4.5849129,,TOI-907,1.069357,2.059789,6272.0,312.529,262.1834072,-62.840383,2024.0,Transit,1846.6,,,10.3273
toi-908 b,3.10801631,,3.18377891634,,TOI-908,,1.05236,5500.0,175.748,53.1594266,-81.250745,2023.0,Transit,1217.65,,,11.1061
toi-912 b,2.25248677,,4.67805901868,,TOI-912,,0.426465,3566.0,26.1072,229.3285665,-80.4733446,2025.0,Transit,495.23,,,11.6502
toi-913 b,2.4528,,11.098644,,TOI-913,0.82,0.7325,4969.0,65.1769,234.5723244,-80.8034265,2023.0,Transit,712.01,,-0.133,10.1919
toi-921 b,3.37636094,,5.12872650603,,TOI-921,,1.14,6055.5,294.015,99.6742038,-56.2205396,2026.0,Transit,951.0,,,11.6335
toi-929 b,2.68983343,,5.83015366944,,TOI-929,,0.717414,4457.16,114.421,45.9071657,-39.9307758,2026.0,Transit,,,,12.1394
toi-938 b,4.82401567,,8.80733882211,,TOI-938,,0.985134,5829.42,215.034,63.0323442,-12.1188357,2026.0,Transit,,,,11.2586
toi-941 b,6.51165317,,8.51460888787,,TOI-941,,1.1849,5745.88,263.386,78.3005249,6.5459146,2026.0,Transit,,,,11.44
toi-942 b,3.52025,,4.32765,,TOI-942,,0.91,4945.0,152.601,76.6496172,-20.2456126,2020.0,Transit,1120.0,,,11.6346
toi-942 c,5.79,794.575,10.15643,0.0,TOI-942,0.788,1.022,4928.0,152.601,76.6496172,-20.2456126,2020.0,Transit,,,-0.221,11.6346
toi-954 b,,,3.6849729,,TOI-954,1.201,1.892,5710.0,238.768,61.9410587,-25.2088028,2020.0,Transit,,,0.215,10.2321
toi-969 b,2.765,9.1,1.8237305,,TOI-969,0.734,0.671,4435.0,77.2554,115.1366858,2.0985879,2022.0,Transit,941.0,K V,0.175,11.2667
toi-969 c,,3591.4609991,1700.0,0.628,TOI-969,0.734,0.671,4435.0,77.2554,115.1366858,2.0985879,2022.0,Radial Velocity,96.4,K V,0.175,11.2667
trappist-1 b,1.116,1.374,1.510826,,TRAPPIST-1,0.0898,0.1192,2566.0,,346.6263919,-5.0434618,2016.0,Transit,,,,15.6451
trappist-1 c,,,2.4219371,0.0,TRAPPIST-1,0.0898,0.1192,2566.0,,346.6263919,-5.0434618,2016.0,Transit,,,,15.6451
trappist-1 d,,,4.04978035,,TRAPPIST-1,0.0898,0.1234,2520.0,,346.6263919,-5.0434618,2016.0,Transit,286.2,,0.0535,15.6451
trappist-1 e,0.918,0.62,6.099615,0.085,TRAPPIST-1,0.0802,0.117,2559.0,,346.6263919,-5.0434618,2017.0,Transit,251.3,,0.04,15.6451
trappist-1 f,1.045,0.68,9.20669,0.063,TRAPPIST-1,0.0802,0.117,2559.0,,346.6263919,-5.0434618,2017.0,Transit,219.0,,0.04,15.6451
trappist-1 g,1.148,1.148,,0.00208,TRAPPIST-1,0.089,,,,346.6263919,-5.0434618,2017.0,Transit,,,,15.6451
trappist-1 h,0.773,0.331,,0.00567,TRAPPIST-1,0.089,,,,346.6263919,-5.0434618,2017.0,Transit,,,,15.6451
twa 7 b,,108.06165838,,,TWA 7,0.46,,,33.9958,160.6248102,-33.6712596,2025.0,Imaging,316.0,,,10.6193
tyc 0434-04538-1 b,,1938.763,193.2,0.08,TYC 0434-04538-1,1.04,9.99,4679.0,613.422,271.3396528,2.0622774,2021.0,Radial Velocity,,,-0.38,9.92369
tyc 1422-614-1 b,,794.5,198.4,0.06,TYC 1422-614-1,1.15,6.85,4806.0,672.41,154.2777769,19.5584068,2014.0,Radial Velocity,,,-0.2,9.91329
tyc 1422-614-1 c,,3178.0,559.3,0.048,TYC 1422-614-1,1.15,6.85,4806.0,672.41,154.2777769,19.5584068,2014.0,Radial Velocity,,,-0.2,9.91329
tyc 2187-512-1 b,,104.88337431,691.9,0.05,TYC 2187-512-1,0.498,0.495,3734.0,15.4744,320.5266829,22.9319351,2022.0,Radial Velocity,,M1.0 V,0.08,9.77026
tyc 3318-01333-1 b,,1086.9786,562.0,0.098,TYC 3318-01333-1,1.19,5.9,4776.0,490.61,45.5825716,49.7441421,2018.0,Radial Velocity,,,-0.06,9.4629
tyc 3667-1280-1 b,,1716.282,26.468,0.036,TYC 3667-1280-1,1.87,6.26,5130.0,477.516,12.8875757,58.4261485,2016.0,Radial Velocity,1350.0,,-0.08,9.42321
tyc 4282-00605-1 b,,3426.2074,101.54,0.28,TYC 4282-00605-1,0.97,16.21,4300.0,464.128,343.8721029,62.2391907,2017.0,Radial Velocity,,,-0.07,9.90946
tyc 8998-760-1 b,,4449.62,,,TYC 8998-760-1,1.0,,4573.0,94.6177,201.3001096,-64.9391566,2020.0,Imaging,,K3 IV,,10.6505
tyc 8998-760-1 c,12.3299,1906.98,,,TYC 8998-760-1,1.0,,,94.6177,201.3001096,-64.9391566,2020.0,Imaging,1240.0,,,10.6505
teegarden's star b,,1.05,4.91,0.0,Teegarden's Star,0.089,0.107,2904.0,3.83078,43.2691449,16.8649024,2019.0,Radial Velocity,,M7.0 V,-0.19,12.2746
teegarden's star c,,1.05,11.416,0.04,Teegarden's Star,0.097,0.12,3034.0,3.83078,43.2691449,16.8649024,2019.0,Radial Velocity,209.0,,-0.11,12.2746
teegarden's star d,,0.82,26.13,0.07,Teegarden's Star,0.097,0.12,3034.0,3.83078,43.2691449,16.8649024,2024.0,Radial Velocity,159.0,,-0.11,12.2746
tres-1 b,12.66617,266.9772,3.03007,0.0,TrES-1,1.04,0.85,5230.0,159.658,286.0408755,36.632536,2004.0,Transit,,,0.02,11.5565
tres-2 b,13.327501,,2.4706133738,,TrES-2,,0.963,,215.32,286.8085258,49.3164211,2006.0,Transit,1455.0,,,11.2819
tres-3 b,16.75888299,,1.3061880169,,TrES-3,,0.820181,5489.0,231.337,268.0291106,37.5463268,2007.0,Transit,1443.29,,,12.1995
tres-4 b,,,3.55392921,,TrES-4,,,,515.98,268.3043361,37.2117397,2007.0,Transit,,,,11.4731
tres-5 b,13.552,565.078,1.4822446,0.0,TrES-5,0.893,0.866,5171.0,360.313,305.2219454,59.4489033,2011.0,Transit,,,,13.4599
ucac3 113-933 b,,6674.396547,,,UCAC3 113-933,0.61,,,52.5829,5.2758121,-33.8031679,2024.0,Imaging,,M0,-0.95,11.8242
ucac4 328-061594 b,,6674.396547,,,UCAC4 328-061594,1.19,,,39.9089,152.6991091,-24.4532674,2024.0,Imaging,,DC,,15.212
ukirt-2017-blg-001l b,,407.0,,,UKIRT-2017-BLG-001L,0.81,,,6300.0,266.654083,-29.2113609,2018.0,Microlensing,,,,
usco ctio 108 b,,4449.62,,,USco CTIO 108,0.06,,2700.0,144.019,241.4752653,-18.3124167,2008.0,Imaging,,M7,,17.4229
usco1556 b,,4767.45,,,USco1556 A,0.33,,3410.0,140.635,239.1037198,-25.6890476,2019.0,Imaging,2240.0,M3.0 V,,14.3099
usco1621 b,,5085.28,,,USco1621 A,0.36,,3460.0,137.901,245.3730855,-25.4954265,2019.0,Imaging,2270.0,M2.5 V,,14.1769
uz for b,,2002.2,5840.0,0.04,UZ For,0.7,,,,53.8694682,-25.7393857,2011.0,Eclipse Timing Variations,,,,16.6937
uz for c,,2447.2,1916.25,0.05,UZ For,0.7,,,,53.8694682,-25.7393857,2011.0,Eclipse Timing Variations,,,,16.6937
v0391 peg b,,1017.056,1170.0,0.0,V0391 Peg,0.5,0.23,29300.0,1195.98,331.0504119,26.4188227,2007.0,Pulsation Timing Variations,,,,14.5897
v1298 tau b,,,24.141341,,V1298 Tau,1.135,1.407,,108.199,61.331654,20.1570318,2019.0,Transit,,,,10.0702
v1298 tau c,5.59,,8.24958,0.43,V1298 Tau,1.101,1.345,,108.199,61.331654,20.1570318,2019.0,Transit,968.0,,,10.0702
v1298 tau d,6.53,6.0,12.401394,0.0087,V1298 Tau,1.1,1.32,4970.0,108.199,61.331654,20.1570318,2019.0,Transit,831.0,,,10.0702
v1298 tau e,8.74,,60.0,0.57,V1298 Tau,1.101,1.345,,108.199,61.331654,20.1570318,2019.0,Transit,492.0,,,10.0702
v2376 ori b,87.20586985,6356.56814,,,V2376 Ori,0.45,,,,83.839818,-5.3515552,2025.0,Imaging,2100.0,M,,16.5491
v830 tau b,,222.481,4.927,,V830 Tau,1.0,2.0,4250.0,130.111,68.2918259,24.5619241,2016.0,Radial Velocity,,,,11.6928
vhs j125601.92-125723.9 b,14.57167491,3813.940884,5800000.0,0.68,VHS J125601.92-125723.9,,,,,194.008964,-12.956031,2015.0,Imaging,1153.0,,,
wasp-1 b,17.70019319,,2.5199145567,,WASP-1,,1.56419,6116.0,393.072,5.1669536,31.9899732,2007.0,Transit,1730.94,,,11.5349
wasp-10 b,12.3,1017.0,3.1,0.0,WASP-10,,,4700.0,140.998,348.9930457,31.4627508,2008.0,Transit,950.0,K5 V,,12.1739
wasp-100 b,16.0782163,,2.84938272598,,WASP-100,,1.77,6900.0,364.411,68.9598159,-64.027039,2014.0,Transit,2399.47,,,10.6151
wasp-101 b,,,,,WASP-101,,,,201.224,98.3511016,-23.486086,2014.0,Transit,,,,10.138
wasp-102 b,14.9972,,2.709631,,WASP-102,,1.47,5838.0,535.689,336.4643016,15.8566392,2025.0,Transit,1582.0,,,12.562
wasp-103 b,,,0.92554542,,WASP-103,,,,375.647,249.3148604,7.1833758,2014.0,Transit,,,,12.1931
wasp-104 b,,,1.75540644,,WASP-104,,,,185.932,160.6023689,7.4350768,2014.0,Transit,,,,11.5931
wasp-105 b,15.0953,,7.8728936787,,WASP-105,,1.26,5070.0,169.272,24.1678686,-50.659308,2017.0,Transit,916.21,,,11.8445
wasp-106 b,,,9.2897065,,WASP-106,,,,352.181,166.4296276,-5.0794854,2014.0,Transit,,,,11.3659
wasp-107 b,,,5.72148926,,WASP-107,0.69,0.66,4430.0,64.7414,188.3864277,-10.1462141,2017.0,Transit,,K6,0.02,11.174
wasp-107 c,,,1088.0,0.28,WASP-107,,0.67,4425.0,64.7414,188.3864277,-10.1462141,2020.0,Radial Velocity,,K6,,11.174
wasp-108 b,14.39233122,283.50293904,2.676,0.0,WASP-108,1.167,1.215,6000.0,258.777,195.8281644,-49.6397727,2020.0,Transit,1590.0,,,11.1081
wasp-11 b,,,3.72247919,,WASP-11,0.77,0.74,4800.0,124.73,47.3689472,30.6733817,2008.0,Transit,,,0.0,11.5535
wasp-110 b,13.19297028,154.78243421,3.7784022,,WASP-110,0.814,0.853,5392.0,274.96,305.8724366,-44.0587001,2021.0,Transit,1158.0,,-0.15,12.5517
wasp-113 b,16.47720163,,,,WASP-113,,,,435.156,224.8728589,46.9600996,2016.0,Transit,1460.0,G1,,11.6041
wasp-114 b,,,1.5487752,,WASP-114,1.289,1.43,5940.0,523.337,327.6656953,10.4629385,2016.0,Transit,,G0,0.14,12.5227
wasp-116 b,13.67495645,203.41018048,6.6132,0.0,WASP-116,1.25,1.426,6250.0,559.243,35.2157609,-1.8260419,2025.0,Transit,1414.0,,0.0,12.2577
wasp-117 b,11.444,87.5585,10.02165,0.302,WASP-117,1.129,1.17,6038.0,157.963,36.7758112,-50.2844247,2014.0,Transit,1001.0,F9,-0.11,10.0269
wasp-118 b,16.14096,163.36462,4.0460435,0.0,WASP-118,1.32,1.696,6410.0,376.658,19.5505861,2.7027847,2016.0,Transit,1729.0,F6,0.16,10.9196
wasp-119 b,,,2.4998048,,WASP-119,1.0,1.13732,5650.0,302.448,55.9336392,-65.19378,2016.0,Transit,,,,12.1014
wasp-12 b,20.389171,448.1403,1.0914199,0.0,WASP-12,1.35,1.57,6300.0,427.246,97.636645,29.6722662,2008.0,Transit,2601.0,,0.3,11.4999
wasp-120 b,,,3.6112686,,WASP-120,1.393,1.87,6450.0,381.174,62.6160813,-45.8982434,2016.0,Transit,,F5,-0.05,10.8989
wasp-121 b,20.904785,375.99289,1.2749255,0.0,WASP-121,1.353,1.458,6459.0,269.898,107.6002312,-39.0972705,2016.0,Transit,2358.0,F6 V,0.13,10.3746
wasp-123 b,15.13212395,,,,WASP-123,,,,197.996,289.4792124,-32.8601244,2016.0,Transit,1500.0,G5,,10.8999
wasp-124 b,13.89916,190.698,3.37265,0.017,WASP-124,1.07,1.02,6050.0,448.637,332.7143373,-30.7497189,2016.0,Transit,1400.0,F9,-0.02,12.5754
wasp-126 b,,,3.288787,,WASP-126,,,,216.526,63.374706,-69.2265926,2016.0,Transit,,,,11.0665
wasp-126 c,,64.2,7.63,0.05,WASP-126,1.12,1.27,5800.0,216.526,63.374706,-69.2265926,2019.0,Transit Timing Variations,,,,11.0665
wasp-127 b,,,4.17806513,,WASP-127,1.08,1.39,5620.0,159.507,160.5587646,-3.8349989,2016.0,Transit,,,-0.18,10.054
wasp-129 b,,,5.74813571,,WASP-129,1.0,0.9,5900.0,301.462,176.2990518,-42.0639575,2016.0,Transit,,G1,0.15,11.8127
wasp-13 b,16.2509,,4.3532339,,WASP-13,,1.59,5914.0,227.537,140.1029654,33.8823291,2009.0,Transit,1388.0,,,10.38
wasp-130 b,11.0252,,11.5509742,,WASP-130,,1.06,5625.0,172.256,203.1060194,-42.4752733,2016.0,Transit,763.0,,,10.9717
wasp-131 b,17.10380871,,5.32205050955,,WASP-131,,1.95757,6030.0,200.075,210.1935714,-30.5836084,2016.0,Transit,1432.57,,,9.86708
wasp-132 b,,,7.1335125,,WASP-132,,,,122.91,217.6091998,-46.159516,2016.0,Transit,,,,11.7538
wasp-132 c,1.85,37.35,1.011534,0.13,WASP-132,0.782,0.753,4714.0,122.91,217.6091998,-46.159516,2022.0,Transit,,K4,0.18,11.7538
wasp-132 d,,1639.99458012,1816.6,0.12,WASP-132,0.789,0.758,4686.0,122.91,217.6091998,-46.159516,2024.0,Radial Velocity,107.0,K4 V,0.15,11.7538
wasp-133 b,,,2.1764231,,WASP-133,1.16,1.44,5700.0,559.084,314.5754375,-35.7966224,2016.0,Transit,,G4,0.29,12.7146
wasp-135 b,14.5717,603.877,1.4013794,0.0,WASP-135,0.98,0.96,5675.0,298.214,267.2848846,29.8790428,2015.0,Transit,,G5 V,0.02,13.0045
wasp-136 b,,,5.2153563,,WASP-136,,,,275.587,0.325761,-8.9262512,2016.0,Transit,,,,9.81929
wasp-138 b,,,3.6344327,,WASP-138,1.22,1.36,6272.0,414.234,41.6391598,-0.4641252,2016.0,Transit,,,-0.09,11.6873
wasp-139 b,9.34404416,,5.92426613248,,WASP-139,,0.846671,5310.0,212.472,49.562173,-41.3020235,2016.0,Transit,845.38,,,12.2715
wasp-14 b,,,2.24376628,,WASP-14,1.211,1.306,6475.0,161.997,218.2766247,21.8946875,2008.0,Transit,,,,9.64647
wasp-140 b,,,2.23598448,0.047,WASP-140,0.9,0.87,5260.0,117.598,60.3855387,-20.4509991,2016.0,Transit,,K0,0.12,10.8202
wasp-141 b,,,3.31066699,,WASP-141,1.25,1.37,5900.0,516.543,71.8244347,-17.1151736,2016.0,Transit,,F9,0.29,12.4822
wasp-142 b,,,2.05287056,,WASP-142,,,,730.933,140.5063164,-23.946102,2016.0,Transit,,,,12.7568
wasp-144 b,,,2.27831337,,WASP-144,0.81,0.81,5200.0,355.513,320.7628761,-40.0484393,2018.0,Transit,,K2 V,0.18,12.915
wasp-145 a b,10.0881,282.8687,1.7690381,0.0,WASP-145 A,0.76,0.68,4900.0,91.299,322.2537644,-58.8361466,2018.0,Transit,1200.0,K2 V,-0.04,11.3583
wasp-147 b,,,4.602744,,WASP-147,1.044,1.429,5702.0,436.098,359.1915117,-22.1532316,2018.0,Transit,,G4,0.092,12.1832
wasp-148 b,8.0704661,92.17023803,8.80381,0.22,WASP-148,1.0,1.03,5460.0,246.353,254.1305022,44.3025361,2020.0,Transit,,,0.11,12.0845
wasp-148 c,,124.58873554,34.524,0.1809,WASP-148,0.954,0.912,5555.0,246.353,254.1305022,44.3025361,2020.0,Radial Velocity,,,0.099,12.0845
wasp-149 b,15.24421375,314.96795134,1.332813,0.0,WASP-149,1.05,1.08,5750.0,211.73,124.073681,-8.6865813,2025.0,Transit,1855.0,,0.0,11.2622
wasp-15 b,15.782272,188.15536,3.75209748,,WASP-15,1.305,1.522,6405.0,282.091,208.9280111,-32.1597118,2009.0,Transit,1676.0,,0.0,10.797
wasp-150 b,,,5.6442072,,WASP-150,1.394,1.651,6218.0,527.995,264.2630197,53.0212751,2020.0,Transit,,F8,0.156,11.9151
wasp-151 b,,,,,WASP-151,,,,,,,2017.0,Transit,,,,
wasp-153 b,15.63990824,,3.33261886913,,WASP-153,,1.69483,5768.2,610.176,279.2624729,40.0186905,2017.0,Transit,1590.67,,,12.4967
wasp-154 b,11.0835,,3.8123614,,WASP-154,,0.82,4780.0,215.501,327.7191734,-8.6359458,2025.0,Transit,955.0,,,12.8344
wasp-155 b,13.4185,,3.1106751,,WASP-155,,1.22,5660.5,399.63,347.979723,33.0476125,2025.0,Transit,1522.0,,,12.4962
wasp-156 b,,,3.8361632,,WASP-156,0.842,0.76,4910.0,122.066,32.782085,2.4181937,2017.0,Transit,,K3,0.24,11.3227
wasp-157 b,,,,,WASP-157,,,,,,,2016.0,Transit,,,,
wasp-158 b,,,3.6563308,,WASP-158,1.38,1.39,6350.0,524.993,4.1463468,-10.9764226,2018.0,Transit,,F6 V,0.24,12.0911
wasp-159 b,,,3.8404008,,WASP-159,1.41,2.11,6120.0,715.383,68.1364792,-38.9682973,2018.0,Transit,,F9,0.22,12.2951
wasp-16 b,13.67498,394.1092,3.1186,0.0,WASP-16,1.78,1.14,5700.0,194.134,214.6830109,-20.2754374,2009.0,Transit,,,0.01,11.1247
wasp-160 b b,,,3.76849254,,WASP-160 B,0.87,0.868,5298.0,288.326,87.679561,-27.6233218,2018.0,Transit,,K0 V,0.27,12.8842
wasp-161 b,,,5.4056202,,WASP-161,1.39,1.712,6400.0,343.08,126.3378248,-11.5009889,2018.0,Transit,,,0.16,10.8987
wasp-162 b,12.3182,,9.6246665,,WASP-162,,1.2,5473.0,310.841,168.2929079,-17.6577794,2018.0,Transit,925.0,,,12.0652
wasp-163 b,14.81603494,,1.60968735876,,WASP-163,,1.14583,6472.0,261.386,256.5375549,-10.4130071,2018.0,Transit,1780.2,,,12.2511
wasp-164 b,12.90846349,,1.77711087925,,WASP-164,,0.97906,5627.0,327.506,344.8735878,-60.4478194,2018.0,Transit,1449.48,,,12.4679
wasp-165 b,14.27761841,,3.46549525168,,WASP-165,,1.77738,5570.3,602.236,357.5806472,-17.0775947,2018.0,Transit,1552.67,,,12.5435
wasp-166 b,,,5.4435423,,WASP-166,1.19,1.22,6050.0,114.173,144.8751047,-20.9824191,2019.0,Transit,,F9 V,0.19,9.257
wasp-167 b,20.1548,,2.0219583,,WASP-167,,1.94,7000.0,423.552,196.0437932,-35.5495292,2017.0,Transit,2096.0,,,10.5786
wasp-168 b,12.7595,,4.1536624,,WASP-168,,1.09,5818.8,303.941,96.7446427,-46.8213635,2018.0,Transit,1138.0,,,11.7139
wasp-169 b,18.37017356,,5.61077370946,,WASP-169,,2.21327,6013.5,627.066,127.3872297,-12.9447683,2019.0,Transit,1583.75,,,11.7206
wasp-17 b,19.167357,,,,WASP-17,1.354,1.57323,6548.0,405.908,239.9622479,-28.0617941,2009.0,Transit,,,-0.07,11.3803
wasp-170 b,,,2.34477786,,WASP-170,0.93,0.938,5600.0,305.603,135.4163028,-20.7203686,2018.0,Transit,,,0.22,12.4693
wasp-171 b,,,3.8186258,,WASP-171,,,,757.84,171.8450533,-44.0887035,2019.0,Transit,,,,12.4407
wasp-172 b,,,5.4774317,,WASP-172,1.49,1.91,6900.0,538.11,199.433742,-47.2375748,2018.0,Transit,,F1 V,-0.1,11.0099
wasp-173 a b,13.4508,1172.7927,1.38665318,0.0,WASP-173 A,1.05,1.11,5800.0,232.98,354.1686959,-34.6113042,2018.0,Transit,1880.0,G3,0.16,11.3975
wasp-174 b,19.6222,,4.2337078,,WASP-174,,1.46,6333.7,410.149,195.7940145,-41.3848617,2018.0,Transit,1491.0,,,11.6826
wasp-175 b,13.3524,,3.0652926,,WASP-175,,1.22,6229.0,539.36,166.3187996,-34.1227453,2019.0,Transit,1406.0,,,12.7065
wasp-176 b,15.26365818,,3.89938313865,,WASP-176,,1.86222,6152.0,568.42,313.6872928,9.1790688,2020.0,Transit,1638.47,,,11.9392
wasp-177 b,,,3.07172019,,WASP-177,0.876,0.885,5017.0,176.818,334.7969885,-1.8344301,2019.0,Transit,,K2,0.25,12.0715
wasp-178 b,21.74546,448.1403,3.3448412,0.0,WASP-178,1.93,1.801,8640.0,427.678,227.270329,-42.7049658,2019.0,Transit,2402.0,,-0.06,9.91226
wasp-18 b,,,0.94145254,,WASP-18,,,6400.0,123.483,24.3544618,-45.6777937,2009.0,Transit,,,,9.16617
wasp-18 c,,55.2,2.1558,0.015,WASP-18,1.22,1.23,6400.0,123.483,24.3544618,-45.6777937,2019.0,Transit Timing Variations,,,,9.16617
wasp-180 a b,15.91629987,,3.40915679219,,WASP-180 A,,1.21069,6316.0,253.985,123.3922465,-1.9827874,2019.0,Transit,1404.03,,,10.9134
wasp-181 b,13.271456,95.03117,4.5195064,,WASP-181,1.04,0.965,5839.0,437.495,26.7932253,3.1329325,2019.0,Transit,1186.0,G2,0.09,12.783
wasp-182 b,9.52765,47.03884,3.3769848,0.0,WASP-182,1.076,1.34,5638.0,327.602,311.673345,-41.8209828,2019.0,Transit,1479.0,G5,0.27,11.917
wasp-183 b,,,4.1117648,,WASP-183,,,,325.377,163.7888521,-0.7370663,2019.0,Transit,,,,12.8148
wasp-184 b,14.90797,181.1631,5.1817,0.0,WASP-184,1.23,1.65,6000.0,663.231,209.51701,-30.348153,2019.0,Transit,1480.0,G0 V,0.12,12.5673
wasp-185 b,14.01125,311.4734,9.38755,0.24,WASP-185,1.12,1.5,5900.0,279.35,214.0595791,-19.5423062,2019.0,Transit,1160.0,G0 V,-0.02,10.8949
wasp-186 b,,,5.0267992,,WASP-186,,,,278.514,18.9953122,21.6169065,2020.0,Transit,,,,10.6509
wasp-187 b,18.38276,254.264,5.147878,0.0,WASP-187,1.54,2.83,6150.0,371.414,17.47474,25.6816494,2020.0,Transit,,F,0.0,10.1318
wasp-188 b,12.6677,,5.7488688,,WASP-188,,1.73,6728.0,675.281,278.7819771,36.6156327,2025.0,Transit,1475.0,,,12.0215
wasp-189 b,,,2.7240308,,WASP-189,,,,99.731,225.686732,-3.0314874,2020.0,Transit,,,,6.55369
wasp-19 b,,,0.788839092,0.002,WASP-19,,,5500.0,268.325,148.4167672,-45.6591078,2009.0,Transit,,G8 V,,12.1088
wasp-190 b,,,5.3677675,,WASP-190,1.35,1.6,6400.0,542.251,7.7095292,-40.5734613,2019.0,Transit,,F6 IV-V,-0.02,11.6333
wasp-192 b,12.863,,2.8786641,,WASP-192,,1.35,6017.0,508.885,223.6587187,-38.7445469,2019.0,Transit,1297.0,,,12.5347
wasp-193 b,13.46147557,,6.24622520491,,WASP-193,,1.14172,6132.0,362.087,164.3491401,-29.9971229,2023.0,Transit,1094.47,,,12.0421
wasp-194 b,15.47960235,373.13054982,3.183387,0.0,WASP-194,1.29,1.409,6405.0,476.831,295.3877064,56.2178049,2025.0,Transit,1693.0,,0.0,11.922
wasp-195 b,10.31226224,33.05415433,5.051928,0.0,WASP-195,1.3,1.578,6300.0,484.852,247.5496427,49.895791,2025.0,Transit,1522.0,,0.0,11.7877
wasp-197 b,14.3194419,,5.16655485276,,WASP-197,,2.0792,6238.0,483.675,160.6307133,28.1986255,2025.0,Transit,1589.4,,,11.2369
wasp-2 b,,,2.15222163,,WASP-2,,,,153.242,307.7255587,6.4293305,2007.0,Transit,,,,11.5638
wasp-20 b,15.46839337,,,,WASP-20,,1.242,,211.877,5.1605621,-23.9357894,2015.0,Transit,1362.0,,,10.6503
wasp-21 b,,,4.32250416,,WASP-21,,,,258.426,347.4928024,18.3961597,2010.0,Transit,,G3 V,,11.3987
wasp-22 b,12.98,186.876,3.5327313,0.0,WASP-22,1.109,1.219,5958.0,317.652,52.8180374,-23.8197924,2010.0,Transit,,,,11.5821
wasp-23 b,,,2.9444276,,WASP-23,,,,207.49,101.1275033,-42.7622296,2010.0,Transit,,,,12.3208
wasp-24 b,14.571,340.382,2.34121242,0.0,WASP-24,1.184,1.331,6075.0,322.114,227.2154975,2.343286,2010.0,Transit,,,,11.3945
wasp-25 b,13.977623,190.06234,3.7648327,,WASP-25,1.053,0.924,5736.0,211.416,195.3597581,-27.5222273,2010.0,Transit,1210.0,,0.06,11.6885
wasp-26 b,14.359,326.715,2.7566004,0.0,WASP-26,1.111,1.303,5939.0,252.759,4.6030424,-15.2674044,2010.0,Transit,,,,10.9935
wasp-28 b,14.2632,,3.408833,,WASP-28,,1.11,6134.0,348.494,353.6162694,-1.5799849,2014.0,Transit,1430.0,,,12.0286
wasp-29 b,6.83220592,,3.92271133124,,WASP-29,,0.64,4800.0,87.5953,357.8791976,-39.9071215,2010.0,Transit,847.24,,,10.8932
wasp-3 b,,,1.846835146,,WASP-3,,,,231.161,278.6317411,35.6614312,2007.0,Transit,,,,10.4525
wasp-31 b,,,3.4059095,,WASP-31,1.163,1.252,6302.0,383.829,169.4388603,-19.0547781,2010.0,Transit,,,-0.2,11.8163
wasp-32 b,12.3299,1109.2267,2.7186591,0.004,WASP-32,1.07,1.09,6140.0,275.994,3.9617073,1.2005122,2010.0,Transit,,,-0.13,11.409
wasp-33 b,17.855937,665.21819,1.21987,,WASP-33,1.495,1.444,7430.0,121.944,36.7127375,37.5504441,2010.0,Transit,2781.7,,,8.07004
wasp-34 b,,181.1631,4.3176779,0.0109,WASP-34,1.01,,,132.096,165.3993679,-23.8609457,2010.0,Transit,,,-0.02,10.2046
wasp-35 b,,,3.1615685,,WASP-35,,,,202.218,76.0818912,-6.2297801,2011.0,Transit,,,,10.8531
wasp-36 b,14.874343,750.39663,1.53736596,,WASP-36,1.081,0.985,5959.0,386.346,131.5803897,-8.0269855,2011.0,Transit,1733.0,,-0.26,12.6284
wasp-37 b,,,3.5774801,,WASP-37,,,,392.791,221.9438866,1.0650227,2010.0,Transit,,,,12.542
wasp-38 b,12.21781,841.61384,6.871815,0.0278,WASP-38,1.23,1.35,6180.0,136.24,243.9597194,10.0324103,2010.0,Transit,,,-0.02,9.20974
wasp-39 b,15.8533676,,4.05528321079,,WASP-39,,1.01342,5326.6,213.982,217.3266477,-3.4444994,2011.0,Transit,1075.56,,,11.8867
wasp-4 b,15.031269,397.2875,1.3382299,0.0182,WASP-4,0.93,0.903,5500.0,267.206,353.5629149,-42.0617794,2007.0,Transit,,G8,-0.03,12.3162
wasp-41 b,,,3.05240175,,WASP-41,0.93,0.9,5450.0,163.371,190.6188034,-30.6398176,2012.0,Transit,,,,11.2823
wasp-41 c,,1010.6994,421.0,0.294,WASP-41,0.93,0.87,5545.0,163.371,190.6188034,-30.6398176,2015.0,Radial Velocity,241.0,,0.06,11.2823
wasp-42 b,10.7801,,4.9816784,,WASP-42,,0.79,5315.0,177.291,192.981203,-42.0736165,2012.0,Transit,953.0,,,11.9686
wasp-43 b,,,0.81347753,0.0,WASP-43,0.65,0.757649,4124.0,86.7467,154.9081869,-9.8064431,2011.0,Transit,,,,11.907
wasp-44 b,,,2.42381127,,WASP-44,0.951,0.927,5410.0,364.512,3.9032733,-11.9382645,2011.0,Transit,,,,12.8964
wasp-45 b,10.603714,306.38812,3.126089,,WASP-45,0.85,0.855,5150.0,211.196,5.2377567,-35.998465,2011.0,Transit,1153.0,,-0.03,12.0487
wasp-46 b,,,1.43037254,,WASP-46,,,,375.31,318.7370122,-55.8718634,2011.0,Transit,,,,12.8519
wasp-47 b,,,4.15915035,,WASP-47,1.084,1.15,5350.0,264.78,331.203092,-12.019067,2012.0,Transit,,,,11.7889
wasp-47 c,,394.0,592.5,,WASP-47,1.01,1.144,5476.0,264.78,331.203092,-12.019067,2015.0,Radial Velocity,219.3,,0.37,11.7889
wasp-47 d,3.58,13.3,9.03101,,WASP-47,1.01,1.144,5476.0,264.78,331.203092,-12.019067,2015.0,Transit,885.0,,0.37,11.7889
wasp-47 e,,,0.7895933,0.0,WASP-47,1.04,1.137,5552.0,264.78,331.203092,-12.019067,2015.0,Transit,,G9,,11.7889
wasp-48 b,,,2.14363601,,WASP-48,,,,454.144,291.1623865,55.4730273,2011.0,Transit,,,,11.523
wasp-49 b,,,2.78173708,,WASP-49,,,,194.553,91.0897193,-16.9653901,2012.0,Transit,,,,11.2907
wasp-5 b,,,1.62843033,,WASP-5,0.972,1.026,5880.0,309.137,359.3490277,-41.2772202,2008.0,Transit,,G4 V,0.0,11.996
wasp-50 b,,,1.9550929,0.009,WASP-50,0.892,0.843,5400.0,184.848,43.6880738,-10.8980242,2011.0,Transit,,,,11.5518
wasp-52 b,15.55890793,,1.74977464574,,WASP-52,,0.856841,5087.0,174.818,348.4947931,8.7610793,2012.0,Transit,1265.31,,,11.9537
wasp-53 b,12.038466,677.61356,3.3098443,0.03,WASP-53,0.839,0.798,4953.0,201.338,31.9091639,-20.661843,2017.0,Transit,1053.0,,0.22,12.3473
wasp-53 c,,5196.5205,2840.0,0.8369,WASP-53,0.839,0.798,4953.0,201.338,31.9091639,-20.661843,2017.0,Radial Velocity,,,0.22,12.3473
wasp-54 b,,,3.69359933,0.07,WASP-54,1.213,1.828,6100.0,251.303,205.4542456,-0.1281712,2012.0,Transit,,F9,-0.27,10.2441
wasp-55 b,14.72860064,186.2474465,4.465631,,WASP-55,1.071,1.09,6096.0,297.462,203.7581951,-17.5034961,2012.0,Transit,1342.0,,-0.03,11.7747
wasp-56 b,,,4.6170654,,WASP-56,1.017,1.112,5600.0,321.084,183.3660401,23.055687,2012.0,Transit,,G6,0.12,12.0028
wasp-57 b,,,2.838918,,WASP-57,0.954,0.836,5600.0,398.276,223.8199788,-2.0576866,2012.0,Transit,,G6,-0.25,12.7293
wasp-58 b,,,5.0172133,,WASP-58,0.94,1.17,5800.0,290.404,274.7012534,45.1722194,2012.0,Transit,,G2 V,-0.45,11.6347
wasp-59 b,8.68696004,274.28591524,7.919585,0.1,WASP-59,0.72,0.61,4650.0,115.936,349.6229547,24.889277,2012.0,Transit,,,-0.15,12.3142
wasp-6 b,11.54527,117.5971,3.36101,0.05,WASP-6,0.55,0.73,5450.0,197.119,348.1571282,-22.6741248,2009.0,Transit,,,-0.2,11.9761
wasp-60 b,,,4.305003,,WASP-60,,,,431.052,356.6667136,31.1559115,2012.0,Transit,,,,12.0196
wasp-61 b,13.56289,654.7298,3.855898,0.0,WASP-61,1.27,1.39,6250.0,488.66,75.2996637,-26.0541438,2012.0,Transit,1624.4,,-0.1,12.0702
wasp-62 b,,,4.41194014,,WASP-62,,,,175.631,87.1398205,-63.9883286,2012.0,Transit,,,,10.0721
wasp-63 b,14.90797,107.74437,4.37809,0.086,WASP-63,1.1,1.76,5550.0,290.684,94.3363562,-38.3233826,2012.0,Transit,,,0.08,10.9185
wasp-64 b,14.72475239,,1.57328484098,,WASP-64,,1.09539,5400.0,369.926,101.1149223,-32.8583878,2012.0,Transit,1603.81,,,12.5257
wasp-65 b,12.464,492.62,2.3114243,0.0,WASP-65,0.93,1.01,5600.0,273.703,133.3242982,8.5230171,2013.0,Transit,1480.0,G6,-0.07,11.7509
wasp-66 b,,,4.0860502,,WASP-66,1.33,1.76,6600.0,500.258,158.2250301,-34.9899074,2012.0,Transit,,,-0.31,11.5904
wasp-67 b,,,4.61441644,,WASP-67,0.87,0.87,5240.0,189.469,295.7438485,-19.9497314,2012.0,Transit,,,,11.9141
wasp-68 b,13.35263443,,5.08433397784,,WASP-68,,1.73938,5692.5,226.399,305.0957239,-19.3147271,2014.0,Transit,1374.48,,,10.4092
wasp-69 b,12.44199,92.1707,3.86814,0.0,WASP-69,0.98,0.86,4700.0,49.9605,315.0259661,-5.094857,2014.0,Transit,,,0.15,9.48466
wasp-7 b,10.256235,305.1168,4.954658,0.0,WASP-7,1.28,1.236,6400.0,162.303,311.0427558,-39.2254856,2008.0,Transit,1379.0,,,9.37671
wasp-70 a b,13.047276,189.74451,3.7130203,0.053,WASP-70 A,1.106,1.215,5700.0,222.355,315.4771912,-13.4333821,2014.0,Transit,,,-0.01,11.0323
wasp-71 b,14.91382302,,2.90368576133,,WASP-71,,2.14325,6059.0,362.715,29.2634506,0.7588247,2012.0,Transit,1945.35,,,10.5678
wasp-72 b,14.23543,491.396963,2.216742,0.0,WASP-72,1.386,1.98,,434.754,41.0400779,-30.1690785,2012.0,Transit,,,,10.8378
wasp-73 b,13.62377318,,4.0872956,,WASP-73,,2.21867,6036.0,316.678,319.9496969,-58.1489328,2014.0,Transit,1755.08,,,10.2607
wasp-74 b,17.48604,300.03152,2.13775,0.03,WASP-74,1.48,1.64,5990.0,149.216,304.538843,-1.0760033,2015.0,Transit,,,0.39,9.5723
wasp-75 b,,,2.4841987,,WASP-75,1.14,1.26,6100.0,294.001,342.3858995,-10.6754686,2013.0,Transit,,F9,0.07,11.3347
wasp-76 b,,,1.80988058,,WASP-76,,,,194.459,26.632936,2.700389,2016.0,Transit,,,,9.39507
wasp-77 a b,,,1.36002922,,WASP-77 A,1.002,0.955,5500.0,105.166,37.1555223,-7.0606675,2012.0,Transit,,G8 V,0.0,10.0966
wasp-78 b,17.82231,259.66711,2.1751763,0.092,WASP-78,1.18,2.09,6100.0,754.258,63.7562662,-22.1163901,2012.0,Transit,,,-0.35,12.1879
wasp-79 b,17.14974047,270.15414595,3.662392,0.0,WASP-79,1.39,1.51,6600.0,246.69,66.3709016,-30.6004362,2012.0,Transit,1716.2,F5,0.03,9.97202
wasp-8 b,11.635,713.18,8.158715,0.31,WASP-8,1.03,0.945,5600.0,89.9606,359.9008737,-35.0313349,2010.0,Transit,,,,9.61249
wasp-8 c,,3003.37,4323.0,0.0,WASP-8,1.04,,,89.9606,359.9008737,-35.0313349,2013.0,Radial Velocity,,,0.17,9.61249
wasp-80 b,,,3.06785952,0.0,WASP-80,,,4100.0,49.7876,303.1667996,-2.1444369,2012.0,Transit,600.0,,,11.273
wasp-81 b,,,2.7164835,,WASP-81,1.08,1.283,5870.0,398.505,304.2079924,3.2939492,2017.0,Transit,,,-0.36,12.3326
wasp-82 b,,,2.70578373,,WASP-82,,,,275.664,72.6605916,1.8938365,2015.0,Transit,,,,9.89796
wasp-83 b,,,4.97129185,,WASP-83,,,,271.103,190.1519558,-19.2843527,2015.0,Transit,,,,12.0084
wasp-84 b,10.72,220.0,8.52349648,,WASP-84,0.853,0.768,,100.588,131.1069959,1.8598933,2014.0,Transit,732.0,K0,,10.5745
wasp-84 c,4.98711,,1.4468993,,WASP-84,,0.84,5238.0,100.588,131.1069959,1.8598933,2023.0,Transit,1719.0,,,10.5745
wasp-85 a b,,,,,WASP-85 A,,,,,,,2016.0,Transit,,,,
wasp-87 b,15.524465,692.8694,1.682795,0.0,WASP-87,1.204,1.627,6450.0,298.392,185.3246821,-52.8408163,2016.0,Transit,,,,10.7091
wasp-88 b,18.45046895,,4.95496310899,,WASP-88,,1.99207,6282.4,523.756,309.5112337,-48.4620833,2014.0,Transit,1584.47,,,11.478
wasp-89 b,,,3.3564182,,WASP-89,0.92,0.88,5130.0,290.946,313.9000261,-18.9714084,2015.0,Transit,,K3,0.15,12.989
wasp-90 b,16.70837291,,3.91568480467,,WASP-90,,1.83823,6228.0,466.433,315.5319489,7.0562793,2016.0,Transit,1638.77,,,11.4559
wasp-91 b,,,2.79857894,,WASP-91,0.84,0.86,4920.0,149.942,357.846434,-70.1528621,2017.0,Transit,,K3,0.19,11.6236
wasp-92 b,14.23187097,,2.1747062385,,WASP-92,,1.25619,6046.76,575.889,246.6920395,51.0411328,2016.0,Transit,1618.64,,,12.8183
wasp-93 b,,,2.73253774,,WASP-93,1.334,1.524,6700.0,370.284,9.4587443,51.288778,2016.0,Transit,,F4,0.07,10.978
wasp-94 a b,,,3.9502001,,WASP-94 A,1.45,1.62,6153.0,211.211,313.7832393,-34.1357512,2014.0,Transit,,F8,0.26,10.0285
wasp-94 b b,,196.411,2.00839,0.0,WASP-94 B,1.24,1.35,6040.0,208.696,313.7882932,-34.135724,2014.0,Radial Velocity,,F9,0.23,10.4055
wasp-95 b,13.56,359.13,2.184673,0.0,WASP-95,1.11,1.13,5630.0,137.544,337.4578243,-48.0030988,2014.0,Transit,1570.0,G2,0.14,9.93697
wasp-96 b,,,3.4252563,,WASP-96,,,,352.464,1.0465696,-47.3606352,2014.0,Transit,,,,12.3833
wasp-97 b,,,2.07275975,,WASP-97,,,,151.068,24.6051389,-55.7720006,2014.0,Transit,,,,10.4238
wasp-98 b,,,2.96264191,,WASP-98,0.69,0.7,5525.0,281.742,58.4290113,-34.3282716,2014.0,Transit,,G7,-0.6,12.8678
wasp-99 b,,,5.7525835,,WASP-99,1.21,1.64,6150.0,158.66,39.8976689,-50.0081934,2014.0,Transit,,,0.21,9.3251
wd 0806-661 b,,2542.627256,,,WD 0806-661,0.62,,,19.2444,121.7275683,-66.3058835,2011.0,Imaging,340.0,DQ,,13.6826
wd 1856+534 b,10.4,4386.054,1.4079405,0.0,WD 1856+534,0.518,0.0131,4710.0,24.7359,284.415675,53.5090244,2020.0,Transit,163.0,DC,,16.958
wise j033605.05-014350.4 b,,2622.08435775,2560.0,,WISE J033605.05-014350.4,0.0131,,415.0,,54.0210417,-1.7306944,2023.0,Imaging,325.0,,,
wisep j121756.91+162640.2 a b,10.468,6992.0,,,WISEP J121756.91+162640.2 A,0.029,0.091,575.0,,184.487125,16.4445,2012.0,Imaging,450.0,T8.5,,
wispit 1 b,,3305.4154328,,,WISPIT 1,,,4670.0,230.007,117.798555,-50.1376852,2025.0,Imaging,,K4 V,,12.7244
wispit 1 c,,1684.4905571,,,WISPIT 1,,,4670.0,230.007,117.798555,-50.1376852,2025.0,Imaging,,K4 V,,12.7244
wispit 2 b,17.93436912,1557.3591943,,,WISPIT 2,,,,134.907,290.8209991,-7.6820823,2025.0,Imaging,,,,11.1586
wispit 2 c,17.93436912,3178.28407,,,WISPIT 2,,1.3,4530.0,134.907,290.8209991,-7.6820823,2026.0,Imaging,2050.0,,,11.1586
wts-1 b,16.7,1274.44,3.352057,0.1,WTS-1,1.2,1.15,6250.0,2346.01,293.9850284,36.2962939,2012.0,Transit,1500.0,F6 V,-0.5,16.4299
wts-2 b,,,1.01869894431,,WTS-2,,,5780.0,,293.7327826,36.8154936,2014.0,Transit,1811.45,,,15.5965
wendelstein-1 b,13.68573672,,2.66341539187,,Wendelstein-1,,0.701369,4051.0,305.3,299.0506412,17.5699627,2020.0,Transit,832.68,,,15.0324
wendelstein-2 b,12.9934728,232.33373,1.7522239,0.057,Wendelstein-2,0.73,0.66,4591.0,565.541,297.7909214,16.9125679,2020.0,Transit,2470.0,K6 V,,15.9359
wolf 1061 b,,1.91,4.8869,0.15,Wolf 1061,0.294,0.307,3342.0,4.30592,247.5748276,-12.6676866,2015.0,Radial Velocity,,M3.5,-0.09,8.79444
wolf 1061 c,,4.25,17.867,0.19,Wolf 1061,0.25,,3393.0,4.30592,247.5748276,-12.6676866,2015.0,Radial Velocity,,M3/3.5 V,,8.79444
wolf 1061 d,,7.7,217.21,0.55,Wolf 1061,0.294,0.307,3342.0,4.30592,247.5748276,-12.6676866,2015.0,Radial Velocity,,M3.5,-0.09,8.79444
wolf 1069 b,,1.26,15.564,,Wolf 1069,0.167,0.1813,3158.0,9.58341,306.5242477,58.5753044,2023.0,Radial Velocity,250.1,M5.0 V,0.07,12.3653
wolf 327 b,1.49695306,,0.57347655189,,Wolf 327,,0.420908,3466.0,28.5321,148.3783199,35.570548,2024.0,Transit,988.25,,,11.9522
wolf 503 b,2.03,,6.00118,,Wolf 503,0.688,0.69,4716.0,44.526,206.8461979,-6.1393369,2018.0,Transit,805.0,K3.5 V,-0.47,9.89816
xo-1 b,13.8352,,3.9415041,,XO-1,,0.92,5729.0,163.553,240.5492745,28.1696248,2006.0,Transit,1179.0,,,11.004
xo-2 n b,,,2.61585779,,XO-2 N,0.902,1.08495,5267.0,154.273,117.0267691,50.2251472,2007.0,Transit,,,0.38,10.9718
xo-2 s b,,82.315,18.157,0.18,XO-2 S,0.982,1.02,5399.0,151.398,117.0309753,50.2169068,2014.0,Radial Velocity,,,0.39,10.9278
xo-2 s c,,438.60320166,120.059,0.149,XO-2 S,0.98,1.02,5325.0,151.398,117.0309753,50.2169068,2014.0,Radial Velocity,,G8 V,0.32,10.9278
xo-2 s d,,1179.14338997,4696.0,0.091,XO-2 S,0.98,1.02,5325.0,151.398,117.0309753,50.2169068,2024.0,Radial Velocity,,G8 V,0.32,10.9278
xo-3 b,13.641353,3718.611,3.19153285,0.27587,XO-3,1.213,1.377,6430.0,213.053,65.4695814,57.8172095,2007.0,Transit,,,-0.177,9.73889
xo-4 b,15.02006,512.34196,4.1250823,0.0039,XO-4,1.32,1.56,6400.0,272.655,110.3880285,58.2681094,2010.0,Transit,,,-0.04,10.5131
xo-5 b,12.78,378.2,4.1877558,0.0,XO-5,1.04,1.13,5430.0,276.211,116.7163868,39.0944695,2008.0,Transit,1230.0,,0.05,11.9498
xo-6 b,,,3.7649939,,XO-6,1.47,1.93,6720.0,235.479,94.7929552,73.8275672,2016.0,Transit,,F5,-0.07,10.191
xo-7 b,,,2.8641413,,XO-7,1.405,1.48,6250.0,234.149,277.4780753,85.2333208,2019.0,Transit,,G0 V,0.432,10.4575
yz cet b,,0.75,1.96876,0.0,YZ Cet,0.13,0.168,3056.0,3.71207,18.1330792,-16.9962434,2017.0,Radial Velocity,,M4.5,-0.26,10.4294
yz cet c,,1.14,3.05989,0.0,YZ Cet,0.142,0.157,3151.0,3.71207,18.1330792,-16.9962434,2017.0,Radial Velocity,410.3,M4.5 V,-0.18,10.4294
yz cet d,,1.21,4.6568,0.02,YZ Cet,0.13,0.169,,3.71207,18.1330792,-16.9962434,2017.0,Radial Velocity,,M4 V,,10.4294
ztf j1230-2655 b,13.78704626,7024.0077947,0.23597766,,ZTF J1230-2655,0.646,0.0123,10000.0,186.69,187.5689308,-26.9309608,2025.0,Transit,,,,18.8866
ztf j1828+2308 b,11.13051784,6356.56814,0.1120067,,ZTF J1828+2308,0.61,0.0131,15900.0,201.827,277.2031946,23.1439121,2025.0,Transit,,,,18.0258
alf ari b,,572.07,380.8,0.25,alf Ari,1.5,13.9,4553.0,20.21019,31.793286,23.462421,2010.0,Radial Velocity,,,-0.09,
alf tau b,,2056.3601,628.96,0.1,alf Tau,1.13,45.1,4055.0,20.4332,68.980174,16.509201,2015.0,Radial Velocity,,K5 III,-0.27,
b cen ab b,,3464.3296363,1790000.0,0.4,b Cen A,5.5,,,98.0935,220.4897992,-37.7936323,2021.0,Imaging,,B2.5 V,,4.01093
bet cnc b,,2479.0,605.2,0.08,bet Cnc,1.7,47.2,4092.1,89.0472,124.1286379,9.1853306,2014.0,Radial Velocity,,K4 III,-0.29,3.04628
bet pic b,,,7482.5,0.06,bet Pic,1.95,1.54416,8038.68,19.7442,86.8212337,-51.066148,2008.0,Imaging,,,,3.82015
bet pic c,,2606.1929374,1230.0,0.37,bet Pic,1.82,,,19.7442,86.8212337,-51.066148,2019.0,Radial Velocity,1250.0,,,3.82015
bet umi b,,1938.7,522.3,0.19,bet UMi,1.4,38.3,4126.0,38.77472,222.676495,74.155548,2014.0,Radial Velocity,,K4 III,-0.27,
eps crb b,,2129.461,417.9,0.11,eps CrB,1.7,21.0,4406.0,69.8683,239.3965057,26.8776171,2012.0,Radial Velocity,,K2 III,-0.094,3.75773
eps eri b,,206.90629296,2650.0,0.044,eps Eri,0.814595,0.759106,5020.38,3.2026,53.2284306,-9.4581715,2000.0,Radial Velocity,,,-0.0439,3.47719
eps ind a b,,1032.9475,16510.0,0.26,eps Ind A,0.754,,,3.63857,330.8714021,-56.7969023,2019.0,Radial Velocity,,K2 V,,4.34562
eps tau b,,2256.593,,,eps Tau,2.458,,4950.0,47.52852,67.1546573,19.1802782,2006.0,Radial Velocity,,,0.15,3.27298
gam cep b,,587.96,903.3,0.049,gam Cep,1.4,4.9,,14.1024,354.8358233,77.6331009,2003.0,Radial Velocity,,,,2.92627
gam lib b,,324.1866,415.2,0.21,gam Lib,1.47,11.1,4822.0,47.4017,233.8818636,-14.789502,2018.0,Radial Velocity,,K0 III,-0.3,3.64937
gam lib c,,1455.6614,964.6,0.057,gam Lib,1.47,11.1,4822.0,47.4017,233.8818636,-14.789502,2018.0,Radial Velocity,,K0 III,-0.3,3.64937
gam psc b,,425.89006538,555.1,0.204,gam Psc,0.99,11.2,4742.0,41.3107,349.2946794,3.2823664,2021.0,Radial Velocity,,G7 III,-0.62,3.41425
gam1 leo b,,2790.43,428.5,0.144,gam1 Leo,1.23,31.88,4330.0,39.8883,154.993208,19.841389,2009.0,Radial Velocity,,,-0.51,
iot dra b,,2803.1,511.098,0.7124,iot Dra,1.05,,4548.0,31.32832,231.2323227,58.9661403,2002.0,Radial Velocity,,,,2.96828
iot dra c,,4958.1231492,25000.0,0.455,iot Dra,1.54,11.79,4504.0,31.32832,231.2323227,58.9661403,2021.0,Radial Velocity,,K2 III,0.03,2.96828
kap and b,,4327.36,,,kap And,2.6,,10900.0,50.0177,355.1025974,44.3338511,2012.0,Imaging,1900.0,B9 IV,-0.36,4.13478
kap crb b,,483.73483545,1253.68,0.04,kap CrB,1.33,4.68,4840.0,30.0651,237.8080012,35.6558818,2007.0,Radial Velocity,,K0 III-IV,0.09,4.52428
mu leo b,,762.8,357.8,0.09,mu Leo,1.5,11.4,4538.2,32.6081,148.1898673,26.0067142,2014.0,Radial Velocity,,K2 III,0.36,3.52769
mu2 sco b,,4576.7290608,,0.56,mu2 Sco,9.1,5.6,21700.0,,253.0838724,-38.0176339,2022.0,Imaging,,B2 IV,,3.53617
nu oct a b,,762.7881768,417.0,0.11,nu Oct A,1.61,5.81,4860.0,21.1999,325.3702792,-77.3910853,2016.0,Radial Velocity,,K1 IIIb-IV,,3.44162
nu oph b,,7627.92,530.32,0.1256,nu Oph,3.04,15.1,4928.0,46.2107,269.7566013,-9.7741342,2012.0,Radial Velocity,,,,3.09653
nu oph c,,7530.30844705,3180.6,0.179,nu Oph,2.61,12.24,4887.0,46.2107,269.7566013,-9.7741342,2012.0,Radial Velocity,,K0 III,0.1,3.09653
ome ser b,,540.3,277.02,0.106,ome Ser,2.17,12.3,4770.0,76.7556,237.5732422,2.196304,2013.0,Radial Velocity,,G8 III,-0.24,4.92833
omi crb b,,476.745,187.83,0.191,omi CrB,2.13,10.5,4749.0,84.7883,230.0350768,29.6160222,2012.0,Radial Velocity,,,,5.22055
omi uma b,,1303.103,1630.0,0.13,omi UMa,3.09,14.1,5242.0,54.9149,127.5649503,60.7177048,2012.0,Radial Velocity,,,,3.14432
pi men c,2.06,4.52,6.26834,0.0,HD 39091,1.02,1.1,5870.0,18.2702,84.2992798,-80.4646041,2018.0,Transit,1147.0,,0.05,5.5128
pi men d,,15.9,120.335,0.45,HD 39091,,,5982.0,18.2702,84.2992798,-80.4646041,2022.0,Radial Velocity,,,,5.5128
psi1 dra b b,,486.2799,3117.0,0.4,psi1 Dra B,1.19,,6212.0,22.7188,265.4925754,72.1557114,2015.0,Radial Velocity,,G0 V,0.01,5.64766
rho crb b,,349.613,39.645,0.028,rho CrB,1.0,1.31,5777.0,17.4671,240.2600639,33.3001861,1997.0,Radial Velocity,,,-0.19,5.24167
rho crb c,,28.2,102.19,0.096,rho CrB,0.95,1.34,5817.0,17.4671,240.2600639,33.3001861,2016.0,Radial Velocity,,,-0.2,5.24167
rho crb e,,3.79,12.949,0.126,rho CrB,0.95,1.34,5817.0,17.4671,240.2600639,33.3001861,2023.0,Radial Velocity,,,-0.2,5.24167
tau boo b,,1373.0256,3.3124568,0.011,tau Boo,1.32,1.42588,6466.27,15.6521,206.8134593,17.4571647,1996.0,Radial Velocity,,,0.2642,4.36617
tau cet f,,3.93,636.13,0.16,tau Cet,0.783,,,3.60304,26.0093029,-15.9337987,2017.0,Radial Velocity,,,,3.24854
tau cet g,,1.75,20.0,0.06,tau Cet,0.783,,,3.60304,26.0093029,-15.9337987,2017.0,Radial Velocity,,,,3.24854
tau cet h,,1.83,49.41,0.23,tau Cet,0.783,,,3.60304,26.0093029,-15.9337987,2017.0,Radial Velocity,,,,3.24854
tau gem b,,5752.48,305.0,,tau Gem,,28.7152,4482.0,112.537,107.7847232,30.2449545,2013.0,Radial Velocity,,,,4.03996
ups and b,,214.53417473,4.617122,0.0069,ups And,1.294197,1.622479,6156.77,13.4054,24.1983534,41.4038147,1996.0,Radial Velocity,,,0.1215,3.98687
ups and c,,653.0,241.201,0.274,ups And,,,6154.0,13.4054,24.1983534,41.4038147,1999.0,Radial Velocity,,,,3.98687
ups and d,,1255.38,1319.0,0.269,ups And,,,,13.4054,24.1983534,41.4038147,1999.0,Radial Velocity,,,,3.98687
ups leo b,,162.09248757,385.2,0.32,ups Leo,1.48,11.22,4836.0,52.5973,174.2372188,-0.8235643,2021.0,Radial Velocity,,G9 III,-0.2,4.0304
xi aql b,,616.90493799,136.97,0.059,xi Aql,1.74,10.86,4841.0,56.1858,298.5624491,8.4611051,2007.0,Radial Velocity,,K0 III,-0.11,4.42501
14 her c,,7.9,52160.0,0.52,14 Her,0.9,0.708,5311.0,18.1,242.5958333,43.8216667,2006.0,"Radial Velocity, Astrometry, Imaging",,K0 V,0.43,
2m1510 (ab)b,,0.031,100.0,,2M1510(AB),0.066,,,35.51,227.699375,-28.30486388888889,2025.0,Radial Velocity,,,,
2mass j0534-0530 b,,4.6,,,2MASS J0534-0530,0.07,0.74,2841.0,413.5,83.61902968,-5.509038831,2020.0,Imaging,,M4.1e,,
2mass j0558-4501 b,,9.0,,,2MASS J0558-4501,,,,,89.56833333333333,-45.03247222222223,2024.0,Imaging,,M4V,,
2mass j1252+2735 b,,,35.08,0.0,2MASS J1252+2735,0.88,1.076,5181.0,197.2,193.212500017,27.586944459,2021.0,Radial Velocity,,G8V,-0.324,
2mass j1253+2734 b,,,24.31,0.681,2MASS J1253+2734,0.71,0.633,4535.0,196.184,193.254166667,27.57194446,2021.0,Radial Velocity,,K5V,-0.256,
2mass j1258+2630 b,,,11.88,0.598,2MASS J1258+2630,0.5898,0.602,3825.0,58.5849,194.595833341,26.502500012,2021.0,Radial Velocity,,M1.3V,,
44 uma b,,,785.74,0.11,44 Uma,2.19,45.12,4215.0,200.4,163.39355033875404,54.58512741108192,2020.0,Radial Velocity,,K3 III,-0.21,
70 vir ab,,8.0,116.67,0.43,70 Vir A,0.92,1.968,5432.0,22.0,202.1083333,13.7866667,1996.0,Radial Velocity,,G4 V,-0.11,
82 eri b,,,18.313,0.057,82 Eri,0.813,0.9,5490.0,6.06,49.9833333,-43.0697222,2011.0,Radial Velocity,,G8V,-0.38,
82 eri c,,,89.68,0.077,82 Eri,0.813,0.9,5490.0,6.06,49.9833333,-43.0697222,2011.0,Radial Velocity,,G8V,-0.38,
82 eri d,,,648.2,0.47,82 Eri,0.813,0.9,5490.0,6.06,49.9833333,-43.0697222,2011.0,Radial Velocity,,G8V,-0.38,
82 eri e,,,147.02,0.29,82 Eri,0.813,0.9,5490.0,6.06,49.9833333,-43.0697222,2017.0,Radial Velocity,,G8V,-0.38,
as 209 b,,1.3,,,AS 209,1.2,2.18,4265.0,121.0,252.312500005,-14.369166676,2022.0,Imaging,,K5,,
barnard's star b,,,3.1542,0.03,Barnard's star,0.162,0.185,3195.0,1.82823,269.454166683,4.693333355,2024.0,Radial Velocity,,M4V,-0.56,
barnard's star c,,,4.1244,0.08,Barnard's star,0.162,0.185,3195.0,1.82823,269.454166683,4.693333355,2024.0,Radial Velocity,,M4V,-0.56,
barnard's star d,,,2.3402,0.04,Barnard's star,0.162,0.185,3195.0,1.82823,269.454166683,4.693333355,2024.0,Radial Velocity,,M4V,-0.56,
barnard's star e,,,6.7392,0.04,Barnard's star,0.162,0.185,3195.0,1.82823,269.454166683,4.693333355,2024.0,Radial Velocity,,M4V,-0.56,
bd-14 3065 ab,1.93,12.37,4.2889731,0.07,BD-14 3065 A,1.41,2.35,6935.0,566.7,153.66970833333332,15.642869444444443,2024.0,Primary Transit,,F2IV,-0.34,
coup 710 b,,10.96,,,COUP 710,0.2,0.78,2860.0,389.48,83.814199,-5.433193,2020.0,Imaging,,M6,,
dd crb (ab)b,,,4852.3,0.46,DD CrB (AB),0.544,0.164,29230.0,518.549,233.456017209,37.9911376052,2016.0,Timing,,sdB+M5V,,
dm tau b,,3.0,,,DM Tau,0.47,1.3,3705.0,145.0,68.45304166666666,18.169444444444444,2016.0,Imaging,,M2Ve,,
dw lyn b,,,1450.0,,DW Lyn,,,,,106.790862503,60.6472583571,2013.0,Timing,,SdB D,,
elias 2-27 b,,11.0,,,Elias 2-27,0.5,2.3,3850.0,115.0,246.68763266736,-24.38549810559,2017.0,"Imaging, Other",,M0,-0.476,
epic 201390927 b,0.31814,,2.6378,,EPIC 201390927,0.97,1.01,5711.0,,184.5855477,-1.0988298,2018.0,Primary Transit,,G3V,0.01,
epic 201456770 b,0.20707,,8.0069,,EPIC 201456770,0.93,0.861,5365.82,511.581,185.69743891136,-0.12189968149,2021.0,Primary Transit,,G7V,-0.214,
eta cet b,,,403.5,0.13,eta Cet,1.7,14.3,4528.0,38.0,17.145833345,-10.182222238,2014.0,Radial Velocity,,K1III,0.12,
eta cet c,,,751.9,0.1,eta Cet,1.7,14.3,4528.0,38.0,17.145833345,-10.182222238,2014.0,Radial Velocity,,K1III,0.12,
fn lyr b,,,794.8,0.28,FN Lyr,1.406,1.739,6745.0,3026.25,287.59272463707,42.45878582218,2014.0,Timing,,F2V,-0.14,
gaia edr3 2077240046296834304 b,0.81,,4.99671123,,Gaia EDR3 2077240046296834304,0.749,0.72,4410.0,1000.0,295.85950140006594,42.71322149524356,2021.0,Primary Transit,,,0.32,
galex j0718+3731 b,,3.6,,,GALEX 0718+3731,1.27,0.01,42065.0,85.0,109.56833333333331,37.52755555555556,2024.0,Other,,DC,,
gj 523 b,0.2275,0.0739,17.74574,0.14,GJ 523,0.781,0.702,4660.0,26.613,205.84664812,39.24877821,2026.0,Primary Transit,,K4V,-0.193,
gj 752 ab,,,105.9,0.16,GJ 752 A,0.45,0.453,3557.0,5.9116,289.230235539,5.16889968738,2018.0,Radial Velocity,,M2.5V,0.0,
gj 785 b,,,74.72,0.13,GJ 785,0.78,0.68,5144.0,8.911,303.8208333,-27.0330556,2010.0,Radial Velocity,,K1V,0.08,
gj 785 c,,,525.8,0.32,GJ 785,0.78,0.68,5144.0,8.911,303.8208333,-27.0330556,2011.0,Radial Velocity,,K1V,0.08,
gj 86 ab,,,15.78,0.046,GJ 86 A,0.88,0.7905,5188.5,10.7836,32.6080593836,-50.8237272164,2000.0,Radial Velocity,,K1V,-0.234,
gl 514 b,,,140.43,0.45,Gl 514,0.51,0.5,3714.0,7.618,202.5,10.377222238,2022.0,Radial Velocity,,M,-0.14,
gl 725 bc,,,37.9,,Gl 725 B,0.25,0.28,3739.0,3.5214,280.6953944644875,59.62686698928139,2025.0,Radial Velocity,,M3.5V,-0.3,
hat-p-47 b,1.313,0.206,4.732182,0.0,HAT-P-47,1.387,1.515,6703.0,268.0,38.308333338,30.360555571,2016.0,Primary Transit,,,0.0,
hat-p-48 b,1.131,0.168,4.40865,0.0,HAT-P-48,1.099,1.223,5946.0,305.0,44.470833351,30.625833353,2016.0,Primary Transit,,,0.02,
hats-19 b,1.66,0.427,4.569673,0.3,HATS-19,1.303,1.74,5896.0,780.0,147.408333346,-33.218611117,2016.0,Primary Transit,,G0,0.24,
hats-20 b,0.776,0.273,3.7992969,0.5,HATS-20,0.91,0.892,5406.0,454.0,198.133333344,-45.590555573,2016.0,Primary Transit,,G9V,0.03,
hats-21 b,1.123,0.332,3.5543973,0.0,HATS-21,1.08,1.021,5695.0,286.0,280.183333348,-58.459166683,2016.0,Primary Transit,,G4V,0.3,
hd 102365 ab,,,122.1,0.34,HD 102365 A,0.85,,5650.0,9.24,176.6291667,-40.5002778,2011.0,Radial Velocity,,G2V,-0.28,
hd 106574 b,,,1065.7,0.03,HD 106574,1.2,17.1,4501.0,143.0,183.78538306458063,70.2000085088468,2018.0,Radial Velocity,,K2III,-0.43,
hd 114613 b,1.182,,4000.0,0.458,HD 114613,1.27,2.14,5641.0,20.67,198.013263832,-37.8030220354,2014.0,Radial Velocity,,G3 V,0.18,
hd 115587 b,0.49,0.7,372.0,,HD 115587,1.248,1.198,6324.0,108.415,199.25475,57.28318611111112,2024.0,Primary Transit,,F7V,,
hd 118904 ab,,,676.7,0.31,HD 118904 A,1.4,14.8,4469.0,111.0,204.295785303,71.2422515314,2018.0,Radial Velocity,,K2III,-0.11,
hd 137010 b,0.0946,,355.0,,HD 137010,0.726,0.707,4770.0,44.86,231.08854166666663,-19.739355555555555,2026.0,Primary Transit,,K3.5V,-0.22,
hd 14082 bb,,5.4,,,HD 14082 B,1.09,0.967,5940.86,39.7,34.35307062104,28.74178083533,2024.0,Astrometry,,G1V,0.07,
hd 142666 b,,5.0,,,HD 142666,2.0,2.2,7500.0,148.0,239.16675910904,-22.02777940893,2023.0,Kinematic,,F0V,,
hd 148427 b,,1.2,331.9,0.12,HD 148427,1.45,3.22,5052.0,59.3,247.1166667,-13.3997222,2009.0,"Radial Velocity, Astrometry",,K0IV,0.154,
hd 150433 b,,,1096.2,0.0,HD 150433,,,,29.6,250.2833333,-2.8572222,2011.0,Radial Velocity,,G0,,
hd 155555 (ab)b,,3.8,,,HD 155555 (AB),0.86,1.77,5129.0,30.48,259.35627222593,-66.95103670601,2024.0,Astrometry,,G5+K1,,
hd 157172 b,,,104.84,0.46,HD 157172,0.95,0.957,5450.0,33.0,260.6458333,-19.6161111,2011.0,Radial Velocity,,G6V,0.113,
hd 164428 b,,,599.6,0.29,HD 164428,1.5,35.4,4119.0,274.0,267.542136291,78.3065368916,2018.0,Radial Velocity,,K5III,-0.07,
hd 175370 b,,,349.5,0.22,HD 175370,1.02,23.5,4301.0,272.0,283.25,43.713611136,2016.0,Radial Velocity,,K2 III,-0.52,
hd 176051 bb,,1.5,1016.0,0.0,HD 176051 B,0.9,,,14.99,284.2583333,32.9013889,2010.0,Astrometry,,K1V,,
hd 195019 ab,,,18.20163,0.014,HD 195019 A,1.06,1.38,5787.0,37.36,307.0708333,18.77,1998.0,Radial Velocity,,G3 IV-V,0.08,
hd 202432 b,,,418.8,0.21,HD 202432,1.2,11.1,4549.0,161.0,317.918389235,70.4411433399,2018.0,Radial Velocity,,K2III,0.16,
hd 20367 b,,,500.0,0.23,HD 20367,1.04,1.18,6128.0,27.0,49.4166667,31.1269444,2002.0,Radial Velocity,,G0,0.1,
hd 215456 ab,,,191.99,0.15,HD 215456 A,1.04,1.72,5794.01,39.6064,341.5333333,-48.9677778,2011.0,Radial Velocity,,G1IV,-0.085,
hd 215456 ac,,,2277.0,0.19,HD 215456 A,1.04,1.72,5794.01,39.6064,341.5333333,-48.9677778,2011.0,Radial Velocity,,G1IV,-0.085,
hd 217786 ac,,,2.5,0.399,HD 217786 A,1.02,1.27,5966.0,54.8,345.7833333,0.4297222,2022.0,Radial Velocity,,F8V,-0.135,
hd 219134 e,,,1842.0,0.34,HD 219134,0.794,0.778,4699.0,6.55,348.320833339,57.168333338,2015.0,Radial Velocity,,K3V,0.11,
hd 283869 b,0.1749,0.0205,106.0,,HD 283869,0.74,0.66,4655.0,47.51,71.925000014,26.150000003,2018.0,Primary Transit,,,0.15,
hd 31221 b,1.32,12.0,4.66632,,HD 31221,1.447,1.55,7712.0,124.0,73.704166683,22.146388902,2023.0,Primary Transit,,A7V,,
hd 39855 ab,,,3.2498,0.14,HD 39855 A,0.87,,5576.0,23.28,88.63,-19.7,2019.0,Radial Velocity,,G8V,,
hd 44385 b,,,473.5,0.2,HD 44385,1.8,18.2,4400.0,214.0,98.2666555327,78.9795267295,2018.0,Radial Velocity,,K0III,0.1,
hd 46588 b,,,223.0,0.42,HD 46588,1.09,1.7,6200.0,21.3,101.558333338,79.564722245,2022.0,Radial Velocity,,,-0.25,
hd 5388 b,,3.2,772.5,0.41,HD 5388,1.21,1.86,6253.0,53.0,13.7958333,-47.4058333,2009.0,"Radial Velocity, Astrometry",,F7IV,-0.28,
hd 57625 ab,,8.43,4843.0,0.5,HD 57625 A,1.04,1.127,5961.78,44.32,111.325125,56.569155555555554,2024.0,"Radial Velocity, Astrometry",,G0V,-0.04,
hd 60779 b,0.2899,0.0463,29.986175,0.053,HD 60779,1.05,1.129,6081.0,35.393,114.00596024060124,-3.1517716559419444,2024.0,Primary Transit,,F9/G0V,-0.12,
hd 60779 c,,,104.25,0.067,HD 60779,1.05,1.129,6081.0,35.393,114.00596024060124,-3.1517716559419444,2024.0,Radial Velocity,,F9/G0V,-0.12,
hd 6718 b,,2.4,2476.0,0.06,HD 6718,0.96,1.02,5745.0,55.9,16.9541667,-8.2336111,2009.0,"Radial Velocity, Astrometry",,G5V,-0.06,
hd 92945 c,,0.7,,,HD 92945,0.86,0.79,5105.0,21.5263,160.86779820989,-29.06428685193,2024.0,Astrometry,,K1V,0.01,
hd 9578 ab,,,494.0,,HD 9578 A,1.13,1.065,6070.77,56.1136,23.3208333,-38.245,2009.0,Radial Velocity,,F9/G0V,0.158,
hd 97619 b,,,665.9,0.23,HD 97619,1.3,16.7,4355.0,213.0,169.037160953,78.3089573367,2018.0,Radial Velocity,,K0III,-0.07,
hip 10090 b,,3.87,2960.0,0.1,HIP 10090,0.94,1.382,5661.0,82.3,32.43525,-30.746241666666663,2026.0,Radial Velocity,,G3IV-V,0.47,
hip 10090 c,,0.85,321.8,0.2,HIP 10090,0.94,1.382,5661.0,82.3,32.43525,-30.746241666666663,2026.0,Radial Velocity,,G3IV-V,0.47,
hip 11696 b,,10.0,,,HIP 11696,1.32,1.436,6472.0,49.3,37.711083333333335,55.54841666666667,2024.0,Astrometry,,F5V,,
hip 11915 b,,,3830.0,0.1,HIP 11915,1.0,,5760.0,57.3,38.454166683,-19.611944466,2015.0,Radial Velocity,,G5V,-0.059,
hip 1481 ab,,1.6,,,HIP 1481 A,1.17,1.11,6147.0,40.82,4.608333342,-63.477500018,2022.0,Astrometry,,F8V,,
hip 39330 b,,1.67,4650.0,0.08,HIP 39330,0.96,1.028,5748.0,36.39,120.61241666666668,-46.33630555555556,2026.0,Radial Velocity,,G2V,0.16,
hip 47110 b,,6.0,,,HIP 47110,0.96,0.915,5485.26,38.7439,144.0172916666667,37.55248888888889,2024.0,Astrometry,,G5V,,
hip 560 b,,1.7,,,HIP 560,1.45,1.506,6762.91,39.91,1.7087083333333333,-23.10752777777778,2024.0,Astrometry,,F2V,,
hip 63734 b,,11.0,,,HIP 63734,1.17,1.23,6149.0,53.9801,195.912500013,-16.336388898,2022.0,Imaging,,F8V,,
hip 68468 ab,,,1.8374,0.24,HIP 68468 A,1.05,1.197,5857.0,87.8,210.266666668,-32.756944465,2016.0,Radial Velocity,,G1V,0.065,
hip 68468 ac,,,194.0,0.11,HIP 68468 A,1.05,1.197,5857.0,87.8,210.266666668,-32.756944465,2016.0,Radial Velocity,,G1V,0.065,
hip 8923 b,,9.98,5160.0,0.01,HIP 8923,1.01,1.321,5980.0,65.87,28.725125,-11.511325,2026.0,Radial Velocity,,G0V,0.42,
hip 96334 b,,3.7,,,HIP 96334,1.02,0.956,5730.0,38.1421,293.79166667,-69.975555582,2022.0,Astrometry,,G3V,,
hip 98599 b,,6.85,2656.0,0.17,HIP 98599,1.19,1.395,5978.0,76.1,300.40908333333334,-22.110866666666663,2026.0,Radial Velocity,,G2IV-V,-0.12,
hs 0705+6700 (ab)c,,,4843.55,,HS 0705+6700 (AB),,,,1241.3,107.675213355,66.9287556614,2020.0,Timing,,sdB+dM,,
innes' star b,,,20.129,0.1,Innes' Star,0.35,,3323.0,12.67,169.00085188542107,-57.54765976952447,2014.0,Radial Velocity,,M3.5V,,
iot hor b,,,320.1,0.161,iot Hor,1.11,1.85,5997.0,17.17,40.6291667,-50.8033333,1999.0,Radial Velocity,,G0V pecul.,0.25,
iras 04125+2902 ab,0.955,0.3,8.83,,IRAS 04125+2902 A,0.7,1.15,3303.0,160.0,63.92825,29.15,2024.0,Primary Transit,,M0V,,
iso 1i,2e-06,,,1.196,Sun,1.0,1.0,,,0.0,0.0,2017.0,Imaging,,,,
iso 2i,6.2e-05,,,3.155,Sun,1.0,1.0,,,0.0,0.0,2019.0,Imaging,,,,
jh 112 ab,,10.0,,,JH 112 A,0.82,1.89,4020.0,164.0,68.20465350034,22.88412420676,2011.0,Imaging,,K5.5,,
jw 734 b,,4.8,,,JW 734,0.1,1.18,2857.0,457.4,83.84672012,-5.476080805,2020.0,Imaging,,M7,,
k2-120 ab,0.179,,9.562742,0.14,K2-120 A,0.69,0.67,4349.9,287.156,132.14299,17.190685,2017.0,Primary Transit,,K7V,0.3,
kepler-469 b,0.0651,,0.875197345,0.0,Kepler-469,1.06,2.19,5846.0,926.29,297.475000018,41.11416668,2017.0,Primary Transit,,G0IV,0.166,
kic 10255705 b,0.65,,707.3793,0.0,KIC 10255705,1.1,2.12,5030.0,,282.854166675,47.377500016,2013.0,Primary Transit,,,-0.13,
kic 11152511 b,0.36,,287.363,0.67,KIC 11152511,1.01,2.08,5273.0,,298.062500005,48.725000021,2013.0,Primary Transit,,,-0.1,
kic 12454613 b,0.228,,736.3819,0.16,KIC 12454613,0.87,0.82,5420.0,,288.170833347,51.382222242,2013.0,Primary Transit,,,0.03,
kic 3853259 (ab)b,,,325.7,0.6,KIC 3853259 (AB),0.736,,4861.0,452.176,292.24470842469,38.92316723507,2014.0,Timing,,K2V+K2V,-0.051,
kic 5010054 b,0.62,,904.24,0.0,KIC 5010054,1.08,1.66732,5930.0,1148.765,291.5,40.1828,2013.0,Primary Transit,,F8V,-0.09,
kic 5094412 b,0.51,,276.88,0.0,KIC 5094412,0.82,0.8,5313.0,,290.3,40.2878,2013.0,Primary Transit,,,-0.327,
kic 5522786 b,0.11,,757.1639,0.56,KIC 5522786,1.79,1.3,8719.0,,288.3417,40.7314,2013.0,Primary Transit,,,-0.03,
kic 5732155 b,1.14,,644.1685,0.0,KIC 5732155,1.13,1.99,5755.0,,298.425,40.9067,2013.0,Primary Transit,,,-0.03,
kic 6372194 b,0.74,,281.5848,0.65,KIC 6372194,0.8,0.75,5233.0,,294.3375,41.7475,2013.0,Primary Transit,,,-0.37,
kic 7177553 (ab)b,,,529.0,0.46,KIC 7177553 (AB),1.043,0.94,5911.0,195.108,283.0121198,42.7212587,2014.0,Timing,,G1V+G3V,,
kic 7821010 (ab)b,,,991.0,0.372,KIC 7821010 (AB),1.309,1.825,6451.75,356.837,291.320833339,43.595555577,2014.0,Timing,,F5IV-V+F7V,-0.004,
kic 9413313 b,1.124,,440.3984,,KIC 9413313,0.95,1.45,5359.0,,295.41666668,45.903611132,2015.0,Primary Transit,,,0.02,
kic 9662267 b,0.34,,466.202,0.11,KIC 9662267,0.86,0.89,5602.0,,296.79166667,46.350000007,2013.0,Primary Transit,,,-0.03,
kic 9704149 b,0.4,,697.0159,0.29,KIC 9704149,0.86,0.78,5640.0,,289.162500013,46.421666679,2013.0,Primary Transit,,,-0.16,
kmt-2016-blg-0625 b,,0.051,,,KMT-2016-BLG-0625,,,,,271.41666668,-27.226944457,2023.0,Microlensing,,,,
kmt-2016-blg-1751,,1.2,,,KMT-2016-BLG-1751,,,,,268.366666676,-32.151944449,2023.0,Microlensing,,,,
kmt-2018-blg-2004 b,,0.27,,,KMT-2018-BLG-2004,0.69,,,6980.0,268.429166681,-30.34027779,2022.0,Microlensing,,,,
kmt-2018-blg-2119 b,,12.0,,,KMT-2018-BLG-2119,0.21,,,7420.0,269.200000016,-28.683333347,2022.0,Microlensing,,,,
kmt-2020-blg-0757 b,,10.7,,,KMT-2020-BLG-0757,0.58,,,6670.0,271.135,-27.922666666666668,2024.0,Microlensing,,,,
kmt-2021-blg-0424 b,,0.78,,,KMT-2021-BLG-0424,0.232,,,2550.0,271.02683333333334,-27.47,2026.0,Microlensing,,,,
kmt-2021-blg-0457 b,,1.12,,,KMT-2021-BLG-0457,0.23,,,6870.0,268.412,-28.62755,2026.0,Microlensing,,,,
kmt-2021-blg-0690 b,,11.6,,,KMT-2021-BLG-0690,0.476,,,8839.0,269.91045833333334,-29.010919444444443,2026.0,Microlensing,,,,
kmt-2021-blg-1063 b,,0.29,,,KMT-2021-BLG-1063,0.416,,,6707.0,267.409,-29.54665,2026.0,Microlensing,,,,
kmt-2021-blg-1391 b,,0.01432,,,KMT-2021-BLG-1391,0.37,,,5720.0,270.683333348,-23.060555565,2022.0,Microlensing,,,,
kmt-2021-blg-2010 b,,1.07,,,KMT-2021-BLG-2010,0.37,,,7090.0,268.016666668,-32.26972223,2023.0,Microlensing,,,,
kmt-2021-blg-2213 b,,1.09,,,KMT-2021-BLG-2213,0.228,,,6964.0,269.38125,-28.84856111111111,2026.0,Microlensing,,,,
kmt-2021-blg-3290 b,,1.86,,,KMT-2021-BLG-3290,0.542,,,6488.0,268.5902083333333,-31.771669444444445,2026.0,Microlensing,,,,
kmt-2022-blg-0475 b,,0.079,,,KMT-2022-BLG-0475,0.43,,,6580.0,271.337500007,-27.037777782,2023.0,Microlensing,,,,
kmt-2022-blg-0732 b,,1.12,,,KMT-2022-BLG-0732,0.53,,,6660.0,265.11404166666665,-35.85776944444444,2024.0,Microlensing,,,,
kmt-2022-blg-1480 b,,0.083,,,KMT-2022-BLG-1480,0.18,,,7790.0,269.729166685,-29.473333348,2023.0,Microlensing,,,,
kmt-2022-blg-1787 b,,6.64,,,KMT-2022-BLG-1787,0.42,,,6640.0,267.59291666666667,-30.39966666666667,2024.0,Microlensing,,,,
kmt-2022-blg-1852 b,,5.0,,,KMT-2022-BLG-1852,0.32,,,6270.0,274.79541666666665,-24.271361111111112,2024.0,Microlensing,,,,
kmt-2023-blg-0084 b,,2.5,,,KMT-2023-BLG-0084,0.23,,,4000.0,273.94191666666666,-25.2295,2026.0,Microlensing,,,,
kmt-2023-blg-0164 b,,0.04704,,,KMT-2023-BLG-0164,0.32,,,1040.0,269.79991666666666,-31.770669444444444,2026.0,Microlensing,,M3V,,
kmt-2023-blg-0416 b,,6.15,,,KMT-2023-BLG-0416,0.61,,,6330.0,266.325,25.079444444444444,2024.0,Microlensing,,,,
kmt-2023-blg-0735 b,,0.12,,,KMT-2023-BLG-0735,0.61,,,6390.0,267.57595833333335,29.202919444444444,2024.0,Microlensing,,,,
kmt-2023-blg-1118 b,,2.86,,,KMT-2023-BLG-1118,0.5,,,6400.0,272.6143333333333,-26.272669444444443,2026.0,Microlensing,,,,
kmt-2023-blg-1286 b,,0.0623,,,KMT-2023-BLG-1286,0.31,,,6150.0,271.36858333333333,-27.86981111111111,2026.0,Microlensing,,M3V,,
kmt-2023-blg-1454 b,,0.63,,,KMT-2023-BLG-1454,,,,,267.6200833333333,29.62275,2024.0,Microlensing,,,,
kmt-2023-blg-1746 b,,0.00702,,,KMT-2023-BLG-1746,0.11,,,7780.0,267.16083333333336,-35.29808055555556,2026.0,Microlensing,,M7V,,
kmt-2023-blg-1810 b,,7.24,,,KMT-2023-BLG-1810,0.56,,,7000.0,270.61470833333334,-30.27761111111111,2026.0,Microlensing,,,,
kmt-2024-blg-1281 b,,0.06,,,KMT-2024-BLG-1281,0.32,,,7180.0,165.169375,-32.71425,2025.0,Microlensing,,,,
kmt-2025-blg-0811 b,,0.02199,,,KMT-2025-BLG-0811,0.49,,,6990.0,265.7327916666667,-24.48588888888889,2026.0,Microlensing,,M2V,,
kmt-2025-blg-0912 b,,0.02511,,,KMT-2025-BLG-0912,0.092,,,7720.0,269.84720833333336,-28.811969444444443,2026.0,Microlensing,,M8V,,
koi-1066 b,0.83,,5.71,,KOI-1066,1.04,1.365,5786.53,1489.54,299.78632,44.16954,2013.0,Primary Transit,,G2IV-V,0.243,
koi-212 b,0.589,,5.7,,KOI-212,1.07,1.1,5898.0,1097.21,296.1398,41.60318,2017.0,Primary Transit,,G0V,-0.24,
koi-2700 b,0.0946,0.00271,0.910022,,KOI-2700,0.632,0.574,4433.0,,297.004166667,44.775000022,2013.0,Primary Transit,,,-0.2,
koi-4427 ab,0.164,,147.6606,0.02,KOI-4427 A,0.553,0.559,3748.0,276.226,295.116666676,39.274166678,2015.0,Primary Transit,,M1V,-0.07,
koi-4644 b,0.09707,,3.439,0.0,KOI-4644,0.85,0.71,5065.27,607.424,291.45734,37.206841,2015.0,Primary Transit,,K0V,0.178,
koi-4878 b,0.0928,,449.01499,0.0,KOI-4878,0.972,1.068,6031.0,,286.22812,50.01358,2017.0,Primary Transit,,,-0.22,
koi-4896 b,0.1169,,19.5960013,0.0,2MASS J19233610+4844461,0.996,1.024,6120.0,,290.90042,48.74614,2017.0,Primary Transit,,,-0.24,
koi-4896 c,0.132,,49.537365,0.0,2MASS J19233610+4844461,0.996,1.024,6120.0,,290.90042,48.74614,2017.0,Primary Transit,,,-0.24,
koi-5372 b,0.146,,212.60398,,2MASS J19334766+4244416,1.022,1.207,5834.0,,293.44861,42.744911,2017.0,Primary Transit,,,0.08,
koi-5 b,0.0589,,7.05186,0.0,KOI-5,,1.747,5753.0,,289.741666686,44.647500024,2013.0,Primary Transit,,,0.05,
koi-6256 b,0.14221,,14.093,,KOI-6256,0.75,0.882,4692.0,796.975,292.13239,37.388481,2016.0,Primary Transit,,K3V,-0.24,
koi-6532 b,0.131,,0.813998777,,LPI-7913,0.945,0.989,5705.0,,286.74857,40.36544,2017.0,Primary Transit,,,0.0,
koi-6538 b,0.136,,129.839927,,2MASS J19344243+4020026,1.035,1.032,6133.0,,293.67682,40.334068,2017.0,Primary Transit,,,-0.12,
koi-6653 b,0.109,,28.2682167,,2MASS J19303502+4121109,0.939,0.838,5496.0,,292.64594,41.353039,2017.0,Primary Transit,,,0.04,
koi-6664 b,0.086,,14.7638878,,2MASS J19095216+4128178,0.798,0.742,5547.0,,287.46738,41.47163,2017.0,Primary Transit,,,-0.46,
koi-6666 b,0.068,,1.118507672,,2MASS J19330703+4124132,0.953,0.863,5918.0,,293.2793,41.403679,2017.0,Primary Transit,,,-0.26,
koi-6672 b,0.0928,,2.28494299,,2MASS J19012151+4132230,0.84,0.793,5393.0,,285.33963,41.539749,2017.0,Primary Transit,,,-0.16,
koi-6793 b,0.075,,3.62658665,,2MASS J19255900+4228412,0.886,0.799,5411.0,,291.49585,42.47813,2017.0,Primary Transit,,,-0.08,
koi-6798 b,0.3,,2.64182865,,2MASS J19361857+4224080,0.805,2.935,5195.0,,294.07739,42.402241,2017.0,Primary Transit,,,-0.8,
koi-6921 b,0.11,,6.8777602,,2MASS J19200188+4330076,1.078,1.106,6276.0,,290.00784,43.502129,2017.0,Primary Transit,,,-0.1,
koi-6925 b,0.084,,12.9489256,,2MASS J18452562+4339300,0.545,0.525,3867.0,,281.35678,43.658352,2017.0,Primary Transit,,,-0.1,
koi-6931 b,0.106,,2.54029506,,2MASS J19420054+4336355,1.028,0.911,5778.0,,295.50229,43.609871,2017.0,Primary Transit,,,0.07,
koi-6934 b,0.198,,22.2546864,,2MASS J18504142+4347179,1.197,2.388,5349.0,,282.67258,43.788311,2017.0,Primary Transit,,,-0.12,
koi-7051 b,0.106,,0.772807044,,2MASS J20052510+4431298,0.659,0.668,4535.0,,301.35458,44.524948,2017.0,Primary Transit,,,-0.16,
koi-7057 b,0.529,,0.61932352,,2MASS J19264939+4437067,1.434,1.844,7105.0,,291.70581,44.618542,2017.0,Primary Transit,,,-0.24,
koi-7069 b,0.136,,1.01486138,,2MASS J19073983+4442163,1.08,1.024,6158.0,,286.91599,44.704529,2017.0,Primary Transit,,,-0.08,
koi-7073 b,2.6987,,279.012698,,2MASS J19280416+4442477,1.08,1.143,6338.0,,292.01733,44.713268,2017.0,Primary Transit,,,-0.12,
koi-7076 b,0.12,,16.234743,,2MASS J19340728+4449579,1.2,1.178,6475.0,,293.53033,44.832771,2017.0,Primary Transit,,,-0.06,
koi-7197 b,0.131,,1.74147417,,2MASS J19394814+4614317,0.855,0.763,5227.0,,294.95062,46.242149,2017.0,Primary Transit,,,-0.1,
koi-7209,0.076,,8.2553601,,2MASS J19100257+4623238,1.066,1.113,6357.0,,287.51071,46.38995,2017.0,Primary Transit,,,-0.18,
koi-7319 b,0.087,,17.1677675,,2MASS J18552341+4730563,0.535,0.526,3761.0,,283.84756,47.515659,2017.0,Primary Transit,,,0.0,
koi-7320 b,0.062,,8.502285,,2MASS J19131131+4733361,0.693,0.715,4889.0,,288.29715,47.56004,2017.0,Primary Transit,,,-0.24,
koi-7327 b,0.174,,17.9908748,,2MASS J18483788+4741115,0.727,0.752,4918.0,,282.15787,47.686531,2017.0,Primary Transit,,,-0.1,
koi-7449 b,1.252,,1.322475635,,2MASS J19013040+4927421,0.548,0.548,4668.0,,285.37671,49.461712,2017.0,Primary Transit,,,-1.08,
koi-7455,0.218,,3.773744,,2MASS J19101799+4933042,1.44,2.069,7302.0,,287.57501,49.551167,2017.0,Primary Transit,,,-0.5,
koi-7460 b,0.136,,5.70509845,,2MASS J19091658+4939251,0.88,0.927,5455.0,,287.31912,49.65699,2017.0,Primary Transit,,,0.04,
koi-901 b,0.437,,12.73,,KOI-901,0.67,0.725,4255.0,526.581,285.16748,43.876339,2013.0,Primary Transit,,K7V,-0.14,
kpno-tau 12,1.4,6.5,,,IRAS 04158+2805,0.376,0.386,2974.0,130.0,64.74220833333334,28.2065,2003.0,Imaging,,M5.25,,
l2 pup ab,,12.0,,,L2 Pup A,0.659,,3500.0,64.0,108.384658761,-44.63973974,2016.0,Imaging,,M5III,0.008,
lspm j0220+3320 (ab)b,,,3923.0,0.4,LSPM J0220+3320 (AB),0.51,0.55,3735.0,59.0,35.211875,33.34654166666667,2024.0,TTV,,M2Ve+M5V,,
maxi j1957+032 b,0.5,,0.0422806,0.014,MAXI J1957+032,1.4,,,5000.0,299.162500013,3.445277796,2022.0,Timing,,PSR,,
mayrit 260182 b,,4.0,,,Mayrit 260182,0.7,1.92,3981.0,397.35,84.68431057206,-2.67215879144,2009.0,Imaging,,K7.5,,
moa-2011-blg-274 b,,0.8,,,MOA-2011-BLG-274,,,,800.0,268.675000014,-28.91638892,2014.0,Microlensing,,,,
moa-2014-blg-472 b,,1.9,,,MOA-2014-BLG-472,0.31,,,7200.0,270.079166673,-28.148888904,2021.0,Microlensing,,,,
moa-2016-blg-532 b,,0.41,,,MOA-2016-BLG-532,,,,,269.433333348,-29.10722223,2023.0,Microlensing,,,,
moa-2019-blg-421 b,,0.54,,,MOA-2019-BLG-421,0.3,,,7000.0,271.545833337,-27.485555567,2023.0,Microlensing,,,,
mp mus b,,5.0,,,MP Mus,1.3,1.25,5000.0,97.9,200.53141666666667,-69.63333333333334,2025.0,Imaging,,K1Ve,,
ngc 6440 x-2 b,,7.6,0.040021908,0.07,NGC 6440 X-2,1.4,,,8300.0,267.2166667,-20.3586111,2009.0,"Timing, Other",,PSR,,
ngts-29 b,0.857,0.39,69.33684,0.17,NGTS-29,1.034,1.006,5730.0,149.4,70.9975,-39.906666666666666,2024.0,Primary Transit,,,0.18,
nu2 lup b,0.14658,0.01472,11.577794,0.079,nu2 Lup,,,,14.8,230.45,-48.3175,2011.0,Radial Velocity,,G4V,,
nu2 lup c,0.25489,0.0353,27.592076,0.037,nu2 Lup,,,,14.8,230.45,-48.3175,2011.0,Radial Velocity,,G4V,,
nu2 lup d,0.22366,0.02725,107.1363,0.075,nu2 Lup,,,,14.8,230.45,-48.3175,2011.0,Radial Velocity,,G4V,,
ogle-2008-blg-092l ab,,0.18,,,OGLE-2008-BLG-092L A,0.71,,,7000.0,266.872583343,-34.7265555778,2014.0,Microlensing,,,,
ogle-2014-blg-1186l b,,0.142,,,OGLE-2014-BLG-1186L,0.35,,,1700.0,265.5,-34.288333343,2018.0,Microlensing,,,,
ogle-2016-blg-0007 b,,0.00415,,,OGLE-2016-BLG-0007,0.59,,,4300.0,268.35604166666667,-20.64225,2025.0,Microlensing,,,,
ogle-2016-blg-0596l b,,12.2,,,OGLE-2016-BLG-0596L,,,,,267.803375004,-30.8498333632,2016.0,Microlensing,,,,
ogle-2016-blg-1635 b,,11.49,,,OGLE-2016-BLG-1635,,,,,268.504166667,-30.777222246,2023.0,Microlensing,,,,
ogle-2016-blg-1850 b,,0.02936,,,OGLE-2016-BLG-1850,,,,,268.0,-32.210555568,2023.0,Microlensing,,,,
ogle-2018-blg-1544 b,,11.2,,,OGLE-2018-BLG-1544,0.62,,,6300.0,269.129166677,-30.402777788,2022.0,Microlensing,,,,
ogle-gd-ecl-11388 (ab)b,,,3250.0,,OGLE-GD-ECL-11388 (AB),0.47,0.21,30000.0,1612.38,203.70833335,-64.142222232,2016.0,Timing,,sdB2+M6V,,
ome cen-h b,,,0.136,,ome Cen-H,1.4,,,4840.0,201.6833333333333,-47.48194444444445,2020.0,Timing,,PSR,,
oy car (ab)b,,,12194.65,,OY Car (AB),0.793,0.011,15000.0,90.58,151.591666674,-70.234722228,2006.0,Timing,,DA+M7,,
proxima centauri b,,,11.1881,0.02,Proxima Centauri,0.15,0.141,3050.0,1.295,217.428938029,-62.679444468,2016.0,Radial Velocity,,M5.5V,,
proxima centauri d,,,5.167,0.04,Proxima Centauri,0.15,0.141,3050.0,1.295,217.428938029,-62.679444468,2020.0,Radial Velocity,,M5.5V,,
psr b0943+10 b,,,730.0,,PSR B0943+10,1.5,,,,146.530458336,9.8659166964,2014.0,Timing,,PSR,,
psr b0943+10 c,,,1460.0,,PSR B0943+10,1.5,,,,146.530458336,9.8659166964,2014.0,Timing,,PSR,,
psr b1802-07 b,,,0.071092,3e-07,PSR B1802-07,1.4,,,2700.0,271.2078975,-7.590191666666667,2009.0,Timing,,PSR,,
psr j0312-0921 b,,10.47,0.0975,,PSR J0312-0921,1.4,,,,48.025875,-9.365708333333334,2021.0,"Timing, Kinematic",,PSR,,
psr j0636+5129	b,0.74,8.5,0.0665513392,,PSR J0636+5129,1.4,,,500.0,99.0,51.483333343,2014.0,Timing,,PSR,,
psr j1211-0633 b,,,0.38634962,,PSR J1211-0633,1.4,1.43e-05,,1200.0,185.35316666666668,-6.564361111111111,2023.0,Timing,,PSR,,
psr j1311-3430 b,,12.0,0.065115,,PSR J1311-3430,,,,3010.0,197.950000016,-34.50972224,2012.0,Radial Velocity,,Pulsar,,
psr j1630+3550 b,,,0.315863166,0.00042,PSR J1630+3550,1.4,,,1350.0,247.650000012,35.845000026,2023.0,Timing,,Pulsar,,
psr j1748-2021h,,7.54,0.360787526,,PSR J1748-2021H,1.4,,,8300.0,267.22166458333334,-20.359808333333334,2022.0,Timing,,PSR,,
psr j1807-2459 a b,,9.4,0.07,0.0,PSR J1807-2459A,1.4,,,2790.0,271.83483334012,-24.9979444758,2000.0,Timing,,PSR,,
psr j1824-2452g b,,,0.1046,3e-07,PSR J1824-2452G,1.4,,,5600.0,276.13666666666666,-24.869722222222222,2009.0,Timing,,PSR,,
psr j1824-2452m b,,,0.242519219,,PSR J1824-2452M,1.4,,,5400.0,276.1382645833333,-24.868944444444445,2022.0,Timing,,PSR,,
psr j1928+1245 b,,,0.1366347269,,PSR J1928+1245,1.4,,,6100.0,292.1890936210708,12.76483075284,2019.0,Timing,,PSR,,
psr j2241-5236 b,,12.0,0.1456722395,0.0,PSR J2241-5236,1.35,,,500.0,340.425000014,-52.61000002,2011.0,Timing,,PSR,,
qz ser b,,,1.04,,QZ Ser (AB),0.9,0.01,,321.5,239.226974483928,21.12196764398411,2022.0,Other,,DA+K5,,
ross 318 b,0.143,,39.5047,,Ross 318,0.461,0.464,3450.0,8.233,15.634291666666668,71.67981388888889,2026.0,Radial Velocity,,M3V,,
sand 178 b,,,123.93,0.41,Sand 178,0.482,0.4842,3520.0,58.8285,194.5925000074,26.5044722358,2021.0,Radial Velocity,,M2.4V,0.116,
sdss j1208+3550 b,,,0.0367777,,SDSS J1208+3550,0.952,0.0093,12000.0,207.615,182.17504075573,35.84038610042,2013.0,Timing,,DA,,
sdss j1212+0136 b,0.95,,0.061407,,SDSS J1212+0136,0.61,0.012,10930.0,120.0,183.03878216453,1.60771423264,2005.0,"Timing, Other",,DAH,,
sdss j1730+5545 b,,6.0,0.024444,,SDSS J1730+5545,0.6,0.01,12700.0,1232.4,262.69827478802,55.75512612066,2014.0,Timing,,DA,,
soi-1 b,1.5,,1.08,0.6,SOI-1,,0.4,,,2.62500001,50.461111129,2023.0,Primary Transit,,,,
soi-2 b,2.22,,2.1,0.5,SOI-2,,0.55,,,3.129166677,50.455833347,2023.0,Primary Transit,,,,
soi-7 b,1.96,,4.71,0.55,SOI-7,,0.52,,,4.137500011,50.686111127,2023.0,Primary Transit,,,,
swift j1756-2508 b,,,0.0379907,,SWIFT J1756-2508,1.8,,,8000.0,269.239291686,-25.1076111192,2007.0,Other,,X-ray Pulsar,,
tau boo ab,1.06,4.5,3.31,0.08,tau Boo A,1.32,1.426,6466.27,15.6521,206.8208333,17.4561111,1996.0,Radial Velocity,,F6V,0.264,
teegarden's b,,,4.90634,0.03,Teegarden's,0.089,0.107,,3.831,43.254166667,16.881388918,2019.0,Radial Velocity,,M7.0V,-0.19,
teegarden's c,,,11.416,0.04,Teegarden's,0.089,0.107,,3.831,43.254166667,16.881388918,2019.0,Radial Velocity,,M7.0V,-0.19,
teegarden's d,,,26.13,0.07,Teegarden's,0.089,0.107,,3.831,43.254166667,16.881388918,2024.0,Radial Velocity,,M7.0V,-0.19,
tic 165227846 b,1.14,,2.096696,,TIC 165227846,,,,,178.819448968594,-40.1491860945041,2023.0,Primary Transit,,,,
tic 231080232 b,0.1989,,12.55434,,TIC 231080232,0.5439,0.5485,3812.0,124.016,68.018,-68.883,2024.0,Primary Transit,,M3V,,
tic 262605715 b,0.6111,,1.161258,,TIC 262605715,0.5771,0.5867,3618.0,111.731,132.45,0.207,2024.0,Primary Transit,,M2V,,
tic 290048573 b,0.2552,,1.483396,,TIC 290048573,0.318,0.336,3518.0,55.5784,319.189,-25.786,2024.0,Primary Transit,,M3V,,
tic 291751499 (ab)b,,,,0.015,TIC 291751499,2.96,2.46,6227.0,781.7,359.125,36.481566666666666,2025.0,Timing,,F8III-IV+F6V,0.168,
tic 303682623 b,0.8413,,0.6806129,,TIC 303682623,0.5583,0.5647,3469.0,116.827,75.769,14.356,2024.0,Primary Transit,,M2V,,
tic 311276853 b,0.4202,,5.16951,,TIC 311276853,0.396,0.4037,3583.0,89.784,247.739,26.107,2024.0,Primary Transit,,M3V,-0.25,
tic 51629874 b,,,6.46521,0.04652,TIC 51629874,1.12,1.596,6044.0,781.19,245.195,-9.402994444444444,2025.0,Timing,,F9/G0IV+?,,
tic 65910228 b,1.09,4.55,180.52414,0.25,TIC 65910228,1.46,1.88,6310.0,265.0,108.71466666666667,-29.43053055555556,2026.0,Primary Transit,,F7IV,0.33,
toi-1001 ab,0.6316,,1.932993,,TOI-1001 A,1.565,2.0,7070.0,295.862,122.58045833333333,-5.513852777777778,2026.0,Primary Transit,,F1IV-V,,
toi-1007 b,1.2062,,6.998899,,TOI-1007,1.376,2.7,6596.0,283.291,112.752375,-4.463358333333333,2026.0,Primary Transit,,F3IV,0.154,
toi-1019 b,2.0894,,5.227922,,TOI-1019,1.79,1.562,7645.0,399.544,120.148,-54.87855277777778,2026.0,Primary Transit,,A7V,,
toi-1032 ab,1.4176,,5.659265,,TOI-1032 A,2.68,2.338,10395.0,587.196,159.2215,-42.54163888888889,2026.0,Primary Transit,,A0V,,
toi-1605 b,0.9225,0.6963,8.7099,0.28,TOI-1605,0.989,1.593,5597.0,159.748,54.48109758587,33.0798592596,2024.0,Primary Transit,,G5IV,0.0,
toi-1716 b,0.2471,0.0151,8.0824,0.0,TOI-1716,,,5878.0,104.16,105.08333333333331,56.80752777777778,2024.0,Primary Transit,,,,
toi-1861 b,0.9983,,742.51,,TOI-1861,0.888,1.061,5490.0,134.62,130.798625,-83.061,2020.0,Primary Transit,,G5V,0.35,
toi-1885 b,1.2187,1.6248,6.54406,0.04,TOI-1885,1.2,1.757,6232.0,560.901,304.665217375115,66.15597067656195,2024.0,Primary Transit,,F8IV,0.03,
toi-1895 b,0.8538,,748.07,,TOI-1895,1.239,1.374,6762.0,205.12,243.714,-81.68047222222222,2020.0,Primary Transit,,F2V,-1.21,
toi-203 b,0.107,,52.0,,TOI-203,0.202,0.232,3209.0,24.7894,43.016666668,-67.687500017,2018.0,Primary Transit,,M4V,,
toi-2045 b,1.1316,0.6639,9.077534,0.0,TOI-2045,1.157,1.723,6125.85,366.962,1.11914003613,54.93446355573,2024.0,Primary Transit,,F8IV,0.072,
toi-2290 b,0.1044,0.005,0.3862224,,TOI-2290,0.56,0.57,3813.0,58.1,321.600000008,68.640277796,2022.0,Primary Transit,,,,
toi-2494 b,0.2061,0.003,2.4087783,,TOI-2494,0.897,0.883,5490.0,152.9,90.15945833333332,0.1317694444444444,2026.0,Primary Transit,,G5V,0.079,
toi-2494 c,0.86,0.289,8.3761356,0.05,TOI-2494,0.897,0.883,5490.0,152.9,90.15945833333332,0.1317694444444444,2026.0,Primary Transit,,G5V,0.079,
toi-3457 b,0.95,,32.600268,0.68,TOI-3457,1.04,1.474,6300.0,371.0,183.2083208333333,-79.75720277777778,2025.0,Primary Transit,,F7IV-V,0.28,
toi-4191 b,0.2034,,742.86,,TOI-4191,0.948,1.102,5816.0,83.57,287.78,47.677777,2022.0,Primary Transit,,G2V,-0.37,
toi-4198 b,1.093,,4.7463,,TOI-4198,1.0,1.09,5648.0,546.0,59.016666668,3.61000002,2023.0,Primary Transit,,,0.05,
toi-4298 b,0.2427,,722.26,,TOI-4298,1.092,1.221,5857.0,124.27,295.92,47.44,2021.0,Primary Transit,,G1V,0.02,
toi-429 b,0.8,0.8,338.0,,TOI-429,0.89,0.954,5216.0,120.218,72.97729166666667,-53.829625,2024.0,Primary Transit,,G8V,,
toi-4361 b,0.2471,,741.43,,TOI-4361,1.0,1.22,5944.0,98.09,292.14,47.15,2021.0,Primary Transit,,G0IV-V,0.04,
toi-4409 b,0.6495,,92.4,,TOI-4409,0.81,0.72,4945.0,179.419,81.81866666666667,-54.94609722222222,2024.0,Primary Transit,,K1V,,
toi-4468 b,1.0197,,2.77,,TOI-4468,0.82,0.79,4975.0,375.5,260.57504166666666,72.64536111111111,2024.0,Primary Transit,,,,
toi-4468 c,0.2873,,7.01,,TOI-4468,0.82,0.79,4975.0,375.5,260.57504166666666,72.64536111111111,2024.0,Primary Transit,,,,
toi-4596 b,0.259,,4.119409,,TOI-4596,1.018,0.921,5881.0,92.85,98.70783333333333,27.388016666666665,2026.0,Primary Transit,,G1V,-0.058,
toi-4616 b,0.1088,0.00708,1.55382,0.0,TOI-4616,0.188,0.189,3150.0,28.17,14.818083333333332,13.860794444444444,2026.0,Primary Transit,,M4V,-0.32,
toi-4629 b,0.2221,,714.7,,TOI-4629,1.028,1.126,6324.0,91.31,282.06,47.08,2020.0,Primary Transit,,F7V,-0.27,
toi-5042 b,0.6242,,5.6316098,,TOI-5042,1.04,2.32,5784.0,489.651,210.985625,-78.77244722222223,2022.0,Primary Transit,,G1IV,,
toi-5473 b,1.5,,7.555907,0.22,TOI-5473,1.88,1.85,8500.0,1061.0,92.50416666666666,24.61484626089,2019.0,Primary Transit,,A3V,,
toi-5527 ab,0.2266,0.02212,346.16,,TOI-5527 A,1.06,0.926,5862.0,144.866,62.853125,10.277208333333332,2021.0,Primary Transit,,G1V,0.081,
toi-5571 b,1.0509,,731.48,,TOI-5571,1.1,1.1,5862.0,307.78,106.99045173576,60.0,2022.0,Primary Transit,,G1V,-0.625,
toi-5579 b,0.698,,19.8727,,TOI-5579,0.42,0.42,3595.0,115.9,105.820833339,52.516666677,2023.0,Primary Transit,,,,
toi-5645 b,0.635,,4.5362433,,TOI-5645,1.0,1.206,5620.0,473.18,177.2125,35.54750833333333,2022.0,Primary Transit,,G4IV-V,0.131,
toi-5721 b,0.2971,,729.48,,TOI-5721,1.0,1.0,5881.0,138.49,156.74993147473,30.70062841829,2024.0,Primary Transit,,G1V,-0.13,
toi-5724 b,0.2694,,697.4,,TOI-5724,1.143,1.375,6061.0,50.36,245.77952962275,50.34421776823,2020.0,Primary Transit,,F9/G0V,-0.56,
toi-5833 b,1.222,,2.66881,,TOI-5833,1.0,1.06,5549.0,509.0,293.920833347,3.847777806,2023.0,Primary Transit,,,,
toi-5836 b,1.04,,8.449876,,TOI-5836,0.4,0.41,3330.0,146.0,289.450000016,19.14805557,2023.0,Primary Transit,,,,
toi-5852 b,1.167,,3.99524,,TOI-5852,0.68,0.67,4348.0,256.0,306.529166669,1.775833356,2022.0,Primary Transit,,,,
toi-5871 b,1.638,,1.343636,,TOI-5871,1.25,1.1,6339.0,581.579,320.850000008,39.813055582,2023.0,Primary Transit,,,,
toi-5889 b,1.112,,2.40132,,TOI-5889,0.66,0.724,4224.0,200.9,311.212500017,8.849444474,2023.0,Primary Transit,,,,
toi-5990 b,0.1981,,700.96,,TOI-5990,0.906,1.0,5626.0,102.07,238.91497626272,40.13702563598,2023.0,Primary Transit,,G3V,-0.09,
toi-6022 b,1.587,,1.9281027,,TOI-6022,0.36,0.37,3264.0,86.34,340.0,60.823611133,2023.0,Primary Transit,,,,
toi-6035 b,0.70328,,3.87124,,TOI-6035,,,5780.0,,332.6462173642979,69.77421592179638,2023.0,Primary Transit,,G2,,
toi-603 b,0.7075,0.1495,16.17989,0.22,TOI-603,1.072,1.629,5900.75,205.924,141.10794233082,5.76624385278,2024.0,Primary Transit,,G0IV,0.176,
toi-6055 b,1.74379,,0.8496822,,TOI-6055,0.455,0.68,3493.0,229.4,79.925000014,48.135833338,2023.0,Primary Transit,,M3,,
toi-6158 b,0.93,0.425,3.0446899,0.059,TOI-6158,0.503,0.476,3467.0,181.6,333.89441666666664,16.285391666666666,2025.0,Primary Transit,,M1V,0.11,
toi-6267 b,0.4291,,733.99,,TOI-6267,0.986,1.27,5700.0,117.75,142.17926419272,-14.686430295227778,2019.0,Primary Transit,,G3IV-V,0.03,
toi-6559 ab,0.5505,,733.38,,TOI-6559 A,0.98,1.22,5878.0,175.55,202.15822034763,-62.16989616206,2023.0,Primary Transit,,G1IV-V,0.06,
toi-6665 b,0.2471,,735.8,,TOI-6665,1.054,1.245,5973.0,109.74,103.90737916999,42.04332730978,2022.0,Primary Transit,,G0V,-0.32,
toi-6668 b,0.3078,,718.65,,TOI-6668,1.068,1.395,6002.0,99.24,356.62908682417,-48.95813261582,2020.0,Primary Transit,,F9/G0IV-V,-0.26,
toi-6690 ab,0.22821,,761.709,,TOI-6690 A,0.915,1.068,5599.0,158.66,90.44554118483,-63.05080313322,2024.0,Primary Transit,,G4V,0.02,
toi-6690 ac,0.24365,,904.535,,TOI-6690 A,0.915,1.068,5599.0,158.66,90.44554118483,-63.05080313322,2024.0,Primary Transit,,G4V,0.02,
toi-6884 b,0.8431,,14.42177,,TOI-6884,1.12,1.919,6026.94,562.376,193.008793,26.673951,2022.0,Primary Transit,,F9/G0IV,-0.0936,
toi-699 b,0.2184,0.0202,14.801,,TOI-699,1.179,1.419,6139.0,192.86,83.38233333333334,-62.10911111111111,2019.0,Primary Transit,,F8IV-V,0.04,
toi-699 c,0.20564,0.0213,33.634,,TOI-699,1.179,1.419,6139.0,192.86,83.38233333333334,-62.10911111111111,2019.0,Primary Transit,,F8IV-V,0.04,
toi-699 d,0.265,,672.64,,TOI-699,1.179,1.419,6139.0,192.86,83.38233333333334,-62.10911111111111,2023.0,Primary Transit,,F8IV-V,0.04,
toi-7018 b,1.61,,20.3158735,,TOI-7018,0.96,0.933,5614.0,473.162,221.073875,77.94604444444444,2025.0,Primary Transit,,G4V,0.1,
toi-7060 b,0.397,,1064.7,,TOI-7060,1.119,1.35,6010.0,190.56,300.04756935418,-71.96689182974,2024.0,Primary Transit,,F9/G0IV-V,-0.18,
toi-7060 c,0.24204,,5.85,,TOI-7060,1.119,1.35,6010.0,190.56,300.04756935418,-71.96689182974,2024.0,Primary Transit,,F9/G0IV-V,-0.18,
toi-707 b,0.215,,52.79918,,TOI-707,0.99,0.978,5424.0,131.0,98.72958333333334,-67.537275,2025.0,Primary Transit,,G6V,0.16,
toi-7081 b,1.65,,12.7617794,,TOI-7081,1.121,1.092,6221.0,837.097,197.30020833333333,65.3161,2025.0,Primary Transit,,F8V,-0.055,
toi-7169 b,1.475,0.41,3.4373125,0.055,TOI-7169,0.885,1.5,5714.0,453.1,351.05466666666666,36.81756666666666,2026.0,Primary Transit,,G3V,-0.72,
toi-7173 b,0.6486,,0.6256828,,TOI-7173,0.582,0.593,3718.0,161.939,347.957,65.23,2024.0,Primary Transit,,M2V,,
toi-7189 b,0.98,0.5,2.89055,0.0601,TOI-7189,0.612,0.591,3775.0,192.09,273.03788124274166,2.188359125613889,2026.0,Primary Transit,,M1V,0.47,
toi-7265 bb,0.95,0.71,4.17232,0.0372,TOI-7265 B,0.521,0.497,3503.0,143.97,318.70383294319083,45.9260335222,2026.0,Primary Transit,,M2V,0.35,
toi-7393 b,1.01,0.61,3.33708,0.1198,TOI-7393,0.6,0.582,3927.0,189.04,227.36014574954,55.98138705078,2026.0,Primary Transit,,M0V,-0.35,
toi-7394 b,1.02,2.1,1.252995,0.0271,TOI-7394,0.624,0.609,3717.0,190.0,236.05540703325667,58.55276115007472,2026.0,Primary Transit,,M1V,0.5,
toi-7464 b,0.9296,,20.04169,,TOI-7464,0.517,0.52,3560.0,113.903,139.794,53.595,2024.0,Primary Transit,,M2V,,
toi-7475.01,1.13972,,3.253773,,TOI-7475,1.28,1.725,6389.3,120.0,181.67658333333333,0.2741166666666667,2026.0,Primary Transit,,F3IV-V,-0.28,
toi-7689 b,0.8725,,1.482641,,TOI-7689,0.222,0.251,3478.0,48.844,346.857,-28.354,2024.0,Primary Transit,,M4V,,
toi-777 b,0.6531,,16.6,,TOI-777,1.18,1.6,6187.0,182.314,183.11875,-49.00773888888889,2021.0,Primary Transit,,F8IV,0.115,
toi-791 b,1.0768,,928.05,,TOI-791,1.336,1.43,6572.0,333.96,118.43483333333332,-69.70177777777778,2023.0,Primary Transit,,F4V,-1.62,
toi-791 c,0.93381,,139.305,,TOI-791,1.336,1.43,6572.0,333.96,118.43483333333332,-69.70177777777778,2019.0,Primary Transit,,F4V,-1.62,
toi-837 ab,0.817,0.395,8.3249114,0.0,TOI-837 A,1.15,1.0,6104.0,142.488,160.741666686,-64.400000008,2020.0,Primary Transit,,F8V,,
toi-899 b,0.6,0.12,10.057716,0.0,TOI-899,0.972,1.086,5696.0,307.7,104.49245833333332,-70.52310555555556,2026.0,Primary Transit,,G4V,0.1,
toi-907 ab,0.856,,4.5849129,,TOI-907 A,1.2,2.06,6224.0,312.0,262.1834166666667,-2.840361111111111,2024.0,Primary Transit,,F7IV,,
tvlm 513-46546 b,,0.38,220.0,0.0,TVLM 513-46546,0.08,,,10.706,225.283333336,22.833888906,2020.0,Astrometry,,M8.5V,,
tw hya b,,,8.339,,TW Hya,0.8,1.16,4050.0,60.0,165.4666667,-34.7047222,2024.0,Radial Velocity,,K8V,,
ups and ab,,0.62,4.61711,0.01186,ups And A,1.27,1.631,6212.0,13.47,24.2,41.4105556,1996.0,Radial Velocity,,F8IV,0.09,
ups and ac,,9.1,240.937,0.2445,ups And A,1.27,1.631,6212.0,13.47,24.2,41.4105556,1999.0,"Radial Velocity, Astrometry",,F8IV,0.09,
ups and ae,,,3848.86,0.00536,ups And A,1.27,1.631,6212.0,13.47,24.2,41.4105556,2010.0,Radial Velocity,,F8IV,0.09,
ux tau ab,6.8,,,,UX Tau A,1.4,1.74,4710.0,147.0,67.51665108333333,18.23039875,1991.0,Imaging,,K2Ve,,
v2051 oph (ab)b,,,,0.37,V2051 Oph (AB),0.93,0.01,,108.6,257.079500006,-25.8088055786,2015.0,Timing,,DA+M6V,,
v808 aur (ab)b,,,4109.0,0.805,V808 Aur (AB),0.9,0.01,,214.0,107.85833333333332,44.06805555555555,2024.0,Timing,,DA+dM,,
wasp-109 b,1.443,0.91,3.3190233,0.0,WASP-109,1.203,1.346,6520.0,330.0,232.054166671,-16.41083335,2014.0,Primary Transit,,F4,-0.22,
wasp-111 ab,1.442,1.85,2.310965,0.0,WASP-111 A,1.336,1.954,6510.0,298.109,328.766666668,-22.612500022,2014.0,Primary Transit,,F5IV,0.08,
wasp-112 b,1.191,0.88,3.0353992,0.0,WASP-112,0.807,1.002,5610.0,450.0,339.487500019,-35.153888895,2014.0,Primary Transit,,G6,-0.64,
wasp-134 b,0.988,1.412,10.1467583,0.1447,WASP-134,1.131,1.16,5700.0,195.0,327.570833339,4.194444457,2018.0,Primary Transit,,G4,0.4,
wasp-134 c,,,70.01,0.173,WASP-134,1.131,1.16,5700.0,195.0,327.570833339,4.194444457,2018.0,Radial Velocity,,G4,0.4,
wasp-137 ab,1.27,0.681,3.9080284,0.14,WASP-137 A,1.216,1.65,6100.0,289.0,25.870833343,-14.149166682,2018.0,Primary Transit,,G0IV,0.487,
wasp-143 b,1.234,0.725,3.778873,0.0007,WASP-143,1.087,1.0,5900.0,402.0,140.845833341,2.932500031,2018.0,Primary Transit,,G1,0.23,
wasp-146 b,1.228,1.11,3.396944,0.15,WASP-146,1.057,1.29,6100.0,495.0,359.091666674,-13.271666676,2018.0,Primary Transit,,G0,-0.01,
wd 0310-688 b,1.03,3.0,,,WD 0310-688,0.659,,15685.0,10.397,47.62920833333333,-68.60093888888889,2024.0,Other,,DA3.0,,
wis 395 b,,11.9,,,WIS 395,0.67,0.7611,4257.74,23.6322,357.61609115686,30.35325854216,2010.0,"Imaging, Astrometry",,K5V,-0.046,
wise j1355-8258 b,,9.0,,,WISE J1355-8258,0.011,,,16.7,208.762500001,-82.97722225,2018.0,Astrometry,,sdL5,,
wolf 359 c,,,2.68687,0.15,Wolf 359,,,,2.42,164.120833343,7.014444456,2019.0,Radial Velocity,,M6V,,
xte j0929-314 b,0.389,,0.030263263,,XTE J0929-314,1.4,2e-05,,1200.0,142.334125,-31.38422222222222,2002.0,"Timing, Kinematic",,PSR,,
